Job 1853 on gpu-A100-01
model=Qwen/Qwen2.5-Coder-7B-Instruct bug=xss mode=all tp=1 cases=10 seed=none shard=0+all
NVIDIA A100-PCIE-40GB, 40960 MiB
NVIDIA A100-PCIE-40GB, 40960 MiB
client deps ok
waiting for vLLM...
vLLM up after ~330s
Start to analyze the case  1 out of  666
/scratch/local/w.nimit/1853/LLMDFA/benchmark/juliet-test-suite-XSS_simplified/CWE80_XSS/s01/CWE80_XSS__CWE182_Servlet_File_01.java
Analyzing......
Preprocessing...
processing finished
start to summarize...
Generating intra-procedural summaries...
Processing callees...
Preprocessing...
processing finished
start to summarize...
Generating intra-procedural summaries...
Processing callees...
Preprocessing...
processing finished
start to summarize...
Generating intra-procedural summaries...
Processing callees...
Validating......
Applying path checker with solver...
Constructing solving program...
Solver-aided path checker succeeded...
finish validate
Reporting......
Report generated!

finish report
===================================================
1  /  666 

CWE80_XSS__CWE182_Servlet_File_01 

{'input_token_cost': 2036, 'output_token_cost': 213, 'analysis_result': {'TPs': 1, 'FPs': 0}, 'ground_truth': {'TPs': 1, 'FPs': 1}, 'single time cost': 3.470562696456909} 

===================================================


Start to analyze the case  2 out of  666
/scratch/local/w.nimit/1853/LLMDFA/benchmark/juliet-test-suite-XSS_simplified/CWE80_XSS/s01/CWE80_XSS__CWE182_Servlet_File_02.java
Analyzing......
Preprocessing...
processing finished
start to summarize...
Generating intra-procedural summaries...
Processing callees...
Preprocessing...
processing finished
start to summarize...
Generating intra-procedural summaries...
Processing callees...
Preprocessing...
processing finished
start to summarize...
Generating intra-procedural summaries...
Processing callees...
Preprocessing...
processing finished
start to summarize...
Generating intra-procedural summaries...
Processing callees...
Validating......
Applying path checker with solver...
Constructing solving program...
Solver-aided path checker succeeded...
finish validate
Reporting......
Report generated!

finish report
===================================================
2  /  666 

CWE80_XSS__CWE182_Servlet_File_02 

{'input_token_cost': 2074, 'output_token_cost': 213, 'analysis_result': {'TPs': 1, 'FPs': 0}, 'ground_truth': {'TPs': 1, 'FPs': 2}, 'single time cost': 2.893075466156006} 

===================================================


Start to analyze the case  3 out of  666
/scratch/local/w.nimit/1853/LLMDFA/benchmark/juliet-test-suite-XSS_simplified/CWE80_XSS/s01/CWE80_XSS__CWE182_Servlet_File_03.java
Analyzing......
Preprocessing...
processing finished
start to summarize...
Generating intra-procedural summaries...
Processing callees...
Preprocessing...
processing finished
start to summarize...
Generating intra-procedural summaries...
Processing callees...
Preprocessing...
processing finished
start to summarize...
Generating intra-procedural summaries...
Processing callees...
Preprocessing...
processing finished
start to summarize...
Generating intra-procedural summaries...
Processing callees...
Validating......
Applying path checker with solver...
Constructing solving program...
Constructing solving program...
Solver-aided path checker succeeded...
finish validate
Reporting......
Report generated!

finish report
===================================================
3  /  666 

CWE80_XSS__CWE182_Servlet_File_03 

{'input_token_cost': 2599, 'output_token_cost': 339, 'analysis_result': {'TPs': 1, 'FPs': 0}, 'ground_truth': {'TPs': 1, 'FPs': 2}, 'single time cost': 4.5909202098846436} 

===================================================


Start to analyze the case  4 out of  666
/scratch/local/w.nimit/1853/LLMDFA/benchmark/juliet-test-suite-XSS_simplified/CWE80_XSS/s01/CWE80_XSS__CWE182_Servlet_File_04.java
Analyzing......
Preprocessing...
processing finished
start to summarize...
Generating intra-procedural summaries...
Processing callees...
Preprocessing...
processing finished
start to summarize...
Generating intra-procedural summaries...
Processing callees...
Preprocessing...
processing finished
start to summarize...
Generating intra-procedural summaries...
Processing callees...
Preprocessing...
processing finished
start to summarize...
Generating intra-procedural summaries...
Processing callees...
Validating......
Applying path checker with solver...
Constructing solving program...
Constructing solving program...
Solver-aided path checker succeeded...
finish validate
Reporting......
Report generated!

finish report
===================================================
4  /  666 

CWE80_XSS__CWE182_Servlet_File_04 

{'input_token_cost': 2713, 'output_token_cost': 385, 'analysis_result': {'TPs': 1, 'FPs': 0}, 'ground_truth': {'TPs': 1, 'FPs': 2}, 'single time cost': 5.1458046436309814} 

===================================================


Start to analyze the case  5 out of  666
/scratch/local/w.nimit/1853/LLMDFA/benchmark/juliet-test-suite-XSS_simplified/CWE80_XSS/s01/CWE80_XSS__CWE182_Servlet_File_05.java
Analyzing......
Preprocessing...
processing finished
start to summarize...
Generating intra-procedural summaries...
Processing callees...
Preprocessing...
processing finished
start to summarize...
Generating intra-procedural summaries...
Processing callees...
Preprocessing...
processing finished
start to summarize...
Generating intra-procedural summaries...
Processing callees...
Preprocessing...
processing finished
start to summarize...
Generating intra-procedural summaries...
Processing callees...
Validating......
Applying path checker with solver...
Constructing solving program...
Constructing solving program...
Solver-aided path checker succeeded...
finish validate
Reporting......
Report generated!

finish report
===================================================
5  /  666 

CWE80_XSS__CWE182_Servlet_File_05 

{'input_token_cost': 2703, 'output_token_cost': 401, 'analysis_result': {'TPs': 1, 'FPs': 0}, 'ground_truth': {'TPs': 1, 'FPs': 2}, 'single time cost': 5.367054224014282} 

===================================================


Start to analyze the case  6 out of  666
/scratch/local/w.nimit/1853/LLMDFA/benchmark/juliet-test-suite-XSS_simplified/CWE80_XSS/s01/CWE80_XSS__CWE182_Servlet_File_06.java
Analyzing......
Preprocessing...
processing finished
start to summarize...
Generating intra-procedural summaries...
Processing callees...
Preprocessing...
processing finished
start to summarize...
Generating intra-procedural summaries...
Processing callees...
Preprocessing...
processing finished
start to summarize...
Generating intra-procedural summaries...
Processing callees...
Preprocessing...
processing finished
start to summarize...
Generating intra-procedural summaries...
Processing callees...
Validating......
Applying path checker with solver...
Constructing solving program...
Constructing solving program...
Solver-aided path checker succeeded...
finish validate
Reporting......
Report generated!

finish report
===================================================
6  /  666 

CWE80_XSS__CWE182_Servlet_File_06 

{'input_token_cost': 2731, 'output_token_cost': 381, 'analysis_result': {'TPs': 1, 'FPs': 0}, 'ground_truth': {'TPs': 1, 'FPs': 2}, 'single time cost': 5.15791392326355} 

===================================================


Start to analyze the case  7 out of  666
/scratch/local/w.nimit/1853/LLMDFA/benchmark/juliet-test-suite-XSS_simplified/CWE80_XSS/s01/CWE80_XSS__CWE182_Servlet_File_07.java
Analyzing......
Preprocessing...
processing finished
start to summarize...
Generating intra-procedural summaries...
Processing callees...
Preprocessing...
processing finished
start to summarize...
Generating intra-procedural summaries...
Processing callees...
Preprocessing...
processing finished
start to summarize...
Generating intra-procedural summaries...
Processing callees...
Preprocessing...
processing finished
start to summarize...
Generating intra-procedural summaries...
Processing callees...
Validating......
Applying path checker with solver...
Constructing solving program...
Constructing solving program...
Solver-aided path checker succeeded...
finish validate
Reporting......
Report generated!

finish report
===================================================
7  /  666 

CWE80_XSS__CWE182_Servlet_File_07 

{'input_token_cost': 2716, 'output_token_cost': 364, 'analysis_result': {'TPs': 1, 'FPs': 0}, 'ground_truth': {'TPs': 1, 'FPs': 2}, 'single time cost': 4.908396244049072} 

===================================================


Start to analyze the case  8 out of  666
/scratch/local/w.nimit/1853/LLMDFA/benchmark/juliet-test-suite-XSS_simplified/CWE80_XSS/s01/CWE80_XSS__CWE182_Servlet_File_08.java
Analyzing......
Preprocessing...
processing finished
start to summarize...
Generating intra-procedural summaries...
Processing callees...
Preprocessing...
processing finished
start to summarize...
Generating intra-procedural summaries...
Processing callees...
Preprocessing...
processing finished
start to summarize...
Generating intra-procedural summaries...
Processing callees...
Preprocessing...
processing finished
start to summarize...
Generating intra-procedural summaries...
Processing callees...
Preprocessing...
processing finished
start to summarize...
Generating intra-procedural summaries...
Processing callees...
Preprocessing...
processing finished
start to summarize...
Generating intra-procedural summaries...
Processing callees...
start to summarize...
Generating intra-procedural summaries...
Processing callees...
Validating......
Applying path checker with solver...
Constructing solving program...
Constructing solving program...
Solver-aided path checker succeeded...
finish validate
Reporting......
Report generated!

finish report
===================================================
8  /  666 

CWE80_XSS__CWE182_Servlet_File_08 

{'input_token_cost': 2596, 'output_token_cost': 333, 'analysis_result': {'TPs': 1, 'FPs': 0}, 'ground_truth': {'TPs': 1, 'FPs': 2}, 'single time cost': 4.546184539794922} 

===================================================


Start to analyze the case  9 out of  666
/scratch/local/w.nimit/1853/LLMDFA/benchmark/juliet-test-suite-XSS_simplified/CWE80_XSS/s01/CWE80_XSS__CWE182_Servlet_File_09.java
Analyzing......
Preprocessing...
processing finished
start to summarize...
Generating intra-procedural summaries...
Processing callees...
Preprocessing...
processing finished
start to summarize...
Generating intra-procedural summaries...
Processing callees...
Preprocessing...
processing finished
start to summarize...
Generating intra-procedural summaries...
Processing callees...
Preprocessing...
processing finished
start to summarize...
Generating intra-procedural summaries...
Processing callees...
Validating......
Applying path checker with solver...
Constructing solving program...
Constructing solving program...
Solver-aided path checker succeeded...
finish validate
Reporting......
Report generated!

finish report
===================================================
9  /  666 

CWE80_XSS__CWE182_Servlet_File_09 

{'input_token_cost': 2718, 'output_token_cost': 338, 'analysis_result': {'TPs': 1, 'FPs': 0}, 'ground_truth': {'TPs': 1, 'FPs': 2}, 'single time cost': 4.588973522186279} 

===================================================


Start to analyze the case  10 out of  666
/scratch/local/w.nimit/1853/LLMDFA/benchmark/juliet-test-suite-XSS_simplified/CWE80_XSS/s01/CWE80_XSS__CWE182_Servlet_File_10.java
Analyzing......
Preprocessing...
processing finished
start to summarize...
Generating intra-procedural summaries...
Processing callees...
Preprocessing...
processing finished
start to summarize...
Generating intra-procedural summaries...
Processing callees...
Preprocessing...
processing finished
start to summarize...
Generating intra-procedural summaries...
Processing callees...
Preprocessing...
processing finished
start to summarize...
Generating intra-procedural summaries...
Processing callees...
Validating......
Applying path checker with solver...
Constructing solving program...
Constructing solving program...
Solver-aided path checker succeeded...
finish validate
Reporting......
Report generated!

finish report
===================================================
10  /  666 

CWE80_XSS__CWE182_Servlet_File_10 

{'input_token_cost': 2708, 'output_token_cost': 387, 'analysis_result': {'TPs': 1, 'FPs': 0}, 'ground_truth': {'TPs': 1, 'FPs': 2}, 'single time cost': 5.2251505851745605} 

===================================================


Start to analyze the case  11 out of  666
/scratch/local/w.nimit/1853/LLMDFA/benchmark/juliet-test-suite-XSS_simplified/CWE80_XSS/s01/CWE80_XSS__CWE182_Servlet_File_11.java
Analyzing......
Preprocessing...
processing finished
start to summarize...
Generating intra-procedural summaries...
Processing callees...
Preprocessing...
processing finished
start to summarize...
Generating intra-procedural summaries...
Processing callees...
Preprocessing...
processing finished
start to summarize...
Generating intra-procedural summaries...
Processing callees...
Preprocessing...
processing finished
start to summarize...
Generating intra-procedural summaries...
Processing callees...
Validating......
Applying path checker with solver...
Constructing solving program...
Refining solving program...
Constructing solving program...
Solver-aided path checker succeeded...
finish validate
Reporting......
Report generated!

finish report
===================================================
11  /  666 

CWE80_XSS__CWE182_Servlet_File_11 

{'input_token_cost': 2869, 'output_token_cost': 487, 'analysis_result': {'TPs': 1, 'FPs': 0}, 'ground_truth': {'TPs': 1, 'FPs': 2}, 'single time cost': 6.599504232406616} 

===================================================


Start to analyze the case  12 out of  666
/scratch/local/w.nimit/1853/LLMDFA/benchmark/juliet-test-suite-XSS_simplified/CWE80_XSS/s01/CWE80_XSS__CWE182_Servlet_File_12.java
Analyzing......
Preprocessing...
processing finished
start to summarize...
Generating intra-procedural summaries...
Processing callees...
Preprocessing...
processing finished
start to summarize...
Generating intra-procedural summaries...
Processing callees...
Preprocessing...
processing finished
start to summarize...
Generating intra-procedural summaries...
Processing callees...
Validating......
Applying path checker with solver...
Constructing solving program...
Refining solving program...
Constructing solving program...
Solver-aided path checker succeeded...
finish validate
Reporting......
Report generated!

finish report
===================================================
12  /  666 

CWE80_XSS__CWE182_Servlet_File_12 

{'input_token_cost': 2889, 'output_token_cost': 529, 'analysis_result': {'TPs': 1, 'FPs': 0}, 'ground_truth': {'TPs': 1, 'FPs': 1}, 'single time cost': 7.159185171127319} 

===================================================


Start to analyze the case  13 out of  666
/scratch/local/w.nimit/1853/LLMDFA/benchmark/juliet-test-suite-XSS_simplified/CWE80_XSS/s01/CWE80_XSS__CWE182_Servlet_File_13.java
Analyzing......
Preprocessing...
processing finished
start to summarize...
Generating intra-procedural summaries...
Processing callees...
Preprocessing...
processing finished
start to summarize...
Generating intra-procedural summaries...
Processing callees...
Preprocessing...
processing finished
start to summarize...
Generating intra-procedural summaries...
Processing callees...
Preprocessing...
processing finished
start to summarize...
Generating intra-procedural summaries...
Processing callees...
Validating......
Applying path checker with solver...
Constructing solving program...
Constructing solving program...
Solver-aided path checker succeeded...
finish validate
Reporting......
Report generated!

finish report
===================================================
13  /  666 

CWE80_XSS__CWE182_Servlet_File_13 

{'input_token_cost': 2736, 'output_token_cost': 380, 'analysis_result': {'TPs': 1, 'FPs': 0}, 'ground_truth': {'TPs': 1, 'FPs': 2}, 'single time cost': 5.139935493469238} 

===================================================


Start to analyze the case  14 out of  666
/scratch/local/w.nimit/1853/LLMDFA/benchmark/juliet-test-suite-XSS_simplified/CWE80_XSS/s01/CWE80_XSS__CWE182_Servlet_File_14.java
Analyzing......
Preprocessing...
processing finished
start to summarize...
Generating intra-procedural summaries...
Processing callees...
Preprocessing...
processing finished
start to summarize...
Generating intra-procedural summaries...
Processing callees...
Preprocessing...
processing finished
start to summarize...
Generating intra-procedural summaries...
Processing callees...
Preprocessing...
processing finished
start to summarize...
Generating intra-procedural summaries...
Processing callees...
Validating......
Applying path checker with solver...
Constructing solving program...
Constructing solving program...
Solver-aided path checker succeeded...
finish validate
Reporting......
Report generated!

finish report
===================================================
14  /  666 

CWE80_XSS__CWE182_Servlet_File_14 

{'input_token_cost': 2721, 'output_token_cost': 356, 'analysis_result': {'TPs': 1, 'FPs': 0}, 'ground_truth': {'TPs': 1, 'FPs': 2}, 'single time cost': 4.861379861831665} 

===================================================


Start to analyze the case  15 out of  666
/scratch/local/w.nimit/1853/LLMDFA/benchmark/juliet-test-suite-XSS_simplified/CWE80_XSS/s01/CWE80_XSS__CWE182_Servlet_File_15.java
Analyzing......
Preprocessing...
processing finished
start to summarize...
Generating intra-procedural summaries...
Processing callees...
Preprocessing...
processing finished
start to summarize...
Generating intra-procedural summaries...
Processing callees...
Preprocessing...
processing finished
start to summarize...
Generating intra-procedural summaries...
Processing callees...
Preprocessing...
processing finished
start to summarize...
Generating intra-procedural summaries...
Processing callees...
Validating......
Applying path checker with solver...
Constructing solving program...
Solver-aided path checker succeeded...
finish validate
Reporting......
Report generated!

finish report
===================================================
15  /  666 

CWE80_XSS__CWE182_Servlet_File_15 

{'input_token_cost': 2090, 'output_token_cost': 224, 'analysis_result': {'TPs': 1, 'FPs': 0}, 'ground_truth': {'TPs': 1, 'FPs': 2}, 'single time cost': 3.039438247680664} 

===================================================


Start to analyze the case  16 out of  666
/scratch/local/w.nimit/1853/LLMDFA/benchmark/juliet-test-suite-XSS_simplified/CWE80_XSS/s01/CWE80_XSS__CWE182_Servlet_File_16.java
Analyzing......
Preprocessing...
processing finished
start to summarize...
Generating intra-procedural summaries...
Processing callees...
Preprocessing...
processing finished
start to summarize...
Generating intra-procedural summaries...
Processing callees...
Preprocessing...
processing finished
start to summarize...
Generating intra-procedural summaries...
Processing callees...
Validating......
Applying path checker with solver...
Constructing solving program...
Solver-aided path checker succeeded...
finish validate
Reporting......
Report generated!

finish report
===================================================
16  /  666 

CWE80_XSS__CWE182_Servlet_File_16 

{'input_token_cost': 2052, 'output_token_cost': 211, 'analysis_result': {'TPs': 1, 'FPs': 0}, 'ground_truth': {'TPs': 1, 'FPs': 1}, 'single time cost': 2.942269802093506} 

===================================================


Start to analyze the case  17 out of  666
/scratch/local/w.nimit/1853/LLMDFA/benchmark/juliet-test-suite-XSS_simplified/CWE80_XSS/s01/CWE80_XSS__CWE182_Servlet_File_17.java
Analyzing......
Preprocessing...
processing finished
start to summarize...
Generating intra-procedural summaries...
Processing callees...
Preprocessing...
processing finished
start to summarize...
Generating intra-procedural summaries...
Processing callees...
Preprocessing...
processing finished
start to summarize...
Generating intra-procedural summaries...
Processing callees...
Validating......
Applying path checker with solver...
Constructing solving program...
Solver-aided path checker succeeded...
finish validate
Reporting......
Report generated!

finish report
===================================================
17  /  666 

CWE80_XSS__CWE182_Servlet_File_17 

{'input_token_cost': 2061, 'output_token_cost': 222, 'analysis_result': {'TPs': 1, 'FPs': 0}, 'ground_truth': {'TPs': 1, 'FPs': 1}, 'single time cost': 2.9459965229034424} 

===================================================


Start to analyze the case  18 out of  666
/scratch/local/w.nimit/1853/LLMDFA/benchmark/juliet-test-suite-XSS_simplified/CWE80_XSS/s01/CWE80_XSS__CWE182_Servlet_File_21.java
Analyzing......
Preprocessing...
processing finished
start to summarize...
Generating intra-procedural summaries...
Processing callees...
Preprocessing...
processing finished
start to summarize...
Generating intra-procedural summaries...
Processing callees...
Preprocessing...
processing finished
start to summarize...
Generating intra-procedural summaries...
Processing callees...
Preprocessing...
processing finished
start to summarize...
Generating intra-procedural summaries...
Processing callees...
Preprocessing...
processing finished
start to summarize...
Generating intra-procedural summaries...
Processing callees...
Preprocessing...
processing finished
start to summarize...
Generating intra-procedural summaries...
Processing callees...
Preprocessing...
processing finished
start to summarize...
Generating intra-procedural summaries...
Processing callees...
Validating......
Applying path checker with solver...
Constructing solving program...
Constructing solving program...
Solver-aided path checker succeeded...
finish validate
Reporting......
Report generated!

finish report
===================================================
18  /  666 

CWE80_XSS__CWE182_Servlet_File_21 

{'input_token_cost': 16078, 'output_token_cost': 1543, 'analysis_result': {'TPs': 1, 'FPs': 0}, 'ground_truth': {'TPs': 1, 'FPs': 2}, 'single time cost': 20.136217832565308} 

===================================================


Start to analyze the case  19 out of  666
/scratch/local/w.nimit/1853/LLMDFA/benchmark/juliet-test-suite-XSS_simplified/CWE80_XSS/s01/CWE80_XSS__CWE182_Servlet_File_31.java
Analyzing......
Preprocessing...
processing finished
start to summarize...
Generating intra-procedural summaries...
Processing callees...
Preprocessing...
processing finished
start to summarize...
Generating intra-procedural summaries...
Processing callees...
Preprocessing...
processing finished
start to summarize...
Generating intra-procedural summaries...
Processing callees...
Validating......
Applying path checker with solver...
Constructing solving program...
Solver-aided path checker succeeded...
finish validate
Reporting......
Report generated!

finish report
===================================================
19  /  666 

CWE80_XSS__CWE182_Servlet_File_31 

{'input_token_cost': 2087, 'output_token_cost': 263, 'analysis_result': {'TPs': 1, 'FPs': 0}, 'ground_truth': {'TPs': 1, 'FPs': 1}, 'single time cost': 3.5677947998046875} 

===================================================


Start to analyze the case  20 out of  666
/scratch/local/w.nimit/1853/LLMDFA/benchmark/juliet-test-suite-XSS_simplified/CWE80_XSS/s01/CWE80_XSS__CWE182_Servlet_File_41.java
Analyzing......
Preprocessing...
processing finished
start to summarize...
Generating intra-procedural summaries...
Processing callees...
Preprocessing...
processing finished
start to summarize...
Generating intra-procedural summaries...
Processing callees...
Preprocessing...
processing finished
start to summarize...
Generating intra-procedural summaries...
Processing callees...
Preprocessing...
processing finished
start to summarize...
Generating intra-procedural summaries...
Processing callees...
Preprocessing...
processing finished
start to summarize...
Generating intra-procedural summaries...
Processing callees...
Validating......
Applying path checker with solver...
Constructing solving program...
Solver-aided path checker succeeded...
finish validate
Reporting......
Report generated!

finish report
===================================================
20  /  666 

CWE80_XSS__CWE182_Servlet_File_41 

{'input_token_cost': 5881, 'output_token_cost': 569, 'analysis_result': {'TPs': 1, 'FPs': 0}, 'ground_truth': {'TPs': 1, 'FPs': 1}, 'single time cost': 7.50472617149353} 

===================================================


Start to analyze the case  21 out of  666
/scratch/local/w.nimit/1853/LLMDFA/benchmark/juliet-test-suite-XSS_simplified/CWE80_XSS/s01/CWE80_XSS__CWE182_Servlet_File_42.java
Analyzing......
Preprocessing...
processing finished
start to summarize...
Generating intra-procedural summaries...
Processing callees...
Preprocessing...
processing finished
start to summarize...
Generating intra-procedural summaries...
Processing callees...
Preprocessing...
processing finished
start to summarize...
Generating intra-procedural summaries...
Processing callees...
Preprocessing...
processing finished
start to summarize...
Generating intra-procedural summaries...
Processing callees...
Preprocessing...
processing finished
start to summarize...
Generating intra-procedural summaries...
Processing callees...
Validating......
Applying path checker with solver...
Constructing solving program...
Solver-aided path checker succeeded...
finish validate
Reporting......
Report generated!

finish report
===================================================
21  /  666 

CWE80_XSS__CWE182_Servlet_File_42 

{'input_token_cost': 8872, 'output_token_cost': 711, 'analysis_result': {'TPs': 1, 'FPs': 0}, 'ground_truth': {'TPs': 1, 'FPs': 1}, 'single time cost': 9.343252897262573} 

===================================================


Start to analyze the case  22 out of  666
/scratch/local/w.nimit/1853/LLMDFA/benchmark/juliet-test-suite-XSS_simplified/CWE80_XSS/s01/CWE80_XSS__CWE182_Servlet_File_45.java
Analyzing......
Preprocessing...
processing finished
start to summarize...
Generating intra-procedural summaries...
Processing callees...
Preprocessing...
processing finished
start to summarize...
Generating intra-procedural summaries...
Processing callees...
Preprocessing...
processing finished
start to summarize...
Generating intra-procedural summaries...
Processing callees...
Preprocessing...
processing finished
start to summarize...
Generating intra-procedural summaries...
Processing callees...
Preprocessing...
processing finished
start to summarize...
Generating intra-procedural summaries...
Processing callees...
Validating......
Applying path checker with solver...
Constructing solving program...
Solver-aided path checker succeeded...
finish validate
Reporting......
Report generated!

finish report
===================================================
22  /  666 

CWE80_XSS__CWE182_Servlet_File_45 

{'input_token_cost': 6963, 'output_token_cost': 719, 'analysis_result': {'TPs': 1, 'FPs': 0}, 'ground_truth': {'TPs': 1, 'FPs': 1}, 'single time cost': 9.351353406906128} 

===================================================


Start to analyze the case  23 out of  666
/scratch/local/w.nimit/1853/LLMDFA/benchmark/juliet-test-suite-XSS_simplified/CWE80_XSS/s01/CWE80_XSS__CWE182_Servlet_PropertiesFile_01.java
Analyzing......
Preprocessing...
processing finished
start to summarize...
Generating intra-procedural summaries...
Processing callees...
Preprocessing...
processing finished
start to summarize...
Generating intra-procedural summaries...
Processing callees...
Preprocessing...
processing finished
start to summarize...
Generating intra-procedural summaries...
Processing callees...
Validating......
Applying path checker with solver...
Constructing solving program...
Solver-aided path checker succeeded...
finish validate
Reporting......
Report generated!

finish report
===================================================
23  /  666 

CWE80_XSS__CWE182_Servlet_PropertiesFile_01 

{'input_token_cost': 1812, 'output_token_cost': 254, 'analysis_result': {'TPs': 1, 'FPs': 0}, 'ground_truth': {'TPs': 1, 'FPs': 1}, 'single time cost': 3.405082941055298} 

===================================================


Start to analyze the case  24 out of  666
/scratch/local/w.nimit/1853/LLMDFA/benchmark/juliet-test-suite-XSS_simplified/CWE80_XSS/s01/CWE80_XSS__CWE182_Servlet_PropertiesFile_02.java
Analyzing......
Preprocessing...
processing finished
start to summarize...
Generating intra-procedural summaries...
Processing callees...
Preprocessing...
processing finished
start to summarize...
Generating intra-procedural summaries...
Processing callees...
Preprocessing...
processing finished
start to summarize...
Generating intra-procedural summaries...
Processing callees...
Preprocessing...
processing finished
start to summarize...
Generating intra-procedural summaries...
Processing callees...
Validating......
Applying path checker with solver...
Constructing solving program...
Solver-aided path checker succeeded...
finish validate
Reporting......
Report generated!

finish report
===================================================
24  /  666 

CWE80_XSS__CWE182_Servlet_PropertiesFile_02 

{'input_token_cost': 1846, 'output_token_cost': 273, 'analysis_result': {'TPs': 1, 'FPs': 0}, 'ground_truth': {'TPs': 1, 'FPs': 2}, 'single time cost': 3.6387457847595215} 

===================================================


Start to analyze the case  25 out of  666
/scratch/local/w.nimit/1853/LLMDFA/benchmark/juliet-test-suite-XSS_simplified/CWE80_XSS/s01/CWE80_XSS__CWE182_Servlet_PropertiesFile_03.java
Analyzing......
Preprocessing...
processing finished
start to summarize...
Generating intra-procedural summaries...
Processing callees...
Preprocessing...
processing finished
start to summarize...
Generating intra-procedural summaries...
Processing callees...
Preprocessing...
processing finished
start to summarize...
Generating intra-procedural summaries...
Processing callees...
Preprocessing...
processing finished
start to summarize...
Generating intra-procedural summaries...
Processing callees...
Validating......
Applying path checker with solver...
Constructing solving program...
Constructing solving program...
Solver-aided path checker succeeded...
finish validate
Reporting......
Report generated!

finish report
===================================================
25  /  666 

CWE80_XSS__CWE182_Servlet_PropertiesFile_03 

{'input_token_cost': 2371, 'output_token_cost': 323, 'analysis_result': {'TPs': 1, 'FPs': 0}, 'ground_truth': {'TPs': 1, 'FPs': 2}, 'single time cost': 4.4038245677948} 

===================================================


Start to analyze the case  26 out of  666
/scratch/local/w.nimit/1853/LLMDFA/benchmark/juliet-test-suite-XSS_simplified/CWE80_XSS/s01/CWE80_XSS__CWE182_Servlet_PropertiesFile_04.java
Analyzing......
Preprocessing...
processing finished
start to summarize...
Generating intra-procedural summaries...
Processing callees...
Preprocessing...
processing finished
start to summarize...
Generating intra-procedural summaries...
Processing callees...
Preprocessing...
processing finished
start to summarize...
Generating intra-procedural summaries...
Processing callees...
Preprocessing...
processing finished
start to summarize...
Generating intra-procedural summaries...
Processing callees...
Validating......
Applying path checker with solver...
Constructing solving program...
Constructing solving program...
Solver-aided path checker succeeded...
finish validate
Reporting......
Report generated!

finish report
===================================================
26  /  666 

CWE80_XSS__CWE182_Servlet_PropertiesFile_04 

{'input_token_cost': 2485, 'output_token_cost': 369, 'analysis_result': {'TPs': 1, 'FPs': 0}, 'ground_truth': {'TPs': 1, 'FPs': 2}, 'single time cost': 4.979959011077881} 

===================================================


Start to analyze the case  27 out of  666
/scratch/local/w.nimit/1853/LLMDFA/benchmark/juliet-test-suite-XSS_simplified/CWE80_XSS/s01/CWE80_XSS__CWE182_Servlet_PropertiesFile_05.java
Analyzing......
Preprocessing...
processing finished
start to summarize...
Generating intra-procedural summaries...
Processing callees...
Preprocessing...
processing finished
start to summarize...
Generating intra-procedural summaries...
Processing callees...
Preprocessing...
processing finished
start to summarize...
Generating intra-procedural summaries...
Processing callees...
Preprocessing...
processing finished
start to summarize...
Generating intra-procedural summaries...
Processing callees...
Validating......
Applying path checker with solver...
Constructing solving program...
Constructing solving program...
Solver-aided path checker succeeded...
finish validate
Reporting......
Report generated!

finish report
===================================================
27  /  666 

CWE80_XSS__CWE182_Servlet_PropertiesFile_05 

{'input_token_cost': 2475, 'output_token_cost': 408, 'analysis_result': {'TPs': 1, 'FPs': 0}, 'ground_truth': {'TPs': 1, 'FPs': 2}, 'single time cost': 5.495619773864746} 

===================================================


Start to analyze the case  28 out of  666
/scratch/local/w.nimit/1853/LLMDFA/benchmark/juliet-test-suite-XSS_simplified/CWE80_XSS/s01/CWE80_XSS__CWE182_Servlet_PropertiesFile_06.java
Analyzing......
Preprocessing...
processing finished
start to summarize...
Generating intra-procedural summaries...
Processing callees...
Preprocessing...
processing finished
start to summarize...
Generating intra-procedural summaries...
Processing callees...
Preprocessing...
processing finished
start to summarize...
Generating intra-procedural summaries...
Processing callees...
Preprocessing...
processing finished
start to summarize...
Generating intra-procedural summaries...
Processing callees...
Validating......
Applying path checker with solver...
Constructing solving program...
Constructing solving program...
Solver-aided path checker succeeded...
finish validate
Reporting......
Report generated!

finish report
===================================================
28  /  666 

CWE80_XSS__CWE182_Servlet_PropertiesFile_06 

{'input_token_cost': 2503, 'output_token_cost': 365, 'analysis_result': {'TPs': 1, 'FPs': 0}, 'ground_truth': {'TPs': 1, 'FPs': 2}, 'single time cost': 4.924114942550659} 

===================================================


Start to analyze the case  29 out of  666
/scratch/local/w.nimit/1853/LLMDFA/benchmark/juliet-test-suite-XSS_simplified/CWE80_XSS/s01/CWE80_XSS__CWE182_Servlet_PropertiesFile_07.java
Analyzing......
Preprocessing...
processing finished
start to summarize...
Generating intra-procedural summaries...
Processing callees...
Preprocessing...
processing finished
start to summarize...
Generating intra-procedural summaries...
Processing callees...
Preprocessing...
processing finished
start to summarize...
Generating intra-procedural summaries...
Processing callees...
Preprocessing...
processing finished
start to summarize...
Generating intra-procedural summaries...
Processing callees...
Validating......
Applying path checker with solver...
Constructing solving program...
Constructing solving program...
Solver-aided path checker succeeded...
finish validate
Reporting......
Report generated!

finish report
===================================================
29  /  666 

CWE80_XSS__CWE182_Servlet_PropertiesFile_07 

{'input_token_cost': 2488, 'output_token_cost': 371, 'analysis_result': {'TPs': 1, 'FPs': 0}, 'ground_truth': {'TPs': 1, 'FPs': 2}, 'single time cost': 5.018298387527466} 

===================================================


Start to analyze the case  30 out of  666
/scratch/local/w.nimit/1853/LLMDFA/benchmark/juliet-test-suite-XSS_simplified/CWE80_XSS/s01/CWE80_XSS__CWE182_Servlet_PropertiesFile_08.java
Analyzing......
Preprocessing...
processing finished
start to summarize...
Generating intra-procedural summaries...
Processing callees...
Preprocessing...
processing finished
start to summarize...
Generating intra-procedural summaries...
Processing callees...
Preprocessing...
processing finished
start to summarize...
Generating intra-procedural summaries...
Processing callees...
Preprocessing...
processing finished
start to summarize...
Generating intra-procedural summaries...
Processing callees...
Preprocessing...
processing finished
start to summarize...
Generating intra-procedural summaries...
Processing callees...
Preprocessing...
processing finished
start to summarize...
Generating intra-procedural summaries...
Processing callees...
start to summarize...
Generating intra-procedural summaries...
Processing callees...
Validating......
Applying path checker with solver...
Constructing solving program...
Constructing solving program...
Solver-aided path checker succeeded...
finish validate
Reporting......
Report generated!

finish report
===================================================
30  /  666 

CWE80_XSS__CWE182_Servlet_PropertiesFile_08 

{'input_token_cost': 2368, 'output_token_cost': 340, 'analysis_result': {'TPs': 1, 'FPs': 0}, 'ground_truth': {'TPs': 1, 'FPs': 2}, 'single time cost': 4.616856813430786} 

===================================================


Start to analyze the case  31 out of  666
/scratch/local/w.nimit/1853/LLMDFA/benchmark/juliet-test-suite-XSS_simplified/CWE80_XSS/s01/CWE80_XSS__CWE182_Servlet_PropertiesFile_09.java
Analyzing......
Preprocessing...
processing finished
start to summarize...
Generating intra-procedural summaries...
Processing callees...
Preprocessing...
processing finished
start to summarize...
Generating intra-procedural summaries...
Processing callees...
Preprocessing...
processing finished
start to summarize...
Generating intra-procedural summaries...
Processing callees...
Preprocessing...
processing finished
start to summarize...
Generating intra-procedural summaries...
Processing callees...
Validating......
Applying path checker with solver...
Constructing solving program...
Constructing solving program...
Solver-aided path checker succeeded...
finish validate
Reporting......
Report generated!

finish report
===================================================
31  /  666 

CWE80_XSS__CWE182_Servlet_PropertiesFile_09 

{'input_token_cost': 2490, 'output_token_cost': 403, 'analysis_result': {'TPs': 1, 'FPs': 0}, 'ground_truth': {'TPs': 1, 'FPs': 2}, 'single time cost': 5.426637887954712} 

===================================================


Start to analyze the case  32 out of  666
/scratch/local/w.nimit/1853/LLMDFA/benchmark/juliet-test-suite-XSS_simplified/CWE80_XSS/s01/CWE80_XSS__CWE182_Servlet_PropertiesFile_10.java
Analyzing......
Preprocessing...
processing finished
start to summarize...
Generating intra-procedural summaries...
Processing callees...
Preprocessing...
processing finished
start to summarize...
Generating intra-procedural summaries...
Processing callees...
Preprocessing...
processing finished
start to summarize...
Generating intra-procedural summaries...
Processing callees...
Preprocessing...
processing finished
start to summarize...
Generating intra-procedural summaries...
Processing callees...
Validating......
Applying path checker with solver...
Constructing solving program...
Constructing solving program...
Solver-aided path checker succeeded...
finish validate
Reporting......
Report generated!

finish report
===================================================
32  /  666 

CWE80_XSS__CWE182_Servlet_PropertiesFile_10 

{'input_token_cost': 2480, 'output_token_cost': 380, 'analysis_result': {'TPs': 1, 'FPs': 0}, 'ground_truth': {'TPs': 1, 'FPs': 2}, 'single time cost': 5.128872394561768} 

===================================================


Start to analyze the case  33 out of  666
/scratch/local/w.nimit/1853/LLMDFA/benchmark/juliet-test-suite-XSS_simplified/CWE80_XSS/s01/CWE80_XSS__CWE182_Servlet_PropertiesFile_11.java
Analyzing......
Preprocessing...
processing finished
start to summarize...
Generating intra-procedural summaries...
Processing callees...
Preprocessing...
processing finished
start to summarize...
Generating intra-procedural summaries...
Processing callees...
Preprocessing...
processing finished
start to summarize...
Generating intra-procedural summaries...
Processing callees...
Preprocessing...
processing finished
start to summarize...
Generating intra-procedural summaries...
Processing callees...
Validating......
Applying path checker with solver...
Constructing solving program...
Refining solving program...
Constructing solving program...
Solver-aided path checker succeeded...
finish validate
Reporting......
Report generated!

finish report
===================================================
33  /  666 

CWE80_XSS__CWE182_Servlet_PropertiesFile_11 

{'input_token_cost': 2641, 'output_token_cost': 471, 'analysis_result': {'TPs': 1, 'FPs': 0}, 'ground_truth': {'TPs': 1, 'FPs': 2}, 'single time cost': 6.362067222595215} 

===================================================


Start to analyze the case  34 out of  666
/scratch/local/w.nimit/1853/LLMDFA/benchmark/juliet-test-suite-XSS_simplified/CWE80_XSS/s01/CWE80_XSS__CWE182_Servlet_PropertiesFile_12.java
Analyzing......
Preprocessing...
processing finished
start to summarize...
Generating intra-procedural summaries...
Processing callees...
Preprocessing...
processing finished
start to summarize...
Generating intra-procedural summaries...
Processing callees...
Preprocessing...
processing finished
start to summarize...
Generating intra-procedural summaries...
Processing callees...
Validating......
Applying path checker with solver...
Constructing solving program...
Refining solving program...
Constructing solving program...
Solver-aided path checker succeeded...
finish validate
Reporting......
Report generated!

finish report
===================================================
34  /  666 

CWE80_XSS__CWE182_Servlet_PropertiesFile_12 

{'input_token_cost': 2661, 'output_token_cost': 469, 'analysis_result': {'TPs': 1, 'FPs': 0}, 'ground_truth': {'TPs': 1, 'FPs': 1}, 'single time cost': 6.383717060089111} 

===================================================


Start to analyze the case  35 out of  666
/scratch/local/w.nimit/1853/LLMDFA/benchmark/juliet-test-suite-XSS_simplified/CWE80_XSS/s01/CWE80_XSS__CWE182_Servlet_PropertiesFile_13.java
Analyzing......
Preprocessing...
processing finished
start to summarize...
Generating intra-procedural summaries...
Processing callees...
Preprocessing...
processing finished
start to summarize...
Generating intra-procedural summaries...
Processing callees...
Preprocessing...
processing finished
start to summarize...
Generating intra-procedural summaries...
Processing callees...
Preprocessing...
processing finished
start to summarize...
Generating intra-procedural summaries...
Processing callees...
Validating......
Applying path checker with solver...
Constructing solving program...
Constructing solving program...
Solver-aided path checker succeeded...
finish validate
Reporting......
Report generated!

finish report
===================================================
35  /  666 

CWE80_XSS__CWE182_Servlet_PropertiesFile_13 

{'input_token_cost': 2508, 'output_token_cost': 364, 'analysis_result': {'TPs': 1, 'FPs': 0}, 'ground_truth': {'TPs': 1, 'FPs': 2}, 'single time cost': 4.917157888412476} 

===================================================


Start to analyze the case  36 out of  666
/scratch/local/w.nimit/1853/LLMDFA/benchmark/juliet-test-suite-XSS_simplified/CWE80_XSS/s01/CWE80_XSS__CWE182_Servlet_PropertiesFile_14.java
Analyzing......
Preprocessing...
processing finished
start to summarize...
Generating intra-procedural summaries...
Processing callees...
Preprocessing...
processing finished
start to summarize...
Generating intra-procedural summaries...
Processing callees...
Preprocessing...
processing finished
start to summarize...
Generating intra-procedural summaries...
Processing callees...
Preprocessing...
processing finished
start to summarize...
Generating intra-procedural summaries...
Processing callees...
Validating......
Applying path checker with solver...
Constructing solving program...
Constructing solving program...
Solver-aided path checker succeeded...
finish validate
Reporting......
Report generated!

finish report
===================================================
36  /  666 

CWE80_XSS__CWE182_Servlet_PropertiesFile_14 

{'input_token_cost': 2493, 'output_token_cost': 366, 'analysis_result': {'TPs': 1, 'FPs': 0}, 'ground_truth': {'TPs': 1, 'FPs': 2}, 'single time cost': 4.934136390686035} 

===================================================


Start to analyze the case  37 out of  666
/scratch/local/w.nimit/1853/LLMDFA/benchmark/juliet-test-suite-XSS_simplified/CWE80_XSS/s01/CWE80_XSS__CWE182_Servlet_PropertiesFile_15.java
Analyzing......
Preprocessing...
processing finished
start to summarize...
Generating intra-procedural summaries...
Processing callees...
Preprocessing...
processing finished
start to summarize...
Generating intra-procedural summaries...
Processing callees...
Preprocessing...
processing finished
start to summarize...
Generating intra-procedural summaries...
Processing callees...
Preprocessing...
processing finished
start to summarize...
Generating intra-procedural summaries...
Processing callees...
Validating......
Applying path checker with solver...
Constructing solving program...
Solver-aided path checker succeeded...
finish validate
Reporting......
Report generated!

finish report
===================================================
37  /  666 

CWE80_XSS__CWE182_Servlet_PropertiesFile_15 

{'input_token_cost': 1862, 'output_token_cost': 203, 'analysis_result': {'TPs': 1, 'FPs': 0}, 'ground_truth': {'TPs': 1, 'FPs': 2}, 'single time cost': 2.7554967403411865} 

===================================================


Start to analyze the case  38 out of  666
/scratch/local/w.nimit/1853/LLMDFA/benchmark/juliet-test-suite-XSS_simplified/CWE80_XSS/s01/CWE80_XSS__CWE182_Servlet_PropertiesFile_16.java
Analyzing......
Preprocessing...
processing finished
start to summarize...
Generating intra-procedural summaries...
Processing callees...
Preprocessing...
processing finished
start to summarize...
Generating intra-procedural summaries...
Processing callees...
Preprocessing...
processing finished
start to summarize...
Generating intra-procedural summaries...
Processing callees...
Validating......
Applying path checker with solver...
Constructing solving program...
Solver-aided path checker succeeded...
finish validate
Reporting......
Report generated!

finish report
===================================================
38  /  666 

CWE80_XSS__CWE182_Servlet_PropertiesFile_16 

{'input_token_cost': 1824, 'output_token_cost': 199, 'analysis_result': {'TPs': 1, 'FPs': 0}, 'ground_truth': {'TPs': 1, 'FPs': 1}, 'single time cost': 2.731337785720825} 

===================================================


Start to analyze the case  39 out of  666
/scratch/local/w.nimit/1853/LLMDFA/benchmark/juliet-test-suite-XSS_simplified/CWE80_XSS/s01/CWE80_XSS__CWE182_Servlet_PropertiesFile_17.java
Analyzing......
Preprocessing...
processing finished
start to summarize...
Generating intra-procedural summaries...
Processing callees...
Preprocessing...
processing finished
start to summarize...
Generating intra-procedural summaries...
Processing callees...
Preprocessing...
processing finished
start to summarize...
Generating intra-procedural summaries...
Processing callees...
Validating......
Applying path checker with solver...
Constructing solving program...
Solver-aided path checker succeeded...
finish validate
Reporting......
Report generated!

finish report
===================================================
39  /  666 

CWE80_XSS__CWE182_Servlet_PropertiesFile_17 

{'input_token_cost': 1837, 'output_token_cost': 216, 'analysis_result': {'TPs': 1, 'FPs': 0}, 'ground_truth': {'TPs': 1, 'FPs': 1}, 'single time cost': 2.905933141708374} 

===================================================


Start to analyze the case  40 out of  666
/scratch/local/w.nimit/1853/LLMDFA/benchmark/juliet-test-suite-XSS_simplified/CWE80_XSS/s01/CWE80_XSS__CWE182_Servlet_PropertiesFile_21.java
Analyzing......
Preprocessing...
processing finished
start to summarize...
Generating intra-procedural summaries...
Processing callees...
Preprocessing...
processing finished
start to summarize...
Generating intra-procedural summaries...
Processing callees...
Preprocessing...
processing finished
start to summarize...
Generating intra-procedural summaries...
Processing callees...
Preprocessing...
processing finished
start to summarize...
Generating intra-procedural summaries...
Processing callees...
Preprocessing...
processing finished
start to summarize...
Generating intra-procedural summaries...
Processing callees...
Preprocessing...
processing finished
start to summarize...
Generating intra-procedural summaries...
Processing callees...
Preprocessing...
processing finished
start to summarize...
Generating intra-procedural summaries...
Processing callees...
Validating......
Applying path checker with solver...
Constructing solving program...
Constructing solving program...
Solver-aided path checker succeeded...
finish validate
Reporting......
Report generated!

finish report
===================================================
40  /  666 

CWE80_XSS__CWE182_Servlet_PropertiesFile_21 

{'input_token_cost': 15394, 'output_token_cost': 1554, 'analysis_result': {'TPs': 0, 'FPs': 0}, 'ground_truth': {'TPs': 1, 'FPs': 2}, 'single time cost': 20.173136234283447} 

===================================================


Start to analyze the case  41 out of  666
/scratch/local/w.nimit/1853/LLMDFA/benchmark/juliet-test-suite-XSS_simplified/CWE80_XSS/s01/CWE80_XSS__CWE182_Servlet_PropertiesFile_31.java
Analyzing......
Preprocessing...
processing finished
start to summarize...
Generating intra-procedural summaries...
Processing callees...
Preprocessing...
processing finished
start to summarize...
Generating intra-procedural summaries...
Processing callees...
Preprocessing...
processing finished
start to summarize...
Generating intra-procedural summaries...
Processing callees...
Validating......
Applying path checker with solver...
Constructing solving program...
Solver-aided path checker succeeded...
finish validate
Reporting......
Report generated!

finish report
===================================================
41  /  666 

CWE80_XSS__CWE182_Servlet_PropertiesFile_31 

{'input_token_cost': 1863, 'output_token_cost': 247, 'analysis_result': {'TPs': 1, 'FPs': 0}, 'ground_truth': {'TPs': 1, 'FPs': 1}, 'single time cost': 3.2870442867279053} 

===================================================


Start to analyze the case  42 out of  666
/scratch/local/w.nimit/1853/LLMDFA/benchmark/juliet-test-suite-XSS_simplified/CWE80_XSS/s01/CWE80_XSS__CWE182_Servlet_PropertiesFile_41.java
Analyzing......
Preprocessing...
processing finished
start to summarize...
Generating intra-procedural summaries...
Processing callees...
Preprocessing...
processing finished
start to summarize...
Generating intra-procedural summaries...
Processing callees...
Preprocessing...
processing finished
start to summarize...
Generating intra-procedural summaries...
Processing callees...
Preprocessing...
processing finished
start to summarize...
Generating intra-procedural summaries...
Processing callees...
Preprocessing...
processing finished
start to summarize...
Generating intra-procedural summaries...
Processing callees...
Validating......
Applying path checker with solver...
Constructing solving program...
Solver-aided path checker succeeded...
finish validate
Reporting......
Report generated!

finish report
===================================================
42  /  666 

CWE80_XSS__CWE182_Servlet_PropertiesFile_41 

{'input_token_cost': 5209, 'output_token_cost': 589, 'analysis_result': {'TPs': 1, 'FPs': 0}, 'ground_truth': {'TPs': 1, 'FPs': 1}, 'single time cost': 7.630478858947754} 

===================================================


Start to analyze the case  43 out of  666
/scratch/local/w.nimit/1853/LLMDFA/benchmark/juliet-test-suite-XSS_simplified/CWE80_XSS/s01/CWE80_XSS__CWE182_Servlet_PropertiesFile_42.java
Analyzing......
Preprocessing...
processing finished
start to summarize...
Generating intra-procedural summaries...
Processing callees...
Preprocessing...
processing finished
start to summarize...
Generating intra-procedural summaries...
Processing callees...
Preprocessing...
processing finished
start to summarize...
Generating intra-procedural summaries...
Processing callees...
Preprocessing...
processing finished
start to summarize...
Generating intra-procedural summaries...
Processing callees...
Preprocessing...
processing finished
start to summarize...
Generating intra-procedural summaries...
Processing callees...
Validating......
Applying path checker with solver...
Constructing solving program...
Solver-aided path checker succeeded...
finish validate
Reporting......
Report generated!

finish report
===================================================
43  /  666 

CWE80_XSS__CWE182_Servlet_PropertiesFile_42 

{'input_token_cost': 8200, 'output_token_cost': 778, 'analysis_result': {'TPs': 1, 'FPs': 0}, 'ground_truth': {'TPs': 1, 'FPs': 1}, 'single time cost': 10.059594631195068} 

===================================================


Start to analyze the case  44 out of  666
/scratch/local/w.nimit/1853/LLMDFA/benchmark/juliet-test-suite-XSS_simplified/CWE80_XSS/s01/CWE80_XSS__CWE182_Servlet_PropertiesFile_45.java
Analyzing......
Preprocessing...
processing finished
start to summarize...
Generating intra-procedural summaries...
Processing callees...
Preprocessing...
processing finished
start to summarize...
Generating intra-procedural summaries...
Processing callees...
Preprocessing...
processing finished
start to summarize...
Generating intra-procedural summaries...
Processing callees...
Preprocessing...
processing finished
start to summarize...
Generating intra-procedural summaries...
Processing callees...
Preprocessing...
processing finished
start to summarize...
Generating intra-procedural summaries...
Processing callees...
Validating......
Applying path checker with solver...
Constructing solving program...
Solver-aided path checker succeeded...
finish validate
Reporting......
Report generated!

finish report
===================================================
44  /  666 

CWE80_XSS__CWE182_Servlet_PropertiesFile_45 

{'input_token_cost': 6291, 'output_token_cost': 580, 'analysis_result': {'TPs': 1, 'FPs': 0}, 'ground_truth': {'TPs': 1, 'FPs': 1}, 'single time cost': 7.5474817752838135} 

===================================================


Start to analyze the case  45 out of  666
/scratch/local/w.nimit/1853/LLMDFA/benchmark/juliet-test-suite-XSS_simplified/CWE80_XSS/s01/CWE80_XSS__CWE182_Servlet_URLConnection_01.java
Analyzing......
Preprocessing...
processing finished
start to summarize...
Generating intra-procedural summaries...
Processing callees...
Preprocessing...
processing finished
start to summarize...
Generating intra-procedural summaries...
Processing callees...
Preprocessing...
processing finished
start to summarize...
Generating intra-procedural summaries...
Processing callees...
Validating......
Applying path checker with solver...
Constructing solving program...
Solver-aided path checker succeeded...
finish validate
Reporting......
Report generated!

finish report
===================================================
45  /  666 

CWE80_XSS__CWE182_Servlet_URLConnection_01 

{'input_token_cost': 1936, 'output_token_cost': 219, 'analysis_result': {'TPs': 1, 'FPs': 0}, 'ground_truth': {'TPs': 1, 'FPs': 1}, 'single time cost': 2.9567782878875732} 

===================================================


Start to analyze the case  46 out of  666
/scratch/local/w.nimit/1853/LLMDFA/benchmark/juliet-test-suite-XSS_simplified/CWE80_XSS/s01/CWE80_XSS__CWE182_Servlet_URLConnection_02.java
Analyzing......
Preprocessing...
processing finished
start to summarize...
Generating intra-procedural summaries...
Processing callees...
Preprocessing...
processing finished
start to summarize...
Generating intra-procedural summaries...
Processing callees...
Preprocessing...
processing finished
start to summarize...
Generating intra-procedural summaries...
Processing callees...
Preprocessing...
processing finished
start to summarize...
Generating intra-procedural summaries...
Processing callees...
Validating......
Applying path checker with solver...
Constructing solving program...
Solver-aided path checker succeeded...
finish validate
Reporting......
Report generated!

finish report
===================================================
46  /  666 

CWE80_XSS__CWE182_Servlet_URLConnection_02 

{'input_token_cost': 1970, 'output_token_cost': 215, 'analysis_result': {'TPs': 1, 'FPs': 0}, 'ground_truth': {'TPs': 1, 'FPs': 2}, 'single time cost': 2.9272589683532715} 

===================================================


Start to analyze the case  47 out of  666
/scratch/local/w.nimit/1853/LLMDFA/benchmark/juliet-test-suite-XSS_simplified/CWE80_XSS/s01/CWE80_XSS__CWE182_Servlet_URLConnection_03.java
Analyzing......
Preprocessing...
processing finished
start to summarize...
Generating intra-procedural summaries...
Processing callees...
Preprocessing...
processing finished
start to summarize...
Generating intra-procedural summaries...
Processing callees...
Preprocessing...
processing finished
start to summarize...
Generating intra-procedural summaries...
Processing callees...
Preprocessing...
processing finished
start to summarize...
Generating intra-procedural summaries...
Processing callees...
Validating......
Applying path checker with solver...
Constructing solving program...
Constructing solving program...
Solver-aided path checker succeeded...
finish validate
Reporting......
Report generated!

finish report
===================================================
47  /  666 

CWE80_XSS__CWE182_Servlet_URLConnection_03 

{'input_token_cost': 2495, 'output_token_cost': 339, 'analysis_result': {'TPs': 1, 'FPs': 0}, 'ground_truth': {'TPs': 1, 'FPs': 2}, 'single time cost': 4.618048191070557} 

===================================================


Start to analyze the case  48 out of  666
/scratch/local/w.nimit/1853/LLMDFA/benchmark/juliet-test-suite-XSS_simplified/CWE80_XSS/s01/CWE80_XSS__CWE182_Servlet_URLConnection_04.java
Analyzing......
Preprocessing...
processing finished
start to summarize...
Generating intra-procedural summaries...
Processing callees...
Preprocessing...
processing finished
start to summarize...
Generating intra-procedural summaries...
Processing callees...
Preprocessing...
processing finished
start to summarize...
Generating intra-procedural summaries...
Processing callees...
Preprocessing...
processing finished
start to summarize...
Generating intra-procedural summaries...
Processing callees...
Validating......
Applying path checker with solver...
Constructing solving program...
Constructing solving program...
Solver-aided path checker succeeded...
finish validate
Reporting......
Report generated!

finish report
===================================================
48  /  666 

CWE80_XSS__CWE182_Servlet_URLConnection_04 

{'input_token_cost': 2609, 'output_token_cost': 323, 'analysis_result': {'TPs': 1, 'FPs': 0}, 'ground_truth': {'TPs': 1, 'FPs': 2}, 'single time cost': 4.399501323699951} 

===================================================


Start to analyze the case  49 out of  666
/scratch/local/w.nimit/1853/LLMDFA/benchmark/juliet-test-suite-XSS_simplified/CWE80_XSS/s01/CWE80_XSS__CWE182_Servlet_URLConnection_05.java
Analyzing......
Preprocessing...
processing finished
start to summarize...
Generating intra-procedural summaries...
Processing callees...
Preprocessing...
processing finished
start to summarize...
Generating intra-procedural summaries...
Processing callees...
Preprocessing...
processing finished
start to summarize...
Generating intra-procedural summaries...
Processing callees...
Preprocessing...
processing finished
start to summarize...
Generating intra-procedural summaries...
Processing callees...
Validating......
Applying path checker with solver...
Constructing solving program...
Constructing solving program...
Solver-aided path checker succeeded...
finish validate
Reporting......
Report generated!

finish report
===================================================
49  /  666 

CWE80_XSS__CWE182_Servlet_URLConnection_05 

{'input_token_cost': 2599, 'output_token_cost': 329, 'analysis_result': {'TPs': 1, 'FPs': 0}, 'ground_truth': {'TPs': 1, 'FPs': 2}, 'single time cost': 4.477716445922852} 

===================================================


Start to analyze the case  50 out of  666
/scratch/local/w.nimit/1853/LLMDFA/benchmark/juliet-test-suite-XSS_simplified/CWE80_XSS/s01/CWE80_XSS__CWE182_Servlet_URLConnection_06.java
Analyzing......
Preprocessing...
processing finished
start to summarize...
Generating intra-procedural summaries...
Processing callees...
Preprocessing...
processing finished
start to summarize...
Generating intra-procedural summaries...
Processing callees...
Preprocessing...
processing finished
start to summarize...
Generating intra-procedural summaries...
Processing callees...
Preprocessing...
processing finished
start to summarize...
Generating intra-procedural summaries...
Processing callees...
Validating......
Applying path checker with solver...
Constructing solving program...
Constructing solving program...
Solver-aided path checker succeeded...
finish validate
Reporting......
Report generated!

finish report
===================================================
50  /  666 

CWE80_XSS__CWE182_Servlet_URLConnection_06 

{'input_token_cost': 2627, 'output_token_cost': 381, 'analysis_result': {'TPs': 1, 'FPs': 0}, 'ground_truth': {'TPs': 1, 'FPs': 2}, 'single time cost': 5.15013575553894} 

===================================================


Start to analyze the case  51 out of  666
/scratch/local/w.nimit/1853/LLMDFA/benchmark/juliet-test-suite-XSS_simplified/CWE80_XSS/s01/CWE80_XSS__CWE182_Servlet_URLConnection_07.java
Analyzing......
Preprocessing...
processing finished
start to summarize...
Generating intra-procedural summaries...
Processing callees...
Preprocessing...
processing finished
start to summarize...
Generating intra-procedural summaries...
Processing callees...
Preprocessing...
processing finished
start to summarize...
Generating intra-procedural summaries...
Processing callees...
Preprocessing...
processing finished
start to summarize...
Generating intra-procedural summaries...
Processing callees...
Validating......
Applying path checker with solver...
Constructing solving program...
Constructing solving program...
Solver-aided path checker succeeded...
finish validate
Reporting......
Report generated!

finish report
===================================================
51  /  666 

CWE80_XSS__CWE182_Servlet_URLConnection_07 

{'input_token_cost': 2612, 'output_token_cost': 364, 'analysis_result': {'TPs': 1, 'FPs': 0}, 'ground_truth': {'TPs': 1, 'FPs': 2}, 'single time cost': 4.936014175415039} 

===================================================


Start to analyze the case  52 out of  666
/scratch/local/w.nimit/1853/LLMDFA/benchmark/juliet-test-suite-XSS_simplified/CWE80_XSS/s01/CWE80_XSS__CWE182_Servlet_URLConnection_08.java
Analyzing......
Preprocessing...
processing finished
start to summarize...
Generating intra-procedural summaries...
Processing callees...
Preprocessing...
processing finished
start to summarize...
Generating intra-procedural summaries...
Processing callees...
Preprocessing...
processing finished
start to summarize...
Generating intra-procedural summaries...
Processing callees...
Preprocessing...
processing finished
start to summarize...
Generating intra-procedural summaries...
Processing callees...
Preprocessing...
processing finished
start to summarize...
Generating intra-procedural summaries...
Processing callees...
Preprocessing...
processing finished
start to summarize...
Generating intra-procedural summaries...
Processing callees...
start to summarize...
Generating intra-procedural summaries...
Processing callees...
Validating......
Applying path checker with solver...
Constructing solving program...
Constructing solving program...
Solver-aided path checker succeeded...
finish validate
Reporting......
Report generated!

finish report
===================================================
52  /  666 

CWE80_XSS__CWE182_Servlet_URLConnection_08 

{'input_token_cost': 2492, 'output_token_cost': 333, 'analysis_result': {'TPs': 1, 'FPs': 0}, 'ground_truth': {'TPs': 1, 'FPs': 2}, 'single time cost': 4.540668725967407} 

===================================================


Start to analyze the case  53 out of  666
/scratch/local/w.nimit/1853/LLMDFA/benchmark/juliet-test-suite-XSS_simplified/CWE80_XSS/s01/CWE80_XSS__CWE182_Servlet_URLConnection_09.java
Analyzing......
Preprocessing...
processing finished
start to summarize...
Generating intra-procedural summaries...
Processing callees...
Preprocessing...
processing finished
start to summarize...
Generating intra-procedural summaries...
Processing callees...
Preprocessing...
processing finished
start to summarize...
Generating intra-procedural summaries...
Processing callees...
Preprocessing...
processing finished
start to summarize...
Generating intra-procedural summaries...
Processing callees...
Validating......
Applying path checker with solver...
Constructing solving program...
Constructing solving program...
Solver-aided path checker succeeded...
finish validate
Reporting......
Report generated!

finish report
===================================================
53  /  666 

CWE80_XSS__CWE182_Servlet_URLConnection_09 

{'input_token_cost': 2614, 'output_token_cost': 323, 'analysis_result': {'TPs': 1, 'FPs': 0}, 'ground_truth': {'TPs': 1, 'FPs': 2}, 'single time cost': 4.473830223083496} 

===================================================


Start to analyze the case  54 out of  666
/scratch/local/w.nimit/1853/LLMDFA/benchmark/juliet-test-suite-XSS_simplified/CWE80_XSS/s01/CWE80_XSS__CWE182_Servlet_URLConnection_10.java
Analyzing......
Preprocessing...
processing finished
start to summarize...
Generating intra-procedural summaries...
Processing callees...
Preprocessing...
processing finished
start to summarize...
Generating intra-procedural summaries...
Processing callees...
Preprocessing...
processing finished
start to summarize...
Generating intra-procedural summaries...
Processing callees...
Preprocessing...
processing finished
start to summarize...
Generating intra-procedural summaries...
Processing callees...
Validating......
Applying path checker with solver...
Constructing solving program...
Constructing solving program...
Solver-aided path checker succeeded...
finish validate
Reporting......
Report generated!

finish report
===================================================
54  /  666 

CWE80_XSS__CWE182_Servlet_URLConnection_10 

{'input_token_cost': 2604, 'output_token_cost': 396, 'analysis_result': {'TPs': 1, 'FPs': 0}, 'ground_truth': {'TPs': 1, 'FPs': 2}, 'single time cost': 5.311895132064819} 

===================================================


Start to analyze the case  55 out of  666
/scratch/local/w.nimit/1853/LLMDFA/benchmark/juliet-test-suite-XSS_simplified/CWE80_XSS/s01/CWE80_XSS__CWE182_Servlet_URLConnection_11.java
Analyzing......
Preprocessing...
processing finished
start to summarize...
Generating intra-procedural summaries...
Processing callees...
Preprocessing...
processing finished
start to summarize...
Generating intra-procedural summaries...
Processing callees...
Preprocessing...
processing finished
start to summarize...
Generating intra-procedural summaries...
Processing callees...
Preprocessing...
processing finished
start to summarize...
Generating intra-procedural summaries...
Processing callees...
Validating......
Applying path checker with solver...
Constructing solving program...
Refining solving program...
Constructing solving program...
Solver-aided path checker succeeded...
finish validate
Reporting......
Report generated!

finish report
===================================================
55  /  666 

CWE80_XSS__CWE182_Servlet_URLConnection_11 

{'input_token_cost': 2765, 'output_token_cost': 487, 'analysis_result': {'TPs': 1, 'FPs': 0}, 'ground_truth': {'TPs': 1, 'FPs': 2}, 'single time cost': 6.64050817489624} 

===================================================


Start to analyze the case  56 out of  666
/scratch/local/w.nimit/1853/LLMDFA/benchmark/juliet-test-suite-XSS_simplified/CWE80_XSS/s01/CWE80_XSS__CWE182_Servlet_URLConnection_12.java
Analyzing......
Preprocessing...
processing finished
start to summarize...
Generating intra-procedural summaries...
Processing callees...
Preprocessing...
processing finished
start to summarize...
Generating intra-procedural summaries...
Processing callees...
Preprocessing...
processing finished
start to summarize...
Generating intra-procedural summaries...
Processing callees...
Validating......
Applying path checker with solver...
Constructing solving program...
Refining solving program...
Constructing solving program...
Solver-aided path checker succeeded...
finish validate
Reporting......
Report generated!

finish report
===================================================
56  /  666 

CWE80_XSS__CWE182_Servlet_URLConnection_12 

{'input_token_cost': 2785, 'output_token_cost': 569, 'analysis_result': {'TPs': 1, 'FPs': 0}, 'ground_truth': {'TPs': 1, 'FPs': 1}, 'single time cost': 7.693469762802124} 

===================================================


Start to analyze the case  57 out of  666
/scratch/local/w.nimit/1853/LLMDFA/benchmark/juliet-test-suite-XSS_simplified/CWE80_XSS/s01/CWE80_XSS__CWE182_Servlet_URLConnection_13.java
Analyzing......
Preprocessing...
processing finished
start to summarize...
Generating intra-procedural summaries...
Processing callees...
Preprocessing...
processing finished
start to summarize...
Generating intra-procedural summaries...
Processing callees...
Preprocessing...
processing finished
start to summarize...
Generating intra-procedural summaries...
Processing callees...
Preprocessing...
processing finished
start to summarize...
Generating intra-procedural summaries...
Processing callees...
Validating......
Applying path checker with solver...
Constructing solving program...
Constructing solving program...
Solver-aided path checker succeeded...
finish validate
Reporting......
Report generated!

finish report
===================================================
57  /  666 

CWE80_XSS__CWE182_Servlet_URLConnection_13 

{'input_token_cost': 2632, 'output_token_cost': 380, 'analysis_result': {'TPs': 1, 'FPs': 0}, 'ground_truth': {'TPs': 1, 'FPs': 2}, 'single time cost': 5.140493631362915} 

===================================================


Start to analyze the case  58 out of  666
/scratch/local/w.nimit/1853/LLMDFA/benchmark/juliet-test-suite-XSS_simplified/CWE80_XSS/s01/CWE80_XSS__CWE182_Servlet_URLConnection_14.java
Analyzing......
Preprocessing...
processing finished
start to summarize...
Generating intra-procedural summaries...
Processing callees...
Preprocessing...
processing finished
start to summarize...
Generating intra-procedural summaries...
Processing callees...
Preprocessing...
processing finished
start to summarize...
Generating intra-procedural summaries...
Processing callees...
Preprocessing...
processing finished
start to summarize...
Generating intra-procedural summaries...
Processing callees...
Validating......
Applying path checker with solver...
Constructing solving program...
Constructing solving program...
Solver-aided path checker succeeded...
finish validate
Reporting......
Report generated!

finish report
===================================================
58  /  666 

CWE80_XSS__CWE182_Servlet_URLConnection_14 

{'input_token_cost': 2617, 'output_token_cost': 356, 'analysis_result': {'TPs': 1, 'FPs': 0}, 'ground_truth': {'TPs': 1, 'FPs': 2}, 'single time cost': 4.827389717102051} 

===================================================


Start to analyze the case  59 out of  666
/scratch/local/w.nimit/1853/LLMDFA/benchmark/juliet-test-suite-XSS_simplified/CWE80_XSS/s01/CWE80_XSS__CWE182_Servlet_URLConnection_15.java
Analyzing......
Preprocessing...
processing finished
start to summarize...
Generating intra-procedural summaries...
Processing callees...
Preprocessing...
processing finished
start to summarize...
Generating intra-procedural summaries...
Processing callees...
Preprocessing...
processing finished
start to summarize...
Generating intra-procedural summaries...
Processing callees...
Preprocessing...
processing finished
start to summarize...
Generating intra-procedural summaries...
Processing callees...
Validating......
Applying path checker with solver...
Constructing solving program...
Solver-aided path checker succeeded...
finish validate
Reporting......
Report generated!

finish report
===================================================
59  /  666 

CWE80_XSS__CWE182_Servlet_URLConnection_15 

{'input_token_cost': 1986, 'output_token_cost': 213, 'analysis_result': {'TPs': 1, 'FPs': 0}, 'ground_truth': {'TPs': 1, 'FPs': 2}, 'single time cost': 2.9278318881988525} 

===================================================


Start to analyze the case  60 out of  666
/scratch/local/w.nimit/1853/LLMDFA/benchmark/juliet-test-suite-XSS_simplified/CWE80_XSS/s01/CWE80_XSS__CWE182_Servlet_URLConnection_16.java
Analyzing......
Preprocessing...
processing finished
start to summarize...
Generating intra-procedural summaries...
Processing callees...
Preprocessing...
processing finished
start to summarize...
Generating intra-procedural summaries...
Processing callees...
Preprocessing...
processing finished
start to summarize...
Generating intra-procedural summaries...
Processing callees...
Validating......
Applying path checker with solver...
Constructing solving program...
Solver-aided path checker succeeded...
finish validate
Reporting......
Report generated!

finish report
===================================================
60  /  666 

CWE80_XSS__CWE182_Servlet_URLConnection_16 

{'input_token_cost': 1948, 'output_token_cost': 213, 'analysis_result': {'TPs': 1, 'FPs': 0}, 'ground_truth': {'TPs': 1, 'FPs': 1}, 'single time cost': 2.908463954925537} 

===================================================


Start to analyze the case  61 out of  666
/scratch/local/w.nimit/1853/LLMDFA/benchmark/juliet-test-suite-XSS_simplified/CWE80_XSS/s01/CWE80_XSS__CWE182_Servlet_URLConnection_17.java
Analyzing......
Preprocessing...
processing finished
start to summarize...
Generating intra-procedural summaries...
Processing callees...
Preprocessing...
processing finished
start to summarize...
Generating intra-procedural summaries...
Processing callees...
Preprocessing...
processing finished
start to summarize...
Generating intra-procedural summaries...
Processing callees...
Validating......
Applying path checker with solver...
Constructing solving program...
Solver-aided path checker succeeded...
finish validate
Reporting......
Report generated!

finish report
===================================================
61  /  666 

CWE80_XSS__CWE182_Servlet_URLConnection_17 

{'input_token_cost': 1961, 'output_token_cost': 212, 'analysis_result': {'TPs': 1, 'FPs': 0}, 'ground_truth': {'TPs': 1, 'FPs': 1}, 'single time cost': 2.8733603954315186} 

===================================================


Start to analyze the case  62 out of  666
/scratch/local/w.nimit/1853/LLMDFA/benchmark/juliet-test-suite-XSS_simplified/CWE80_XSS/s01/CWE80_XSS__CWE182_Servlet_URLConnection_21.java
Analyzing......
Preprocessing...
processing finished
start to summarize...
Generating intra-procedural summaries...
Processing callees...
Preprocessing...
processing finished
start to summarize...
Generating intra-procedural summaries...
Processing callees...
Preprocessing...
processing finished
start to summarize...
Generating intra-procedural summaries...
Processing callees...
Preprocessing...
processing finished
start to summarize...
Generating intra-procedural summaries...
Processing callees...
Preprocessing...
processing finished
start to summarize...
Generating intra-procedural summaries...
Processing callees...
Preprocessing...
processing finished
start to summarize...
Generating intra-procedural summaries...
Processing callees...
Preprocessing...
processing finished
start to summarize...
Generating intra-procedural summaries...
Processing callees...
Validating......
Applying path checker with solver...
Constructing solving program...
Constructing solving program...
Solver-aided path checker succeeded...
finish validate
Reporting......
Report generated!

finish report
===================================================
62  /  666 

CWE80_XSS__CWE182_Servlet_URLConnection_21 

{'input_token_cost': 15766, 'output_token_cost': 1511, 'analysis_result': {'TPs': 0, 'FPs': 0}, 'ground_truth': {'TPs': 1, 'FPs': 2}, 'single time cost': 19.705466747283936} 

===================================================


Start to analyze the case  63 out of  666
/scratch/local/w.nimit/1853/LLMDFA/benchmark/juliet-test-suite-XSS_simplified/CWE80_XSS/s01/CWE80_XSS__CWE182_Servlet_URLConnection_31.java
Analyzing......
Preprocessing...
processing finished
start to summarize...
Generating intra-procedural summaries...
Processing callees...
Preprocessing...
processing finished
start to summarize...
Generating intra-procedural summaries...
Processing callees...
Preprocessing...
processing finished
start to summarize...
Generating intra-procedural summaries...
Processing callees...
Validating......
Applying path checker with solver...
Constructing solving program...
Solver-aided path checker succeeded...
finish validate
Reporting......
Report generated!

finish report
===================================================
63  /  666 

CWE80_XSS__CWE182_Servlet_URLConnection_31 

{'input_token_cost': 1987, 'output_token_cost': 261, 'analysis_result': {'TPs': 1, 'FPs': 0}, 'ground_truth': {'TPs': 1, 'FPs': 1}, 'single time cost': 3.5341122150421143} 

===================================================


Start to analyze the case  64 out of  666
/scratch/local/w.nimit/1853/LLMDFA/benchmark/juliet-test-suite-XSS_simplified/CWE80_XSS/s01/CWE80_XSS__CWE182_Servlet_URLConnection_41.java
Analyzing......
Preprocessing...
processing finished
start to summarize...
Generating intra-procedural summaries...
Processing callees...
Preprocessing...
processing finished
start to summarize...
Generating intra-procedural summaries...
Processing callees...
Preprocessing...
processing finished
start to summarize...
Generating intra-procedural summaries...
Processing callees...
Preprocessing...
processing finished
start to summarize...
Generating intra-procedural summaries...
Processing callees...
Preprocessing...
processing finished
start to summarize...
Generating intra-procedural summaries...
Processing callees...
Validating......
Applying path checker with solver...
Constructing solving program...
Solver-aided path checker succeeded...
finish validate
Reporting......
Report generated!

finish report
===================================================
64  /  666 

CWE80_XSS__CWE182_Servlet_URLConnection_41 

{'input_token_cost': 5581, 'output_token_cost': 506, 'analysis_result': {'TPs': 1, 'FPs': 0}, 'ground_truth': {'TPs': 1, 'FPs': 1}, 'single time cost': 6.634603977203369} 

===================================================


Start to analyze the case  65 out of  666
/scratch/local/w.nimit/1853/LLMDFA/benchmark/juliet-test-suite-XSS_simplified/CWE80_XSS/s01/CWE80_XSS__CWE182_Servlet_URLConnection_42.java
Analyzing......
Preprocessing...
processing finished
start to summarize...
Generating intra-procedural summaries...
Processing callees...
Preprocessing...
processing finished
start to summarize...
Generating intra-procedural summaries...
Processing callees...
Preprocessing...
processing finished
start to summarize...
Generating intra-procedural summaries...
Processing callees...
Preprocessing...
processing finished
start to summarize...
Generating intra-procedural summaries...
Processing callees...
Preprocessing...
processing finished
start to summarize...
Generating intra-procedural summaries...
Processing callees...
Validating......
Applying path checker with solver...
Constructing solving program...
Solver-aided path checker succeeded...
finish validate
Reporting......
Report generated!

finish report
===================================================
65  /  666 

CWE80_XSS__CWE182_Servlet_URLConnection_42 

{'input_token_cost': 8572, 'output_token_cost': 786, 'analysis_result': {'TPs': 1, 'FPs': 0}, 'ground_truth': {'TPs': 1, 'FPs': 1}, 'single time cost': 10.262514114379883} 

===================================================


Start to analyze the case  66 out of  666
/scratch/local/w.nimit/1853/LLMDFA/benchmark/juliet-test-suite-XSS_simplified/CWE80_XSS/s01/CWE80_XSS__CWE182_Servlet_URLConnection_45.java
Analyzing......
Preprocessing...
processing finished
start to summarize...
Generating intra-procedural summaries...
Processing callees...
Preprocessing...
processing finished
start to summarize...
Generating intra-procedural summaries...
Processing callees...
Preprocessing...
processing finished
start to summarize...
Generating intra-procedural summaries...
Processing callees...
Preprocessing...
processing finished
start to summarize...
Generating intra-procedural summaries...
Processing callees...
Preprocessing...
processing finished
start to summarize...
Generating intra-procedural summaries...
Processing callees...
Validating......
Applying path checker with solver...
Constructing solving program...
Solver-aided path checker succeeded...
finish validate
Reporting......
Report generated!

finish report
===================================================
66  /  666 

CWE80_XSS__CWE182_Servlet_URLConnection_45 

{'input_token_cost': 6663, 'output_token_cost': 640, 'analysis_result': {'TPs': 1, 'FPs': 0}, 'ground_truth': {'TPs': 1, 'FPs': 1}, 'single time cost': 8.302117109298706} 

===================================================


Start to analyze the case  67 out of  666
/scratch/local/w.nimit/1853/LLMDFA/benchmark/juliet-test-suite-XSS_simplified/CWE80_XSS/s01/CWE80_XSS__CWE182_Servlet_connect_tcp_01.java
Analyzing......
Preprocessing...
processing finished
start to summarize...
Generating intra-procedural summaries...
Processing callees...
Preprocessing...
processing finished
start to summarize...
Generating intra-procedural summaries...
Processing callees...
Preprocessing...
processing finished
start to summarize...
Generating intra-procedural summaries...
Processing callees...
Validating......
Applying path checker with solver...
Constructing solving program...
Solver-aided path checker succeeded...
finish validate
Reporting......
Report generated!

finish report
===================================================
67  /  666 

CWE80_XSS__CWE182_Servlet_connect_tcp_01 

{'input_token_cost': 2038, 'output_token_cost': 213, 'analysis_result': {'TPs': 1, 'FPs': 0}, 'ground_truth': {'TPs': 1, 'FPs': 1}, 'single time cost': 2.9010534286499023} 

===================================================


Start to analyze the case  68 out of  666
/scratch/local/w.nimit/1853/LLMDFA/benchmark/juliet-test-suite-XSS_simplified/CWE80_XSS/s01/CWE80_XSS__CWE182_Servlet_connect_tcp_02.java
Analyzing......
Preprocessing...
processing finished
start to summarize...
Generating intra-procedural summaries...
Processing callees...
Preprocessing...
processing finished
start to summarize...
Generating intra-procedural summaries...
Processing callees...
Preprocessing...
processing finished
start to summarize...
Generating intra-procedural summaries...
Processing callees...
Preprocessing...
processing finished
start to summarize...
Generating intra-procedural summaries...
Processing callees...
Validating......
Applying path checker with solver...
Constructing solving program...
Solver-aided path checker succeeded...
finish validate
Reporting......
Report generated!

finish report
===================================================
68  /  666 

CWE80_XSS__CWE182_Servlet_connect_tcp_02 

{'input_token_cost': 2064, 'output_token_cost': 215, 'analysis_result': {'TPs': 1, 'FPs': 0}, 'ground_truth': {'TPs': 1, 'FPs': 2}, 'single time cost': 2.9083876609802246} 

===================================================


Start to analyze the case  69 out of  666
/scratch/local/w.nimit/1853/LLMDFA/benchmark/juliet-test-suite-XSS_simplified/CWE80_XSS/s01/CWE80_XSS__CWE182_Servlet_connect_tcp_03.java
Analyzing......
Preprocessing...
processing finished
start to summarize...
Generating intra-procedural summaries...
Processing callees...
Preprocessing...
processing finished
start to summarize...
Generating intra-procedural summaries...
Processing callees...
Preprocessing...
processing finished
start to summarize...
Generating intra-procedural summaries...
Processing callees...
Preprocessing...
processing finished
start to summarize...
Generating intra-procedural summaries...
Processing callees...
Validating......
Applying path checker with solver...
Constructing solving program...
Constructing solving program...
Solver-aided path checker succeeded...
finish validate
Reporting......
Report generated!

finish report
===================================================
69  /  666 

CWE80_XSS__CWE182_Servlet_connect_tcp_03 

{'input_token_cost': 2589, 'output_token_cost': 339, 'analysis_result': {'TPs': 1, 'FPs': 0}, 'ground_truth': {'TPs': 1, 'FPs': 2}, 'single time cost': 4.67621111869812} 

===================================================


Start to analyze the case  70 out of  666
/scratch/local/w.nimit/1853/LLMDFA/benchmark/juliet-test-suite-XSS_simplified/CWE80_XSS/s01/CWE80_XSS__CWE182_Servlet_connect_tcp_04.java
Analyzing......
Preprocessing...
processing finished
start to summarize...
Generating intra-procedural summaries...
Processing callees...
Preprocessing...
processing finished
start to summarize...
Generating intra-procedural summaries...
Processing callees...
Preprocessing...
processing finished
start to summarize...
Generating intra-procedural summaries...
Processing callees...
Preprocessing...
processing finished
start to summarize...
Generating intra-procedural summaries...
Processing callees...
Validating......
Applying path checker with solver...
Constructing solving program...
Constructing solving program...
Solver-aided path checker succeeded...
finish validate
Reporting......
Report generated!

finish report
===================================================
70  /  666 

CWE80_XSS__CWE182_Servlet_connect_tcp_04 

{'input_token_cost': 2703, 'output_token_cost': 385, 'analysis_result': {'TPs': 1, 'FPs': 0}, 'ground_truth': {'TPs': 1, 'FPs': 2}, 'single time cost': 5.212440490722656} 

===================================================


Start to analyze the case  71 out of  666
/scratch/local/w.nimit/1853/LLMDFA/benchmark/juliet-test-suite-XSS_simplified/CWE80_XSS/s01/CWE80_XSS__CWE182_Servlet_connect_tcp_05.java
Analyzing......
Preprocessing...
processing finished
start to summarize...
Generating intra-procedural summaries...
Processing callees...
Preprocessing...
processing finished
start to summarize...
Generating intra-procedural summaries...
Processing callees...
Preprocessing...
processing finished
start to summarize...
Generating intra-procedural summaries...
Processing callees...
Preprocessing...
processing finished
start to summarize...
Generating intra-procedural summaries...
Processing callees...
Validating......
Applying path checker with solver...
Constructing solving program...
Constructing solving program...
Solver-aided path checker succeeded...
finish validate
Reporting......
Report generated!

finish report
===================================================
71  /  666 

CWE80_XSS__CWE182_Servlet_connect_tcp_05 

{'input_token_cost': 2693, 'output_token_cost': 329, 'analysis_result': {'TPs': 1, 'FPs': 0}, 'ground_truth': {'TPs': 1, 'FPs': 2}, 'single time cost': 4.637698173522949} 

===================================================


Start to analyze the case  72 out of  666
/scratch/local/w.nimit/1853/LLMDFA/benchmark/juliet-test-suite-XSS_simplified/CWE80_XSS/s01/CWE80_XSS__CWE182_Servlet_connect_tcp_06.java
Analyzing......
Preprocessing...
processing finished
start to summarize...
Generating intra-procedural summaries...
Processing callees...
Preprocessing...
processing finished
start to summarize...
Generating intra-procedural summaries...
Processing callees...
Preprocessing...
processing finished
start to summarize...
Generating intra-procedural summaries...
Processing callees...
Preprocessing...
processing finished
start to summarize...
Generating intra-procedural summaries...
Processing callees...
Validating......
Applying path checker with solver...
Constructing solving program...
Constructing solving program...
Solver-aided path checker succeeded...
finish validate
Reporting......
Report generated!

finish report
===================================================
72  /  666 

CWE80_XSS__CWE182_Servlet_connect_tcp_06 

{'input_token_cost': 2721, 'output_token_cost': 381, 'analysis_result': {'TPs': 1, 'FPs': 0}, 'ground_truth': {'TPs': 1, 'FPs': 2}, 'single time cost': 5.156966209411621} 

===================================================


Start to analyze the case  73 out of  666
/scratch/local/w.nimit/1853/LLMDFA/benchmark/juliet-test-suite-XSS_simplified/CWE80_XSS/s01/CWE80_XSS__CWE182_Servlet_connect_tcp_07.java
Analyzing......
Preprocessing...
processing finished
start to summarize...
Generating intra-procedural summaries...
Processing callees...
Preprocessing...
processing finished
start to summarize...
Generating intra-procedural summaries...
Processing callees...
Preprocessing...
processing finished
start to summarize...
Generating intra-procedural summaries...
Processing callees...
Preprocessing...
processing finished
start to summarize...
Generating intra-procedural summaries...
Processing callees...
Validating......
Applying path checker with solver...
Constructing solving program...
Constructing solving program...
Solver-aided path checker succeeded...
finish validate
Reporting......
Report generated!

finish report
===================================================
73  /  666 

CWE80_XSS__CWE182_Servlet_connect_tcp_07 

{'input_token_cost': 2706, 'output_token_cost': 364, 'analysis_result': {'TPs': 1, 'FPs': 0}, 'ground_truth': {'TPs': 1, 'FPs': 2}, 'single time cost': 5.026132822036743} 

===================================================


Start to analyze the case  74 out of  666
/scratch/local/w.nimit/1853/LLMDFA/benchmark/juliet-test-suite-XSS_simplified/CWE80_XSS/s01/CWE80_XSS__CWE182_Servlet_connect_tcp_08.java
Analyzing......
Preprocessing...
processing finished
start to summarize...
Generating intra-procedural summaries...
Processing callees...
Preprocessing...
processing finished
start to summarize...
Generating intra-procedural summaries...
Processing callees...
Preprocessing...
processing finished
start to summarize...
Generating intra-procedural summaries...
Processing callees...
Preprocessing...
processing finished
start to summarize...
Generating intra-procedural summaries...
Processing callees...
Preprocessing...
processing finished
start to summarize...
Generating intra-procedural summaries...
Processing callees...
Preprocessing...
processing finished
start to summarize...
Generating intra-procedural summaries...
Processing callees...
start to summarize...
Generating intra-procedural summaries...
Processing callees...
Validating......
Applying path checker with solver...
Constructing solving program...
Constructing solving program...
Solver-aided path checker succeeded...
finish validate
Reporting......
Report generated!

finish report
===================================================
74  /  666 

CWE80_XSS__CWE182_Servlet_connect_tcp_08 

{'input_token_cost': 2586, 'output_token_cost': 391, 'analysis_result': {'TPs': 1, 'FPs': 0}, 'ground_truth': {'TPs': 1, 'FPs': 2}, 'single time cost': 5.297868013381958} 

===================================================


Start to analyze the case  75 out of  666
/scratch/local/w.nimit/1853/LLMDFA/benchmark/juliet-test-suite-XSS_simplified/CWE80_XSS/s01/CWE80_XSS__CWE182_Servlet_connect_tcp_09.java
Analyzing......
Preprocessing...
processing finished
start to summarize...
Generating intra-procedural summaries...
Processing callees...
Preprocessing...
processing finished
start to summarize...
Generating intra-procedural summaries...
Processing callees...
Preprocessing...
processing finished
start to summarize...
Generating intra-procedural summaries...
Processing callees...
Preprocessing...
processing finished
start to summarize...
Generating intra-procedural summaries...
Processing callees...
Validating......
Applying path checker with solver...
Constructing solving program...
Constructing solving program...
Solver-aided path checker succeeded...
finish validate
Reporting......
Report generated!

finish report
===================================================
75  /  666 

CWE80_XSS__CWE182_Servlet_connect_tcp_09 

{'input_token_cost': 2708, 'output_token_cost': 419, 'analysis_result': {'TPs': 1, 'FPs': 0}, 'ground_truth': {'TPs': 1, 'FPs': 2}, 'single time cost': 5.649512767791748} 

===================================================


Start to analyze the case  76 out of  666
/scratch/local/w.nimit/1853/LLMDFA/benchmark/juliet-test-suite-XSS_simplified/CWE80_XSS/s01/CWE80_XSS__CWE182_Servlet_connect_tcp_10.java
Analyzing......
Preprocessing...
processing finished
start to summarize...
Generating intra-procedural summaries...
Processing callees...
Preprocessing...
processing finished
start to summarize...
Generating intra-procedural summaries...
Processing callees...
Preprocessing...
processing finished
start to summarize...
Generating intra-procedural summaries...
Processing callees...
Preprocessing...
processing finished
start to summarize...
Generating intra-procedural summaries...
Processing callees...
Validating......
Applying path checker with solver...
Constructing solving program...
Constructing solving program...
Solver-aided path checker succeeded...
finish validate
Reporting......
Report generated!

finish report
===================================================
76  /  666 

CWE80_XSS__CWE182_Servlet_connect_tcp_10 

{'input_token_cost': 2698, 'output_token_cost': 387, 'analysis_result': {'TPs': 1, 'FPs': 0}, 'ground_truth': {'TPs': 1, 'FPs': 2}, 'single time cost': 5.222414493560791} 

===================================================


Start to analyze the case  77 out of  666
/scratch/local/w.nimit/1853/LLMDFA/benchmark/juliet-test-suite-XSS_simplified/CWE80_XSS/s01/CWE80_XSS__CWE182_Servlet_connect_tcp_11.java
Analyzing......
Preprocessing...
processing finished
start to summarize...
Generating intra-procedural summaries...
Processing callees...
Preprocessing...
processing finished
start to summarize...
Generating intra-procedural summaries...
Processing callees...
Preprocessing...
processing finished
start to summarize...
Generating intra-procedural summaries...
Processing callees...
Preprocessing...
processing finished
start to summarize...
Generating intra-procedural summaries...
Processing callees...
Validating......
Applying path checker with solver...
Constructing solving program...
Refining solving program...
Constructing solving program...
Solver-aided path checker succeeded...
finish validate
Reporting......
Report generated!

finish report
===================================================
77  /  666 

CWE80_XSS__CWE182_Servlet_connect_tcp_11 

{'input_token_cost': 2833, 'output_token_cost': 414, 'analysis_result': {'TPs': 1, 'FPs': 0}, 'ground_truth': {'TPs': 1, 'FPs': 2}, 'single time cost': 5.690800905227661} 

===================================================


Start to analyze the case  78 out of  666
/scratch/local/w.nimit/1853/LLMDFA/benchmark/juliet-test-suite-XSS_simplified/CWE80_XSS/s01/CWE80_XSS__CWE182_Servlet_connect_tcp_12.java
Analyzing......
Preprocessing...
processing finished
start to summarize...
Generating intra-procedural summaries...
Processing callees...
Preprocessing...
processing finished
start to summarize...
Generating intra-procedural summaries...
Processing callees...
Preprocessing...
processing finished
start to summarize...
Generating intra-procedural summaries...
Processing callees...
Validating......
Applying path checker with solver...
Constructing solving program...
Refining solving program...
Constructing solving program...
Solver-aided path checker succeeded...
finish validate
Reporting......
Report generated!

finish report
===================================================
78  /  666 

CWE80_XSS__CWE182_Servlet_connect_tcp_12 

{'input_token_cost': 2879, 'output_token_cost': 587, 'analysis_result': {'TPs': 1, 'FPs': 0}, 'ground_truth': {'TPs': 1, 'FPs': 1}, 'single time cost': 7.8595287799835205} 

===================================================


Start to analyze the case  79 out of  666
/scratch/local/w.nimit/1853/LLMDFA/benchmark/juliet-test-suite-XSS_simplified/CWE80_XSS/s01/CWE80_XSS__CWE182_Servlet_connect_tcp_13.java
Analyzing......
Preprocessing...
processing finished
start to summarize...
Generating intra-procedural summaries...
Processing callees...
Preprocessing...
processing finished
start to summarize...
Generating intra-procedural summaries...
Processing callees...
Preprocessing...
processing finished
start to summarize...
Generating intra-procedural summaries...
Processing callees...
Preprocessing...
processing finished
start to summarize...
Generating intra-procedural summaries...
Processing callees...
Validating......
Applying path checker with solver...
Constructing solving program...
Constructing solving program...
Solver-aided path checker succeeded...
finish validate
Reporting......
Report generated!

finish report
===================================================
79  /  666 

CWE80_XSS__CWE182_Servlet_connect_tcp_13 

{'input_token_cost': 2726, 'output_token_cost': 380, 'analysis_result': {'TPs': 1, 'FPs': 0}, 'ground_truth': {'TPs': 1, 'FPs': 2}, 'single time cost': 5.184244155883789} 

===================================================


Start to analyze the case  80 out of  666
/scratch/local/w.nimit/1853/LLMDFA/benchmark/juliet-test-suite-XSS_simplified/CWE80_XSS/s01/CWE80_XSS__CWE182_Servlet_connect_tcp_14.java
Analyzing......
Preprocessing...
processing finished
start to summarize...
Generating intra-procedural summaries...
Processing callees...
Preprocessing...
processing finished
start to summarize...
Generating intra-procedural summaries...
Processing callees...
Preprocessing...
processing finished
start to summarize...
Generating intra-procedural summaries...
Processing callees...
Preprocessing...
processing finished
start to summarize...
Generating intra-procedural summaries...
Processing callees...
Validating......
Applying path checker with solver...
Constructing solving program...
Constructing solving program...
Solver-aided path checker succeeded...
finish validate
Reporting......
Report generated!

finish report
===================================================
80  /  666 

CWE80_XSS__CWE182_Servlet_connect_tcp_14 

{'input_token_cost': 2711, 'output_token_cost': 356, 'analysis_result': {'TPs': 1, 'FPs': 0}, 'ground_truth': {'TPs': 1, 'FPs': 2}, 'single time cost': 4.840581178665161} 

===================================================


Start to analyze the case  81 out of  666
/scratch/local/w.nimit/1853/LLMDFA/benchmark/juliet-test-suite-XSS_simplified/CWE80_XSS/s01/CWE80_XSS__CWE182_Servlet_connect_tcp_15.java
Analyzing......
Preprocessing...
processing finished
start to summarize...
Generating intra-procedural summaries...
Processing callees...
Preprocessing...
processing finished
start to summarize...
Generating intra-procedural summaries...
Processing callees...
Preprocessing...
processing finished
start to summarize...
Generating intra-procedural summaries...
Processing callees...
Preprocessing...
processing finished
start to summarize...
Generating intra-procedural summaries...
Processing callees...
Validating......
Applying path checker with solver...
Constructing solving program...
Solver-aided path checker succeeded...
finish validate
Reporting......
Report generated!

finish report
===================================================
81  /  666 

CWE80_XSS__CWE182_Servlet_connect_tcp_15 

{'input_token_cost': 2080, 'output_token_cost': 213, 'analysis_result': {'TPs': 1, 'FPs': 0}, 'ground_truth': {'TPs': 1, 'FPs': 2}, 'single time cost': 2.8829758167266846} 

===================================================


Start to analyze the case  82 out of  666
/scratch/local/w.nimit/1853/LLMDFA/benchmark/juliet-test-suite-XSS_simplified/CWE80_XSS/s01/CWE80_XSS__CWE182_Servlet_database_01.java
Analyzing......
Preprocessing...
processing finished
start to summarize...
Generating intra-procedural summaries...
Processing callees...
Preprocessing...
processing finished
start to summarize...
Generating intra-procedural summaries...
Processing callees...
Preprocessing...
processing finished
start to summarize...
Generating intra-procedural summaries...
Processing callees...
Validating......
Applying path checker with solver...
Constructing solving program...
Solver-aided path checker succeeded...
finish validate
Reporting......
Report generated!

finish report
===================================================
82  /  666 

CWE80_XSS__CWE182_Servlet_database_01 

{'input_token_cost': 2010, 'output_token_cost': 201, 'analysis_result': {'TPs': 1, 'FPs': 0}, 'ground_truth': {'TPs': 1, 'FPs': 1}, 'single time cost': 2.765190601348877} 

===================================================


Start to analyze the case  83 out of  666
/scratch/local/w.nimit/1853/LLMDFA/benchmark/juliet-test-suite-XSS_simplified/CWE80_XSS/s01/CWE80_XSS__CWE182_Servlet_connect_tcp_16.java
Analyzing......
Preprocessing...
processing finished
start to summarize...
Generating intra-procedural summaries...
Processing callees...
Preprocessing...
processing finished
start to summarize...
Generating intra-procedural summaries...
Processing callees...
Preprocessing...
processing finished
start to summarize...
Generating intra-procedural summaries...
Processing callees...
Validating......
Applying path checker with solver...
Constructing solving program...
Solver-aided path checker succeeded...
finish validate
Reporting......
Report generated!

finish report
===================================================
83  /  666 

CWE80_XSS__CWE182_Servlet_connect_tcp_16 

{'input_token_cost': 2042, 'output_token_cost': 242, 'analysis_result': {'TPs': 1, 'FPs': 0}, 'ground_truth': {'TPs': 1, 'FPs': 1}, 'single time cost': 3.2247567176818848} 

===================================================


Start to analyze the case  84 out of  666
/scratch/local/w.nimit/1853/LLMDFA/benchmark/juliet-test-suite-XSS_simplified/CWE80_XSS/s01/CWE80_XSS__CWE182_Servlet_connect_tcp_17.java
Analyzing......
Preprocessing...
processing finished
start to summarize...
Generating intra-procedural summaries...
Processing callees...
Preprocessing...
processing finished
start to summarize...
Generating intra-procedural summaries...
Processing callees...
Preprocessing...
processing finished
start to summarize...
Generating intra-procedural summaries...
Processing callees...
Validating......
Applying path checker with solver...
Constructing solving program...
Solver-aided path checker succeeded...
finish validate
Reporting......
Report generated!

finish report
===================================================
84  /  666 

CWE80_XSS__CWE182_Servlet_connect_tcp_17 

{'input_token_cost': 2063, 'output_token_cost': 224, 'analysis_result': {'TPs': 1, 'FPs': 0}, 'ground_truth': {'TPs': 1, 'FPs': 1}, 'single time cost': 3.0049831867218018} 

===================================================


Start to analyze the case  85 out of  666
/scratch/local/w.nimit/1853/LLMDFA/benchmark/juliet-test-suite-XSS_simplified/CWE80_XSS/s01/CWE80_XSS__CWE182_Servlet_connect_tcp_21.java
Analyzing......
Preprocessing...
processing finished
start to summarize...
Generating intra-procedural summaries...
Processing callees...
Preprocessing...
processing finished
start to summarize...
Generating intra-procedural summaries...
Processing callees...
Preprocessing...
processing finished
start to summarize...
Generating intra-procedural summaries...
Processing callees...
Preprocessing...
processing finished
start to summarize...
Generating intra-procedural summaries...
Processing callees...
Preprocessing...
processing finished
start to summarize...
Generating intra-procedural summaries...
Processing callees...
Preprocessing...
processing finished
start to summarize...
Generating intra-procedural summaries...
Processing callees...
Preprocessing...
processing finished
start to summarize...
Generating intra-procedural summaries...
Processing callees...
Validating......
Applying path checker with solver...
Constructing solving program...
Constructing solving program...
Solver-aided path checker succeeded...
finish validate
Reporting......
Report generated!

finish report
===================================================
85  /  666 

CWE80_XSS__CWE182_Servlet_connect_tcp_21 

{'input_token_cost': 16048, 'output_token_cost': 1627, 'analysis_result': {'TPs': 0, 'FPs': 0}, 'ground_truth': {'TPs': 1, 'FPs': 2}, 'single time cost': 21.037099599838257} 

===================================================


Start to analyze the case  86 out of  666
/scratch/local/w.nimit/1853/LLMDFA/benchmark/juliet-test-suite-XSS_simplified/CWE80_XSS/s01/CWE80_XSS__CWE182_Servlet_connect_tcp_31.java
Analyzing......
Preprocessing...
processing finished
start to summarize...
Generating intra-procedural summaries...
Processing callees...
Preprocessing...
processing finished
start to summarize...
Generating intra-procedural summaries...
Processing callees...
Preprocessing...
processing finished
start to summarize...
Generating intra-procedural summaries...
Processing callees...
Validating......
Applying path checker with solver...
Constructing solving program...
Solver-aided path checker succeeded...
finish validate
Reporting......
Report generated!

finish report
===================================================
86  /  666 

CWE80_XSS__CWE182_Servlet_connect_tcp_31 

{'input_token_cost': 2089, 'output_token_cost': 291, 'analysis_result': {'TPs': 1, 'FPs': 0}, 'ground_truth': {'TPs': 1, 'FPs': 1}, 'single time cost': 3.8804681301116943} 

===================================================


Start to analyze the case  87 out of  666
/scratch/local/w.nimit/1853/LLMDFA/benchmark/juliet-test-suite-XSS_simplified/CWE80_XSS/s01/CWE80_XSS__CWE182_Servlet_connect_tcp_41.java
Analyzing......
Preprocessing...
processing finished
start to summarize...
Generating intra-procedural summaries...
Processing callees...
Preprocessing...
processing finished
start to summarize...
Generating intra-procedural summaries...
Processing callees...
Preprocessing...
processing finished
start to summarize...
Generating intra-procedural summaries...
Processing callees...
Preprocessing...
processing finished
start to summarize...
Generating intra-procedural summaries...
Processing callees...
Preprocessing...
processing finished
start to summarize...
Generating intra-procedural summaries...
Processing callees...
Validating......
Applying path checker with solver...
Constructing solving program...
Solver-aided path checker succeeded...
finish validate
Reporting......
Report generated!

finish report
===================================================
87  /  666 

CWE80_XSS__CWE182_Servlet_connect_tcp_41 

{'input_token_cost': 5887, 'output_token_cost': 516, 'analysis_result': {'TPs': 1, 'FPs': 0}, 'ground_truth': {'TPs': 1, 'FPs': 1}, 'single time cost': 6.725938320159912} 

===================================================


Start to analyze the case  88 out of  666
/scratch/local/w.nimit/1853/LLMDFA/benchmark/juliet-test-suite-XSS_simplified/CWE80_XSS/s01/CWE80_XSS__CWE182_Servlet_connect_tcp_42.java
Analyzing......
Preprocessing...
processing finished
start to summarize...
Generating intra-procedural summaries...
Processing callees...
Preprocessing...
processing finished
start to summarize...
Generating intra-procedural summaries...
Processing callees...
Preprocessing...
processing finished
start to summarize...
Generating intra-procedural summaries...
Processing callees...
Preprocessing...
processing finished
start to summarize...
Generating intra-procedural summaries...
Processing callees...
Preprocessing...
processing finished
start to summarize...
Generating intra-procedural summaries...
Processing callees...
Validating......
finish validate
Reporting......
Report generated!

finish report
===================================================
88  /  666 

CWE80_XSS__CWE182_Servlet_connect_tcp_42 

{'input_token_cost': 8364, 'output_token_cost': 577, 'analysis_result': {'TPs': 0, 'FPs': 0}, 'ground_truth': {'TPs': 1, 'FPs': 1}, 'single time cost': 7.4590044021606445} 

===================================================


Start to analyze the case  89 out of  666
/scratch/local/w.nimit/1853/LLMDFA/benchmark/juliet-test-suite-XSS_simplified/CWE80_XSS/s01/CWE80_XSS__CWE182_Servlet_connect_tcp_45.java
Analyzing......
Preprocessing...
processing finished
start to summarize...
Generating intra-procedural summaries...
Processing callees...
Preprocessing...
processing finished
start to summarize...
Generating intra-procedural summaries...
Processing callees...
Preprocessing...
processing finished
start to summarize...
Generating intra-procedural summaries...
Processing callees...
Preprocessing...
processing finished
start to summarize...
Generating intra-procedural summaries...
Processing callees...
Preprocessing...
processing finished
start to summarize...
Generating intra-procedural summaries...
Processing callees...
Validating......
Applying path checker with solver...
Constructing solving program...
Solver-aided path checker succeeded...
finish validate
Reporting......
Report generated!

finish report
===================================================
89  /  666 

CWE80_XSS__CWE182_Servlet_connect_tcp_45 

{'input_token_cost': 8006, 'output_token_cost': 787, 'analysis_result': {'TPs': 1, 'FPs': 0}, 'ground_truth': {'TPs': 1, 'FPs': 1}, 'single time cost': 10.164003610610962} 

===================================================


Start to analyze the case  90 out of  666
/scratch/local/w.nimit/1853/LLMDFA/benchmark/juliet-test-suite-XSS_simplified/CWE80_XSS/s01/CWE80_XSS__CWE182_Servlet_database_02.java
Analyzing......
Preprocessing...
processing finished
start to summarize...
Generating intra-procedural summaries...
Processing callees...
Preprocessing...
processing finished
start to summarize...
Generating intra-procedural summaries...
Processing callees...
Preprocessing...
processing finished
start to summarize...
Generating intra-procedural summaries...
Processing callees...
Preprocessing...
processing finished
start to summarize...
Generating intra-procedural summaries...
Processing callees...
Validating......
Applying path checker with solver...
Constructing solving program...
Solver-aided path checker succeeded...
finish validate
Reporting......
Report generated!

finish report
===================================================
90  /  666 

CWE80_XSS__CWE182_Servlet_database_02 

{'input_token_cost': 2040, 'output_token_cost': 200, 'analysis_result': {'TPs': 1, 'FPs': 0}, 'ground_truth': {'TPs': 1, 'FPs': 2}, 'single time cost': 2.7368383407592773} 

===================================================


Start to analyze the case  91 out of  666
/scratch/local/w.nimit/1853/LLMDFA/benchmark/juliet-test-suite-XSS_simplified/CWE80_XSS/s01/CWE80_XSS__CWE182_Servlet_database_03.java
Analyzing......
Preprocessing...
processing finished
start to summarize...
Generating intra-procedural summaries...
Processing callees...
Preprocessing...
processing finished
start to summarize...
Generating intra-procedural summaries...
Processing callees...
Preprocessing...
processing finished
start to summarize...
Generating intra-procedural summaries...
Processing callees...
Preprocessing...
processing finished
start to summarize...
Generating intra-procedural summaries...
Processing callees...
Validating......
Applying path checker with solver...
Constructing solving program...
Constructing solving program...
Solver-aided path checker succeeded...
finish validate
Reporting......
Report generated!

finish report
===================================================
91  /  666 

CWE80_XSS__CWE182_Servlet_database_03 

{'input_token_cost': 2565, 'output_token_cost': 328, 'analysis_result': {'TPs': 1, 'FPs': 0}, 'ground_truth': {'TPs': 1, 'FPs': 2}, 'single time cost': 4.58295202255249} 

===================================================


Start to analyze the case  92 out of  666
/scratch/local/w.nimit/1853/LLMDFA/benchmark/juliet-test-suite-XSS_simplified/CWE80_XSS/s01/CWE80_XSS__CWE182_Servlet_database_04.java
Analyzing......
Preprocessing...
processing finished
start to summarize...
Generating intra-procedural summaries...
Processing callees...
Preprocessing...
processing finished
start to summarize...
Generating intra-procedural summaries...
Processing callees...
Preprocessing...
processing finished
start to summarize...
Generating intra-procedural summaries...
Processing callees...
Preprocessing...
processing finished
start to summarize...
Generating intra-procedural summaries...
Processing callees...
Validating......
Applying path checker with solver...
Constructing solving program...
Constructing solving program...
Solver-aided path checker succeeded...
finish validate
Reporting......
Report generated!

finish report
===================================================
92  /  666 

CWE80_XSS__CWE182_Servlet_database_04 

{'input_token_cost': 2679, 'output_token_cost': 372, 'analysis_result': {'TPs': 1, 'FPs': 0}, 'ground_truth': {'TPs': 1, 'FPs': 2}, 'single time cost': 5.063072204589844} 

===================================================


Start to analyze the case  93 out of  666
/scratch/local/w.nimit/1853/LLMDFA/benchmark/juliet-test-suite-XSS_simplified/CWE80_XSS/s01/CWE80_XSS__CWE182_Servlet_database_05.java
Analyzing......
Preprocessing...
processing finished
start to summarize...
Generating intra-procedural summaries...
Processing callees...
Preprocessing...
processing finished
start to summarize...
Generating intra-procedural summaries...
Processing callees...
Preprocessing...
processing finished
start to summarize...
Generating intra-procedural summaries...
Processing callees...
Preprocessing...
processing finished
start to summarize...
Generating intra-procedural summaries...
Processing callees...
Validating......
Applying path checker with solver...
Constructing solving program...
Constructing solving program...
Solver-aided path checker succeeded...
finish validate
Reporting......
Report generated!

finish report
===================================================
93  /  666 

CWE80_XSS__CWE182_Servlet_database_05 

{'input_token_cost': 2669, 'output_token_cost': 351, 'analysis_result': {'TPs': 1, 'FPs': 0}, 'ground_truth': {'TPs': 1, 'FPs': 2}, 'single time cost': 4.775354623794556} 

===================================================


Start to analyze the case  94 out of  666
/scratch/local/w.nimit/1853/LLMDFA/benchmark/juliet-test-suite-XSS_simplified/CWE80_XSS/s01/CWE80_XSS__CWE182_Servlet_database_06.java
Analyzing......
Preprocessing...
processing finished
start to summarize...
Generating intra-procedural summaries...
Processing callees...
Preprocessing...
processing finished
start to summarize...
Generating intra-procedural summaries...
Processing callees...
Preprocessing...
processing finished
start to summarize...
Generating intra-procedural summaries...
Processing callees...
Preprocessing...
processing finished
start to summarize...
Generating intra-procedural summaries...
Processing callees...
Validating......
Applying path checker with solver...
Constructing solving program...
Constructing solving program...
Solver-aided path checker succeeded...
finish validate
Reporting......
Report generated!

finish report
===================================================
94  /  666 

CWE80_XSS__CWE182_Servlet_database_06 

{'input_token_cost': 2697, 'output_token_cost': 392, 'analysis_result': {'TPs': 1, 'FPs': 0}, 'ground_truth': {'TPs': 1, 'FPs': 2}, 'single time cost': 5.28949236869812} 

===================================================


Start to analyze the case  95 out of  666
/scratch/local/w.nimit/1853/LLMDFA/benchmark/juliet-test-suite-XSS_simplified/CWE80_XSS/s01/CWE80_XSS__CWE182_Servlet_database_07.java
Analyzing......
Preprocessing...
processing finished
start to summarize...
Generating intra-procedural summaries...
Processing callees...
Preprocessing...
processing finished
start to summarize...
Generating intra-procedural summaries...
Processing callees...
Preprocessing...
processing finished
start to summarize...
Generating intra-procedural summaries...
Processing callees...
Preprocessing...
processing finished
start to summarize...
Generating intra-procedural summaries...
Processing callees...
Validating......
Applying path checker with solver...
Constructing solving program...
Constructing solving program...
Solver-aided path checker succeeded...
finish validate
Reporting......
Report generated!

finish report
===================================================
95  /  666 

CWE80_XSS__CWE182_Servlet_database_07 

{'input_token_cost': 2682, 'output_token_cost': 375, 'analysis_result': {'TPs': 1, 'FPs': 0}, 'ground_truth': {'TPs': 1, 'FPs': 2}, 'single time cost': 5.070056438446045} 

===================================================


Start to analyze the case  96 out of  666
/scratch/local/w.nimit/1853/LLMDFA/benchmark/juliet-test-suite-XSS_simplified/CWE80_XSS/s01/CWE80_XSS__CWE182_Servlet_database_08.java
Analyzing......
Preprocessing...
processing finished
start to summarize...
Generating intra-procedural summaries...
Processing callees...
Preprocessing...
processing finished
start to summarize...
Generating intra-procedural summaries...
Processing callees...
Preprocessing...
processing finished
start to summarize...
Generating intra-procedural summaries...
Processing callees...
Preprocessing...
processing finished
start to summarize...
Generating intra-procedural summaries...
Processing callees...
Preprocessing...
processing finished
start to summarize...
Generating intra-procedural summaries...
Processing callees...
Preprocessing...
processing finished
start to summarize...
Generating intra-procedural summaries...
Processing callees...
start to summarize...
Generating intra-procedural summaries...
Processing callees...
Validating......
Applying path checker with solver...
Constructing solving program...
Constructing solving program...
Solver-aided path checker succeeded...
finish validate
Reporting......
Report generated!

finish report
===================================================
96  /  666 

CWE80_XSS__CWE182_Servlet_database_08 

{'input_token_cost': 2562, 'output_token_cost': 345, 'analysis_result': {'TPs': 1, 'FPs': 0}, 'ground_truth': {'TPs': 1, 'FPs': 2}, 'single time cost': 4.70623779296875} 

===================================================


Start to analyze the case  97 out of  666
/scratch/local/w.nimit/1853/LLMDFA/benchmark/juliet-test-suite-XSS_simplified/CWE80_XSS/s01/CWE80_XSS__CWE182_Servlet_database_09.java
Analyzing......
Preprocessing...
processing finished
start to summarize...
Generating intra-procedural summaries...
Processing callees...
Preprocessing...
processing finished
start to summarize...
Generating intra-procedural summaries...
Processing callees...
Preprocessing...
processing finished
start to summarize...
Generating intra-procedural summaries...
Processing callees...
Preprocessing...
processing finished
start to summarize...
Generating intra-procedural summaries...
Processing callees...
Validating......
Applying path checker with solver...
Constructing solving program...
Constructing solving program...
Solver-aided path checker succeeded...
finish validate
Reporting......
Report generated!

finish report
===================================================
97  /  666 

CWE80_XSS__CWE182_Servlet_database_09 

{'input_token_cost': 2684, 'output_token_cost': 310, 'analysis_result': {'TPs': 1, 'FPs': 0}, 'ground_truth': {'TPs': 1, 'FPs': 2}, 'single time cost': 4.241932392120361} 

===================================================


Start to analyze the case  98 out of  666
/scratch/local/w.nimit/1853/LLMDFA/benchmark/juliet-test-suite-XSS_simplified/CWE80_XSS/s01/CWE80_XSS__CWE182_Servlet_database_10.java
Analyzing......
Preprocessing...
processing finished
start to summarize...
Generating intra-procedural summaries...
Processing callees...
Preprocessing...
processing finished
start to summarize...
Generating intra-procedural summaries...
Processing callees...
Preprocessing...
processing finished
start to summarize...
Generating intra-procedural summaries...
Processing callees...
Preprocessing...
processing finished
start to summarize...
Generating intra-procedural summaries...
Processing callees...
Validating......
Applying path checker with solver...
Constructing solving program...
Constructing solving program...
Solver-aided path checker succeeded...
finish validate
Reporting......
Report generated!

finish report
===================================================
98  /  666 

CWE80_XSS__CWE182_Servlet_database_10 

{'input_token_cost': 2674, 'output_token_cost': 383, 'analysis_result': {'TPs': 1, 'FPs': 0}, 'ground_truth': {'TPs': 1, 'FPs': 2}, 'single time cost': 5.202733755111694} 

===================================================


Start to analyze the case  99 out of  666
/scratch/local/w.nimit/1853/LLMDFA/benchmark/juliet-test-suite-XSS_simplified/CWE80_XSS/s01/CWE80_XSS__CWE182_Servlet_database_11.java
Analyzing......
Preprocessing...
processing finished
start to summarize...
Generating intra-procedural summaries...
Processing callees...
Preprocessing...
processing finished
start to summarize...
Generating intra-procedural summaries...
Processing callees...
Preprocessing...
processing finished
start to summarize...
Generating intra-procedural summaries...
Processing callees...
Preprocessing...
processing finished
start to summarize...
Generating intra-procedural summaries...
Processing callees...
Validating......
Applying path checker with solver...
Constructing solving program...
Refining solving program...
Constructing solving program...
Solver-aided path checker succeeded...
finish validate
Reporting......
Report generated!

finish report
===================================================
99  /  666 

CWE80_XSS__CWE182_Servlet_database_11 

{'input_token_cost': 2835, 'output_token_cost': 498, 'analysis_result': {'TPs': 1, 'FPs': 0}, 'ground_truth': {'TPs': 1, 'FPs': 2}, 'single time cost': 6.729357957839966} 

===================================================


Start to analyze the case  100 out of  666
/scratch/local/w.nimit/1853/LLMDFA/benchmark/juliet-test-suite-XSS_simplified/CWE80_XSS/s01/CWE80_XSS__CWE182_Servlet_database_12.java
Analyzing......
Preprocessing...
processing finished
start to summarize...
Generating intra-procedural summaries...
Processing callees...
Preprocessing...
processing finished
start to summarize...
Generating intra-procedural summaries...
Processing callees...
Preprocessing...
processing finished
start to summarize...
Generating intra-procedural summaries...
Processing callees...
Validating......
Applying path checker with solver...
Constructing solving program...
Refining solving program...
Constructing solving program...
Solver-aided path checker succeeded...
finish validate
Reporting......
Report generated!

finish report
===================================================
100  /  666 

CWE80_XSS__CWE182_Servlet_database_12 

{'input_token_cost': 2855, 'output_token_cost': 458, 'analysis_result': {'TPs': 1, 'FPs': 0}, 'ground_truth': {'TPs': 1, 'FPs': 1}, 'single time cost': 6.336270809173584} 

===================================================


Start to analyze the case  101 out of  666
/scratch/local/w.nimit/1853/LLMDFA/benchmark/juliet-test-suite-XSS_simplified/CWE80_XSS/s01/CWE80_XSS__CWE182_Servlet_database_13.java
Analyzing......
Preprocessing...
processing finished
start to summarize...
Generating intra-procedural summaries...
Processing callees...
Preprocessing...
processing finished
start to summarize...
Generating intra-procedural summaries...
Processing callees...
Preprocessing...
processing finished
start to summarize...
Generating intra-procedural summaries...
Processing callees...
Preprocessing...
processing finished
start to summarize...
Generating intra-procedural summaries...
Processing callees...
Validating......
Applying path checker with solver...
Constructing solving program...
Constructing solving program...
Solver-aided path checker succeeded...
finish validate
Reporting......
Report generated!

finish report
===================================================
101  /  666 

CWE80_XSS__CWE182_Servlet_database_13 

{'input_token_cost': 2702, 'output_token_cost': 391, 'analysis_result': {'TPs': 1, 'FPs': 0}, 'ground_truth': {'TPs': 1, 'FPs': 2}, 'single time cost': 5.284963130950928} 

===================================================


Start to analyze the case  102 out of  666
/scratch/local/w.nimit/1853/LLMDFA/benchmark/juliet-test-suite-XSS_simplified/CWE80_XSS/s01/CWE80_XSS__CWE182_Servlet_database_14.java
Analyzing......
Preprocessing...
processing finished
start to summarize...
Generating intra-procedural summaries...
Processing callees...
Preprocessing...
processing finished
start to summarize...
Generating intra-procedural summaries...
Processing callees...
Preprocessing...
processing finished
start to summarize...
Generating intra-procedural summaries...
Processing callees...
Preprocessing...
processing finished
start to summarize...
Generating intra-procedural summaries...
Processing callees...
Validating......
Applying path checker with solver...
Constructing solving program...
Constructing solving program...
Solver-aided path checker succeeded...
finish validate
Reporting......
Report generated!

finish report
===================================================
102  /  666 

CWE80_XSS__CWE182_Servlet_database_14 

{'input_token_cost': 2687, 'output_token_cost': 367, 'analysis_result': {'TPs': 1, 'FPs': 0}, 'ground_truth': {'TPs': 1, 'FPs': 2}, 'single time cost': 4.989755153656006} 

===================================================


Start to analyze the case  103 out of  666
/scratch/local/w.nimit/1853/LLMDFA/benchmark/juliet-test-suite-XSS_simplified/CWE80_XSS/s01/CWE80_XSS__CWE182_Servlet_database_15.java
Analyzing......
Preprocessing...
processing finished
start to summarize...
Generating intra-procedural summaries...
Processing callees...
Preprocessing...
processing finished
start to summarize...
Generating intra-procedural summaries...
Processing callees...
Preprocessing...
processing finished
start to summarize...
Generating intra-procedural summaries...
Processing callees...
Preprocessing...
processing finished
start to summarize...
Generating intra-procedural summaries...
Processing callees...
Validating......
Applying path checker with solver...
Constructing solving program...
Solver-aided path checker succeeded...
finish validate
Reporting......
Report generated!

finish report
===================================================
103  /  666 

CWE80_XSS__CWE182_Servlet_database_15 

{'input_token_cost': 2056, 'output_token_cost': 191, 'analysis_result': {'TPs': 1, 'FPs': 0}, 'ground_truth': {'TPs': 1, 'FPs': 2}, 'single time cost': 2.67964506149292} 

===================================================


Start to analyze the case  104 out of  666
/scratch/local/w.nimit/1853/LLMDFA/benchmark/juliet-test-suite-XSS_simplified/CWE80_XSS/s01/CWE80_XSS__CWE182_Servlet_database_16.java
Analyzing......
Preprocessing...
processing finished
start to summarize...
Generating intra-procedural summaries...
Processing callees...
Preprocessing...
processing finished
start to summarize...
Generating intra-procedural summaries...
Processing callees...
Preprocessing...
processing finished
start to summarize...
Generating intra-procedural summaries...
Processing callees...
Validating......
Applying path checker with solver...
Constructing solving program...
Solver-aided path checker succeeded...
finish validate
Reporting......
Report generated!

finish report
===================================================
104  /  666 

CWE80_XSS__CWE182_Servlet_database_16 

{'input_token_cost': 2018, 'output_token_cost': 198, 'analysis_result': {'TPs': 1, 'FPs': 0}, 'ground_truth': {'TPs': 1, 'FPs': 1}, 'single time cost': 2.6916284561157227} 

===================================================


Start to analyze the case  105 out of  666
/scratch/local/w.nimit/1853/LLMDFA/benchmark/juliet-test-suite-XSS_simplified/CWE80_XSS/s01/CWE80_XSS__CWE182_Servlet_database_17.java
Analyzing......
Preprocessing...
processing finished
start to summarize...
Generating intra-procedural summaries...
Processing callees...
Preprocessing...
processing finished
start to summarize...
Generating intra-procedural summaries...
Processing callees...
Preprocessing...
processing finished
start to summarize...
Generating intra-procedural summaries...
Processing callees...
Validating......
Applying path checker with solver...
Constructing solving program...
Solver-aided path checker succeeded...
finish validate
Reporting......
Report generated!

finish report
===================================================
105  /  666 

CWE80_XSS__CWE182_Servlet_database_17 

{'input_token_cost': 2035, 'output_token_cost': 197, 'analysis_result': {'TPs': 1, 'FPs': 0}, 'ground_truth': {'TPs': 1, 'FPs': 1}, 'single time cost': 2.668174982070923} 

===================================================


Start to analyze the case  106 out of  666
/scratch/local/w.nimit/1853/LLMDFA/benchmark/juliet-test-suite-XSS_simplified/CWE80_XSS/s01/CWE80_XSS__CWE182_Servlet_database_21.java
Analyzing......
Preprocessing...
processing finished
start to summarize...
Generating intra-procedural summaries...
Processing callees...
Preprocessing...
processing finished
start to summarize...
Generating intra-procedural summaries...
Processing callees...
Preprocessing...
processing finished
start to summarize...
Generating intra-procedural summaries...
Processing callees...
Preprocessing...
processing finished
start to summarize...
Generating intra-procedural summaries...
Processing callees...
Preprocessing...
processing finished
start to summarize...
Generating intra-procedural summaries...
Processing callees...
Preprocessing...
processing finished
start to summarize...
Generating intra-procedural summaries...
Processing callees...
Preprocessing...
processing finished
start to summarize...
Generating intra-procedural summaries...
Processing callees...
Validating......
Applying path checker with solver...
Constructing solving program...
Constructing solving program...
Solver-aided path checker succeeded...
finish validate
Reporting......
Report generated!

finish report
===================================================
106  /  666 

CWE80_XSS__CWE182_Servlet_database_21 

{'input_token_cost': 15975, 'output_token_cost': 1590, 'analysis_result': {'TPs': 0, 'FPs': 0}, 'ground_truth': {'TPs': 1, 'FPs': 2}, 'single time cost': 20.72488260269165} 

===================================================


Start to analyze the case  107 out of  666
/scratch/local/w.nimit/1853/LLMDFA/benchmark/juliet-test-suite-XSS_simplified/CWE80_XSS/s01/CWE80_XSS__CWE182_Servlet_database_31.java
Analyzing......
Preprocessing...
processing finished
start to summarize...
Generating intra-procedural summaries...
Processing callees...
Preprocessing...
processing finished
start to summarize...
Generating intra-procedural summaries...
Processing callees...
Preprocessing...
processing finished
start to summarize...
Generating intra-procedural summaries...
Processing callees...
Validating......
Applying path checker with solver...
Constructing solving program...
Solver-aided path checker succeeded...
finish validate
Reporting......
Report generated!

finish report
===================================================
107  /  666 

CWE80_XSS__CWE182_Servlet_database_31 

{'input_token_cost': 2061, 'output_token_cost': 256, 'analysis_result': {'TPs': 1, 'FPs': 0}, 'ground_truth': {'TPs': 1, 'FPs': 1}, 'single time cost': 3.420987844467163} 

===================================================


Start to analyze the case  108 out of  666
/scratch/local/w.nimit/1853/LLMDFA/benchmark/juliet-test-suite-XSS_simplified/CWE80_XSS/s01/CWE80_XSS__CWE182_Servlet_database_41.java
Analyzing......
Preprocessing...
processing finished
start to summarize...
Generating intra-procedural summaries...
Processing callees...
Preprocessing...
processing finished
start to summarize...
Generating intra-procedural summaries...
Processing callees...
Preprocessing...
processing finished
start to summarize...
Generating intra-procedural summaries...
Processing callees...
Preprocessing...
processing finished
start to summarize...
Generating intra-procedural summaries...
Processing callees...
Preprocessing...
processing finished
start to summarize...
Generating intra-procedural summaries...
Processing callees...
Validating......
Applying path checker with solver...
Constructing solving program...
Solver-aided path checker succeeded...
finish validate
Reporting......
Report generated!

finish report
===================================================
108  /  666 

CWE80_XSS__CWE182_Servlet_database_41 

{'input_token_cost': 5802, 'output_token_cost': 451, 'analysis_result': {'TPs': 1, 'FPs': 0}, 'ground_truth': {'TPs': 1, 'FPs': 1}, 'single time cost': 6.050412178039551} 

===================================================


Start to analyze the case  109 out of  666
/scratch/local/w.nimit/1853/LLMDFA/benchmark/juliet-test-suite-XSS_simplified/CWE80_XSS/s01/CWE80_XSS__CWE182_Servlet_database_42.java
Analyzing......
Preprocessing...
processing finished
start to summarize...
Generating intra-procedural summaries...
Processing callees...
Preprocessing...
processing finished
start to summarize...
Generating intra-procedural summaries...
Processing callees...
Preprocessing...
processing finished
start to summarize...
Generating intra-procedural summaries...
Processing callees...
Preprocessing...
processing finished
start to summarize...
Generating intra-procedural summaries...
Processing callees...
Preprocessing...
processing finished
start to summarize...
Generating intra-procedural summaries...
Processing callees...
Validating......
Applying path checker with solver...
Constructing solving program...
Solver-aided path checker succeeded...
finish validate
Reporting......
Report generated!

finish report
===================================================
109  /  666 

CWE80_XSS__CWE182_Servlet_database_42 

{'input_token_cost': 8793, 'output_token_cost': 714, 'analysis_result': {'TPs': 1, 'FPs': 0}, 'ground_truth': {'TPs': 1, 'FPs': 1}, 'single time cost': 9.332125425338745} 

===================================================


Start to analyze the case  110 out of  666
/scratch/local/w.nimit/1853/LLMDFA/benchmark/juliet-test-suite-XSS_simplified/CWE80_XSS/s01/CWE80_XSS__CWE182_Servlet_database_45.java
Analyzing......
Preprocessing...
processing finished
start to summarize...
Generating intra-procedural summaries...
Processing callees...
Preprocessing...
processing finished
start to summarize...
Generating intra-procedural summaries...
Processing callees...
Preprocessing...
processing finished
start to summarize...
Generating intra-procedural summaries...
Processing callees...
Preprocessing...
processing finished
start to summarize...
Generating intra-procedural summaries...
Processing callees...
Preprocessing...
processing finished
start to summarize...
Generating intra-procedural summaries...
Processing callees...
Validating......
Applying path checker with solver...
Constructing solving program...
Solver-aided path checker succeeded...
finish validate
Reporting......
Report generated!

finish report
===================================================
110  /  666 

CWE80_XSS__CWE182_Servlet_database_45 

{'input_token_cost': 6885, 'output_token_cost': 652, 'analysis_result': {'TPs': 1, 'FPs': 0}, 'ground_truth': {'TPs': 1, 'FPs': 1}, 'single time cost': 8.465074300765991} 

===================================================


Start to analyze the case  111 out of  666
/scratch/local/w.nimit/1853/LLMDFA/benchmark/juliet-test-suite-XSS_simplified/CWE80_XSS/s01/CWE80_XSS__CWE182_Servlet_getCookies_Servlet_01.java
Analyzing......
Preprocessing...
processing finished
start to summarize...
Generating intra-procedural summaries...
Processing callees...
Preprocessing...
processing finished
start to summarize...
Generating intra-procedural summaries...
Processing callees...
Preprocessing...
processing finished
start to summarize...
Generating intra-procedural summaries...
Processing callees...
Validating......
Applying path checker with solver...
Constructing solving program...
Solver-aided path checker succeeded...
finish validate
Reporting......
Report generated!

finish report
===================================================
111  /  666 

CWE80_XSS__CWE182_Servlet_getCookies_Servlet_01 

{'input_token_cost': 1637, 'output_token_cost': 202, 'analysis_result': {'TPs': 1, 'FPs': 0}, 'ground_truth': {'TPs': 1, 'FPs': 1}, 'single time cost': 2.734952688217163} 

===================================================


Start to analyze the case  112 out of  666
/scratch/local/w.nimit/1853/LLMDFA/benchmark/juliet-test-suite-XSS_simplified/CWE80_XSS/s01/CWE80_XSS__CWE182_Servlet_getCookies_Servlet_02.java
Analyzing......
Preprocessing...
processing finished
start to summarize...
Generating intra-procedural summaries...
Processing callees...
Preprocessing...
processing finished
start to summarize...
Generating intra-procedural summaries...
Processing callees...
Preprocessing...
processing finished
start to summarize...
Generating intra-procedural summaries...
Processing callees...
Preprocessing...
processing finished
start to summarize...
Generating intra-procedural summaries...
Processing callees...
Validating......
Applying path checker with solver...
Constructing solving program...
Solver-aided path checker succeeded...
finish validate
Reporting......
Report generated!

finish report
===================================================
112  /  666 

CWE80_XSS__CWE182_Servlet_getCookies_Servlet_02 

{'input_token_cost': 1679, 'output_token_cost': 240, 'analysis_result': {'TPs': 1, 'FPs': 0}, 'ground_truth': {'TPs': 1, 'FPs': 2}, 'single time cost': 3.2199137210845947} 

===================================================


Start to analyze the case  113 out of  666
/scratch/local/w.nimit/1853/LLMDFA/benchmark/juliet-test-suite-XSS_simplified/CWE80_XSS/s01/CWE80_XSS__CWE182_Servlet_getCookies_Servlet_03.java
Analyzing......
Preprocessing...
processing finished
start to summarize...
Generating intra-procedural summaries...
Processing callees...
Preprocessing...
processing finished
start to summarize...
Generating intra-procedural summaries...
Processing callees...
Preprocessing...
processing finished
start to summarize...
Generating intra-procedural summaries...
Processing callees...
Preprocessing...
processing finished
start to summarize...
Generating intra-procedural summaries...
Processing callees...
Validating......
Applying path checker with solver...
Constructing solving program...
Constructing solving program...
Solver-aided path checker succeeded...
finish validate
Reporting......
Report generated!

finish report
===================================================
113  /  666 

CWE80_XSS__CWE182_Servlet_getCookies_Servlet_03 

{'input_token_cost': 2201, 'output_token_cost': 364, 'analysis_result': {'TPs': 1, 'FPs': 0}, 'ground_truth': {'TPs': 1, 'FPs': 2}, 'single time cost': 4.992246866226196} 

===================================================


Start to analyze the case  114 out of  666
/scratch/local/w.nimit/1853/LLMDFA/benchmark/juliet-test-suite-XSS_simplified/CWE80_XSS/s01/CWE80_XSS__CWE182_Servlet_getCookies_Servlet_04.java
Analyzing......
Preprocessing...
processing finished
start to summarize...
Generating intra-procedural summaries...
Processing callees...
Preprocessing...
processing finished
start to summarize...
Generating intra-procedural summaries...
Processing callees...
Preprocessing...
processing finished
start to summarize...
Generating intra-procedural summaries...
Processing callees...
Preprocessing...
processing finished
start to summarize...
Generating intra-procedural summaries...
Processing callees...
Validating......
Applying path checker with solver...
Constructing solving program...
Constructing solving program...
Solver-aided path checker succeeded...
finish validate
Reporting......
Report generated!

finish report
===================================================
114  /  666 

CWE80_XSS__CWE182_Servlet_getCookies_Servlet_04 

{'input_token_cost': 2314, 'output_token_cost': 410, 'analysis_result': {'TPs': 1, 'FPs': 0}, 'ground_truth': {'TPs': 1, 'FPs': 2}, 'single time cost': 5.546581029891968} 

===================================================


Start to analyze the case  115 out of  666
/scratch/local/w.nimit/1853/LLMDFA/benchmark/juliet-test-suite-XSS_simplified/CWE80_XSS/s01/CWE80_XSS__CWE182_Servlet_getCookies_Servlet_05.java
Analyzing......
Preprocessing...
processing finished
start to summarize...
Generating intra-procedural summaries...
Processing callees...
Preprocessing...
processing finished
start to summarize...
Generating intra-procedural summaries...
Processing callees...
Preprocessing...
processing finished
start to summarize...
Generating intra-procedural summaries...
Processing callees...
Preprocessing...
processing finished
start to summarize...
Generating intra-procedural summaries...
Processing callees...
Validating......
Applying path checker with solver...
Constructing solving program...
Constructing solving program...
Solver-aided path checker succeeded...
finish validate
Reporting......
Report generated!

finish report
===================================================
115  /  666 

CWE80_XSS__CWE182_Servlet_getCookies_Servlet_05 

{'input_token_cost': 2304, 'output_token_cost': 425, 'analysis_result': {'TPs': 1, 'FPs': 0}, 'ground_truth': {'TPs': 1, 'FPs': 2}, 'single time cost': 5.699270725250244} 

===================================================


Start to analyze the case  116 out of  666
/scratch/local/w.nimit/1853/LLMDFA/benchmark/juliet-test-suite-XSS_simplified/CWE80_XSS/s01/CWE80_XSS__CWE182_Servlet_getCookies_Servlet_06.java
Analyzing......
Preprocessing...
processing finished
start to summarize...
Generating intra-procedural summaries...
Processing callees...
Preprocessing...
processing finished
start to summarize...
Generating intra-procedural summaries...
Processing callees...
Preprocessing...
processing finished
start to summarize...
Generating intra-procedural summaries...
Processing callees...
Preprocessing...
processing finished
start to summarize...
Generating intra-procedural summaries...
Processing callees...
Validating......
Applying path checker with solver...
Constructing solving program...
Constructing solving program...
Solver-aided path checker succeeded...
finish validate
Reporting......
Report generated!

finish report
===================================================
116  /  666 

CWE80_XSS__CWE182_Servlet_getCookies_Servlet_06 

{'input_token_cost': 2332, 'output_token_cost': 406, 'analysis_result': {'TPs': 1, 'FPs': 0}, 'ground_truth': {'TPs': 1, 'FPs': 2}, 'single time cost': 5.52612042427063} 

===================================================


Start to analyze the case  117 out of  666
/scratch/local/w.nimit/1853/LLMDFA/benchmark/juliet-test-suite-XSS_simplified/CWE80_XSS/s01/CWE80_XSS__CWE182_Servlet_getCookies_Servlet_07.java
Analyzing......
Preprocessing...
processing finished
start to summarize...
Generating intra-procedural summaries...
Processing callees...
Preprocessing...
processing finished
start to summarize...
Generating intra-procedural summaries...
Processing callees...
Preprocessing...
processing finished
start to summarize...
Generating intra-procedural summaries...
Processing callees...
Preprocessing...
processing finished
start to summarize...
Generating intra-procedural summaries...
Processing callees...
Validating......
Applying path checker with solver...
Constructing solving program...
Constructing solving program...
Solver-aided path checker succeeded...
finish validate
Reporting......
Report generated!

finish report
===================================================
117  /  666 

CWE80_XSS__CWE182_Servlet_getCookies_Servlet_07 

{'input_token_cost': 2317, 'output_token_cost': 389, 'analysis_result': {'TPs': 1, 'FPs': 0}, 'ground_truth': {'TPs': 1, 'FPs': 2}, 'single time cost': 5.276923656463623} 

===================================================


Start to analyze the case  118 out of  666
/scratch/local/w.nimit/1853/LLMDFA/benchmark/juliet-test-suite-XSS_simplified/CWE80_XSS/s01/CWE80_XSS__CWE182_Servlet_getCookies_Servlet_08.java
Analyzing......
Preprocessing...
processing finished
start to summarize...
Generating intra-procedural summaries...
Processing callees...
Preprocessing...
processing finished
start to summarize...
Generating intra-procedural summaries...
Processing callees...
Preprocessing...
processing finished
start to summarize...
Generating intra-procedural summaries...
Processing callees...
Preprocessing...
processing finished
start to summarize...
Generating intra-procedural summaries...
Processing callees...
Preprocessing...
processing finished
start to summarize...
Generating intra-procedural summaries...
Processing callees...
Preprocessing...
processing finished
start to summarize...
Generating intra-procedural summaries...
Processing callees...
start to summarize...
Generating intra-procedural summaries...
Processing callees...
Validating......
Applying path checker with solver...
Constructing solving program...
Constructing solving program...
Solver-aided path checker succeeded...
finish validate
Reporting......
Report generated!

finish report
===================================================
118  /  666 

CWE80_XSS__CWE182_Servlet_getCookies_Servlet_08 

{'input_token_cost': 2198, 'output_token_cost': 356, 'analysis_result': {'TPs': 1, 'FPs': 0}, 'ground_truth': {'TPs': 1, 'FPs': 2}, 'single time cost': 4.851768732070923} 

===================================================


Start to analyze the case  119 out of  666
/scratch/local/w.nimit/1853/LLMDFA/benchmark/juliet-test-suite-XSS_simplified/CWE80_XSS/s01/CWE80_XSS__CWE182_Servlet_getCookies_Servlet_09.java
Analyzing......
Preprocessing...
processing finished
start to summarize...
Generating intra-procedural summaries...
Processing callees...
Preprocessing...
processing finished
start to summarize...
Generating intra-procedural summaries...
Processing callees...
Preprocessing...
processing finished
start to summarize...
Generating intra-procedural summaries...
Processing callees...
Preprocessing...
processing finished
start to summarize...
Generating intra-procedural summaries...
Processing callees...
Validating......
Applying path checker with solver...
Constructing solving program...
Constructing solving program...
Solver-aided path checker succeeded...
finish validate
Reporting......
Report generated!

finish report
===================================================
119  /  666 

CWE80_XSS__CWE182_Servlet_getCookies_Servlet_09 

{'input_token_cost': 2319, 'output_token_cost': 399, 'analysis_result': {'TPs': 1, 'FPs': 0}, 'ground_truth': {'TPs': 1, 'FPs': 2}, 'single time cost': 5.403184175491333} 

===================================================


Start to analyze the case  120 out of  666
/scratch/local/w.nimit/1853/LLMDFA/benchmark/juliet-test-suite-XSS_simplified/CWE80_XSS/s01/CWE80_XSS__CWE182_Servlet_getCookies_Servlet_10.java
Analyzing......
Preprocessing...
processing finished
start to summarize...
Generating intra-procedural summaries...
Processing callees...
Preprocessing...
processing finished
start to summarize...
Generating intra-procedural summaries...
Processing callees...
Preprocessing...
processing finished
start to summarize...
Generating intra-procedural summaries...
Processing callees...
Preprocessing...
processing finished
start to summarize...
Generating intra-procedural summaries...
Processing callees...
Validating......
Applying path checker with solver...
Constructing solving program...
Constructing solving program...
Solver-aided path checker succeeded...
finish validate
Reporting......
Report generated!

finish report
===================================================
120  /  666 

CWE80_XSS__CWE182_Servlet_getCookies_Servlet_10 

{'input_token_cost': 2309, 'output_token_cost': 412, 'analysis_result': {'TPs': 1, 'FPs': 0}, 'ground_truth': {'TPs': 1, 'FPs': 2}, 'single time cost': 5.523861646652222} 

===================================================


Start to analyze the case  121 out of  666
/scratch/local/w.nimit/1853/LLMDFA/benchmark/juliet-test-suite-XSS_simplified/CWE80_XSS/s01/CWE80_XSS__CWE182_Servlet_getCookies_Servlet_11.java
Analyzing......
Preprocessing...
processing finished
start to summarize...
Generating intra-procedural summaries...
Processing callees...
Preprocessing...
processing finished
start to summarize...
Generating intra-procedural summaries...
Processing callees...
Preprocessing...
processing finished
start to summarize...
Generating intra-procedural summaries...
Processing callees...
Preprocessing...
processing finished
start to summarize...
Generating intra-procedural summaries...
Processing callees...
Validating......
Applying path checker with solver...
Constructing solving program...
Constructing solving program...
Refining solving program...
Solver-aided path checker succeeded...
finish validate
Reporting......
Report generated!

finish report
===================================================
121  /  666 

CWE80_XSS__CWE182_Servlet_getCookies_Servlet_11 

{'input_token_cost': 2471, 'output_token_cost': 512, 'analysis_result': {'TPs': 1, 'FPs': 0}, 'ground_truth': {'TPs': 1, 'FPs': 2}, 'single time cost': 6.887792110443115} 

===================================================


Start to analyze the case  122 out of  666
/scratch/local/w.nimit/1853/LLMDFA/benchmark/juliet-test-suite-XSS_simplified/CWE80_XSS/s01/CWE80_XSS__CWE182_Servlet_getCookies_Servlet_12.java
Analyzing......
Preprocessing...
processing finished
start to summarize...
Generating intra-procedural summaries...
Processing callees...
Preprocessing...
processing finished
start to summarize...
Generating intra-procedural summaries...
Processing callees...
Preprocessing...
processing finished
start to summarize...
Generating intra-procedural summaries...
Processing callees...
Validating......
Applying path checker with solver...
Constructing solving program...
Constructing solving program...
Refining solving program...
Solver-aided path checker succeeded...
finish validate
Reporting......
Report generated!

finish report
===================================================
122  /  666 

CWE80_XSS__CWE182_Servlet_getCookies_Servlet_12 

{'input_token_cost': 2490, 'output_token_cost': 509, 'analysis_result': {'TPs': 1, 'FPs': 0}, 'ground_truth': {'TPs': 1, 'FPs': 1}, 'single time cost': 6.898485898971558} 

===================================================


Start to analyze the case  123 out of  666
/scratch/local/w.nimit/1853/LLMDFA/benchmark/juliet-test-suite-XSS_simplified/CWE80_XSS/s01/CWE80_XSS__CWE182_Servlet_getCookies_Servlet_13.java
Analyzing......
Preprocessing...
processing finished
start to summarize...
Generating intra-procedural summaries...
Processing callees...
Preprocessing...
processing finished
start to summarize...
Generating intra-procedural summaries...
Processing callees...
Preprocessing...
processing finished
start to summarize...
Generating intra-procedural summaries...
Processing callees...
Preprocessing...
processing finished
start to summarize...
Generating intra-procedural summaries...
Processing callees...
Validating......
Applying path checker with solver...
Constructing solving program...
Constructing solving program...
Solver-aided path checker succeeded...
finish validate
Reporting......
Report generated!

finish report
===================================================
123  /  666 

CWE80_XSS__CWE182_Servlet_getCookies_Servlet_13 

{'input_token_cost': 2337, 'output_token_cost': 383, 'analysis_result': {'TPs': 1, 'FPs': 0}, 'ground_truth': {'TPs': 1, 'FPs': 2}, 'single time cost': 5.167888879776001} 

===================================================


Start to analyze the case  124 out of  666
/scratch/local/w.nimit/1853/LLMDFA/benchmark/juliet-test-suite-XSS_simplified/CWE80_XSS/s01/CWE80_XSS__CWE182_Servlet_getCookies_Servlet_14.java
Analyzing......
Preprocessing...
processing finished
start to summarize...
Generating intra-procedural summaries...
Processing callees...
Preprocessing...
processing finished
start to summarize...
Generating intra-procedural summaries...
Processing callees...
Preprocessing...
processing finished
start to summarize...
Generating intra-procedural summaries...
Processing callees...
Preprocessing...
processing finished
start to summarize...
Generating intra-procedural summaries...
Processing callees...
Validating......
Applying path checker with solver...
Constructing solving program...
Constructing solving program...
Solver-aided path checker succeeded...
finish validate
Reporting......
Report generated!

finish report
===================================================
124  /  666 

CWE80_XSS__CWE182_Servlet_getCookies_Servlet_14 

{'input_token_cost': 2322, 'output_token_cost': 380, 'analysis_result': {'TPs': 1, 'FPs': 0}, 'ground_truth': {'TPs': 1, 'FPs': 2}, 'single time cost': 5.191498279571533} 

===================================================


Start to analyze the case  125 out of  666
/scratch/local/w.nimit/1853/LLMDFA/benchmark/juliet-test-suite-XSS_simplified/CWE80_XSS/s01/CWE80_XSS__CWE182_Servlet_getCookies_Servlet_15.java
Analyzing......
Preprocessing...
processing finished
start to summarize...
Generating intra-procedural summaries...
Processing callees...
Preprocessing...
processing finished
start to summarize...
Generating intra-procedural summaries...
Processing callees...
Preprocessing...
processing finished
start to summarize...
Generating intra-procedural summaries...
Processing callees...
Preprocessing...
processing finished
start to summarize...
Generating intra-procedural summaries...
Processing callees...
Validating......
Applying path checker with solver...
Constructing solving program...
Solver-aided path checker succeeded...
finish validate
Reporting......
Report generated!

finish report
===================================================
125  /  666 

CWE80_XSS__CWE182_Servlet_getCookies_Servlet_15 

{'input_token_cost': 1696, 'output_token_cost': 209, 'analysis_result': {'TPs': 1, 'FPs': 0}, 'ground_truth': {'TPs': 1, 'FPs': 2}, 'single time cost': 2.9015493392944336} 

===================================================


Start to analyze the case  126 out of  666
/scratch/local/w.nimit/1853/LLMDFA/benchmark/juliet-test-suite-XSS_simplified/CWE80_XSS/s01/CWE80_XSS__CWE182_Servlet_getCookies_Servlet_16.java
Analyzing......
Preprocessing...
processing finished
start to summarize...
Generating intra-procedural summaries...
Processing callees...
Preprocessing...
processing finished
start to summarize...
Generating intra-procedural summaries...
Processing callees...
Preprocessing...
processing finished
start to summarize...
Generating intra-procedural summaries...
Processing callees...
Validating......
Applying path checker with solver...
Constructing solving program...
Solver-aided path checker succeeded...
finish validate
Reporting......
Report generated!

finish report
===================================================
126  /  666 

CWE80_XSS__CWE182_Servlet_getCookies_Servlet_16 

{'input_token_cost': 1658, 'output_token_cost': 190, 'analysis_result': {'TPs': 1, 'FPs': 0}, 'ground_truth': {'TPs': 1, 'FPs': 1}, 'single time cost': 2.7219128608703613} 

===================================================


Start to analyze the case  127 out of  666
/scratch/local/w.nimit/1853/LLMDFA/benchmark/juliet-test-suite-XSS_simplified/CWE80_XSS/s01/CWE80_XSS__CWE182_Servlet_getCookies_Servlet_17.java
Analyzing......
Preprocessing...
processing finished
start to summarize...
Generating intra-procedural summaries...
Processing callees...
Preprocessing...
processing finished
start to summarize...
Generating intra-procedural summaries...
Processing callees...
Preprocessing...
processing finished
start to summarize...
Generating intra-procedural summaries...
Processing callees...
Validating......
Applying path checker with solver...
Constructing solving program...
Solver-aided path checker succeeded...
finish validate
Reporting......
Report generated!

finish report
===================================================
127  /  666 

CWE80_XSS__CWE182_Servlet_getCookies_Servlet_17 

{'input_token_cost': 1662, 'output_token_cost': 207, 'analysis_result': {'TPs': 1, 'FPs': 0}, 'ground_truth': {'TPs': 1, 'FPs': 1}, 'single time cost': 2.795456647872925} 

===================================================


Start to analyze the case  128 out of  666
/scratch/local/w.nimit/1853/LLMDFA/benchmark/juliet-test-suite-XSS_simplified/CWE80_XSS/s01/CWE80_XSS__CWE182_Servlet_getCookies_Servlet_21.java
Analyzing......
Preprocessing...
processing finished
start to summarize...
Generating intra-procedural summaries...
Processing callees...
Preprocessing...
processing finished
start to summarize...
Generating intra-procedural summaries...
Processing callees...
Preprocessing...
processing finished
start to summarize...
Generating intra-procedural summaries...
Processing callees...
Preprocessing...
processing finished
start to summarize...
Generating intra-procedural summaries...
Processing callees...
Preprocessing...
processing finished
start to summarize...
Generating intra-procedural summaries...
Processing callees...
Preprocessing...
processing finished
start to summarize...
Generating intra-procedural summaries...
Processing callees...
Preprocessing...
processing finished
start to summarize...
Generating intra-procedural summaries...
Processing callees...
Validating......
Applying path checker with solver...
Constructing solving program...
Solver-aided path checker succeeded...
finish validate
Reporting......
Report generated!

finish report
===================================================
128  /  666 

CWE80_XSS__CWE182_Servlet_getCookies_Servlet_21 

{'input_token_cost': 14370, 'output_token_cost': 1443, 'analysis_result': {'TPs': 0, 'FPs': 0}, 'ground_truth': {'TPs': 1, 'FPs': 2}, 'single time cost': 18.613426446914673} 

===================================================


Start to analyze the case  129 out of  666
/scratch/local/w.nimit/1853/LLMDFA/benchmark/juliet-test-suite-XSS_simplified/CWE80_XSS/s01/CWE80_XSS__CWE182_Servlet_getCookies_Servlet_31.java
Analyzing......
Preprocessing...
processing finished
start to summarize...
Generating intra-procedural summaries...
Processing callees...
Preprocessing...
processing finished
start to summarize...
Generating intra-procedural summaries...
Processing callees...
Preprocessing...
processing finished
start to summarize...
Generating intra-procedural summaries...
Processing callees...
Validating......
Applying path checker with solver...
Constructing solving program...
Solver-aided path checker succeeded...
finish validate
Reporting......
Report generated!

finish report
===================================================
129  /  666 

CWE80_XSS__CWE182_Servlet_getCookies_Servlet_31 

{'input_token_cost': 1689, 'output_token_cost': 301, 'analysis_result': {'TPs': 1, 'FPs': 0}, 'ground_truth': {'TPs': 1, 'FPs': 1}, 'single time cost': 3.9893112182617188} 

===================================================


Start to analyze the case  130 out of  666
/scratch/local/w.nimit/1853/LLMDFA/benchmark/juliet-test-suite-XSS_simplified/CWE80_XSS/s01/CWE80_XSS__CWE182_Servlet_getCookies_Servlet_41.java
Analyzing......
Preprocessing...
processing finished
start to summarize...
Generating intra-procedural summaries...
Processing callees...
Preprocessing...
processing finished
start to summarize...
Generating intra-procedural summaries...
Processing callees...
Preprocessing...
processing finished
start to summarize...
Generating intra-procedural summaries...
Processing callees...
Preprocessing...
processing finished
start to summarize...
Generating intra-procedural summaries...
Processing callees...
Preprocessing...
processing finished
start to summarize...
Generating intra-procedural summaries...
Processing callees...
Validating......
Applying path checker with solver...
Constructing solving program...
Solver-aided path checker succeeded...
finish validate
Reporting......
Report generated!

finish report
===================================================
130  /  666 

CWE80_XSS__CWE182_Servlet_getCookies_Servlet_41 

{'input_token_cost': 5713, 'output_token_cost': 530, 'analysis_result': {'TPs': 1, 'FPs': 0}, 'ground_truth': {'TPs': 1, 'FPs': 1}, 'single time cost': 6.934551954269409} 

===================================================


Start to analyze the case  131 out of  666
/scratch/local/w.nimit/1853/LLMDFA/benchmark/juliet-test-suite-XSS_simplified/CWE80_XSS/s01/CWE80_XSS__CWE182_Servlet_getCookies_Servlet_42.java
Analyzing......
Preprocessing...
processing finished
start to summarize...
Generating intra-procedural summaries...
Processing callees...
Preprocessing...
processing finished
start to summarize...
Generating intra-procedural summaries...
Processing callees...
Preprocessing...
processing finished
start to summarize...
Generating intra-procedural summaries...
Processing callees...
Preprocessing...
processing finished
start to summarize...
Generating intra-procedural summaries...
Processing callees...
Preprocessing...
processing finished
start to summarize...
Generating intra-procedural summaries...
Processing callees...
Validating......
Applying path checker with solver...
Constructing solving program...
Solver-aided path checker succeeded...
finish validate
Reporting......
Report generated!

finish report
===================================================
131  /  666 

CWE80_XSS__CWE182_Servlet_getCookies_Servlet_42 

{'input_token_cost': 7668, 'output_token_cost': 722, 'analysis_result': {'TPs': 1, 'FPs': 0}, 'ground_truth': {'TPs': 1, 'FPs': 1}, 'single time cost': 9.358839988708496} 

===================================================


Start to analyze the case  132 out of  666
/scratch/local/w.nimit/1853/LLMDFA/benchmark/juliet-test-suite-XSS_simplified/CWE80_XSS/s01/CWE80_XSS__CWE182_Servlet_getCookies_Servlet_45.java
Analyzing......
Preprocessing...
processing finished
start to summarize...
Generating intra-procedural summaries...
Processing callees...
Preprocessing...
processing finished
start to summarize...
Generating intra-procedural summaries...
Processing callees...
Preprocessing...
processing finished
start to summarize...
Generating intra-procedural summaries...
Processing callees...
Preprocessing...
processing finished
start to summarize...
Generating intra-procedural summaries...
Processing callees...
Preprocessing...
processing finished
start to summarize...
Generating intra-procedural summaries...
Processing callees...
Validating......
Applying path checker with solver...
Constructing solving program...
Solver-aided path checker succeeded...
finish validate
Reporting......
Report generated!

finish report
===================================================
132  /  666 

CWE80_XSS__CWE182_Servlet_getCookies_Servlet_45 

{'input_token_cost': 6803, 'output_token_cost': 726, 'analysis_result': {'TPs': 1, 'FPs': 0}, 'ground_truth': {'TPs': 1, 'FPs': 1}, 'single time cost': 9.387091398239136} 

===================================================


Start to analyze the case  133 out of  666
/scratch/local/w.nimit/1853/LLMDFA/benchmark/juliet-test-suite-XSS_simplified/CWE80_XSS/s01/CWE80_XSS__CWE182_Servlet_listen_tcp_01.java
Analyzing......
Preprocessing...
processing finished
start to summarize...
Generating intra-procedural summaries...
Processing callees...
Preprocessing...
processing finished
start to summarize...
Generating intra-procedural summaries...
Processing callees...
Preprocessing...
processing finished
start to summarize...
Generating intra-procedural summaries...
Processing callees...
Validating......
Applying path checker with solver...
Constructing solving program...
Solver-aided path checker succeeded...
finish validate
Reporting......
Report generated!

finish report
===================================================
133  /  666 

CWE80_XSS__CWE182_Servlet_listen_tcp_01 

{'input_token_cost': 2139, 'output_token_cost': 241, 'analysis_result': {'TPs': 1, 'FPs': 0}, 'ground_truth': {'TPs': 1, 'FPs': 1}, 'single time cost': 3.2787139415740967} 

===================================================


Start to analyze the case  134 out of  666
/scratch/local/w.nimit/1853/LLMDFA/benchmark/juliet-test-suite-XSS_simplified/CWE80_XSS/s01/CWE80_XSS__CWE182_Servlet_getParameter_Servlet_01.java
Analyzing......
Preprocessing...
processing finished
start to summarize...
Generating intra-procedural summaries...
Processing callees...
Preprocessing...
processing finished
start to summarize...
Generating intra-procedural summaries...
Processing callees...
Preprocessing...
processing finished
start to summarize...
Generating intra-procedural summaries...
Processing callees...
Validating......
Applying path checker with solver...
Constructing solving program...
Solver-aided path checker succeeded...
finish validate
Reporting......
Report generated!

finish report
===================================================
134  /  666 

CWE80_XSS__CWE182_Servlet_getParameter_Servlet_01 

{'input_token_cost': 1570, 'output_token_cost': 277, 'analysis_result': {'TPs': 1, 'FPs': 0}, 'ground_truth': {'TPs': 1, 'FPs': 1}, 'single time cost': 3.648158311843872} 

===================================================


Start to analyze the case  135 out of  666
/scratch/local/w.nimit/1853/LLMDFA/benchmark/juliet-test-suite-XSS_simplified/CWE80_XSS/s01/CWE80_XSS__CWE182_Servlet_getParameter_Servlet_02.java
Analyzing......
Preprocessing...
processing finished
start to summarize...
Generating intra-procedural summaries...
Processing callees...
Preprocessing...
processing finished
start to summarize...
Generating intra-procedural summaries...
Processing callees...
Preprocessing...
processing finished
start to summarize...
Generating intra-procedural summaries...
Processing callees...
Preprocessing...
processing finished
start to summarize...
Generating intra-procedural summaries...
Processing callees...
Validating......
Applying path checker with solver...
Constructing solving program...
Solver-aided path checker succeeded...
finish validate
Reporting......
Report generated!

finish report
===================================================
135  /  666 

CWE80_XSS__CWE182_Servlet_getParameter_Servlet_02 

{'input_token_cost': 1617, 'output_token_cost': 195, 'analysis_result': {'TPs': 1, 'FPs': 0}, 'ground_truth': {'TPs': 1, 'FPs': 2}, 'single time cost': 2.6608693599700928} 

===================================================


Start to analyze the case  136 out of  666
/scratch/local/w.nimit/1853/LLMDFA/benchmark/juliet-test-suite-XSS_simplified/CWE80_XSS/s01/CWE80_XSS__CWE182_Servlet_getParameter_Servlet_03.java
Analyzing......
Preprocessing...
processing finished
start to summarize...
Generating intra-procedural summaries...
Processing callees...
Preprocessing...
processing finished
start to summarize...
Generating intra-procedural summaries...
Processing callees...
Preprocessing...
processing finished
start to summarize...
Generating intra-procedural summaries...
Processing callees...
Preprocessing...
processing finished
start to summarize...
Generating intra-procedural summaries...
Processing callees...
Validating......
Applying path checker with solver...
Constructing solving program...
Constructing solving program...
Solver-aided path checker succeeded...
finish validate
Reporting......
Report generated!

finish report
===================================================
136  /  666 

CWE80_XSS__CWE182_Servlet_getParameter_Servlet_03 

{'input_token_cost': 2139, 'output_token_cost': 406, 'analysis_result': {'TPs': 1, 'FPs': 0}, 'ground_truth': {'TPs': 1, 'FPs': 2}, 'single time cost': 5.438376426696777} 

===================================================


Start to analyze the case  137 out of  666
/scratch/local/w.nimit/1853/LLMDFA/benchmark/juliet-test-suite-XSS_simplified/CWE80_XSS/s01/CWE80_XSS__CWE182_Servlet_getParameter_Servlet_04.java
Analyzing......
Preprocessing...
processing finished
start to summarize...
Generating intra-procedural summaries...
Processing callees...
Preprocessing...
processing finished
start to summarize...
Generating intra-procedural summaries...
Processing callees...
Preprocessing...
processing finished
start to summarize...
Generating intra-procedural summaries...
Processing callees...
Preprocessing...
processing finished
start to summarize...
Generating intra-procedural summaries...
Processing callees...
Validating......
Applying path checker with solver...
Constructing solving program...
Constructing solving program...
Solver-aided path checker succeeded...
finish validate
Reporting......
Report generated!

finish report
===================================================
137  /  666 

CWE80_XSS__CWE182_Servlet_getParameter_Servlet_04 

{'input_token_cost': 2252, 'output_token_cost': 399, 'analysis_result': {'TPs': 1, 'FPs': 0}, 'ground_truth': {'TPs': 1, 'FPs': 2}, 'single time cost': 5.33379602432251} 

===================================================


Start to analyze the case  138 out of  666
/scratch/local/w.nimit/1853/LLMDFA/benchmark/juliet-test-suite-XSS_simplified/CWE80_XSS/s01/CWE80_XSS__CWE182_Servlet_getParameter_Servlet_05.java
Analyzing......
Preprocessing...
processing finished
start to summarize...
Generating intra-procedural summaries...
Processing callees...
Preprocessing...
processing finished
start to summarize...
Generating intra-procedural summaries...
Processing callees...
Preprocessing...
processing finished
start to summarize...
Generating intra-procedural summaries...
Processing callees...
Preprocessing...
processing finished
start to summarize...
Generating intra-procedural summaries...
Processing callees...
Validating......
Applying path checker with solver...
Constructing solving program...
Constructing solving program...
Solver-aided path checker succeeded...
finish validate
Reporting......
Report generated!

finish report
===================================================
138  /  666 

CWE80_XSS__CWE182_Servlet_getParameter_Servlet_05 

{'input_token_cost': 2242, 'output_token_cost': 382, 'analysis_result': {'TPs': 1, 'FPs': 0}, 'ground_truth': {'TPs': 1, 'FPs': 2}, 'single time cost': 5.152101039886475} 

===================================================


Start to analyze the case  139 out of  666
/scratch/local/w.nimit/1853/LLMDFA/benchmark/juliet-test-suite-XSS_simplified/CWE80_XSS/s01/CWE80_XSS__CWE182_Servlet_getParameter_Servlet_06.java
Analyzing......
Preprocessing...
processing finished
start to summarize...
Generating intra-procedural summaries...
Processing callees...
Preprocessing...
processing finished
start to summarize...
Generating intra-procedural summaries...
Processing callees...
Preprocessing...
processing finished
start to summarize...
Generating intra-procedural summaries...
Processing callees...
Preprocessing...
processing finished
start to summarize...
Generating intra-procedural summaries...
Processing callees...
Validating......
Applying path checker with solver...
Constructing solving program...
Constructing solving program...
Solver-aided path checker succeeded...
finish validate
Reporting......
Report generated!

finish report
===================================================
139  /  666 

CWE80_XSS__CWE182_Servlet_getParameter_Servlet_06 

{'input_token_cost': 2270, 'output_token_cost': 363, 'analysis_result': {'TPs': 1, 'FPs': 0}, 'ground_truth': {'TPs': 1, 'FPs': 2}, 'single time cost': 4.889526844024658} 

===================================================


Start to analyze the case  140 out of  666
/scratch/local/w.nimit/1853/LLMDFA/benchmark/juliet-test-suite-XSS_simplified/CWE80_XSS/s01/CWE80_XSS__CWE182_Servlet_getParameter_Servlet_07.java
Analyzing......
Preprocessing...
processing finished
start to summarize...
Generating intra-procedural summaries...
Processing callees...
Preprocessing...
processing finished
start to summarize...
Generating intra-procedural summaries...
Processing callees...
Preprocessing...
processing finished
start to summarize...
Generating intra-procedural summaries...
Processing callees...
Preprocessing...
processing finished
start to summarize...
Generating intra-procedural summaries...
Processing callees...
Validating......
Applying path checker with solver...
Constructing solving program...
Constructing solving program...
Solver-aided path checker succeeded...
finish validate
Reporting......
Report generated!

finish report
===================================================
140  /  666 

CWE80_XSS__CWE182_Servlet_getParameter_Servlet_07 

{'input_token_cost': 2255, 'output_token_cost': 341, 'analysis_result': {'TPs': 1, 'FPs': 0}, 'ground_truth': {'TPs': 1, 'FPs': 2}, 'single time cost': 4.856469631195068} 

===================================================


Start to analyze the case  141 out of  666
/scratch/local/w.nimit/1853/LLMDFA/benchmark/juliet-test-suite-XSS_simplified/CWE80_XSS/s01/CWE80_XSS__CWE182_Servlet_getParameter_Servlet_08.java
Analyzing......
Preprocessing...
processing finished
start to summarize...
Generating intra-procedural summaries...
Processing callees...
Preprocessing...
processing finished
start to summarize...
Generating intra-procedural summaries...
Processing callees...
Preprocessing...
processing finished
start to summarize...
Generating intra-procedural summaries...
Processing callees...
Preprocessing...
processing finished
start to summarize...
Generating intra-procedural summaries...
Processing callees...
Preprocessing...
processing finished
start to summarize...
Generating intra-procedural summaries...
Processing callees...
Preprocessing...
processing finished
start to summarize...
Generating intra-procedural summaries...
Processing callees...
start to summarize...
Generating intra-procedural summaries...
Processing callees...
Validating......
Applying path checker with solver...
Constructing solving program...
Constructing solving program...
Solver-aided path checker succeeded...
finish validate
Reporting......
Report generated!

finish report
===================================================
141  /  666 

CWE80_XSS__CWE182_Servlet_getParameter_Servlet_08 

{'input_token_cost': 2136, 'output_token_cost': 315, 'analysis_result': {'TPs': 1, 'FPs': 0}, 'ground_truth': {'TPs': 1, 'FPs': 2}, 'single time cost': 4.390991926193237} 

===================================================


Start to analyze the case  142 out of  666
/scratch/local/w.nimit/1853/LLMDFA/benchmark/juliet-test-suite-XSS_simplified/CWE80_XSS/s01/CWE80_XSS__CWE182_Servlet_getParameter_Servlet_09.java
Analyzing......
Preprocessing...
processing finished
start to summarize...
Generating intra-procedural summaries...
Processing callees...
Preprocessing...
processing finished
start to summarize...
Generating intra-procedural summaries...
Processing callees...
Preprocessing...
processing finished
start to summarize...
Generating intra-procedural summaries...
Processing callees...
Preprocessing...
processing finished
start to summarize...
Generating intra-procedural summaries...
Processing callees...
Validating......
Applying path checker with solver...
Constructing solving program...
Constructing solving program...
Solver-aided path checker succeeded...
finish validate
Reporting......
Report generated!

finish report
===================================================
142  /  666 

CWE80_XSS__CWE182_Servlet_getParameter_Servlet_09 

{'input_token_cost': 2257, 'output_token_cost': 362, 'analysis_result': {'TPs': 1, 'FPs': 0}, 'ground_truth': {'TPs': 1, 'FPs': 2}, 'single time cost': 4.874598979949951} 

===================================================


Start to analyze the case  143 out of  666
/scratch/local/w.nimit/1853/LLMDFA/benchmark/juliet-test-suite-XSS_simplified/CWE80_XSS/s01/CWE80_XSS__CWE182_Servlet_getParameter_Servlet_10.java
Analyzing......
Preprocessing...
processing finished
start to summarize...
Generating intra-procedural summaries...
Processing callees...
Preprocessing...
processing finished
start to summarize...
Generating intra-procedural summaries...
Processing callees...
Preprocessing...
processing finished
start to summarize...
Generating intra-procedural summaries...
Processing callees...
Preprocessing...
processing finished
start to summarize...
Generating intra-procedural summaries...
Processing callees...
Validating......
Applying path checker with solver...
Constructing solving program...
Constructing solving program...
Solver-aided path checker succeeded...
finish validate
Reporting......
Report generated!

finish report
===================================================
143  /  666 

CWE80_XSS__CWE182_Servlet_getParameter_Servlet_10 

{'input_token_cost': 2247, 'output_token_cost': 369, 'analysis_result': {'TPs': 1, 'FPs': 0}, 'ground_truth': {'TPs': 1, 'FPs': 2}, 'single time cost': 4.990086078643799} 

===================================================


Start to analyze the case  144 out of  666
/scratch/local/w.nimit/1853/LLMDFA/benchmark/juliet-test-suite-XSS_simplified/CWE80_XSS/s01/CWE80_XSS__CWE182_Servlet_getParameter_Servlet_11.java
Analyzing......
Preprocessing...
processing finished
start to summarize...
Generating intra-procedural summaries...
Processing callees...
Preprocessing...
processing finished
start to summarize...
Generating intra-procedural summaries...
Processing callees...
Preprocessing...
processing finished
start to summarize...
Generating intra-procedural summaries...
Processing callees...
Preprocessing...
processing finished
start to summarize...
Generating intra-procedural summaries...
Processing callees...
Validating......
Applying path checker with solver...
Constructing solving program...
Constructing solving program...
Refining solving program...
Solver-aided path checker succeeded...
finish validate
Reporting......
Report generated!

finish report
===================================================
144  /  666 

CWE80_XSS__CWE182_Servlet_getParameter_Servlet_11 

{'input_token_cost': 2414, 'output_token_cost': 479, 'analysis_result': {'TPs': 1, 'FPs': 0}, 'ground_truth': {'TPs': 1, 'FPs': 2}, 'single time cost': 6.5203697681427} 

===================================================


Start to analyze the case  145 out of  666
/scratch/local/w.nimit/1853/LLMDFA/benchmark/juliet-test-suite-XSS_simplified/CWE80_XSS/s01/CWE80_XSS__CWE182_Servlet_getParameter_Servlet_12.java
Analyzing......
Preprocessing...
processing finished
start to summarize...
Generating intra-procedural summaries...
Processing callees...
Preprocessing...
processing finished
start to summarize...
Generating intra-procedural summaries...
Processing callees...
Preprocessing...
processing finished
start to summarize...
Generating intra-procedural summaries...
Processing callees...
Validating......
Applying path checker with solver...
Constructing solving program...
Constructing solving program...
Refining solving program...
Solver-aided path checker succeeded...
finish validate
Reporting......
Report generated!

finish report
===================================================
145  /  666 

CWE80_XSS__CWE182_Servlet_getParameter_Servlet_12 

{'input_token_cost': 2428, 'output_token_cost': 553, 'analysis_result': {'TPs': 1, 'FPs': 0}, 'ground_truth': {'TPs': 1, 'FPs': 1}, 'single time cost': 7.459886312484741} 

===================================================


Start to analyze the case  146 out of  666
/scratch/local/w.nimit/1853/LLMDFA/benchmark/juliet-test-suite-XSS_simplified/CWE80_XSS/s01/CWE80_XSS__CWE182_Servlet_getParameter_Servlet_13.java
Analyzing......
Preprocessing...
processing finished
start to summarize...
Generating intra-procedural summaries...
Processing callees...
Preprocessing...
processing finished
start to summarize...
Generating intra-procedural summaries...
Processing callees...
Preprocessing...
processing finished
start to summarize...
Generating intra-procedural summaries...
Processing callees...
Preprocessing...
processing finished
start to summarize...
Generating intra-procedural summaries...
Processing callees...
Validating......
Applying path checker with solver...
Constructing solving program...
Constructing solving program...
Solver-aided path checker succeeded...
finish validate
Reporting......
Report generated!

finish report
===================================================
146  /  666 

CWE80_XSS__CWE182_Servlet_getParameter_Servlet_13 

{'input_token_cost': 2275, 'output_token_cost': 362, 'analysis_result': {'TPs': 1, 'FPs': 0}, 'ground_truth': {'TPs': 1, 'FPs': 2}, 'single time cost': 4.927455186843872} 

===================================================


Start to analyze the case  147 out of  666
/scratch/local/w.nimit/1853/LLMDFA/benchmark/juliet-test-suite-XSS_simplified/CWE80_XSS/s01/CWE80_XSS__CWE182_Servlet_getParameter_Servlet_14.java
Analyzing......
Preprocessing...
processing finished
start to summarize...
Generating intra-procedural summaries...
Processing callees...
Preprocessing...
processing finished
start to summarize...
Generating intra-procedural summaries...
Processing callees...
Preprocessing...
processing finished
start to summarize...
Generating intra-procedural summaries...
Processing callees...
Preprocessing...
processing finished
start to summarize...
Generating intra-procedural summaries...
Processing callees...
Validating......
Applying path checker with solver...
Constructing solving program...
Constructing solving program...
Solver-aided path checker succeeded...
finish validate
Reporting......
Report generated!

finish report
===================================================
147  /  666 

CWE80_XSS__CWE182_Servlet_getParameter_Servlet_14 

{'input_token_cost': 2260, 'output_token_cost': 348, 'analysis_result': {'TPs': 1, 'FPs': 0}, 'ground_truth': {'TPs': 1, 'FPs': 2}, 'single time cost': 4.707470655441284} 

===================================================


Start to analyze the case  148 out of  666
/scratch/local/w.nimit/1853/LLMDFA/benchmark/juliet-test-suite-XSS_simplified/CWE80_XSS/s01/CWE80_XSS__CWE182_Servlet_getParameter_Servlet_15.java
Analyzing......
Preprocessing...
processing finished
start to summarize...
Generating intra-procedural summaries...
Processing callees...
Preprocessing...
processing finished
start to summarize...
Generating intra-procedural summaries...
Processing callees...
Preprocessing...
processing finished
start to summarize...
Generating intra-procedural summaries...
Processing callees...
Preprocessing...
processing finished
start to summarize...
Generating intra-procedural summaries...
Processing callees...
Validating......
Applying path checker with solver...
Constructing solving program...
Solver-aided path checker succeeded...
finish validate
Reporting......
Report generated!

finish report
===================================================
148  /  666 

CWE80_XSS__CWE182_Servlet_getParameter_Servlet_15 

{'input_token_cost': 1633, 'output_token_cost': 194, 'analysis_result': {'TPs': 1, 'FPs': 0}, 'ground_truth': {'TPs': 1, 'FPs': 2}, 'single time cost': 2.6448540687561035} 

===================================================


Start to analyze the case  149 out of  666
/scratch/local/w.nimit/1853/LLMDFA/benchmark/juliet-test-suite-XSS_simplified/CWE80_XSS/s01/CWE80_XSS__CWE182_Servlet_getParameter_Servlet_16.java
Analyzing......
Preprocessing...
processing finished
start to summarize...
Generating intra-procedural summaries...
Processing callees...
Preprocessing...
processing finished
start to summarize...
Generating intra-procedural summaries...
Processing callees...
Preprocessing...
processing finished
start to summarize...
Generating intra-procedural summaries...
Processing callees...
Validating......
Applying path checker with solver...
Constructing solving program...
Solver-aided path checker succeeded...
finish validate
Reporting......
Report generated!

finish report
===================================================
149  /  666 

CWE80_XSS__CWE182_Servlet_getParameter_Servlet_16 

{'input_token_cost': 1595, 'output_token_cost': 195, 'analysis_result': {'TPs': 1, 'FPs': 0}, 'ground_truth': {'TPs': 1, 'FPs': 1}, 'single time cost': 2.634249687194824} 

===================================================


Start to analyze the case  150 out of  666
/scratch/local/w.nimit/1853/LLMDFA/benchmark/juliet-test-suite-XSS_simplified/CWE80_XSS/s01/CWE80_XSS__CWE182_Servlet_getParameter_Servlet_17.java
Analyzing......
Preprocessing...
processing finished
start to summarize...
Generating intra-procedural summaries...
Processing callees...
Preprocessing...
processing finished
start to summarize...
Generating intra-procedural summaries...
Processing callees...
Preprocessing...
processing finished
start to summarize...
Generating intra-procedural summaries...
Processing callees...
Validating......
Applying path checker with solver...
Constructing solving program...
Solver-aided path checker succeeded...
finish validate
Reporting......
Report generated!

finish report
===================================================
150  /  666 

CWE80_XSS__CWE182_Servlet_getParameter_Servlet_17 

{'input_token_cost': 1596, 'output_token_cost': 223, 'analysis_result': {'TPs': 1, 'FPs': 0}, 'ground_truth': {'TPs': 1, 'FPs': 1}, 'single time cost': 2.9955976009368896} 

===================================================


Start to analyze the case  151 out of  666
/scratch/local/w.nimit/1853/LLMDFA/benchmark/juliet-test-suite-XSS_simplified/CWE80_XSS/s01/CWE80_XSS__CWE182_Servlet_getParameter_Servlet_21.java
Analyzing......
Preprocessing...
processing finished
start to summarize...
Generating intra-procedural summaries...
Processing callees...
Preprocessing...
processing finished
start to summarize...
Generating intra-procedural summaries...
Processing callees...
Preprocessing...
processing finished
start to summarize...
Generating intra-procedural summaries...
Processing callees...
Preprocessing...
processing finished
start to summarize...
Generating intra-procedural summaries...
Processing callees...
Preprocessing...
processing finished
start to summarize...
Generating intra-procedural summaries...
Processing callees...
Preprocessing...
processing finished
start to summarize...
Generating intra-procedural summaries...
Processing callees...
Preprocessing...
processing finished
start to summarize...
Generating intra-procedural summaries...
Processing callees...
Validating......
Applying path checker with solver...
Constructing solving program...
Constructing solving program...
Solver-aided path checker succeeded...
finish validate
Reporting......
Report generated!

finish report
===================================================
151  /  666 

CWE80_XSS__CWE182_Servlet_getParameter_Servlet_21 

{'input_token_cost': 14705, 'output_token_cost': 1590, 'analysis_result': {'TPs': 0, 'FPs': 0}, 'ground_truth': {'TPs': 1, 'FPs': 2}, 'single time cost': 20.59953474998474} 

===================================================


Start to analyze the case  152 out of  666
/scratch/local/w.nimit/1853/LLMDFA/benchmark/juliet-test-suite-XSS_simplified/CWE80_XSS/s01/CWE80_XSS__CWE182_Servlet_getParameter_Servlet_31.java
Analyzing......
Preprocessing...
processing finished
start to summarize...
Generating intra-procedural summaries...
Processing callees...
Preprocessing...
processing finished
start to summarize...
Generating intra-procedural summaries...
Processing callees...
Preprocessing...
processing finished
start to summarize...
Generating intra-procedural summaries...
Processing callees...
Validating......
Applying path checker with solver...
Constructing solving program...
Solver-aided path checker succeeded...
finish validate
Reporting......
Report generated!

finish report
===================================================
152  /  666 

CWE80_XSS__CWE182_Servlet_getParameter_Servlet_31 

{'input_token_cost': 1622, 'output_token_cost': 232, 'analysis_result': {'TPs': 1, 'FPs': 0}, 'ground_truth': {'TPs': 1, 'FPs': 1}, 'single time cost': 3.1030194759368896} 

===================================================


Start to analyze the case  153 out of  666
/scratch/local/w.nimit/1853/LLMDFA/benchmark/juliet-test-suite-XSS_simplified/CWE80_XSS/s01/CWE80_XSS__CWE182_Servlet_getParameter_Servlet_41.java
Analyzing......
Preprocessing...
processing finished
start to summarize...
Generating intra-procedural summaries...
Processing callees...
Preprocessing...
processing finished
start to summarize...
Generating intra-procedural summaries...
Processing callees...
Preprocessing...
processing finished
start to summarize...
Generating intra-procedural summaries...
Processing callees...
Preprocessing...
processing finished
start to summarize...
Generating intra-procedural summaries...
Processing callees...
Preprocessing...
processing finished
start to summarize...
Generating intra-procedural summaries...
Processing callees...
Validating......
Applying path checker with solver...
Constructing solving program...
Solver-aided path checker succeeded...
finish validate
Reporting......
Report generated!

finish report
===================================================
153  /  666 

CWE80_XSS__CWE182_Servlet_getParameter_Servlet_41 

{'input_token_cost': 4483, 'output_token_cost': 472, 'analysis_result': {'TPs': 1, 'FPs': 0}, 'ground_truth': {'TPs': 1, 'FPs': 1}, 'single time cost': 6.268497943878174} 

===================================================


Start to analyze the case  154 out of  666
/scratch/local/w.nimit/1853/LLMDFA/benchmark/juliet-test-suite-XSS_simplified/CWE80_XSS/s01/CWE80_XSS__CWE182_Servlet_getParameter_Servlet_42.java
Analyzing......
Preprocessing...
processing finished
start to summarize...
Generating intra-procedural summaries...
Processing callees...
Preprocessing...
processing finished
start to summarize...
Generating intra-procedural summaries...
Processing callees...
Preprocessing...
processing finished
start to summarize...
Generating intra-procedural summaries...
Processing callees...
Preprocessing...
processing finished
start to summarize...
Generating intra-procedural summaries...
Processing callees...
Preprocessing...
processing finished
start to summarize...
Generating intra-procedural summaries...
Processing callees...
Validating......
Applying path checker with solver...
Constructing solving program...
Solver-aided path checker succeeded...
finish validate
Reporting......
Report generated!

finish report
===================================================
154  /  666 

CWE80_XSS__CWE182_Servlet_getParameter_Servlet_42 

{'input_token_cost': 7476, 'output_token_cost': 636, 'analysis_result': {'TPs': 1, 'FPs': 0}, 'ground_truth': {'TPs': 1, 'FPs': 1}, 'single time cost': 8.306209564208984} 

===================================================


Start to analyze the case  155 out of  666
/scratch/local/w.nimit/1853/LLMDFA/benchmark/juliet-test-suite-XSS_simplified/CWE80_XSS/s01/CWE80_XSS__CWE182_Servlet_getParameter_Servlet_45.java
Analyzing......
Preprocessing...
processing finished
start to summarize...
Generating intra-procedural summaries...
Processing callees...
Preprocessing...
processing finished
start to summarize...
Generating intra-procedural summaries...
Processing callees...
Preprocessing...
processing finished
start to summarize...
Generating intra-procedural summaries...
Processing callees...
Preprocessing...
processing finished
start to summarize...
Generating intra-procedural summaries...
Processing callees...
Preprocessing...
processing finished
start to summarize...
Generating intra-procedural summaries...
Processing callees...
Validating......
Applying path checker with solver...
Constructing solving program...
Solver-aided path checker succeeded...
finish validate
Reporting......
Report generated!

finish report
===================================================
155  /  666 

CWE80_XSS__CWE182_Servlet_getParameter_Servlet_45 

{'input_token_cost': 6602, 'output_token_cost': 729, 'analysis_result': {'TPs': 1, 'FPs': 0}, 'ground_truth': {'TPs': 1, 'FPs': 1}, 'single time cost': 9.473450899124146} 

===================================================


Start to analyze the case  156 out of  666
/scratch/local/w.nimit/1853/LLMDFA/benchmark/juliet-test-suite-XSS_simplified/CWE80_XSS/s01/CWE80_XSS__CWE182_Servlet_getQueryString_Servlet_01.java
Analyzing......
Preprocessing...
processing finished
start to summarize...
Generating intra-procedural summaries...
Processing callees...
Preprocessing...
processing finished
start to summarize...
Generating intra-procedural summaries...
Processing callees...
Preprocessing...
processing finished
start to summarize...
Generating intra-procedural summaries...
Processing callees...
Validating......
Applying path checker with solver...
Constructing solving program...
Solver-aided path checker succeeded...
finish validate
Reporting......
Report generated!

finish report
===================================================
156  /  666 

CWE80_XSS__CWE182_Servlet_getQueryString_Servlet_01 

{'input_token_cost': 1670, 'output_token_cost': 171, 'analysis_result': {'TPs': 1, 'FPs': 0}, 'ground_truth': {'TPs': 1, 'FPs': 1}, 'single time cost': 2.4006924629211426} 

===================================================


Start to analyze the case  157 out of  666
/scratch/local/w.nimit/1853/LLMDFA/benchmark/juliet-test-suite-XSS_simplified/CWE80_XSS/s01/CWE80_XSS__CWE182_Servlet_getQueryString_Servlet_02.java
Analyzing......
Preprocessing...
processing finished
start to summarize...
Generating intra-procedural summaries...
Processing callees...
Preprocessing...
processing finished
start to summarize...
Generating intra-procedural summaries...
Processing callees...
Preprocessing...
processing finished
start to summarize...
Generating intra-procedural summaries...
Processing callees...
Preprocessing...
processing finished
start to summarize...
Generating intra-procedural summaries...
Processing callees...
Validating......
Applying path checker with solver...
Constructing solving program...
Solver-aided path checker succeeded...
finish validate
Reporting......
Report generated!

finish report
===================================================
157  /  666 

CWE80_XSS__CWE182_Servlet_getQueryString_Servlet_02 

{'input_token_cost': 1712, 'output_token_cost': 233, 'analysis_result': {'TPs': 1, 'FPs': 0}, 'ground_truth': {'TPs': 1, 'FPs': 2}, 'single time cost': 3.1450212001800537} 

===================================================


Start to analyze the case  158 out of  666
/scratch/local/w.nimit/1853/LLMDFA/benchmark/juliet-test-suite-XSS_simplified/CWE80_XSS/s01/CWE80_XSS__CWE182_Servlet_getQueryString_Servlet_03.java
Analyzing......
Preprocessing...
processing finished
start to summarize...
Generating intra-procedural summaries...
Processing callees...
Preprocessing...
processing finished
start to summarize...
Generating intra-procedural summaries...
Processing callees...
Preprocessing...
processing finished
start to summarize...
Generating intra-procedural summaries...
Processing callees...
Preprocessing...
processing finished
start to summarize...
Generating intra-procedural summaries...
Processing callees...
Validating......
Applying path checker with solver...
Constructing solving program...
Constructing solving program...
Solver-aided path checker succeeded...
finish validate
Reporting......
Report generated!

finish report
===================================================
158  /  666 

CWE80_XSS__CWE182_Servlet_getQueryString_Servlet_03 

{'input_token_cost': 2237, 'output_token_cost': 406, 'analysis_result': {'TPs': 1, 'FPs': 0}, 'ground_truth': {'TPs': 1, 'FPs': 2}, 'single time cost': 5.4376912117004395} 

===================================================


Start to analyze the case  159 out of  666
/scratch/local/w.nimit/1853/LLMDFA/benchmark/juliet-test-suite-XSS_simplified/CWE80_XSS/s01/CWE80_XSS__CWE182_Servlet_getQueryString_Servlet_04.java
Analyzing......
Preprocessing...
processing finished
start to summarize...
Generating intra-procedural summaries...
Processing callees...
Preprocessing...
processing finished
start to summarize...
Generating intra-procedural summaries...
Processing callees...
Preprocessing...
processing finished
start to summarize...
Generating intra-procedural summaries...
Processing callees...
Preprocessing...
processing finished
start to summarize...
Generating intra-procedural summaries...
Processing callees...
Validating......
Applying path checker with solver...
Constructing solving program...
Constructing solving program...
Solver-aided path checker succeeded...
finish validate
Reporting......
Report generated!

finish report
===================================================
159  /  666 

CWE80_XSS__CWE182_Servlet_getQueryString_Servlet_04 

{'input_token_cost': 2351, 'output_token_cost': 418, 'analysis_result': {'TPs': 1, 'FPs': 0}, 'ground_truth': {'TPs': 1, 'FPs': 2}, 'single time cost': 5.599232196807861} 

===================================================


Start to analyze the case  160 out of  666
/scratch/local/w.nimit/1853/LLMDFA/benchmark/juliet-test-suite-XSS_simplified/CWE80_XSS/s01/CWE80_XSS__CWE182_Servlet_getQueryString_Servlet_05.java
Analyzing......
Preprocessing...
processing finished
start to summarize...
Generating intra-procedural summaries...
Processing callees...
Preprocessing...
processing finished
start to summarize...
Generating intra-procedural summaries...
Processing callees...
Preprocessing...
processing finished
start to summarize...
Generating intra-procedural summaries...
Processing callees...
Preprocessing...
processing finished
start to summarize...
Generating intra-procedural summaries...
Processing callees...
Validating......
Applying path checker with solver...
Constructing solving program...
Constructing solving program...
Solver-aided path checker succeeded...
finish validate
Reporting......
Report generated!

finish report
===================================================
160  /  666 

CWE80_XSS__CWE182_Servlet_getQueryString_Servlet_05 

{'input_token_cost': 2341, 'output_token_cost': 362, 'analysis_result': {'TPs': 1, 'FPs': 0}, 'ground_truth': {'TPs': 1, 'FPs': 2}, 'single time cost': 4.896923542022705} 

===================================================


Start to analyze the case  161 out of  666
/scratch/local/w.nimit/1853/LLMDFA/benchmark/juliet-test-suite-XSS_simplified/CWE80_XSS/s01/CWE80_XSS__CWE182_Servlet_getQueryString_Servlet_06.java
Analyzing......
Preprocessing...
processing finished
start to summarize...
Generating intra-procedural summaries...
Processing callees...
Preprocessing...
processing finished
start to summarize...
Generating intra-procedural summaries...
Processing callees...
Preprocessing...
processing finished
start to summarize...
Generating intra-procedural summaries...
Processing callees...
Preprocessing...
processing finished
start to summarize...
Generating intra-procedural summaries...
Processing callees...
Validating......
Applying path checker with solver...
Constructing solving program...
Constructing solving program...
Solver-aided path checker succeeded...
finish validate
Reporting......
Report generated!

finish report
===================================================
161  /  666 

CWE80_XSS__CWE182_Servlet_getQueryString_Servlet_06 

{'input_token_cost': 2369, 'output_token_cost': 462, 'analysis_result': {'TPs': 1, 'FPs': 0}, 'ground_truth': {'TPs': 1, 'FPs': 2}, 'single time cost': 6.206482410430908} 

===================================================


Start to analyze the case  162 out of  666
/scratch/local/w.nimit/1853/LLMDFA/benchmark/juliet-test-suite-XSS_simplified/CWE80_XSS/s01/CWE80_XSS__CWE182_Servlet_getQueryString_Servlet_07.java
Analyzing......
Preprocessing...
processing finished
start to summarize...
Generating intra-procedural summaries...
Processing callees...
Preprocessing...
processing finished
start to summarize...
Generating intra-procedural summaries...
Processing callees...
Preprocessing...
processing finished
start to summarize...
Generating intra-procedural summaries...
Processing callees...
Preprocessing...
processing finished
start to summarize...
Generating intra-procedural summaries...
Processing callees...
Validating......
Applying path checker with solver...
Constructing solving program...
Constructing solving program...
Solver-aided path checker succeeded...
finish validate
Reporting......
Report generated!

finish report
===================================================
162  /  666 

CWE80_XSS__CWE182_Servlet_getQueryString_Servlet_07 

{'input_token_cost': 2354, 'output_token_cost': 432, 'analysis_result': {'TPs': 1, 'FPs': 0}, 'ground_truth': {'TPs': 1, 'FPs': 2}, 'single time cost': 5.843482732772827} 

===================================================


Start to analyze the case  163 out of  666
/scratch/local/w.nimit/1853/LLMDFA/benchmark/juliet-test-suite-XSS_simplified/CWE80_XSS/s01/CWE80_XSS__CWE182_Servlet_getQueryString_Servlet_08.java
Analyzing......
Preprocessing...
processing finished
start to summarize...
Generating intra-procedural summaries...
Processing callees...
Preprocessing...
processing finished
start to summarize...
Generating intra-procedural summaries...
Processing callees...
Preprocessing...
processing finished
start to summarize...
Generating intra-procedural summaries...
Processing callees...
Preprocessing...
processing finished
start to summarize...
Generating intra-procedural summaries...
Processing callees...
Preprocessing...
processing finished
start to summarize...
Generating intra-procedural summaries...
Processing callees...
Preprocessing...
processing finished
start to summarize...
Generating intra-procedural summaries...
Processing callees...
start to summarize...
Generating intra-procedural summaries...
Processing callees...
Validating......
Applying path checker with solver...
Constructing solving program...
Constructing solving program...
Solver-aided path checker succeeded...
finish validate
Reporting......
Report generated!

finish report
===================================================
163  /  666 

CWE80_XSS__CWE182_Servlet_getQueryString_Servlet_08 

{'input_token_cost': 2234, 'output_token_cost': 377, 'analysis_result': {'TPs': 1, 'FPs': 0}, 'ground_truth': {'TPs': 1, 'FPs': 2}, 'single time cost': 5.134279727935791} 

===================================================


Start to analyze the case  164 out of  666
/scratch/local/w.nimit/1853/LLMDFA/benchmark/juliet-test-suite-XSS_simplified/CWE80_XSS/s01/CWE80_XSS__CWE182_Servlet_getQueryString_Servlet_09.java
Analyzing......
Preprocessing...
processing finished
start to summarize...
Generating intra-procedural summaries...
Processing callees...
Preprocessing...
processing finished
start to summarize...
Generating intra-procedural summaries...
Processing callees...
Preprocessing...
processing finished
start to summarize...
Generating intra-procedural summaries...
Processing callees...
Preprocessing...
processing finished
start to summarize...
Generating intra-procedural summaries...
Processing callees...
Validating......
Applying path checker with solver...
Constructing solving program...
Constructing solving program...
Solver-aided path checker succeeded...
finish validate
Reporting......
Report generated!

finish report
===================================================
164  /  666 

CWE80_XSS__CWE182_Servlet_getQueryString_Servlet_09 

{'input_token_cost': 2356, 'output_token_cost': 356, 'analysis_result': {'TPs': 1, 'FPs': 0}, 'ground_truth': {'TPs': 1, 'FPs': 2}, 'single time cost': 4.8407182693481445} 

===================================================


Start to analyze the case  165 out of  666
/scratch/local/w.nimit/1853/LLMDFA/benchmark/juliet-test-suite-XSS_simplified/CWE80_XSS/s01/CWE80_XSS__CWE182_Servlet_getQueryString_Servlet_10.java
Analyzing......
Preprocessing...
processing finished
start to summarize...
Generating intra-procedural summaries...
Processing callees...
Preprocessing...
processing finished
start to summarize...
Generating intra-procedural summaries...
Processing callees...
Preprocessing...
processing finished
start to summarize...
Generating intra-procedural summaries...
Processing callees...
Preprocessing...
processing finished
start to summarize...
Generating intra-procedural summaries...
Processing callees...
Validating......
Applying path checker with solver...
Constructing solving program...
Constructing solving program...
Solver-aided path checker succeeded...
finish validate
Reporting......
Report generated!

finish report
===================================================
165  /  666 

CWE80_XSS__CWE182_Servlet_getQueryString_Servlet_10 

{'input_token_cost': 2346, 'output_token_cost': 454, 'analysis_result': {'TPs': 1, 'FPs': 0}, 'ground_truth': {'TPs': 1, 'FPs': 2}, 'single time cost': 6.04837965965271} 

===================================================


Start to analyze the case  166 out of  666
/scratch/local/w.nimit/1853/LLMDFA/benchmark/juliet-test-suite-XSS_simplified/CWE80_XSS/s01/CWE80_XSS__CWE182_Servlet_getQueryString_Servlet_11.java
Analyzing......
Preprocessing...
processing finished
start to summarize...
Generating intra-procedural summaries...
Processing callees...
Preprocessing...
processing finished
start to summarize...
Generating intra-procedural summaries...
Processing callees...
Preprocessing...
processing finished
start to summarize...
Generating intra-procedural summaries...
Processing callees...
Preprocessing...
processing finished
start to summarize...
Generating intra-procedural summaries...
Processing callees...
Validating......
Applying path checker with solver...
Constructing solving program...
Refining solving program...
Constructing solving program...
Solver-aided path checker succeeded...
finish validate
Reporting......
Report generated!

finish report
===================================================
166  /  666 

CWE80_XSS__CWE182_Servlet_getQueryString_Servlet_11 

{'input_token_cost': 2507, 'output_token_cost': 505, 'analysis_result': {'TPs': 1, 'FPs': 0}, 'ground_truth': {'TPs': 1, 'FPs': 2}, 'single time cost': 6.809565305709839} 

===================================================


Start to analyze the case  167 out of  666
/scratch/local/w.nimit/1853/LLMDFA/benchmark/juliet-test-suite-XSS_simplified/CWE80_XSS/s01/CWE80_XSS__CWE182_Servlet_getQueryString_Servlet_12.java
Analyzing......
Preprocessing...
processing finished
start to summarize...
Generating intra-procedural summaries...
Processing callees...
Preprocessing...
processing finished
start to summarize...
Generating intra-procedural summaries...
Processing callees...
Preprocessing...
processing finished
start to summarize...
Generating intra-procedural summaries...
Processing callees...
Validating......
finish validate
Reporting......
Report generated!

finish report
===================================================
167  /  666 

CWE80_XSS__CWE182_Servlet_getQueryString_Servlet_12 

{'input_token_cost': 1204, 'output_token_cost': 147, 'analysis_result': {'TPs': 0, 'FPs': 0}, 'ground_truth': {'TPs': 1, 'FPs': 1}, 'single time cost': 1.8870036602020264} 

===================================================


Start to analyze the case  168 out of  666
/scratch/local/w.nimit/1853/LLMDFA/benchmark/juliet-test-suite-XSS_simplified/CWE80_XSS/s01/CWE80_XSS__CWE182_Servlet_getQueryString_Servlet_13.java
Analyzing......
Preprocessing...
processing finished
start to summarize...
Generating intra-procedural summaries...
Processing callees...
Preprocessing...
processing finished
start to summarize...
Generating intra-procedural summaries...
Processing callees...
Preprocessing...
processing finished
start to summarize...
Generating intra-procedural summaries...
Processing callees...
Preprocessing...
processing finished
start to summarize...
Generating intra-procedural summaries...
Processing callees...
Validating......
Applying path checker with solver...
Constructing solving program...
Constructing solving program...
Solver-aided path checker succeeded...
finish validate
Reporting......
Report generated!

finish report
===================================================
168  /  666 

CWE80_XSS__CWE182_Servlet_getQueryString_Servlet_13 

{'input_token_cost': 2374, 'output_token_cost': 461, 'analysis_result': {'TPs': 1, 'FPs': 0}, 'ground_truth': {'TPs': 1, 'FPs': 2}, 'single time cost': 6.104565620422363} 

===================================================


Start to analyze the case  169 out of  666
/scratch/local/w.nimit/1853/LLMDFA/benchmark/juliet-test-suite-XSS_simplified/CWE80_XSS/s01/CWE80_XSS__CWE182_Servlet_getQueryString_Servlet_14.java
Analyzing......
Preprocessing...
processing finished
start to summarize...
Generating intra-procedural summaries...
Processing callees...
Preprocessing...
processing finished
start to summarize...
Generating intra-procedural summaries...
Processing callees...
Preprocessing...
processing finished
start to summarize...
Generating intra-procedural summaries...
Processing callees...
Preprocessing...
processing finished
start to summarize...
Generating intra-procedural summaries...
Processing callees...
Validating......
Applying path checker with solver...
Constructing solving program...
Constructing solving program...
Solver-aided path checker succeeded...
finish validate
Reporting......
Report generated!

finish report
===================================================
169  /  666 

CWE80_XSS__CWE182_Servlet_getQueryString_Servlet_14 

{'input_token_cost': 2359, 'output_token_cost': 421, 'analysis_result': {'TPs': 1, 'FPs': 0}, 'ground_truth': {'TPs': 1, 'FPs': 2}, 'single time cost': 5.615179061889648} 

===================================================


Start to analyze the case  170 out of  666
/scratch/local/w.nimit/1853/LLMDFA/benchmark/juliet-test-suite-XSS_simplified/CWE80_XSS/s01/CWE80_XSS__CWE182_Servlet_getQueryString_Servlet_15.java
Analyzing......
Preprocessing...
processing finished
start to summarize...
Generating intra-procedural summaries...
Processing callees...
Preprocessing...
processing finished
start to summarize...
Generating intra-procedural summaries...
Processing callees...
Preprocessing...
processing finished
start to summarize...
Generating intra-procedural summaries...
Processing callees...
Preprocessing...
processing finished
start to summarize...
Generating intra-procedural summaries...
Processing callees...
Validating......
Applying path checker with solver...
Constructing solving program...
Solver-aided path checker succeeded...
finish validate
Reporting......
Report generated!

finish report
===================================================
170  /  666 

CWE80_XSS__CWE182_Servlet_getQueryString_Servlet_15 

{'input_token_cost': 1728, 'output_token_cost': 363, 'analysis_result': {'TPs': 1, 'FPs': 0}, 'ground_truth': {'TPs': 1, 'FPs': 2}, 'single time cost': 4.8460705280303955} 

===================================================


Start to analyze the case  171 out of  666
/scratch/local/w.nimit/1853/LLMDFA/benchmark/juliet-test-suite-XSS_simplified/CWE80_XSS/s01/CWE80_XSS__CWE182_Servlet_getQueryString_Servlet_16.java
Analyzing......
Preprocessing...
processing finished
start to summarize...
Generating intra-procedural summaries...
Processing callees...
Preprocessing...
processing finished
start to summarize...
Generating intra-procedural summaries...
Processing callees...
Preprocessing...
processing finished
start to summarize...
Generating intra-procedural summaries...
Processing callees...
Validating......
Applying path checker with solver...
Constructing solving program...
Solver-aided path checker succeeded...
finish validate
Reporting......
Report generated!

finish report
===================================================
171  /  666 

CWE80_XSS__CWE182_Servlet_getQueryString_Servlet_16 

{'input_token_cost': 1690, 'output_token_cost': 220, 'analysis_result': {'TPs': 1, 'FPs': 0}, 'ground_truth': {'TPs': 1, 'FPs': 1}, 'single time cost': 2.958239793777466} 

===================================================


Start to analyze the case  172 out of  666
/scratch/local/w.nimit/1853/LLMDFA/benchmark/juliet-test-suite-XSS_simplified/CWE80_XSS/s01/CWE80_XSS__CWE182_Servlet_getQueryString_Servlet_17.java
Analyzing......
Preprocessing...
processing finished
start to summarize...
Generating intra-procedural summaries...
Processing callees...
Preprocessing...
processing finished
start to summarize...
Generating intra-procedural summaries...
Processing callees...
Preprocessing...
processing finished
start to summarize...
Generating intra-procedural summaries...
Processing callees...
Validating......
Applying path checker with solver...
Constructing solving program...
Solver-aided path checker succeeded...
finish validate
Reporting......
Report generated!

finish report
===================================================
172  /  666 

CWE80_XSS__CWE182_Servlet_getQueryString_Servlet_17 

{'input_token_cost': 1695, 'output_token_cost': 175, 'analysis_result': {'TPs': 1, 'FPs': 0}, 'ground_truth': {'TPs': 1, 'FPs': 1}, 'single time cost': 2.4067203998565674} 

===================================================


Start to analyze the case  173 out of  666
/scratch/local/w.nimit/1853/LLMDFA/benchmark/juliet-test-suite-XSS_simplified/CWE80_XSS/s01/CWE80_XSS__CWE182_Servlet_getQueryString_Servlet_21.java
Analyzing......
Preprocessing...
processing finished
start to summarize...
Generating intra-procedural summaries...
Processing callees...
Preprocessing...
processing finished
start to summarize...
Generating intra-procedural summaries...
Processing callees...
Preprocessing...
processing finished
start to summarize...
Generating intra-procedural summaries...
Processing callees...
Preprocessing...
processing finished
start to summarize...
Generating intra-procedural summaries...
Processing callees...
Preprocessing...
processing finished
start to summarize...
Generating intra-procedural summaries...
Processing callees...
Preprocessing...
processing finished
start to summarize...
Generating intra-procedural summaries...
Processing callees...
Preprocessing...
processing finished
start to summarize...
Generating intra-procedural summaries...
Processing callees...
Validating......
Applying path checker with solver...
Constructing solving program...
Constructing solving program...
Solver-aided path checker succeeded...
finish validate
Reporting......
Report generated!

finish report
===================================================
173  /  666 

CWE80_XSS__CWE182_Servlet_getQueryString_Servlet_21 

{'input_token_cost': 14991, 'output_token_cost': 1508, 'analysis_result': {'TPs': 0, 'FPs': 0}, 'ground_truth': {'TPs': 1, 'FPs': 2}, 'single time cost': 19.762920141220093} 

===================================================


Start to analyze the case  174 out of  666
/scratch/local/w.nimit/1853/LLMDFA/benchmark/juliet-test-suite-XSS_simplified/CWE80_XSS/s01/CWE80_XSS__CWE182_Servlet_listen_tcp_02.java
Analyzing......
Preprocessing...
processing finished
start to summarize...
Generating intra-procedural summaries...
Processing callees...
Preprocessing...
processing finished
start to summarize...
Generating intra-procedural summaries...
Processing callees...
Preprocessing...
processing finished
start to summarize...
Generating intra-procedural summaries...
Processing callees...
Preprocessing...
processing finished
start to summarize...
Generating intra-procedural summaries...
Processing callees...
Validating......
Applying path checker with solver...
Constructing solving program...
Solver-aided path checker succeeded...
finish validate
Reporting......
Report generated!

finish report
===================================================
174  /  666 

CWE80_XSS__CWE182_Servlet_listen_tcp_02 

{'input_token_cost': 2165, 'output_token_cost': 242, 'analysis_result': {'TPs': 1, 'FPs': 0}, 'ground_truth': {'TPs': 1, 'FPs': 2}, 'single time cost': 3.3289051055908203} 

===================================================


Start to analyze the case  175 out of  666
/scratch/local/w.nimit/1853/LLMDFA/benchmark/juliet-test-suite-XSS_simplified/CWE80_XSS/s01/CWE80_XSS__CWE182_Servlet_getQueryString_Servlet_31.java
Analyzing......
Preprocessing...
processing finished
start to summarize...
Generating intra-procedural summaries...
Processing callees...
Preprocessing...
processing finished
start to summarize...
Generating intra-procedural summaries...
Processing callees...
Preprocessing...
processing finished
start to summarize...
Generating intra-procedural summaries...
Processing callees...
Validating......
Applying path checker with solver...
Constructing solving program...
Solver-aided path checker succeeded...
finish validate
Reporting......
Report generated!

finish report
===================================================
175  /  666 

CWE80_XSS__CWE182_Servlet_getQueryString_Servlet_31 

{'input_token_cost': 1721, 'output_token_cost': 260, 'analysis_result': {'TPs': 1, 'FPs': 0}, 'ground_truth': {'TPs': 1, 'FPs': 1}, 'single time cost': 3.4404189586639404} 

===================================================


Start to analyze the case  176 out of  666
/scratch/local/w.nimit/1853/LLMDFA/benchmark/juliet-test-suite-XSS_simplified/CWE80_XSS/s01/CWE80_XSS__CWE182_Servlet_getQueryString_Servlet_41.java
Analyzing......
Preprocessing...
processing finished
start to summarize...
Generating intra-procedural summaries...
Processing callees...
Preprocessing...
processing finished
start to summarize...
Generating intra-procedural summaries...
Processing callees...
Preprocessing...
processing finished
start to summarize...
Generating intra-procedural summaries...
Processing callees...
Preprocessing...
processing finished
start to summarize...
Generating intra-procedural summaries...
Processing callees...
Preprocessing...
processing finished
start to summarize...
Generating intra-procedural summaries...
Processing callees...
Validating......
Applying path checker with solver...
Constructing solving program...
Solver-aided path checker succeeded...
finish validate
Reporting......
Report generated!

finish report
===================================================
176  /  666 

CWE80_XSS__CWE182_Servlet_getQueryString_Servlet_41 

{'input_token_cost': 4782, 'output_token_cost': 478, 'analysis_result': {'TPs': 1, 'FPs': 0}, 'ground_truth': {'TPs': 1, 'FPs': 1}, 'single time cost': 6.246548891067505} 

===================================================


Start to analyze the case  177 out of  666
/scratch/local/w.nimit/1853/LLMDFA/benchmark/juliet-test-suite-XSS_simplified/CWE80_XSS/s01/CWE80_XSS__CWE182_Servlet_getQueryString_Servlet_42.java
Analyzing......
Preprocessing...
processing finished
start to summarize...
Generating intra-procedural summaries...
Processing callees...
Preprocessing...
processing finished
start to summarize...
Generating intra-procedural summaries...
Processing callees...
Preprocessing...
processing finished
start to summarize...
Generating intra-procedural summaries...
Processing callees...
Preprocessing...
processing finished
start to summarize...
Generating intra-procedural summaries...
Processing callees...
Preprocessing...
processing finished
start to summarize...
Generating intra-procedural summaries...
Processing callees...
Validating......
Applying path checker with solver...
Constructing solving program...
Solver-aided path checker succeeded...
finish validate
Reporting......
Report generated!

finish report
===================================================
177  /  666 

CWE80_XSS__CWE182_Servlet_getQueryString_Servlet_42 

{'input_token_cost': 7773, 'output_token_cost': 753, 'analysis_result': {'TPs': 1, 'FPs': 0}, 'ground_truth': {'TPs': 1, 'FPs': 1}, 'single time cost': 9.755605220794678} 

===================================================


Start to analyze the case  178 out of  666
/scratch/local/w.nimit/1853/LLMDFA/benchmark/juliet-test-suite-XSS_simplified/CWE80_XSS/s01/CWE80_XSS__CWE182_Servlet_getQueryString_Servlet_45.java
Analyzing......
Preprocessing...
processing finished
start to summarize...
Generating intra-procedural summaries...
Processing callees...
Preprocessing...
processing finished
start to summarize...
Generating intra-procedural summaries...
Processing callees...
Preprocessing...
processing finished
start to summarize...
Generating intra-procedural summaries...
Processing callees...
Preprocessing...
processing finished
start to summarize...
Generating intra-procedural summaries...
Processing callees...
Preprocessing...
processing finished
start to summarize...
Generating intra-procedural summaries...
Processing callees...
Validating......
Applying path checker with solver...
Constructing solving program...
Solver-aided path checker succeeded...
finish validate
Reporting......
Report generated!

finish report
===================================================
178  /  666 

CWE80_XSS__CWE182_Servlet_getQueryString_Servlet_45 

{'input_token_cost': 6902, 'output_token_cost': 745, 'analysis_result': {'TPs': 1, 'FPs': 0}, 'ground_truth': {'TPs': 1, 'FPs': 1}, 'single time cost': 9.674590587615967} 

===================================================


Start to analyze the case  179 out of  666
/scratch/local/w.nimit/1853/LLMDFA/benchmark/juliet-test-suite-XSS_simplified/CWE80_XSS/s01/CWE80_XSS__CWE182_Servlet_listen_tcp_03.java
Analyzing......
Preprocessing...
processing finished
start to summarize...
Generating intra-procedural summaries...
Processing callees...
Preprocessing...
processing finished
start to summarize...
Generating intra-procedural summaries...
Processing callees...
Preprocessing...
processing finished
start to summarize...
Generating intra-procedural summaries...
Processing callees...
Preprocessing...
processing finished
start to summarize...
Generating intra-procedural summaries...
Processing callees...
Validating......
Applying path checker with solver...
Constructing solving program...
Constructing solving program...
Solver-aided path checker succeeded...
finish validate
Reporting......
Report generated!

finish report
===================================================
179  /  666 

CWE80_XSS__CWE182_Servlet_listen_tcp_03 

{'input_token_cost': 2690, 'output_token_cost': 366, 'analysis_result': {'TPs': 1, 'FPs': 0}, 'ground_truth': {'TPs': 1, 'FPs': 2}, 'single time cost': 4.961312294006348} 

===================================================


Start to analyze the case  180 out of  666
/scratch/local/w.nimit/1853/LLMDFA/benchmark/juliet-test-suite-XSS_simplified/CWE80_XSS/s01/CWE80_XSS__CWE182_Servlet_listen_tcp_04.java
Analyzing......
Preprocessing...
processing finished
start to summarize...
Generating intra-procedural summaries...
Processing callees...
Preprocessing...
processing finished
start to summarize...
Generating intra-procedural summaries...
Processing callees...
Preprocessing...
processing finished
start to summarize...
Generating intra-procedural summaries...
Processing callees...
Preprocessing...
processing finished
start to summarize...
Generating intra-procedural summaries...
Processing callees...
Validating......
Applying path checker with solver...
Constructing solving program...
Constructing solving program...
Solver-aided path checker succeeded...
finish validate
Reporting......
Report generated!

finish report
===================================================
180  /  666 

CWE80_XSS__CWE182_Servlet_listen_tcp_04 

{'input_token_cost': 2804, 'output_token_cost': 413, 'analysis_result': {'TPs': 1, 'FPs': 0}, 'ground_truth': {'TPs': 1, 'FPs': 2}, 'single time cost': 5.57528281211853} 

===================================================


Start to analyze the case  181 out of  666
/scratch/local/w.nimit/1853/LLMDFA/benchmark/juliet-test-suite-XSS_simplified/CWE80_XSS/s01/CWE80_XSS__CWE182_Servlet_listen_tcp_05.java
Analyzing......
Preprocessing...
processing finished
start to summarize...
Generating intra-procedural summaries...
Processing callees...
Preprocessing...
processing finished
start to summarize...
Generating intra-procedural summaries...
Processing callees...
Preprocessing...
processing finished
start to summarize...
Generating intra-procedural summaries...
Processing callees...
Preprocessing...
processing finished
start to summarize...
Generating intra-procedural summaries...
Processing callees...
Validating......
Applying path checker with solver...
Constructing solving program...
Constructing solving program...
Solver-aided path checker succeeded...
finish validate
Reporting......
Report generated!

finish report
===================================================
181  /  666 

CWE80_XSS__CWE182_Servlet_listen_tcp_05 

{'input_token_cost': 2794, 'output_token_cost': 356, 'analysis_result': {'TPs': 1, 'FPs': 0}, 'ground_truth': {'TPs': 1, 'FPs': 2}, 'single time cost': 5.014943361282349} 

===================================================


Start to analyze the case  182 out of  666
/scratch/local/w.nimit/1853/LLMDFA/benchmark/juliet-test-suite-XSS_simplified/CWE80_XSS/s01/CWE80_XSS__CWE182_Servlet_listen_tcp_06.java
Analyzing......
Preprocessing...
processing finished
start to summarize...
Generating intra-procedural summaries...
Processing callees...
Preprocessing...
processing finished
start to summarize...
Generating intra-procedural summaries...
Processing callees...
Preprocessing...
processing finished
start to summarize...
Generating intra-procedural summaries...
Processing callees...
Preprocessing...
processing finished
start to summarize...
Generating intra-procedural summaries...
Processing callees...
Validating......
Applying path checker with solver...
Constructing solving program...
Constructing solving program...
Solver-aided path checker succeeded...
finish validate
Reporting......
Report generated!

finish report
===================================================
182  /  666 

CWE80_XSS__CWE182_Servlet_listen_tcp_06 

{'input_token_cost': 2822, 'output_token_cost': 408, 'analysis_result': {'TPs': 1, 'FPs': 0}, 'ground_truth': {'TPs': 1, 'FPs': 2}, 'single time cost': 5.5297863483428955} 

===================================================


Start to analyze the case  183 out of  666
/scratch/local/w.nimit/1853/LLMDFA/benchmark/juliet-test-suite-XSS_simplified/CWE80_XSS/s01/CWE80_XSS__CWE182_Servlet_listen_tcp_07.java
Analyzing......
Preprocessing...
processing finished
start to summarize...
Generating intra-procedural summaries...
Processing callees...
Preprocessing...
processing finished
start to summarize...
Generating intra-procedural summaries...
Processing callees...
Preprocessing...
processing finished
start to summarize...
Generating intra-procedural summaries...
Processing callees...
Preprocessing...
processing finished
start to summarize...
Generating intra-procedural summaries...
Processing callees...
Validating......
Applying path checker with solver...
Constructing solving program...
Constructing solving program...
Solver-aided path checker succeeded...
finish validate
Reporting......
Report generated!

finish report
===================================================
183  /  666 

CWE80_XSS__CWE182_Servlet_listen_tcp_07 

{'input_token_cost': 2807, 'output_token_cost': 392, 'analysis_result': {'TPs': 1, 'FPs': 0}, 'ground_truth': {'TPs': 1, 'FPs': 2}, 'single time cost': 5.334055185317993} 

===================================================


Start to analyze the case  184 out of  666
/scratch/local/w.nimit/1853/LLMDFA/benchmark/juliet-test-suite-XSS_simplified/CWE80_XSS/s01/CWE80_XSS__CWE182_Servlet_listen_tcp_08.java
Analyzing......
Preprocessing...
processing finished
start to summarize...
Generating intra-procedural summaries...
Processing callees...
Preprocessing...
processing finished
start to summarize...
Generating intra-procedural summaries...
Processing callees...
Preprocessing...
processing finished
start to summarize...
Generating intra-procedural summaries...
Processing callees...
Preprocessing...
processing finished
start to summarize...
Generating intra-procedural summaries...
Processing callees...
Preprocessing...
processing finished
start to summarize...
Generating intra-procedural summaries...
Processing callees...
Preprocessing...
processing finished
start to summarize...
Generating intra-procedural summaries...
Processing callees...
start to summarize...
Generating intra-procedural summaries...
Processing callees...
Validating......
Applying path checker with solver...
Constructing solving program...
Constructing solving program...
Solver-aided path checker succeeded...
finish validate
Reporting......
Report generated!

finish report
===================================================
184  /  666 

CWE80_XSS__CWE182_Servlet_listen_tcp_08 

{'input_token_cost': 2687, 'output_token_cost': 333, 'analysis_result': {'TPs': 1, 'FPs': 0}, 'ground_truth': {'TPs': 1, 'FPs': 2}, 'single time cost': 4.592024803161621} 

===================================================


Start to analyze the case  185 out of  666
/scratch/local/w.nimit/1853/LLMDFA/benchmark/juliet-test-suite-XSS_simplified/CWE80_XSS/s01/CWE80_XSS__CWE182_Servlet_listen_tcp_09.java
Analyzing......
Preprocessing...
processing finished
start to summarize...
Generating intra-procedural summaries...
Processing callees...
Preprocessing...
processing finished
start to summarize...
Generating intra-procedural summaries...
Processing callees...
Preprocessing...
processing finished
start to summarize...
Generating intra-procedural summaries...
Processing callees...
Preprocessing...
processing finished
start to summarize...
Generating intra-procedural summaries...
Processing callees...
Validating......
Applying path checker with solver...
Constructing solving program...
Constructing solving program...
Solver-aided path checker succeeded...
finish validate
Reporting......
Report generated!

finish report
===================================================
185  /  666 

CWE80_XSS__CWE182_Servlet_listen_tcp_09 

{'input_token_cost': 2809, 'output_token_cost': 350, 'analysis_result': {'TPs': 1, 'FPs': 0}, 'ground_truth': {'TPs': 1, 'FPs': 2}, 'single time cost': 4.790893077850342} 

===================================================


Start to analyze the case  186 out of  666
/scratch/local/w.nimit/1853/LLMDFA/benchmark/juliet-test-suite-XSS_simplified/CWE80_XSS/s01/CWE80_XSS__CWE182_Servlet_listen_tcp_10.java
Analyzing......
Preprocessing...
processing finished
start to summarize...
Generating intra-procedural summaries...
Processing callees...
Preprocessing...
processing finished
start to summarize...
Generating intra-procedural summaries...
Processing callees...
Preprocessing...
processing finished
start to summarize...
Generating intra-procedural summaries...
Processing callees...
Preprocessing...
processing finished
start to summarize...
Generating intra-procedural summaries...
Processing callees...
Validating......
Applying path checker with solver...
Constructing solving program...
Constructing solving program...
Solver-aided path checker succeeded...
finish validate
Reporting......
Report generated!

finish report
===================================================
186  /  666 

CWE80_XSS__CWE182_Servlet_listen_tcp_10 

{'input_token_cost': 2799, 'output_token_cost': 415, 'analysis_result': {'TPs': 1, 'FPs': 0}, 'ground_truth': {'TPs': 1, 'FPs': 2}, 'single time cost': 5.649834632873535} 

===================================================


Start to analyze the case  187 out of  666
/scratch/local/w.nimit/1853/LLMDFA/benchmark/juliet-test-suite-XSS_simplified/CWE80_XSS/s01/CWE80_XSS__CWE182_Servlet_listen_tcp_11.java
Analyzing......
Preprocessing...
processing finished
start to summarize...
Generating intra-procedural summaries...
Processing callees...
Preprocessing...
processing finished
start to summarize...
Generating intra-procedural summaries...
Processing callees...
Preprocessing...
processing finished
start to summarize...
Generating intra-procedural summaries...
Processing callees...
Preprocessing...
processing finished
start to summarize...
Generating intra-procedural summaries...
Processing callees...
Validating......
Applying path checker with solver...
Constructing solving program...
Refining solving program...
Constructing solving program...
Solver-aided path checker succeeded...
finish validate
Reporting......
Report generated!

finish report
===================================================
187  /  666 

CWE80_XSS__CWE182_Servlet_listen_tcp_11 

{'input_token_cost': 2960, 'output_token_cost': 514, 'analysis_result': {'TPs': 1, 'FPs': 0}, 'ground_truth': {'TPs': 1, 'FPs': 2}, 'single time cost': 7.0405495166778564} 

===================================================


Start to analyze the case  188 out of  666
/scratch/local/w.nimit/1853/LLMDFA/benchmark/juliet-test-suite-XSS_simplified/CWE80_XSS/s01/CWE80_XSS__CWE182_Servlet_listen_tcp_12.java
Analyzing......
Preprocessing...
processing finished
start to summarize...
Generating intra-procedural summaries...
Processing callees...
Preprocessing...
processing finished
start to summarize...
Generating intra-procedural summaries...
Processing callees...
Preprocessing...
processing finished
start to summarize...
Generating intra-procedural summaries...
Processing callees...
Validating......
Applying path checker with solver...
Constructing solving program...
Refining solving program...
Constructing solving program...
Solver-aided path checker succeeded...
finish validate
Reporting......
Report generated!

finish report
===================================================
188  /  666 

CWE80_XSS__CWE182_Servlet_listen_tcp_12 

{'input_token_cost': 2980, 'output_token_cost': 574, 'analysis_result': {'TPs': 1, 'FPs': 0}, 'ground_truth': {'TPs': 1, 'FPs': 1}, 'single time cost': 7.790714979171753} 

===================================================


Start to analyze the case  189 out of  666
/scratch/local/w.nimit/1853/LLMDFA/benchmark/juliet-test-suite-XSS_simplified/CWE80_XSS/s01/CWE80_XSS__CWE182_Servlet_listen_tcp_13.java
Analyzing......
Preprocessing...
processing finished
start to summarize...
Generating intra-procedural summaries...
Processing callees...
Preprocessing...
processing finished
start to summarize...
Generating intra-procedural summaries...
Processing callees...
Preprocessing...
processing finished
start to summarize...
Generating intra-procedural summaries...
Processing callees...
Preprocessing...
processing finished
start to summarize...
Generating intra-procedural summaries...
Processing callees...
Validating......
Applying path checker with solver...
Constructing solving program...
Constructing solving program...
Solver-aided path checker succeeded...
finish validate
Reporting......
Report generated!

finish report
===================================================
189  /  666 

CWE80_XSS__CWE182_Servlet_listen_tcp_13 

{'input_token_cost': 2827, 'output_token_cost': 408, 'analysis_result': {'TPs': 1, 'FPs': 0}, 'ground_truth': {'TPs': 1, 'FPs': 2}, 'single time cost': 5.517773151397705} 

===================================================


Start to analyze the case  190 out of  666
/scratch/local/w.nimit/1853/LLMDFA/benchmark/juliet-test-suite-XSS_simplified/CWE80_XSS/s01/CWE80_XSS__CWE182_Servlet_listen_tcp_14.java
Analyzing......
Preprocessing...
processing finished
start to summarize...
Generating intra-procedural summaries...
Processing callees...
Preprocessing...
processing finished
start to summarize...
Generating intra-procedural summaries...
Processing callees...
Preprocessing...
processing finished
start to summarize...
Generating intra-procedural summaries...
Processing callees...
Preprocessing...
processing finished
start to summarize...
Generating intra-procedural summaries...
Processing callees...
Validating......
Applying path checker with solver...
Constructing solving program...
Constructing solving program...
Solver-aided path checker succeeded...
finish validate
Reporting......
Report generated!

finish report
===================================================
190  /  666 

CWE80_XSS__CWE182_Servlet_listen_tcp_14 

{'input_token_cost': 2812, 'output_token_cost': 384, 'analysis_result': {'TPs': 1, 'FPs': 0}, 'ground_truth': {'TPs': 1, 'FPs': 2}, 'single time cost': 5.18009877204895} 

===================================================


Start to analyze the case  191 out of  666
/scratch/local/w.nimit/1853/LLMDFA/benchmark/juliet-test-suite-XSS_simplified/CWE80_XSS/s01/CWE80_XSS__CWE182_Servlet_listen_tcp_15.java
Analyzing......
Preprocessing...
processing finished
start to summarize...
Generating intra-procedural summaries...
Processing callees...
Preprocessing...
processing finished
start to summarize...
Generating intra-procedural summaries...
Processing callees...
Preprocessing...
processing finished
start to summarize...
Generating intra-procedural summaries...
Processing callees...
Preprocessing...
processing finished
start to summarize...
Generating intra-procedural summaries...
Processing callees...
Validating......
Applying path checker with solver...
Constructing solving program...
Solver-aided path checker succeeded...
finish validate
Reporting......
Report generated!

finish report
===================================================
191  /  666 

CWE80_XSS__CWE182_Servlet_listen_tcp_15 

{'input_token_cost': 2181, 'output_token_cost': 243, 'analysis_result': {'TPs': 1, 'FPs': 0}, 'ground_truth': {'TPs': 1, 'FPs': 2}, 'single time cost': 3.2802481651306152} 

===================================================


Start to analyze the case  192 out of  666
/scratch/local/w.nimit/1853/LLMDFA/benchmark/juliet-test-suite-XSS_simplified/CWE80_XSS/s01/CWE80_XSS__CWE182_Servlet_listen_tcp_16.java
Analyzing......
Preprocessing...
processing finished
start to summarize...
Generating intra-procedural summaries...
Processing callees...
Preprocessing...
processing finished
start to summarize...
Generating intra-procedural summaries...
Processing callees...
Preprocessing...
processing finished
start to summarize...
Generating intra-procedural summaries...
Processing callees...
Validating......
Applying path checker with solver...
Constructing solving program...
Solver-aided path checker succeeded...
finish validate
Reporting......
Report generated!

finish report
===================================================
192  /  666 

CWE80_XSS__CWE182_Servlet_listen_tcp_16 

{'input_token_cost': 2143, 'output_token_cost': 241, 'analysis_result': {'TPs': 1, 'FPs': 0}, 'ground_truth': {'TPs': 1, 'FPs': 1}, 'single time cost': 3.3029098510742188} 

===================================================


Start to analyze the case  193 out of  666
/scratch/local/w.nimit/1853/LLMDFA/benchmark/juliet-test-suite-XSS_simplified/CWE80_XSS/s01/CWE80_XSS__CWE182_Servlet_listen_tcp_17.java
Analyzing......
Preprocessing...
processing finished
start to summarize...
Generating intra-procedural summaries...
Processing callees...
Preprocessing...
processing finished
start to summarize...
Generating intra-procedural summaries...
Processing callees...
Preprocessing...
processing finished
start to summarize...
Generating intra-procedural summaries...
Processing callees...
Validating......
Applying path checker with solver...
Constructing solving program...
Solver-aided path checker succeeded...
finish validate
Reporting......
Report generated!

finish report
===================================================
193  /  666 

CWE80_XSS__CWE182_Servlet_listen_tcp_17 

{'input_token_cost': 2164, 'output_token_cost': 226, 'analysis_result': {'TPs': 1, 'FPs': 0}, 'ground_truth': {'TPs': 1, 'FPs': 1}, 'single time cost': 3.040815591812134} 

===================================================


Start to analyze the case  194 out of  666
/scratch/local/w.nimit/1853/LLMDFA/benchmark/juliet-test-suite-XSS_simplified/CWE80_XSS/s01/CWE80_XSS__CWE182_Servlet_listen_tcp_21.java
Analyzing......
Preprocessing...
processing finished
start to summarize...
Generating intra-procedural summaries...
Processing callees...
Preprocessing...
processing finished
start to summarize...
Generating intra-procedural summaries...
Processing callees...
Preprocessing...
processing finished
start to summarize...
Generating intra-procedural summaries...
Processing callees...
Preprocessing...
processing finished
start to summarize...
Generating intra-procedural summaries...
Processing callees...
Preprocessing...
processing finished
start to summarize...
Generating intra-procedural summaries...
Processing callees...
Preprocessing...
processing finished
start to summarize...
Generating intra-procedural summaries...
Processing callees...
Preprocessing...
processing finished
start to summarize...
Generating intra-procedural summaries...
Processing callees...
Validating......
Applying path checker with solver...
Constructing solving program...
Constructing solving program...
Solver-aided path checker succeeded...
finish validate
Reporting......
Report generated!

finish report
===================================================
194  /  666 

CWE80_XSS__CWE182_Servlet_listen_tcp_21 

{'input_token_cost': 16351, 'output_token_cost': 1569, 'analysis_result': {'TPs': 0, 'FPs': 0}, 'ground_truth': {'TPs': 1, 'FPs': 2}, 'single time cost': 20.38306188583374} 

===================================================


Start to analyze the case  195 out of  666
/scratch/local/w.nimit/1853/LLMDFA/benchmark/juliet-test-suite-XSS_simplified/CWE80_XSS/s01/CWE80_XSS__CWE182_Servlet_listen_tcp_31.java
Analyzing......
Preprocessing...
processing finished
start to summarize...
Generating intra-procedural summaries...
Processing callees...
Preprocessing...
processing finished
start to summarize...
Generating intra-procedural summaries...
Processing callees...
Preprocessing...
processing finished
start to summarize...
Generating intra-procedural summaries...
Processing callees...
Validating......
Applying path checker with solver...
Constructing solving program...
Solver-aided path checker succeeded...
finish validate
Reporting......
Report generated!

finish report
===================================================
195  /  666 

CWE80_XSS__CWE182_Servlet_listen_tcp_31 

{'input_token_cost': 2191, 'output_token_cost': 231, 'analysis_result': {'TPs': 1, 'FPs': 0}, 'ground_truth': {'TPs': 1, 'FPs': 1}, 'single time cost': 3.1338114738464355} 

===================================================


Start to analyze the case  196 out of  666
/scratch/local/w.nimit/1853/LLMDFA/benchmark/juliet-test-suite-XSS_simplified/CWE80_XSS/s01/CWE80_XSS__CWE182_Servlet_listen_tcp_41.java
Analyzing......
Preprocessing...
processing finished
start to summarize...
Generating intra-procedural summaries...
Processing callees...
Preprocessing...
processing finished
start to summarize...
Generating intra-procedural summaries...
Processing callees...
Preprocessing...
processing finished
start to summarize...
Generating intra-procedural summaries...
Processing callees...
Preprocessing...
processing finished
start to summarize...
Generating intra-procedural summaries...
Processing callees...
Preprocessing...
processing finished
start to summarize...
Generating intra-procedural summaries...
Processing callees...
Validating......
Applying path checker with solver...
Constructing solving program...
Solver-aided path checker succeeded...
finish validate
Reporting......
Report generated!

finish report
===================================================
196  /  666 

CWE80_XSS__CWE182_Servlet_listen_tcp_41 

{'input_token_cost': 6190, 'output_token_cost': 490, 'analysis_result': {'TPs': 1, 'FPs': 0}, 'ground_truth': {'TPs': 1, 'FPs': 1}, 'single time cost': 6.4293904304504395} 

===================================================


Start to analyze the case  197 out of  666
/scratch/local/w.nimit/1853/LLMDFA/benchmark/juliet-test-suite-XSS_simplified/CWE80_XSS/s01/CWE80_XSS__CWE182_Servlet_listen_tcp_42.java
Analyzing......
Preprocessing...
processing finished
start to summarize...
Generating intra-procedural summaries...
Processing callees...
Preprocessing...
processing finished
start to summarize...
Generating intra-procedural summaries...
Processing callees...
Preprocessing...
processing finished
start to summarize...
Generating intra-procedural summaries...
Processing callees...
Preprocessing...
processing finished
start to summarize...
Generating intra-procedural summaries...
Processing callees...
Preprocessing...
processing finished
start to summarize...
Generating intra-procedural summaries...
Processing callees...
Validating......
Applying path checker with solver...
Constructing solving program...
Solver-aided path checker succeeded...
finish validate
Reporting......
Report generated!

finish report
===================================================
197  /  666 

CWE80_XSS__CWE182_Servlet_listen_tcp_42 

{'input_token_cost': 9181, 'output_token_cost': 703, 'analysis_result': {'TPs': 1, 'FPs': 0}, 'ground_truth': {'TPs': 1, 'FPs': 1}, 'single time cost': 9.193885326385498} 

===================================================


Start to analyze the case  198 out of  666
/scratch/local/w.nimit/1853/LLMDFA/benchmark/juliet-test-suite-XSS_simplified/CWE80_XSS/s01/CWE80_XSS__CWE182_Servlet_listen_tcp_45.java
Analyzing......
Preprocessing...
processing finished
start to summarize...
Generating intra-procedural summaries...
Processing callees...
Preprocessing...
processing finished
start to summarize...
Generating intra-procedural summaries...
Processing callees...
Preprocessing...
processing finished
start to summarize...
Generating intra-procedural summaries...
Processing callees...
Preprocessing...
processing finished
start to summarize...
Generating intra-procedural summaries...
Processing callees...
Preprocessing...
processing finished
start to summarize...
Generating intra-procedural summaries...
Processing callees...
Validating......
Applying path checker with solver...
Constructing solving program...
Solver-aided path checker succeeded...
finish validate
Reporting......
Report generated!

finish report
===================================================
198  /  666 

CWE80_XSS__CWE182_Servlet_listen_tcp_45 

{'input_token_cost': 8309, 'output_token_cost': 716, 'analysis_result': {'TPs': 1, 'FPs': 0}, 'ground_truth': {'TPs': 1, 'FPs': 1}, 'single time cost': 9.304358005523682} 

===================================================


Start to analyze the case  199 out of  666
/scratch/local/w.nimit/1853/LLMDFA/benchmark/juliet-test-suite-XSS_simplified/CWE80_XSS/s01/CWE80_XSS__Servlet_File_01.java
Analyzing......
Preprocessing...
processing finished
start to summarize...
Generating intra-procedural summaries...
Processing callees...
Preprocessing...
processing finished
start to summarize...
Generating intra-procedural summaries...
Processing callees...
Preprocessing...
processing finished
start to summarize...
Generating intra-procedural summaries...
Processing callees...
Validating......
Applying path checker with solver...
Constructing solving program...
Solver-aided path checker succeeded...
finish validate
Reporting......
Report generated!

finish report
===================================================
199  /  666 

CWE80_XSS__Servlet_File_01 

{'input_token_cost': 2016, 'output_token_cost': 218, 'analysis_result': {'TPs': 1, 'FPs': 0}, 'ground_truth': {'TPs': 1, 'FPs': 1}, 'single time cost': 2.9589450359344482} 

===================================================


Start to analyze the case  200 out of  666
/scratch/local/w.nimit/1853/LLMDFA/benchmark/juliet-test-suite-XSS_simplified/CWE80_XSS/s01/CWE80_XSS__Servlet_File_02.java
Analyzing......
Preprocessing...
processing finished
start to summarize...
Generating intra-procedural summaries...
Processing callees...
Preprocessing...
processing finished
start to summarize...
Generating intra-procedural summaries...
Processing callees...
Preprocessing...
processing finished
start to summarize...
Generating intra-procedural summaries...
Processing callees...
Preprocessing...
processing finished
start to summarize...
Generating intra-procedural summaries...
Processing callees...
Validating......
Applying path checker with solver...
Constructing solving program...
Solver-aided path checker succeeded...
finish validate
Reporting......
Report generated!

finish report
===================================================
200  /  666 

CWE80_XSS__Servlet_File_02 

{'input_token_cost': 2054, 'output_token_cost': 217, 'analysis_result': {'TPs': 1, 'FPs': 0}, 'ground_truth': {'TPs': 1, 'FPs': 2}, 'single time cost': 2.8933284282684326} 

===================================================


Start to analyze the case  201 out of  666
/scratch/local/w.nimit/1853/LLMDFA/benchmark/juliet-test-suite-XSS_simplified/CWE80_XSS/s01/CWE80_XSS__Servlet_File_03.java
Analyzing......
Preprocessing...
processing finished
start to summarize...
Generating intra-procedural summaries...
Processing callees...
Preprocessing...
processing finished
start to summarize...
Generating intra-procedural summaries...
Processing callees...
Preprocessing...
processing finished
start to summarize...
Generating intra-procedural summaries...
Processing callees...
Preprocessing...
processing finished
start to summarize...
Generating intra-procedural summaries...
Processing callees...
Validating......
Applying path checker with solver...
Constructing solving program...
Constructing solving program...
Solver-aided path checker succeeded...
finish validate
Reporting......
Report generated!

finish report
===================================================
201  /  666 

CWE80_XSS__Servlet_File_03 

{'input_token_cost': 2579, 'output_token_cost': 343, 'analysis_result': {'TPs': 1, 'FPs': 0}, 'ground_truth': {'TPs': 1, 'FPs': 2}, 'single time cost': 4.5872180461883545} 

===================================================


Start to analyze the case  202 out of  666
/scratch/local/w.nimit/1853/LLMDFA/benchmark/juliet-test-suite-XSS_simplified/CWE80_XSS/s01/CWE80_XSS__Servlet_File_04.java
Analyzing......
Preprocessing...
processing finished
start to summarize...
Generating intra-procedural summaries...
Processing callees...
Preprocessing...
processing finished
start to summarize...
Generating intra-procedural summaries...
Processing callees...
Preprocessing...
processing finished
start to summarize...
Generating intra-procedural summaries...
Processing callees...
Preprocessing...
processing finished
start to summarize...
Generating intra-procedural summaries...
Processing callees...
Validating......
Applying path checker with solver...
Constructing solving program...
Constructing solving program...
Solver-aided path checker succeeded...
finish validate
Reporting......
Report generated!

finish report
===================================================
202  /  666 

CWE80_XSS__Servlet_File_04 

{'input_token_cost': 2693, 'output_token_cost': 399, 'analysis_result': {'TPs': 1, 'FPs': 0}, 'ground_truth': {'TPs': 1, 'FPs': 2}, 'single time cost': 5.2947328090667725} 

===================================================


Start to analyze the case  203 out of  666
/scratch/local/w.nimit/1853/LLMDFA/benchmark/juliet-test-suite-XSS_simplified/CWE80_XSS/s01/CWE80_XSS__Servlet_File_05.java
Analyzing......
Preprocessing...
processing finished
start to summarize...
Generating intra-procedural summaries...
Processing callees...
Preprocessing...
processing finished
start to summarize...
Generating intra-procedural summaries...
Processing callees...
Preprocessing...
processing finished
start to summarize...
Generating intra-procedural summaries...
Processing callees...
Preprocessing...
processing finished
start to summarize...
Generating intra-procedural summaries...
Processing callees...
Validating......
Applying path checker with solver...
Constructing solving program...
Constructing solving program...
Solver-aided path checker succeeded...
finish validate
Reporting......
Report generated!

finish report
===================================================
203  /  666 

CWE80_XSS__Servlet_File_05 

{'input_token_cost': 2683, 'output_token_cost': 428, 'analysis_result': {'TPs': 1, 'FPs': 0}, 'ground_truth': {'TPs': 1, 'FPs': 2}, 'single time cost': 5.6512744426727295} 

===================================================


Start to analyze the case  204 out of  666
/scratch/local/w.nimit/1853/LLMDFA/benchmark/juliet-test-suite-XSS_simplified/CWE80_XSS/s01/CWE80_XSS__Servlet_File_06.java
Analyzing......
Preprocessing...
processing finished
start to summarize...
Generating intra-procedural summaries...
Processing callees...
Preprocessing...
processing finished
start to summarize...
Generating intra-procedural summaries...
Processing callees...
Preprocessing...
processing finished
start to summarize...
Generating intra-procedural summaries...
Processing callees...
Preprocessing...
processing finished
start to summarize...
Generating intra-procedural summaries...
Processing callees...
Validating......
Applying path checker with solver...
Constructing solving program...
Constructing solving program...
Solver-aided path checker succeeded...
finish validate
Reporting......
Report generated!

finish report
===================================================
204  /  666 

CWE80_XSS__Servlet_File_06 

{'input_token_cost': 2711, 'output_token_cost': 383, 'analysis_result': {'TPs': 1, 'FPs': 0}, 'ground_truth': {'TPs': 1, 'FPs': 2}, 'single time cost': 5.140894174575806} 

===================================================


Start to analyze the case  205 out of  666
/scratch/local/w.nimit/1853/LLMDFA/benchmark/juliet-test-suite-XSS_simplified/CWE80_XSS/s01/CWE80_XSS__Servlet_File_07.java
Analyzing......
Preprocessing...
processing finished
start to summarize...
Generating intra-procedural summaries...
Processing callees...
Preprocessing...
processing finished
start to summarize...
Generating intra-procedural summaries...
Processing callees...
Preprocessing...
processing finished
start to summarize...
Generating intra-procedural summaries...
Processing callees...
Preprocessing...
processing finished
start to summarize...
Generating intra-procedural summaries...
Processing callees...
Validating......
Applying path checker with solver...
Constructing solving program...
Constructing solving program...
Solver-aided path checker succeeded...
finish validate
Reporting......
Report generated!

finish report
===================================================
205  /  666 

CWE80_XSS__Servlet_File_07 

{'input_token_cost': 2696, 'output_token_cost': 396, 'analysis_result': {'TPs': 1, 'FPs': 0}, 'ground_truth': {'TPs': 1, 'FPs': 2}, 'single time cost': 5.308867931365967} 

===================================================


Start to analyze the case  206 out of  666
/scratch/local/w.nimit/1853/LLMDFA/benchmark/juliet-test-suite-XSS_simplified/CWE80_XSS/s01/CWE80_XSS__Servlet_File_08.java
Analyzing......
Preprocessing...
processing finished
start to summarize...
Generating intra-procedural summaries...
Processing callees...
Preprocessing...
processing finished
start to summarize...
Generating intra-procedural summaries...
Processing callees...
Preprocessing...
processing finished
start to summarize...
Generating intra-procedural summaries...
Processing callees...
Preprocessing...
processing finished
start to summarize...
Generating intra-procedural summaries...
Processing callees...
Preprocessing...
processing finished
start to summarize...
Generating intra-procedural summaries...
Processing callees...
Preprocessing...
processing finished
start to summarize...
Generating intra-procedural summaries...
Processing callees...
start to summarize...
Generating intra-procedural summaries...
Processing callees...
Validating......
Applying path checker with solver...
Constructing solving program...
Constructing solving program...
Solver-aided path checker succeeded...
finish validate
Reporting......
Report generated!

finish report
===================================================
206  /  666 

CWE80_XSS__Servlet_File_08 

{'input_token_cost': 2576, 'output_token_cost': 366, 'analysis_result': {'TPs': 1, 'FPs': 0}, 'ground_truth': {'TPs': 1, 'FPs': 2}, 'single time cost': 4.957575559616089} 

===================================================


Start to analyze the case  207 out of  666
/scratch/local/w.nimit/1853/LLMDFA/benchmark/juliet-test-suite-XSS_simplified/CWE80_XSS/s01/CWE80_XSS__Servlet_File_09.java
Analyzing......
Preprocessing...
processing finished
start to summarize...
Generating intra-procedural summaries...
Processing callees...
Preprocessing...
processing finished
start to summarize...
Generating intra-procedural summaries...
Processing callees...
Preprocessing...
processing finished
start to summarize...
Generating intra-procedural summaries...
Processing callees...
Preprocessing...
processing finished
start to summarize...
Generating intra-procedural summaries...
Processing callees...
Validating......
Applying path checker with solver...
Constructing solving program...
Constructing solving program...
Solver-aided path checker succeeded...
finish validate
Reporting......
Report generated!

finish report
===================================================
207  /  666 

CWE80_XSS__Servlet_File_09 

{'input_token_cost': 2698, 'output_token_cost': 345, 'analysis_result': {'TPs': 1, 'FPs': 0}, 'ground_truth': {'TPs': 1, 'FPs': 2}, 'single time cost': 4.6432435512542725} 

===================================================


Start to analyze the case  208 out of  666
/scratch/local/w.nimit/1853/LLMDFA/benchmark/juliet-test-suite-XSS_simplified/CWE80_XSS/s01/CWE80_XSS__Servlet_File_10.java
Analyzing......
Preprocessing...
processing finished
start to summarize...
Generating intra-procedural summaries...
Processing callees...
Preprocessing...
processing finished
start to summarize...
Generating intra-procedural summaries...
Processing callees...
Preprocessing...
processing finished
start to summarize...
Generating intra-procedural summaries...
Processing callees...
Preprocessing...
processing finished
start to summarize...
Generating intra-procedural summaries...
Processing callees...
Validating......
Applying path checker with solver...
Constructing solving program...
Constructing solving program...
Solver-aided path checker succeeded...
finish validate
Reporting......
Report generated!

finish report
===================================================
208  /  666 

CWE80_XSS__Servlet_File_10 

{'input_token_cost': 2688, 'output_token_cost': 389, 'analysis_result': {'TPs': 1, 'FPs': 0}, 'ground_truth': {'TPs': 1, 'FPs': 2}, 'single time cost': 5.310565233230591} 

===================================================


Start to analyze the case  209 out of  666
/scratch/local/w.nimit/1853/LLMDFA/benchmark/juliet-test-suite-XSS_simplified/CWE80_XSS/s01/CWE80_XSS__Servlet_File_11.java
Analyzing......
Preprocessing...
processing finished
start to summarize...
Generating intra-procedural summaries...
Processing callees...
Preprocessing...
processing finished
start to summarize...
Generating intra-procedural summaries...
Processing callees...
Preprocessing...
processing finished
start to summarize...
Generating intra-procedural summaries...
Processing callees...
Preprocessing...
processing finished
start to summarize...
Generating intra-procedural summaries...
Processing callees...
Validating......
Applying path checker with solver...
Constructing solving program...
Refining solving program...
Constructing solving program...
Solver-aided path checker succeeded...
finish validate
Reporting......
Report generated!

finish report
===================================================
209  /  666 

CWE80_XSS__Servlet_File_11 

{'input_token_cost': 2849, 'output_token_cost': 523, 'analysis_result': {'TPs': 1, 'FPs': 0}, 'ground_truth': {'TPs': 1, 'FPs': 2}, 'single time cost': 6.98346734046936} 

===================================================


Start to analyze the case  210 out of  666
/scratch/local/w.nimit/1853/LLMDFA/benchmark/juliet-test-suite-XSS_simplified/CWE80_XSS/s01/CWE80_XSS__Servlet_File_12.java
Analyzing......
Preprocessing...
processing finished
start to summarize...
Generating intra-procedural summaries...
Processing callees...
Preprocessing...
processing finished
start to summarize...
Generating intra-procedural summaries...
Processing callees...
Preprocessing...
processing finished
start to summarize...
Generating intra-procedural summaries...
Processing callees...
Validating......
Applying path checker with solver...
Constructing solving program...
Refining solving program...
Constructing solving program...
Solver-aided path checker succeeded...
finish validate
Reporting......
Report generated!

finish report
===================================================
210  /  666 

CWE80_XSS__Servlet_File_12 

{'input_token_cost': 2869, 'output_token_cost': 540, 'analysis_result': {'TPs': 1, 'FPs': 0}, 'ground_truth': {'TPs': 1, 'FPs': 1}, 'single time cost': 7.210350036621094} 

===================================================


Start to analyze the case  211 out of  666
/scratch/local/w.nimit/1853/LLMDFA/benchmark/juliet-test-suite-XSS_simplified/CWE80_XSS/s01/CWE80_XSS__Servlet_File_13.java
Analyzing......
Preprocessing...
processing finished
start to summarize...
Generating intra-procedural summaries...
Processing callees...
Preprocessing...
processing finished
start to summarize...
Generating intra-procedural summaries...
Processing callees...
Preprocessing...
processing finished
start to summarize...
Generating intra-procedural summaries...
Processing callees...
Preprocessing...
processing finished
start to summarize...
Generating intra-procedural summaries...
Processing callees...
Validating......
Applying path checker with solver...
Constructing solving program...
Constructing solving program...
Solver-aided path checker succeeded...
finish validate
Reporting......
Report generated!

finish report
===================================================
211  /  666 

CWE80_XSS__Servlet_File_13 

{'input_token_cost': 2716, 'output_token_cost': 423, 'analysis_result': {'TPs': 1, 'FPs': 0}, 'ground_truth': {'TPs': 1, 'FPs': 2}, 'single time cost': 5.645056486129761} 

===================================================


Start to analyze the case  212 out of  666
/scratch/local/w.nimit/1853/LLMDFA/benchmark/juliet-test-suite-XSS_simplified/CWE80_XSS/s01/CWE80_XSS__Servlet_File_14.java
Analyzing......
Preprocessing...
processing finished
start to summarize...
Generating intra-procedural summaries...
Processing callees...
Preprocessing...
processing finished
start to summarize...
Generating intra-procedural summaries...
Processing callees...
Preprocessing...
processing finished
start to summarize...
Generating intra-procedural summaries...
Processing callees...
Preprocessing...
processing finished
start to summarize...
Generating intra-procedural summaries...
Processing callees...
Validating......
Applying path checker with solver...
Constructing solving program...
Constructing solving program...
Solver-aided path checker succeeded...
finish validate
Reporting......
Report generated!

finish report
===================================================
212  /  666 

CWE80_XSS__Servlet_File_14 

{'input_token_cost': 2701, 'output_token_cost': 393, 'analysis_result': {'TPs': 1, 'FPs': 0}, 'ground_truth': {'TPs': 1, 'FPs': 2}, 'single time cost': 5.2309815883636475} 

===================================================


Start to analyze the case  213 out of  666
/scratch/local/w.nimit/1853/LLMDFA/benchmark/juliet-test-suite-XSS_simplified/CWE80_XSS/s01/CWE80_XSS__Servlet_File_15.java
Analyzing......
Preprocessing...
processing finished
start to summarize...
Generating intra-procedural summaries...
Processing callees...
Preprocessing...
processing finished
start to summarize...
Generating intra-procedural summaries...
Processing callees...
Preprocessing...
processing finished
start to summarize...
Generating intra-procedural summaries...
Processing callees...
Preprocessing...
processing finished
start to summarize...
Generating intra-procedural summaries...
Processing callees...
Validating......
Applying path checker with solver...
Constructing solving program...
Solver-aided path checker succeeded...
finish validate
Reporting......
Report generated!

finish report
===================================================
213  /  666 

CWE80_XSS__Servlet_File_15 

{'input_token_cost': 2070, 'output_token_cost': 227, 'analysis_result': {'TPs': 1, 'FPs': 0}, 'ground_truth': {'TPs': 1, 'FPs': 2}, 'single time cost': 3.033289909362793} 

===================================================


Start to analyze the case  214 out of  666
/scratch/local/w.nimit/1853/LLMDFA/benchmark/juliet-test-suite-XSS_simplified/CWE80_XSS/s01/CWE80_XSS__Servlet_File_16.java
Analyzing......
Preprocessing...
processing finished
start to summarize...
Generating intra-procedural summaries...
Processing callees...
Preprocessing...
processing finished
start to summarize...
Generating intra-procedural summaries...
Processing callees...
Preprocessing...
processing finished
start to summarize...
Generating intra-procedural summaries...
Processing callees...
Validating......
Applying path checker with solver...
Constructing solving program...
Solver-aided path checker succeeded...
finish validate
Reporting......
Report generated!

finish report
===================================================
214  /  666 

CWE80_XSS__Servlet_File_16 

{'input_token_cost': 2032, 'output_token_cost': 215, 'analysis_result': {'TPs': 1, 'FPs': 0}, 'ground_truth': {'TPs': 1, 'FPs': 1}, 'single time cost': 2.8607094287872314} 

===================================================


Start to analyze the case  215 out of  666
/scratch/local/w.nimit/1853/LLMDFA/benchmark/juliet-test-suite-XSS_simplified/CWE80_XSS/s01/CWE80_XSS__Servlet_File_17.java
Analyzing......
Preprocessing...
processing finished
start to summarize...
Generating intra-procedural summaries...
Processing callees...
Preprocessing...
processing finished
start to summarize...
Generating intra-procedural summaries...
Processing callees...
Preprocessing...
processing finished
start to summarize...
Generating intra-procedural summaries...
Processing callees...
Validating......
Applying path checker with solver...
Constructing solving program...
Solver-aided path checker succeeded...
finish validate
Reporting......
Report generated!

finish report
===================================================
215  /  666 

CWE80_XSS__Servlet_File_17 

{'input_token_cost': 2041, 'output_token_cost': 225, 'analysis_result': {'TPs': 1, 'FPs': 0}, 'ground_truth': {'TPs': 1, 'FPs': 1}, 'single time cost': 2.9988982677459717} 

===================================================


Start to analyze the case  216 out of  666
/scratch/local/w.nimit/1853/LLMDFA/benchmark/juliet-test-suite-XSS_simplified/CWE80_XSS/s01/CWE80_XSS__Servlet_File_21.java
Analyzing......
Preprocessing...
processing finished
start to summarize...
Generating intra-procedural summaries...
Processing callees...
Preprocessing...
processing finished
start to summarize...
Generating intra-procedural summaries...
Processing callees...
Preprocessing...
processing finished
start to summarize...
Generating intra-procedural summaries...
Processing callees...
Preprocessing...
processing finished
start to summarize...
Generating intra-procedural summaries...
Processing callees...
Preprocessing...
processing finished
start to summarize...
Generating intra-procedural summaries...
Processing callees...
Preprocessing...
processing finished
start to summarize...
Generating intra-procedural summaries...
Processing callees...
Preprocessing...
processing finished
start to summarize...
Generating intra-procedural summaries...
Processing callees...
Validating......
Applying path checker with solver...
Constructing solving program...
Constructing solving program...
Solver-aided path checker succeeded...
finish validate
Reporting......
Report generated!

finish report
===================================================
216  /  666 

CWE80_XSS__Servlet_File_21 

{'input_token_cost': 16000, 'output_token_cost': 1530, 'analysis_result': {'TPs': 0, 'FPs': 0}, 'ground_truth': {'TPs': 1, 'FPs': 2}, 'single time cost': 19.884366512298584} 

===================================================


Start to analyze the case  217 out of  666
/scratch/local/w.nimit/1853/LLMDFA/benchmark/juliet-test-suite-XSS_simplified/CWE80_XSS/s01/CWE80_XSS__Servlet_File_31.java
Analyzing......
Preprocessing...
processing finished
start to summarize...
Generating intra-procedural summaries...
Processing callees...
Preprocessing...
processing finished
start to summarize...
Generating intra-procedural summaries...
Processing callees...
Preprocessing...
processing finished
start to summarize...
Generating intra-procedural summaries...
Processing callees...
Validating......
Applying path checker with solver...
Constructing solving program...
Solver-aided path checker succeeded...
finish validate
Reporting......
Report generated!

finish report
===================================================
217  /  666 

CWE80_XSS__Servlet_File_31 

{'input_token_cost': 2067, 'output_token_cost': 257, 'analysis_result': {'TPs': 1, 'FPs': 0}, 'ground_truth': {'TPs': 1, 'FPs': 1}, 'single time cost': 3.3975722789764404} 

===================================================


Start to analyze the case  218 out of  666
/scratch/local/w.nimit/1853/LLMDFA/benchmark/juliet-test-suite-XSS_simplified/CWE80_XSS/s01/CWE80_XSS__Servlet_File_41.java
Analyzing......
Preprocessing...
processing finished
start to summarize...
Generating intra-procedural summaries...
Processing callees...
Preprocessing...
processing finished
start to summarize...
Generating intra-procedural summaries...
Processing callees...
Preprocessing...
processing finished
start to summarize...
Generating intra-procedural summaries...
Processing callees...
Preprocessing...
processing finished
start to summarize...
Generating intra-procedural summaries...
Processing callees...
Preprocessing...
processing finished
start to summarize...
Generating intra-procedural summaries...
Processing callees...
Validating......
Applying path checker with solver...
Constructing solving program...
Solver-aided path checker succeeded...
finish validate
Reporting......
Report generated!

finish report
===================================================
218  /  666 

CWE80_XSS__Servlet_File_41 

{'input_token_cost': 5861, 'output_token_cost': 558, 'analysis_result': {'TPs': 1, 'FPs': 0}, 'ground_truth': {'TPs': 1, 'FPs': 1}, 'single time cost': 7.254499912261963} 

===================================================


Start to analyze the case  219 out of  666
/scratch/local/w.nimit/1853/LLMDFA/benchmark/juliet-test-suite-XSS_simplified/CWE80_XSS/s01/CWE80_XSS__Servlet_File_42.java
Analyzing......
Preprocessing...
processing finished
start to summarize...
Generating intra-procedural summaries...
Processing callees...
Preprocessing...
processing finished
start to summarize...
Generating intra-procedural summaries...
Processing callees...
Preprocessing...
processing finished
start to summarize...
Generating intra-procedural summaries...
Processing callees...
Preprocessing...
processing finished
start to summarize...
Generating intra-procedural summaries...
Processing callees...
Preprocessing...
processing finished
start to summarize...
Generating intra-procedural summaries...
Processing callees...
Validating......
Applying path checker with solver...
Constructing solving program...
Solver-aided path checker succeeded...
finish validate
Reporting......
Report generated!

finish report
===================================================
219  /  666 

CWE80_XSS__Servlet_File_42 

{'input_token_cost': 8832, 'output_token_cost': 671, 'analysis_result': {'TPs': 1, 'FPs': 0}, 'ground_truth': {'TPs': 1, 'FPs': 1}, 'single time cost': 8.747908115386963} 

===================================================


Start to analyze the case  220 out of  666
/scratch/local/w.nimit/1853/LLMDFA/benchmark/juliet-test-suite-XSS_simplified/CWE80_XSS/s01/CWE80_XSS__Servlet_File_45.java
Analyzing......
Preprocessing...
processing finished
start to summarize...
Generating intra-procedural summaries...
Processing callees...
Preprocessing...
processing finished
start to summarize...
Generating intra-procedural summaries...
Processing callees...
Preprocessing...
processing finished
start to summarize...
Generating intra-procedural summaries...
Processing callees...
Preprocessing...
processing finished
start to summarize...
Generating intra-procedural summaries...
Processing callees...
Preprocessing...
processing finished
start to summarize...
Generating intra-procedural summaries...
Processing callees...
Validating......
Applying path checker with solver...
Constructing solving program...
Solver-aided path checker succeeded...
finish validate
Reporting......
Report generated!

finish report
===================================================
220  /  666 

CWE80_XSS__Servlet_File_45 

{'input_token_cost': 6923, 'output_token_cost': 702, 'analysis_result': {'TPs': 1, 'FPs': 0}, 'ground_truth': {'TPs': 1, 'FPs': 1}, 'single time cost': 9.07417106628418} 

===================================================


Start to analyze the case  221 out of  666
/scratch/local/w.nimit/1853/LLMDFA/benchmark/juliet-test-suite-XSS_simplified/CWE80_XSS/s01/CWE80_XSS__Servlet_connect_tcp_01.java
Analyzing......
Preprocessing...
processing finished
start to summarize...
Generating intra-procedural summaries...
Processing callees...
Preprocessing...
processing finished
start to summarize...
Generating intra-procedural summaries...
Processing callees...
Preprocessing...
processing finished
start to summarize...
Generating intra-procedural summaries...
Processing callees...
Validating......
Applying path checker with solver...
Constructing solving program...
Solver-aided path checker succeeded...
finish validate
Reporting......
Report generated!

finish report
===================================================
221  /  666 

CWE80_XSS__Servlet_connect_tcp_01 

{'input_token_cost': 2018, 'output_token_cost': 218, 'analysis_result': {'TPs': 1, 'FPs': 0}, 'ground_truth': {'TPs': 1, 'FPs': 1}, 'single time cost': 2.9003236293792725} 

===================================================


Start to analyze the case  222 out of  666
/scratch/local/w.nimit/1853/LLMDFA/benchmark/juliet-test-suite-XSS_simplified/CWE80_XSS/s01/CWE80_XSS__Servlet_connect_tcp_02.java
Analyzing......
Preprocessing...
processing finished
start to summarize...
Generating intra-procedural summaries...
Processing callees...
Preprocessing...
processing finished
start to summarize...
Generating intra-procedural summaries...
Processing callees...
Preprocessing...
processing finished
start to summarize...
Generating intra-procedural summaries...
Processing callees...
Preprocessing...
processing finished
start to summarize...
Generating intra-procedural summaries...
Processing callees...
Validating......
Applying path checker with solver...
Constructing solving program...
Solver-aided path checker succeeded...
finish validate
Reporting......
Report generated!

finish report
===================================================
222  /  666 

CWE80_XSS__Servlet_connect_tcp_02 

{'input_token_cost': 2044, 'output_token_cost': 217, 'analysis_result': {'TPs': 1, 'FPs': 0}, 'ground_truth': {'TPs': 1, 'FPs': 2}, 'single time cost': 2.902082920074463} 

===================================================


Start to analyze the case  223 out of  666
/scratch/local/w.nimit/1853/LLMDFA/benchmark/juliet-test-suite-XSS_simplified/CWE80_XSS/s01/CWE80_XSS__Servlet_connect_tcp_03.java
Analyzing......
Preprocessing...
processing finished
start to summarize...
Generating intra-procedural summaries...
Processing callees...
Preprocessing...
processing finished
start to summarize...
Generating intra-procedural summaries...
Processing callees...
Preprocessing...
processing finished
start to summarize...
Generating intra-procedural summaries...
Processing callees...
Preprocessing...
processing finished
start to summarize...
Generating intra-procedural summaries...
Processing callees...
Validating......
Applying path checker with solver...
Constructing solving program...
Constructing solving program...
Solver-aided path checker succeeded...
finish validate
Reporting......
Report generated!

finish report
===================================================
223  /  666 

CWE80_XSS__Servlet_connect_tcp_03 

{'input_token_cost': 2569, 'output_token_cost': 333, 'analysis_result': {'TPs': 1, 'FPs': 0}, 'ground_truth': {'TPs': 1, 'FPs': 2}, 'single time cost': 4.639300584793091} 

===================================================


Start to analyze the case  224 out of  666
/scratch/local/w.nimit/1853/LLMDFA/benchmark/juliet-test-suite-XSS_simplified/CWE80_XSS/s01/CWE80_XSS__Servlet_connect_tcp_04.java
Analyzing......
Preprocessing...
processing finished
start to summarize...
Generating intra-procedural summaries...
Processing callees...
Preprocessing...
processing finished
start to summarize...
Generating intra-procedural summaries...
Processing callees...
Preprocessing...
processing finished
start to summarize...
Generating intra-procedural summaries...
Processing callees...
Preprocessing...
processing finished
start to summarize...
Generating intra-procedural summaries...
Processing callees...
Validating......
Applying path checker with solver...
Constructing solving program...
Constructing solving program...
Solver-aided path checker succeeded...
finish validate
Reporting......
Report generated!

finish report
===================================================
224  /  666 

CWE80_XSS__Servlet_connect_tcp_04 

{'input_token_cost': 2683, 'output_token_cost': 436, 'analysis_result': {'TPs': 1, 'FPs': 0}, 'ground_truth': {'TPs': 1, 'FPs': 2}, 'single time cost': 5.965071439743042} 

===================================================


Start to analyze the case  225 out of  666
/scratch/local/w.nimit/1853/LLMDFA/benchmark/juliet-test-suite-XSS_simplified/CWE80_XSS/s01/CWE80_XSS__Servlet_connect_tcp_05.java
Analyzing......
Preprocessing...
processing finished
start to summarize...
Generating intra-procedural summaries...
Processing callees...
Preprocessing...
processing finished
start to summarize...
Generating intra-procedural summaries...
Processing callees...
Preprocessing...
processing finished
start to summarize...
Generating intra-procedural summaries...
Processing callees...
Preprocessing...
processing finished
start to summarize...
Generating intra-procedural summaries...
Processing callees...
Validating......
Applying path checker with solver...
Constructing solving program...
Constructing solving program...
Solver-aided path checker succeeded...
finish validate
Reporting......
Report generated!

finish report
===================================================
225  /  666 

CWE80_XSS__Servlet_connect_tcp_05 

{'input_token_cost': 2673, 'output_token_cost': 458, 'analysis_result': {'TPs': 1, 'FPs': 0}, 'ground_truth': {'TPs': 1, 'FPs': 2}, 'single time cost': 6.072041034698486} 

===================================================


Start to analyze the case  226 out of  666
/scratch/local/w.nimit/1853/LLMDFA/benchmark/juliet-test-suite-XSS_simplified/CWE80_XSS/s01/CWE80_XSS__Servlet_connect_tcp_06.java
Analyzing......
Preprocessing...
processing finished
start to summarize...
Generating intra-procedural summaries...
Processing callees...
Preprocessing...
processing finished
start to summarize...
Generating intra-procedural summaries...
Processing callees...
Preprocessing...
processing finished
start to summarize...
Generating intra-procedural summaries...
Processing callees...
Preprocessing...
processing finished
start to summarize...
Generating intra-procedural summaries...
Processing callees...
Validating......
Applying path checker with solver...
Constructing solving program...
Constructing solving program...
Solver-aided path checker succeeded...
finish validate
Reporting......
Report generated!

finish report
===================================================
226  /  666 

CWE80_XSS__Servlet_connect_tcp_06 

{'input_token_cost': 2701, 'output_token_cost': 427, 'analysis_result': {'TPs': 1, 'FPs': 0}, 'ground_truth': {'TPs': 1, 'FPs': 2}, 'single time cost': 5.684743404388428} 

===================================================


Start to analyze the case  227 out of  666
/scratch/local/w.nimit/1853/LLMDFA/benchmark/juliet-test-suite-XSS_simplified/CWE80_XSS/s01/CWE80_XSS__Servlet_connect_tcp_07.java
Analyzing......
Preprocessing...
processing finished
start to summarize...
Generating intra-procedural summaries...
Processing callees...
Preprocessing...
processing finished
start to summarize...
Generating intra-procedural summaries...
Processing callees...
Preprocessing...
processing finished
start to summarize...
Generating intra-procedural summaries...
Processing callees...
Preprocessing...
processing finished
start to summarize...
Generating intra-procedural summaries...
Processing callees...
Validating......
Applying path checker with solver...
Constructing solving program...
Constructing solving program...
Solver-aided path checker succeeded...
finish validate
Reporting......
Report generated!

finish report
===================================================
227  /  666 

CWE80_XSS__Servlet_connect_tcp_07 

{'input_token_cost': 2686, 'output_token_cost': 427, 'analysis_result': {'TPs': 1, 'FPs': 0}, 'ground_truth': {'TPs': 1, 'FPs': 2}, 'single time cost': 6.198445558547974} 

===================================================


Start to analyze the case  228 out of  666
/scratch/local/w.nimit/1853/LLMDFA/benchmark/juliet-test-suite-XSS_simplified/CWE80_XSS/s01/CWE80_XSS__Servlet_connect_tcp_08.java
Analyzing......
Preprocessing...
processing finished
start to summarize...
Generating intra-procedural summaries...
Processing callees...
Preprocessing...
processing finished
start to summarize...
Generating intra-procedural summaries...
Processing callees...
Preprocessing...
processing finished
start to summarize...
Generating intra-procedural summaries...
Processing callees...
Preprocessing...
processing finished
start to summarize...
Generating intra-procedural summaries...
Processing callees...
Preprocessing...
processing finished
start to summarize...
Generating intra-procedural summaries...
Processing callees...
Preprocessing...
processing finished
start to summarize...
Generating intra-procedural summaries...
Processing callees...
start to summarize...
Generating intra-procedural summaries...
Processing callees...
Validating......
Applying path checker with solver...
Constructing solving program...
Constructing solving program...
Solver-aided path checker succeeded...
finish validate
Reporting......
Report generated!

finish report
===================================================
228  /  666 

CWE80_XSS__Servlet_connect_tcp_08 

{'input_token_cost': 2566, 'output_token_cost': 386, 'analysis_result': {'TPs': 1, 'FPs': 0}, 'ground_truth': {'TPs': 1, 'FPs': 2}, 'single time cost': 5.19221830368042} 

===================================================


Start to analyze the case  229 out of  666
/scratch/local/w.nimit/1853/LLMDFA/benchmark/juliet-test-suite-XSS_simplified/CWE80_XSS/s01/CWE80_XSS__Servlet_connect_tcp_09.java
Analyzing......
Preprocessing...
processing finished
start to summarize...
Generating intra-procedural summaries...
Processing callees...
Preprocessing...
processing finished
start to summarize...
Generating intra-procedural summaries...
Processing callees...
Preprocessing...
processing finished
start to summarize...
Generating intra-procedural summaries...
Processing callees...
Preprocessing...
processing finished
start to summarize...
Generating intra-procedural summaries...
Processing callees...
Validating......
Applying path checker with solver...
Constructing solving program...
Constructing solving program...
Solver-aided path checker succeeded...
finish validate
Reporting......
Report generated!

finish report
===================================================
229  /  666 

CWE80_XSS__Servlet_connect_tcp_09 

{'input_token_cost': 2688, 'output_token_cost': 473, 'analysis_result': {'TPs': 1, 'FPs': 0}, 'ground_truth': {'TPs': 1, 'FPs': 2}, 'single time cost': 6.311161041259766} 

===================================================


Start to analyze the case  230 out of  666
/scratch/local/w.nimit/1853/LLMDFA/benchmark/juliet-test-suite-XSS_simplified/CWE80_XSS/s01/CWE80_XSS__Servlet_connect_tcp_10.java
Analyzing......
Preprocessing...
processing finished
start to summarize...
Generating intra-procedural summaries...
Processing callees...
Preprocessing...
processing finished
start to summarize...
Generating intra-procedural summaries...
Processing callees...
Preprocessing...
processing finished
start to summarize...
Generating intra-procedural summaries...
Processing callees...
Preprocessing...
processing finished
start to summarize...
Generating intra-procedural summaries...
Processing callees...
Validating......
Applying path checker with solver...
Constructing solving program...
Constructing solving program...
Solver-aided path checker succeeded...
finish validate
Reporting......
Report generated!

finish report
===================================================
230  /  666 

CWE80_XSS__Servlet_connect_tcp_10 

{'input_token_cost': 2678, 'output_token_cost': 453, 'analysis_result': {'TPs': 1, 'FPs': 0}, 'ground_truth': {'TPs': 1, 'FPs': 2}, 'single time cost': 6.013521194458008} 

===================================================


Start to analyze the case  231 out of  666
/scratch/local/w.nimit/1853/LLMDFA/benchmark/juliet-test-suite-XSS_simplified/CWE80_XSS/s01/CWE80_XSS__Servlet_connect_tcp_11.java
Analyzing......
Preprocessing...
processing finished
start to summarize...
Generating intra-procedural summaries...
Processing callees...
Preprocessing...
processing finished
start to summarize...
Generating intra-procedural summaries...
Processing callees...
Preprocessing...
processing finished
start to summarize...
Generating intra-procedural summaries...
Processing callees...
Preprocessing...
processing finished
start to summarize...
Generating intra-procedural summaries...
Processing callees...
Validating......
Applying path checker with solver...
Constructing solving program...
Refining solving program...
Constructing solving program...
Solver-aided path checker succeeded...
finish validate
Reporting......
Report generated!

finish report
===================================================
231  /  666 

CWE80_XSS__Servlet_connect_tcp_11 

{'input_token_cost': 2839, 'output_token_cost': 528, 'analysis_result': {'TPs': 1, 'FPs': 0}, 'ground_truth': {'TPs': 1, 'FPs': 2}, 'single time cost': 7.06777811050415} 

===================================================


Start to analyze the case  232 out of  666
/scratch/local/w.nimit/1853/LLMDFA/benchmark/juliet-test-suite-XSS_simplified/CWE80_XSS/s01/CWE80_XSS__Servlet_connect_tcp_12.java
Analyzing......
Preprocessing...
processing finished
start to summarize...
Generating intra-procedural summaries...
Processing callees...
Preprocessing...
processing finished
start to summarize...
Generating intra-procedural summaries...
Processing callees...
Preprocessing...
processing finished
start to summarize...
Generating intra-procedural summaries...
Processing callees...
Validating......
Applying path checker with solver...
Constructing solving program...
Refining solving program...
Constructing solving program...
Solver-aided path checker succeeded...
finish validate
Reporting......
Report generated!

finish report
===================================================
232  /  666 

CWE80_XSS__Servlet_connect_tcp_12 

{'input_token_cost': 2859, 'output_token_cost': 531, 'analysis_result': {'TPs': 1, 'FPs': 0}, 'ground_truth': {'TPs': 1, 'FPs': 1}, 'single time cost': 7.1015729904174805} 

===================================================


Start to analyze the case  233 out of  666
/scratch/local/w.nimit/1853/LLMDFA/benchmark/juliet-test-suite-XSS_simplified/CWE80_XSS/s01/CWE80_XSS__Servlet_connect_tcp_13.java
Analyzing......
Preprocessing...
processing finished
start to summarize...
Generating intra-procedural summaries...
Processing callees...
Preprocessing...
processing finished
start to summarize...
Generating intra-procedural summaries...
Processing callees...
Preprocessing...
processing finished
start to summarize...
Generating intra-procedural summaries...
Processing callees...
Preprocessing...
processing finished
start to summarize...
Generating intra-procedural summaries...
Processing callees...
Validating......
Applying path checker with solver...
Constructing solving program...
Constructing solving program...
Solver-aided path checker succeeded...
finish validate
Reporting......
Report generated!

finish report
===================================================
233  /  666 

CWE80_XSS__Servlet_connect_tcp_13 

{'input_token_cost': 2706, 'output_token_cost': 420, 'analysis_result': {'TPs': 1, 'FPs': 0}, 'ground_truth': {'TPs': 1, 'FPs': 2}, 'single time cost': 5.6764373779296875} 

===================================================


Start to analyze the case  234 out of  666
/scratch/local/w.nimit/1853/LLMDFA/benchmark/juliet-test-suite-XSS_simplified/CWE80_XSS/s01/CWE80_XSS__Servlet_connect_tcp_14.java
Analyzing......
Preprocessing...
processing finished
start to summarize...
Generating intra-procedural summaries...
Processing callees...
Preprocessing...
processing finished
start to summarize...
Generating intra-procedural summaries...
Processing callees...
Preprocessing...
processing finished
start to summarize...
Generating intra-procedural summaries...
Processing callees...
Preprocessing...
processing finished
start to summarize...
Generating intra-procedural summaries...
Processing callees...
Validating......
Applying path checker with solver...
Constructing solving program...
Constructing solving program...
Solver-aided path checker succeeded...
finish validate
Reporting......
Report generated!

finish report
===================================================
234  /  666 

CWE80_XSS__Servlet_connect_tcp_14 

{'input_token_cost': 2691, 'output_token_cost': 406, 'analysis_result': {'TPs': 1, 'FPs': 0}, 'ground_truth': {'TPs': 1, 'FPs': 2}, 'single time cost': 5.40827488899231} 

===================================================


Start to analyze the case  235 out of  666
/scratch/local/w.nimit/1853/LLMDFA/benchmark/juliet-test-suite-XSS_simplified/CWE80_XSS/s01/CWE80_XSS__Servlet_connect_tcp_15.java
Analyzing......
Preprocessing...
processing finished
start to summarize...
Generating intra-procedural summaries...
Processing callees...
Preprocessing...
processing finished
start to summarize...
Generating intra-procedural summaries...
Processing callees...
Preprocessing...
processing finished
start to summarize...
Generating intra-procedural summaries...
Processing callees...
Preprocessing...
processing finished
start to summarize...
Generating intra-procedural summaries...
Processing callees...
Validating......
Applying path checker with solver...
Constructing solving program...
Solver-aided path checker succeeded...
finish validate
Reporting......
Report generated!

finish report
===================================================
235  /  666 

CWE80_XSS__Servlet_connect_tcp_15 

{'input_token_cost': 2060, 'output_token_cost': 216, 'analysis_result': {'TPs': 1, 'FPs': 0}, 'ground_truth': {'TPs': 1, 'FPs': 2}, 'single time cost': 2.871486186981201} 

===================================================


Start to analyze the case  236 out of  666
/scratch/local/w.nimit/1853/LLMDFA/benchmark/juliet-test-suite-XSS_simplified/CWE80_XSS/s01/CWE80_XSS__Servlet_connect_tcp_16.java
Analyzing......
Preprocessing...
processing finished
start to summarize...
Generating intra-procedural summaries...
Processing callees...
Preprocessing...
processing finished
start to summarize...
Generating intra-procedural summaries...
Processing callees...
Preprocessing...
processing finished
start to summarize...
Generating intra-procedural summaries...
Processing callees...
Validating......
Applying path checker with solver...
Constructing solving program...
Solver-aided path checker succeeded...
finish validate
Reporting......
Report generated!

finish report
===================================================
236  /  666 

CWE80_XSS__Servlet_connect_tcp_16 

{'input_token_cost': 2022, 'output_token_cost': 215, 'analysis_result': {'TPs': 1, 'FPs': 0}, 'ground_truth': {'TPs': 1, 'FPs': 1}, 'single time cost': 2.867908000946045} 

===================================================


Start to analyze the case  237 out of  666
/scratch/local/w.nimit/1853/LLMDFA/benchmark/juliet-test-suite-XSS_simplified/CWE80_XSS/s01/CWE80_XSS__Servlet_connect_tcp_17.java
Analyzing......
Preprocessing...
processing finished
start to summarize...
Generating intra-procedural summaries...
Processing callees...
Preprocessing...
processing finished
start to summarize...
Generating intra-procedural summaries...
Processing callees...
Preprocessing...
processing finished
start to summarize...
Generating intra-procedural summaries...
Processing callees...
Validating......
Applying path checker with solver...
Constructing solving program...
Solver-aided path checker succeeded...
finish validate
Reporting......
Report generated!

finish report
===================================================
237  /  666 

CWE80_XSS__Servlet_connect_tcp_17 

{'input_token_cost': 2043, 'output_token_cost': 215, 'analysis_result': {'TPs': 1, 'FPs': 0}, 'ground_truth': {'TPs': 1, 'FPs': 1}, 'single time cost': 2.873061418533325} 

===================================================


Start to analyze the case  238 out of  666
/scratch/local/w.nimit/1853/LLMDFA/benchmark/juliet-test-suite-XSS_simplified/CWE80_XSS/s01/CWE80_XSS__Servlet_connect_tcp_21.java
Analyzing......
Preprocessing...
processing finished
start to summarize...
Generating intra-procedural summaries...
Processing callees...
Preprocessing...
processing finished
start to summarize...
Generating intra-procedural summaries...
Processing callees...
Preprocessing...
processing finished
start to summarize...
Generating intra-procedural summaries...
Processing callees...
Preprocessing...
processing finished
start to summarize...
Generating intra-procedural summaries...
Processing callees...
Preprocessing...
processing finished
start to summarize...
Generating intra-procedural summaries...
Processing callees...
Preprocessing...
processing finished
start to summarize...
Generating intra-procedural summaries...
Processing callees...
Preprocessing...
processing finished
start to summarize...
Generating intra-procedural summaries...
Processing callees...
Validating......
Applying path checker with solver...
Constructing solving program...
Constructing solving program...
Solver-aided path checker succeeded...
finish validate
Reporting......
Report generated!

finish report
===================================================
238  /  666 

CWE80_XSS__Servlet_connect_tcp_21 

{'input_token_cost': 15970, 'output_token_cost': 1589, 'analysis_result': {'TPs': 0, 'FPs': 0}, 'ground_truth': {'TPs': 1, 'FPs': 2}, 'single time cost': 20.512392044067383} 

===================================================


Start to analyze the case  239 out of  666
/scratch/local/w.nimit/1853/LLMDFA/benchmark/juliet-test-suite-XSS_simplified/CWE80_XSS/s01/CWE80_XSS__Servlet_connect_tcp_31.java
Analyzing......
Preprocessing...
processing finished
start to summarize...
Generating intra-procedural summaries...
Processing callees...
Preprocessing...
processing finished
start to summarize...
Generating intra-procedural summaries...
Processing callees...
Preprocessing...
processing finished
start to summarize...
Generating intra-procedural summaries...
Processing callees...
Validating......
Applying path checker with solver...
Constructing solving program...
Solver-aided path checker succeeded...
finish validate
Reporting......
Report generated!

finish report
===================================================
239  /  666 

CWE80_XSS__Servlet_connect_tcp_31 

{'input_token_cost': 2069, 'output_token_cost': 246, 'analysis_result': {'TPs': 1, 'FPs': 0}, 'ground_truth': {'TPs': 1, 'FPs': 1}, 'single time cost': 3.252120018005371} 

===================================================


Start to analyze the case  240 out of  666
/scratch/local/w.nimit/1853/LLMDFA/benchmark/juliet-test-suite-XSS_simplified/CWE80_XSS/s01/CWE80_XSS__Servlet_connect_tcp_41.java
Analyzing......
Preprocessing...
processing finished
start to summarize...
Generating intra-procedural summaries...
Processing callees...
Preprocessing...
processing finished
start to summarize...
Generating intra-procedural summaries...
Processing callees...
Preprocessing...
processing finished
start to summarize...
Generating intra-procedural summaries...
Processing callees...
Preprocessing...
processing finished
start to summarize...
Generating intra-procedural summaries...
Processing callees...
Preprocessing...
processing finished
start to summarize...
Generating intra-procedural summaries...
Processing callees...
Validating......
Applying path checker with solver...
Constructing solving program...
Solver-aided path checker succeeded...
finish validate
Reporting......
Report generated!

finish report
===================================================
240  /  666 

CWE80_XSS__Servlet_connect_tcp_41 

{'input_token_cost': 5867, 'output_token_cost': 507, 'analysis_result': {'TPs': 1, 'FPs': 0}, 'ground_truth': {'TPs': 1, 'FPs': 1}, 'single time cost': 6.589092254638672} 

===================================================


Start to analyze the case  241 out of  666
/scratch/local/w.nimit/1853/LLMDFA/benchmark/juliet-test-suite-XSS_simplified/CWE80_XSS/s01/CWE80_XSS__Servlet_connect_tcp_42.java
Analyzing......
Preprocessing...
processing finished
start to summarize...
Generating intra-procedural summaries...
Processing callees...
Preprocessing...
processing finished
start to summarize...
Generating intra-procedural summaries...
Processing callees...
Preprocessing...
processing finished
start to summarize...
Generating intra-procedural summaries...
Processing callees...
Preprocessing...
processing finished
start to summarize...
Generating intra-procedural summaries...
Processing callees...
Preprocessing...
processing finished
start to summarize...
Generating intra-procedural summaries...
Processing callees...
Validating......
finish validate
Reporting......
Report generated!

finish report
===================================================
241  /  666 

CWE80_XSS__Servlet_connect_tcp_42 

{'input_token_cost': 8324, 'output_token_cost': 526, 'analysis_result': {'TPs': 0, 'FPs': 0}, 'ground_truth': {'TPs': 1, 'FPs': 1}, 'single time cost': 6.786651372909546} 

===================================================


Start to analyze the case  242 out of  666
/scratch/local/w.nimit/1853/LLMDFA/benchmark/juliet-test-suite-XSS_simplified/CWE80_XSS/s01/CWE80_XSS__Servlet_connect_tcp_45.java
Analyzing......
Preprocessing...
processing finished
start to summarize...
Generating intra-procedural summaries...
Processing callees...
Preprocessing...
processing finished
start to summarize...
Generating intra-procedural summaries...
Processing callees...
Preprocessing...
processing finished
start to summarize...
Generating intra-procedural summaries...
Processing callees...
Preprocessing...
processing finished
start to summarize...
Generating intra-procedural summaries...
Processing callees...
Preprocessing...
processing finished
start to summarize...
Generating intra-procedural summaries...
Processing callees...
Validating......
Applying path checker with solver...
Constructing solving program...
Solver-aided path checker succeeded...
Applying path checker with solver...
Constructing solving program...
Solver-aided path checker succeeded...
finish validate
Reporting......
Report generated!

finish report
===================================================
242  /  666 

CWE80_XSS__Servlet_connect_tcp_45 

{'input_token_cost': 8461, 'output_token_cost': 867, 'analysis_result': {'TPs': 1, 'FPs': 0}, 'ground_truth': {'TPs': 1, 'FPs': 1}, 'single time cost': 12.05825924873352} 

===================================================


Start to analyze the case  243 out of  666
/scratch/local/w.nimit/1853/LLMDFA/benchmark/juliet-test-suite-XSS_simplified/CWE80_XSS/s01/CWE80_XSS__Servlet_database_01.java
Analyzing......
Preprocessing...
processing finished
start to summarize...
Generating intra-procedural summaries...
Processing callees...
Preprocessing...
processing finished
start to summarize...
Generating intra-procedural summaries...
Processing callees...
Preprocessing...
processing finished
start to summarize...
Generating intra-procedural summaries...
Processing callees...
Validating......
Applying path checker with solver...
Constructing solving program...
Solver-aided path checker succeeded...
finish validate
Reporting......
Report generated!

finish report
===================================================
243  /  666 

CWE80_XSS__Servlet_database_01 

{'input_token_cost': 1990, 'output_token_cost': 206, 'analysis_result': {'TPs': 1, 'FPs': 0}, 'ground_truth': {'TPs': 1, 'FPs': 1}, 'single time cost': 2.765697479248047} 

===================================================


Start to analyze the case  244 out of  666
/scratch/local/w.nimit/1853/LLMDFA/benchmark/juliet-test-suite-XSS_simplified/CWE80_XSS/s01/CWE80_XSS__Servlet_database_02.java
Analyzing......
Preprocessing...
processing finished
start to summarize...
Generating intra-procedural summaries...
Processing callees...
Preprocessing...
processing finished
start to summarize...
Generating intra-procedural summaries...
Processing callees...
Preprocessing...
processing finished
start to summarize...
Generating intra-procedural summaries...
Processing callees...
Preprocessing...
processing finished
start to summarize...
Generating intra-procedural summaries...
Processing callees...
Validating......
Applying path checker with solver...
Constructing solving program...
Solver-aided path checker succeeded...
finish validate
Reporting......
Report generated!

finish report
===================================================
244  /  666 

CWE80_XSS__Servlet_database_02 

{'input_token_cost': 2020, 'output_token_cost': 197, 'analysis_result': {'TPs': 1, 'FPs': 0}, 'ground_truth': {'TPs': 1, 'FPs': 2}, 'single time cost': 2.7041139602661133} 

===================================================


Start to analyze the case  245 out of  666
/scratch/local/w.nimit/1853/LLMDFA/benchmark/juliet-test-suite-XSS_simplified/CWE80_XSS/s01/CWE80_XSS__Servlet_database_03.java
Analyzing......
Preprocessing...
processing finished
start to summarize...
Generating intra-procedural summaries...
Processing callees...
Preprocessing...
processing finished
start to summarize...
Generating intra-procedural summaries...
Processing callees...
Preprocessing...
processing finished
start to summarize...
Generating intra-procedural summaries...
Processing callees...
Preprocessing...
processing finished
start to summarize...
Generating intra-procedural summaries...
Processing callees...
Validating......
finish validate
Reporting......
Report generated!

finish report
===================================================
245  /  666 

CWE80_XSS__Servlet_database_03 

{'input_token_cost': 1505, 'output_token_cost': 123, 'analysis_result': {'TPs': 0, 'FPs': 0}, 'ground_truth': {'TPs': 1, 'FPs': 2}, 'single time cost': 1.5872845649719238} 

===================================================


Start to analyze the case  246 out of  666
/scratch/local/w.nimit/1853/LLMDFA/benchmark/juliet-test-suite-XSS_simplified/CWE80_XSS/s01/CWE80_XSS__Servlet_database_04.java
Analyzing......
Preprocessing...
processing finished
start to summarize...
Generating intra-procedural summaries...
Processing callees...
Preprocessing...
processing finished
start to summarize...
Generating intra-procedural summaries...
Processing callees...
Preprocessing...
processing finished
start to summarize...
Generating intra-procedural summaries...
Processing callees...
Preprocessing...
processing finished
start to summarize...
Generating intra-procedural summaries...
Processing callees...
Validating......
finish validate
Reporting......
Report generated!

finish report
===================================================
246  /  666 

CWE80_XSS__Servlet_database_04 

{'input_token_cost': 1505, 'output_token_cost': 123, 'analysis_result': {'TPs': 0, 'FPs': 0}, 'ground_truth': {'TPs': 1, 'FPs': 2}, 'single time cost': 1.5954604148864746} 

===================================================


Start to analyze the case  247 out of  666
/scratch/local/w.nimit/1853/LLMDFA/benchmark/juliet-test-suite-XSS_simplified/CWE80_XSS/s01/CWE80_XSS__Servlet_database_05.java
Analyzing......
Preprocessing...
processing finished
start to summarize...
Generating intra-procedural summaries...
Processing callees...
Preprocessing...
processing finished
start to summarize...
Generating intra-procedural summaries...
Processing callees...
Preprocessing...
processing finished
start to summarize...
Generating intra-procedural summaries...
Processing callees...
Preprocessing...
processing finished
start to summarize...
Generating intra-procedural summaries...
Processing callees...
Validating......
Applying path checker with solver...
Constructing solving program...
Constructing solving program...
Solver-aided path checker succeeded...
finish validate
Reporting......
Report generated!

finish report
===================================================
247  /  666 

CWE80_XSS__Servlet_database_05 

{'input_token_cost': 2649, 'output_token_cost': 308, 'analysis_result': {'TPs': 1, 'FPs': 0}, 'ground_truth': {'TPs': 1, 'FPs': 2}, 'single time cost': 4.191589593887329} 

===================================================


Start to analyze the case  248 out of  666
/scratch/local/w.nimit/1853/LLMDFA/benchmark/juliet-test-suite-XSS_simplified/CWE80_XSS/s01/CWE80_XSS__Servlet_database_06.java
Analyzing......
Preprocessing...
processing finished
start to summarize...
Generating intra-procedural summaries...
Processing callees...
Preprocessing...
processing finished
start to summarize...
Generating intra-procedural summaries...
Processing callees...
Preprocessing...
processing finished
start to summarize...
Generating intra-procedural summaries...
Processing callees...
Preprocessing...
processing finished
start to summarize...
Generating intra-procedural summaries...
Processing callees...
Validating......
Applying path checker with solver...
Constructing solving program...
Constructing solving program...
Solver-aided path checker succeeded...
finish validate
Reporting......
Report generated!

finish report
===================================================
248  /  666 

CWE80_XSS__Servlet_database_06 

{'input_token_cost': 2677, 'output_token_cost': 360, 'analysis_result': {'TPs': 1, 'FPs': 0}, 'ground_truth': {'TPs': 1, 'FPs': 2}, 'single time cost': 5.034810781478882} 

===================================================


Start to analyze the case  249 out of  666
/scratch/local/w.nimit/1853/LLMDFA/benchmark/juliet-test-suite-XSS_simplified/CWE80_XSS/s01/CWE80_XSS__Servlet_database_07.java
Analyzing......
Preprocessing...
processing finished
start to summarize...
Generating intra-procedural summaries...
Processing callees...
Preprocessing...
processing finished
start to summarize...
Generating intra-procedural summaries...
Processing callees...
Preprocessing...
processing finished
start to summarize...
Generating intra-procedural summaries...
Processing callees...
Preprocessing...
processing finished
start to summarize...
Generating intra-procedural summaries...
Processing callees...
Validating......
Applying path checker with solver...
Constructing solving program...
Constructing solving program...
Solver-aided path checker succeeded...
finish validate
Reporting......
Report generated!

finish report
===================================================
249  /  666 

CWE80_XSS__Servlet_database_07 

{'input_token_cost': 2662, 'output_token_cost': 343, 'analysis_result': {'TPs': 1, 'FPs': 0}, 'ground_truth': {'TPs': 1, 'FPs': 2}, 'single time cost': 4.814617156982422} 

===================================================


Start to analyze the case  250 out of  666
/scratch/local/w.nimit/1853/LLMDFA/benchmark/juliet-test-suite-XSS_simplified/CWE80_XSS/s01/CWE80_XSS__Servlet_database_08.java
Analyzing......
Preprocessing...
processing finished
start to summarize...
Generating intra-procedural summaries...
Processing callees...
Preprocessing...
processing finished
start to summarize...
Generating intra-procedural summaries...
Processing callees...
Preprocessing...
processing finished
start to summarize...
Generating intra-procedural summaries...
Processing callees...
Preprocessing...
processing finished
start to summarize...
Generating intra-procedural summaries...
Processing callees...
Preprocessing...
processing finished
start to summarize...
Generating intra-procedural summaries...
Processing callees...
Preprocessing...
processing finished
start to summarize...
Generating intra-procedural summaries...
Processing callees...
start to summarize...
Generating intra-procedural summaries...
Processing callees...
Validating......
Applying path checker with solver...
Constructing solving program...
Constructing solving program...
Solver-aided path checker succeeded...
finish validate
Reporting......
Report generated!

finish report
===================================================
250  /  666 

CWE80_XSS__Servlet_database_08 

{'input_token_cost': 2542, 'output_token_cost': 312, 'analysis_result': {'TPs': 1, 'FPs': 0}, 'ground_truth': {'TPs': 1, 'FPs': 2}, 'single time cost': 4.3042426109313965} 

===================================================


Start to analyze the case  251 out of  666
/scratch/local/w.nimit/1853/LLMDFA/benchmark/juliet-test-suite-XSS_simplified/CWE80_XSS/s01/CWE80_XSS__Servlet_database_09.java
Analyzing......
Preprocessing...
processing finished
start to summarize...
Generating intra-procedural summaries...
Processing callees...
Preprocessing...
processing finished
start to summarize...
Generating intra-procedural summaries...
Processing callees...
Preprocessing...
processing finished
start to summarize...
Generating intra-procedural summaries...
Processing callees...
Preprocessing...
processing finished
start to summarize...
Generating intra-procedural summaries...
Processing callees...
Validating......
finish validate
Reporting......
Report generated!

finish report
===================================================
251  /  666 

CWE80_XSS__Servlet_database_09 

{'input_token_cost': 1506, 'output_token_cost': 123, 'analysis_result': {'TPs': 0, 'FPs': 0}, 'ground_truth': {'TPs': 1, 'FPs': 2}, 'single time cost': 1.5829055309295654} 

===================================================


Start to analyze the case  252 out of  666
/scratch/local/w.nimit/1853/LLMDFA/benchmark/juliet-test-suite-XSS_simplified/CWE80_XSS/s01/CWE80_XSS__Servlet_database_10.java
Analyzing......
Preprocessing...
processing finished
start to summarize...
Generating intra-procedural summaries...
Processing callees...
Preprocessing...
processing finished
start to summarize...
Generating intra-procedural summaries...
Processing callees...
Preprocessing...
processing finished
start to summarize...
Generating intra-procedural summaries...
Processing callees...
Preprocessing...
processing finished
start to summarize...
Generating intra-procedural summaries...
Processing callees...
Validating......
finish validate
Reporting......
Report generated!

finish report
===================================================
252  /  666 

CWE80_XSS__Servlet_database_10 

{'input_token_cost': 1504, 'output_token_cost': 123, 'analysis_result': {'TPs': 0, 'FPs': 0}, 'ground_truth': {'TPs': 1, 'FPs': 2}, 'single time cost': 1.5866942405700684} 

===================================================


Start to analyze the case  253 out of  666
/scratch/local/w.nimit/1853/LLMDFA/benchmark/juliet-test-suite-XSS_simplified/CWE80_XSS/s01/CWE80_XSS__Servlet_database_11.java
Analyzing......
Preprocessing...
processing finished
start to summarize...
Generating intra-procedural summaries...
Processing callees...
Preprocessing...
processing finished
start to summarize...
Generating intra-procedural summaries...
Processing callees...
Preprocessing...
processing finished
start to summarize...
Generating intra-procedural summaries...
Processing callees...
Preprocessing...
processing finished
start to summarize...
Generating intra-procedural summaries...
Processing callees...
Validating......
Applying path checker with solver...
Constructing solving program...
Refining solving program...
Constructing solving program...
Solver-aided path checker succeeded...
finish validate
Reporting......
Report generated!

finish report
===================================================
253  /  666 

CWE80_XSS__Servlet_database_11 

{'input_token_cost': 2815, 'output_token_cost': 474, 'analysis_result': {'TPs': 1, 'FPs': 0}, 'ground_truth': {'TPs': 1, 'FPs': 2}, 'single time cost': 6.392303943634033} 

===================================================


Start to analyze the case  254 out of  666
/scratch/local/w.nimit/1853/LLMDFA/benchmark/juliet-test-suite-XSS_simplified/CWE80_XSS/s01/CWE80_XSS__Servlet_database_12.java
Analyzing......
Preprocessing...
processing finished
start to summarize...
Generating intra-procedural summaries...
Processing callees...
Preprocessing...
processing finished
start to summarize...
Generating intra-procedural summaries...
Processing callees...
Preprocessing...
processing finished
start to summarize...
Generating intra-procedural summaries...
Processing callees...
Validating......
Applying path checker with solver...
Constructing solving program...
Refining solving program...
Constructing solving program...
Solver-aided path checker succeeded...
finish validate
Reporting......
Report generated!

finish report
===================================================
254  /  666 

CWE80_XSS__Servlet_database_12 

{'input_token_cost': 2835, 'output_token_cost': 526, 'analysis_result': {'TPs': 1, 'FPs': 0}, 'ground_truth': {'TPs': 1, 'FPs': 1}, 'single time cost': 7.013431072235107} 

===================================================


Start to analyze the case  255 out of  666
/scratch/local/w.nimit/1853/LLMDFA/benchmark/juliet-test-suite-XSS_simplified/CWE80_XSS/s01/CWE80_XSS__Servlet_database_13.java
Analyzing......
Preprocessing...
processing finished
start to summarize...
Generating intra-procedural summaries...
Processing callees...
Preprocessing...
processing finished
start to summarize...
Generating intra-procedural summaries...
Processing callees...
Preprocessing...
processing finished
start to summarize...
Generating intra-procedural summaries...
Processing callees...
Preprocessing...
processing finished
start to summarize...
Generating intra-procedural summaries...
Processing callees...
Validating......
Applying path checker with solver...
Constructing solving program...
Constructing solving program...
Solver-aided path checker succeeded...
finish validate
Reporting......
Report generated!

finish report
===================================================
255  /  666 

CWE80_XSS__Servlet_database_13 

{'input_token_cost': 2682, 'output_token_cost': 359, 'analysis_result': {'TPs': 1, 'FPs': 0}, 'ground_truth': {'TPs': 1, 'FPs': 2}, 'single time cost': 4.985054016113281} 

===================================================


Start to analyze the case  256 out of  666
/scratch/local/w.nimit/1853/LLMDFA/benchmark/juliet-test-suite-XSS_simplified/CWE80_XSS/s01/CWE80_XSS__Servlet_database_14.java
Analyzing......
Preprocessing...
processing finished
start to summarize...
Generating intra-procedural summaries...
Processing callees...
Preprocessing...
processing finished
start to summarize...
Generating intra-procedural summaries...
Processing callees...
Preprocessing...
processing finished
start to summarize...
Generating intra-procedural summaries...
Processing callees...
Preprocessing...
processing finished
start to summarize...
Generating intra-procedural summaries...
Processing callees...
Validating......
Applying path checker with solver...
Constructing solving program...
Constructing solving program...
Solver-aided path checker succeeded...
finish validate
Reporting......
Report generated!

finish report
===================================================
256  /  666 

CWE80_XSS__Servlet_database_14 

{'input_token_cost': 2667, 'output_token_cost': 335, 'analysis_result': {'TPs': 1, 'FPs': 0}, 'ground_truth': {'TPs': 1, 'FPs': 2}, 'single time cost': 4.5832741260528564} 

===================================================


Start to analyze the case  257 out of  666
/scratch/local/w.nimit/1853/LLMDFA/benchmark/juliet-test-suite-XSS_simplified/CWE80_XSS/s01/CWE80_XSS__Servlet_database_15.java
Analyzing......
Preprocessing...
processing finished
start to summarize...
Generating intra-procedural summaries...
Processing callees...
Preprocessing...
processing finished
start to summarize...
Generating intra-procedural summaries...
Processing callees...
Preprocessing...
processing finished
start to summarize...
Generating intra-procedural summaries...
Processing callees...
Preprocessing...
processing finished
start to summarize...
Generating intra-procedural summaries...
Processing callees...
Validating......
Applying path checker with solver...
Constructing solving program...
Solver-aided path checker succeeded...
finish validate
Reporting......
Report generated!

finish report
===================================================
257  /  666 

CWE80_XSS__Servlet_database_15 

{'input_token_cost': 2036, 'output_token_cost': 209, 'analysis_result': {'TPs': 1, 'FPs': 0}, 'ground_truth': {'TPs': 1, 'FPs': 2}, 'single time cost': 2.7896676063537598} 

===================================================


Start to analyze the case  258 out of  666
/scratch/local/w.nimit/1853/LLMDFA/benchmark/juliet-test-suite-XSS_simplified/CWE80_XSS/s01/CWE80_XSS__Servlet_database_16.java
Analyzing......
Preprocessing...
processing finished
start to summarize...
Generating intra-procedural summaries...
Processing callees...
Preprocessing...
processing finished
start to summarize...
Generating intra-procedural summaries...
Processing callees...
Preprocessing...
processing finished
start to summarize...
Generating intra-procedural summaries...
Processing callees...
Validating......
Applying path checker with solver...
Constructing solving program...
Solver-aided path checker succeeded...
finish validate
Reporting......
Report generated!

finish report
===================================================
258  /  666 

CWE80_XSS__Servlet_database_16 

{'input_token_cost': 1998, 'output_token_cost': 218, 'analysis_result': {'TPs': 1, 'FPs': 0}, 'ground_truth': {'TPs': 1, 'FPs': 1}, 'single time cost': 2.9064888954162598} 

===================================================


Start to analyze the case  259 out of  666
/scratch/local/w.nimit/1853/LLMDFA/benchmark/juliet-test-suite-XSS_simplified/CWE80_XSS/s01/CWE80_XSS__Servlet_database_17.java
Analyzing......
Preprocessing...
processing finished
start to summarize...
Generating intra-procedural summaries...
Processing callees...
Preprocessing...
processing finished
start to summarize...
Generating intra-procedural summaries...
Processing callees...
Preprocessing...
processing finished
start to summarize...
Generating intra-procedural summaries...
Processing callees...
Validating......
Applying path checker with solver...
Constructing solving program...
Solver-aided path checker succeeded...
finish validate
Reporting......
Report generated!

finish report
===================================================
259  /  666 

CWE80_XSS__Servlet_database_17 

{'input_token_cost': 2015, 'output_token_cost': 220, 'analysis_result': {'TPs': 1, 'FPs': 0}, 'ground_truth': {'TPs': 1, 'FPs': 1}, 'single time cost': 2.927461624145508} 

===================================================


Start to analyze the case  260 out of  666
/scratch/local/w.nimit/1853/LLMDFA/benchmark/juliet-test-suite-XSS_simplified/CWE80_XSS/s01/CWE80_XSS__Servlet_database_21.java
Analyzing......
Preprocessing...
processing finished
start to summarize...
Generating intra-procedural summaries...
Processing callees...
Preprocessing...
processing finished
start to summarize...
Generating intra-procedural summaries...
Processing callees...
Preprocessing...
processing finished
start to summarize...
Generating intra-procedural summaries...
Processing callees...
Preprocessing...
processing finished
start to summarize...
Generating intra-procedural summaries...
Processing callees...
Preprocessing...
processing finished
start to summarize...
Generating intra-procedural summaries...
Processing callees...
Preprocessing...
processing finished
start to summarize...
Generating intra-procedural summaries...
Processing callees...
Preprocessing...
processing finished
start to summarize...
Generating intra-procedural summaries...
Processing callees...
Validating......
Applying path checker with solver...
Constructing solving program...
Constructing solving program...
Solver-aided path checker succeeded...
finish validate
Reporting......
Report generated!

finish report
===================================================
260  /  666 

CWE80_XSS__Servlet_database_21 

{'input_token_cost': 15897, 'output_token_cost': 1587, 'analysis_result': {'TPs': 0, 'FPs': 0}, 'ground_truth': {'TPs': 1, 'FPs': 2}, 'single time cost': 20.516539812088013} 

===================================================


Start to analyze the case  261 out of  666
/scratch/local/w.nimit/1853/LLMDFA/benchmark/juliet-test-suite-XSS_simplified/CWE80_XSS/s01/CWE80_XSS__Servlet_database_31.java
Analyzing......
Preprocessing...
processing finished
start to summarize...
Generating intra-procedural summaries...
Processing callees...
Preprocessing...
processing finished
start to summarize...
Generating intra-procedural summaries...
Processing callees...
Preprocessing...
processing finished
start to summarize...
Generating intra-procedural summaries...
Processing callees...
Validating......
Applying path checker with solver...
Constructing solving program...
Solver-aided path checker succeeded...
finish validate
Reporting......
Report generated!

finish report
===================================================
261  /  666 

CWE80_XSS__Servlet_database_31 

{'input_token_cost': 2041, 'output_token_cost': 217, 'analysis_result': {'TPs': 1, 'FPs': 0}, 'ground_truth': {'TPs': 1, 'FPs': 1}, 'single time cost': 2.9025044441223145} 

===================================================


Start to analyze the case  262 out of  666
/scratch/local/w.nimit/1853/LLMDFA/benchmark/juliet-test-suite-XSS_simplified/CWE80_XSS/s01/CWE80_XSS__Servlet_database_41.java
Analyzing......
Preprocessing...
processing finished
start to summarize...
Generating intra-procedural summaries...
Processing callees...
Preprocessing...
processing finished
start to summarize...
Generating intra-procedural summaries...
Processing callees...
Preprocessing...
processing finished
start to summarize...
Generating intra-procedural summaries...
Processing callees...
Preprocessing...
processing finished
start to summarize...
Generating intra-procedural summaries...
Processing callees...
Preprocessing...
processing finished
start to summarize...
Generating intra-procedural summaries...
Processing callees...
Validating......
Applying path checker with solver...
Constructing solving program...
Solver-aided path checker succeeded...
finish validate
Reporting......
Report generated!

finish report
===================================================
262  /  666 

CWE80_XSS__Servlet_database_41 

{'input_token_cost': 5782, 'output_token_cost': 462, 'analysis_result': {'TPs': 1, 'FPs': 0}, 'ground_truth': {'TPs': 1, 'FPs': 1}, 'single time cost': 6.172224760055542} 

===================================================


Start to analyze the case  263 out of  666
/scratch/local/w.nimit/1853/LLMDFA/benchmark/juliet-test-suite-XSS_simplified/CWE80_XSS/s01/CWE80_XSS__Servlet_database_42.java
Analyzing......
Preprocessing...
processing finished
start to summarize...
Generating intra-procedural summaries...
Processing callees...
Preprocessing...
processing finished
start to summarize...
Generating intra-procedural summaries...
Processing callees...
Preprocessing...
processing finished
start to summarize...
Generating intra-procedural summaries...
Processing callees...
Preprocessing...
processing finished
start to summarize...
Generating intra-procedural summaries...
Processing callees...
Preprocessing...
processing finished
start to summarize...
Generating intra-procedural summaries...
Processing callees...
Validating......
Applying path checker with solver...
Constructing solving program...
Solver-aided path checker succeeded...
finish validate
Reporting......
Report generated!

finish report
===================================================
263  /  666 

CWE80_XSS__Servlet_database_42 

{'input_token_cost': 8753, 'output_token_cost': 653, 'analysis_result': {'TPs': 1, 'FPs': 0}, 'ground_truth': {'TPs': 1, 'FPs': 1}, 'single time cost': 8.72935152053833} 

===================================================


Start to analyze the case  264 out of  666
/scratch/local/w.nimit/1853/LLMDFA/benchmark/juliet-test-suite-XSS_simplified/CWE80_XSS/s01/CWE80_XSS__Servlet_database_45.java
Analyzing......
Preprocessing...
processing finished
start to summarize...
Generating intra-procedural summaries...
Processing callees...
Preprocessing...
processing finished
start to summarize...
Generating intra-procedural summaries...
Processing callees...
Preprocessing...
processing finished
start to summarize...
Generating intra-procedural summaries...
Processing callees...
Preprocessing...
processing finished
start to summarize...
Generating intra-procedural summaries...
Processing callees...
Preprocessing...
processing finished
start to summarize...
Generating intra-procedural summaries...
Processing callees...
Validating......
Applying path checker with solver...
Constructing solving program...
Solver-aided path checker succeeded...
finish validate
Reporting......
Report generated!

finish report
===================================================
264  /  666 

CWE80_XSS__Servlet_database_45 

{'input_token_cost': 6845, 'output_token_cost': 646, 'analysis_result': {'TPs': 1, 'FPs': 0}, 'ground_truth': {'TPs': 1, 'FPs': 1}, 'single time cost': 8.36400818824768} 

===================================================


Start to analyze the case  265 out of  666
/scratch/local/w.nimit/1853/LLMDFA/benchmark/juliet-test-suite-XSS_simplified/CWE80_XSS/s01/CWE80_XSS__Servlet_getCookies_Servlet_01.java
Analyzing......
Preprocessing...
processing finished
start to summarize...
Generating intra-procedural summaries...
Processing callees...
Preprocessing...
processing finished
start to summarize...
Generating intra-procedural summaries...
Processing callees...
Preprocessing...
processing finished
start to summarize...
Generating intra-procedural summaries...
Processing callees...
Validating......
Applying path checker with solver...
Constructing solving program...
Solver-aided path checker succeeded...
finish validate
Reporting......
Report generated!

finish report
===================================================
265  /  666 

CWE80_XSS__Servlet_getCookies_Servlet_01 

{'input_token_cost': 1617, 'output_token_cost': 238, 'analysis_result': {'TPs': 1, 'FPs': 0}, 'ground_truth': {'TPs': 1, 'FPs': 1}, 'single time cost': 3.228039026260376} 

===================================================


Start to analyze the case  266 out of  666
/scratch/local/w.nimit/1853/LLMDFA/benchmark/juliet-test-suite-XSS_simplified/CWE80_XSS/s01/CWE80_XSS__Servlet_getCookies_Servlet_02.java
Analyzing......
Preprocessing...
processing finished
start to summarize...
Generating intra-procedural summaries...
Processing callees...
Preprocessing...
processing finished
start to summarize...
Generating intra-procedural summaries...
Processing callees...
Preprocessing...
processing finished
start to summarize...
Generating intra-procedural summaries...
Processing callees...
Preprocessing...
processing finished
start to summarize...
Generating intra-procedural summaries...
Processing callees...
Validating......
Applying path checker with solver...
Constructing solving program...
Solver-aided path checker succeeded...
finish validate
Reporting......
Report generated!

finish report
===================================================
266  /  666 

CWE80_XSS__Servlet_getCookies_Servlet_02 

{'input_token_cost': 1659, 'output_token_cost': 226, 'analysis_result': {'TPs': 1, 'FPs': 0}, 'ground_truth': {'TPs': 1, 'FPs': 2}, 'single time cost': 3.0223143100738525} 

===================================================


Start to analyze the case  267 out of  666
/scratch/local/w.nimit/1853/LLMDFA/benchmark/juliet-test-suite-XSS_simplified/CWE80_XSS/s01/CWE80_XSS__Servlet_getCookies_Servlet_03.java
Analyzing......
Preprocessing...
processing finished
start to summarize...
Generating intra-procedural summaries...
Processing callees...
Preprocessing...
processing finished
start to summarize...
Generating intra-procedural summaries...
Processing callees...
Preprocessing...
processing finished
start to summarize...
Generating intra-procedural summaries...
Processing callees...
Preprocessing...
processing finished
start to summarize...
Generating intra-procedural summaries...
Processing callees...
Validating......
Applying path checker with solver...
Constructing solving program...
Constructing solving program...
Solver-aided path checker succeeded...
finish validate
Reporting......
Report generated!

finish report
===================================================
267  /  666 

CWE80_XSS__Servlet_getCookies_Servlet_03 

{'input_token_cost': 2181, 'output_token_cost': 337, 'analysis_result': {'TPs': 1, 'FPs': 0}, 'ground_truth': {'TPs': 1, 'FPs': 2}, 'single time cost': 4.607491493225098} 

===================================================


Start to analyze the case  268 out of  666
/scratch/local/w.nimit/1853/LLMDFA/benchmark/juliet-test-suite-XSS_simplified/CWE80_XSS/s01/CWE80_XSS__Servlet_getCookies_Servlet_04.java
Analyzing......
Preprocessing...
processing finished
start to summarize...
Generating intra-procedural summaries...
Processing callees...
Preprocessing...
processing finished
start to summarize...
Generating intra-procedural summaries...
Processing callees...
Preprocessing...
processing finished
start to summarize...
Generating intra-procedural summaries...
Processing callees...
Preprocessing...
processing finished
start to summarize...
Generating intra-procedural summaries...
Processing callees...
Validating......
Applying path checker with solver...
Constructing solving program...
Constructing solving program...
Solver-aided path checker succeeded...
finish validate
Reporting......
Report generated!

finish report
===================================================
268  /  666 

CWE80_XSS__Servlet_getCookies_Servlet_04 

{'input_token_cost': 2294, 'output_token_cost': 385, 'analysis_result': {'TPs': 1, 'FPs': 0}, 'ground_truth': {'TPs': 1, 'FPs': 2}, 'single time cost': 5.204730272293091} 

===================================================


Start to analyze the case  269 out of  666
/scratch/local/w.nimit/1853/LLMDFA/benchmark/juliet-test-suite-XSS_simplified/CWE80_XSS/s01/CWE80_XSS__Servlet_getCookies_Servlet_05.java
Analyzing......
Preprocessing...
processing finished
start to summarize...
Generating intra-procedural summaries...
Processing callees...
Preprocessing...
processing finished
start to summarize...
Generating intra-procedural summaries...
Processing callees...
Preprocessing...
processing finished
start to summarize...
Generating intra-procedural summaries...
Processing callees...
Preprocessing...
processing finished
start to summarize...
Generating intra-procedural summaries...
Processing callees...
Validating......
Applying path checker with solver...
Constructing solving program...
Constructing solving program...
Solver-aided path checker succeeded...
finish validate
Reporting......
Report generated!

finish report
===================================================
269  /  666 

CWE80_XSS__Servlet_getCookies_Servlet_05 

{'input_token_cost': 2284, 'output_token_cost': 398, 'analysis_result': {'TPs': 1, 'FPs': 0}, 'ground_truth': {'TPs': 1, 'FPs': 2}, 'single time cost': 5.316128730773926} 

===================================================


Start to analyze the case  270 out of  666
/scratch/local/w.nimit/1853/LLMDFA/benchmark/juliet-test-suite-XSS_simplified/CWE80_XSS/s01/CWE80_XSS__Servlet_getCookies_Servlet_06.java
Analyzing......
Preprocessing...
processing finished
start to summarize...
Generating intra-procedural summaries...
Processing callees...
Preprocessing...
processing finished
start to summarize...
Generating intra-procedural summaries...
Processing callees...
Preprocessing...
processing finished
start to summarize...
Generating intra-procedural summaries...
Processing callees...
Preprocessing...
processing finished
start to summarize...
Generating intra-procedural summaries...
Processing callees...
Validating......
Applying path checker with solver...
Constructing solving program...
Constructing solving program...
Solver-aided path checker succeeded...
finish validate
Reporting......
Report generated!

finish report
===================================================
270  /  666 

CWE80_XSS__Servlet_getCookies_Servlet_06 

{'input_token_cost': 2312, 'output_token_cost': 379, 'analysis_result': {'TPs': 1, 'FPs': 0}, 'ground_truth': {'TPs': 1, 'FPs': 2}, 'single time cost': 5.127269506454468} 

===================================================


Start to analyze the case  271 out of  666
/scratch/local/w.nimit/1853/LLMDFA/benchmark/juliet-test-suite-XSS_simplified/CWE80_XSS/s01/CWE80_XSS__Servlet_getCookies_Servlet_07.java
Analyzing......
Preprocessing...
processing finished
start to summarize...
Generating intra-procedural summaries...
Processing callees...
Preprocessing...
processing finished
start to summarize...
Generating intra-procedural summaries...
Processing callees...
Preprocessing...
processing finished
start to summarize...
Generating intra-procedural summaries...
Processing callees...
Preprocessing...
processing finished
start to summarize...
Generating intra-procedural summaries...
Processing callees...
Validating......
Applying path checker with solver...
Constructing solving program...
Constructing solving program...
Solver-aided path checker succeeded...
finish validate
Reporting......
Report generated!

finish report
===================================================
271  /  666 

CWE80_XSS__Servlet_getCookies_Servlet_07 

{'input_token_cost': 2297, 'output_token_cost': 359, 'analysis_result': {'TPs': 1, 'FPs': 0}, 'ground_truth': {'TPs': 1, 'FPs': 2}, 'single time cost': 4.8344175815582275} 

===================================================


Start to analyze the case  272 out of  666
/scratch/local/w.nimit/1853/LLMDFA/benchmark/juliet-test-suite-XSS_simplified/CWE80_XSS/s01/CWE80_XSS__Servlet_getCookies_Servlet_08.java
Analyzing......
Preprocessing...
processing finished
start to summarize...
Generating intra-procedural summaries...
Processing callees...
Preprocessing...
processing finished
start to summarize...
Generating intra-procedural summaries...
Processing callees...
Preprocessing...
processing finished
start to summarize...
Generating intra-procedural summaries...
Processing callees...
Preprocessing...
processing finished
start to summarize...
Generating intra-procedural summaries...
Processing callees...
Preprocessing...
processing finished
start to summarize...
Generating intra-procedural summaries...
Processing callees...
Preprocessing...
processing finished
start to summarize...
Generating intra-procedural summaries...
Processing callees...
start to summarize...
Generating intra-procedural summaries...
Processing callees...
Validating......
Applying path checker with solver...
Constructing solving program...
Constructing solving program...
Solver-aided path checker succeeded...
finish validate
Reporting......
Report generated!

finish report
===================================================
272  /  666 

CWE80_XSS__Servlet_getCookies_Servlet_08 

{'input_token_cost': 2178, 'output_token_cost': 331, 'analysis_result': {'TPs': 1, 'FPs': 0}, 'ground_truth': {'TPs': 1, 'FPs': 2}, 'single time cost': 4.539048910140991} 

===================================================


Start to analyze the case  273 out of  666
/scratch/local/w.nimit/1853/LLMDFA/benchmark/juliet-test-suite-XSS_simplified/CWE80_XSS/s01/CWE80_XSS__Servlet_getCookies_Servlet_09.java
Analyzing......
Preprocessing...
processing finished
start to summarize...
Generating intra-procedural summaries...
Processing callees...
Preprocessing...
processing finished
start to summarize...
Generating intra-procedural summaries...
Processing callees...
Preprocessing...
processing finished
start to summarize...
Generating intra-procedural summaries...
Processing callees...
Preprocessing...
processing finished
start to summarize...
Generating intra-procedural summaries...
Processing callees...
Validating......
Applying path checker with solver...
Constructing solving program...
Constructing solving program...
Solver-aided path checker succeeded...
finish validate
Reporting......
Report generated!

finish report
===================================================
273  /  666 

CWE80_XSS__Servlet_getCookies_Servlet_09 

{'input_token_cost': 2299, 'output_token_cost': 409, 'analysis_result': {'TPs': 1, 'FPs': 0}, 'ground_truth': {'TPs': 1, 'FPs': 2}, 'single time cost': 5.572384834289551} 

===================================================


Start to analyze the case  274 out of  666
/scratch/local/w.nimit/1853/LLMDFA/benchmark/juliet-test-suite-XSS_simplified/CWE80_XSS/s01/CWE80_XSS__Servlet_getCookies_Servlet_10.java
Analyzing......
Preprocessing...
processing finished
start to summarize...
Generating intra-procedural summaries...
Processing callees...
Preprocessing...
processing finished
start to summarize...
Generating intra-procedural summaries...
Processing callees...
Preprocessing...
processing finished
start to summarize...
Generating intra-procedural summaries...
Processing callees...
Preprocessing...
processing finished
start to summarize...
Generating intra-procedural summaries...
Processing callees...
Validating......
Applying path checker with solver...
Constructing solving program...
Constructing solving program...
Solver-aided path checker succeeded...
finish validate
Reporting......
Report generated!

finish report
===================================================
274  /  666 

CWE80_XSS__Servlet_getCookies_Servlet_10 

{'input_token_cost': 2289, 'output_token_cost': 393, 'analysis_result': {'TPs': 1, 'FPs': 0}, 'ground_truth': {'TPs': 1, 'FPs': 2}, 'single time cost': 5.240853548049927} 

===================================================


Start to analyze the case  275 out of  666
/scratch/local/w.nimit/1853/LLMDFA/benchmark/juliet-test-suite-XSS_simplified/CWE80_XSS/s01/CWE80_XSS__Servlet_getCookies_Servlet_11.java
Analyzing......
Preprocessing...
processing finished
start to summarize...
Generating intra-procedural summaries...
Processing callees...
Preprocessing...
processing finished
start to summarize...
Generating intra-procedural summaries...
Processing callees...
Preprocessing...
processing finished
start to summarize...
Generating intra-procedural summaries...
Processing callees...
Preprocessing...
processing finished
start to summarize...
Generating intra-procedural summaries...
Processing callees...
Validating......
Applying path checker with solver...
Constructing solving program...
Constructing solving program...
Refining solving program...
Solver-aided path checker succeeded...
finish validate
Reporting......
Report generated!

finish report
===================================================
275  /  666 

CWE80_XSS__Servlet_getCookies_Servlet_11 

{'input_token_cost': 2451, 'output_token_cost': 485, 'analysis_result': {'TPs': 1, 'FPs': 0}, 'ground_truth': {'TPs': 1, 'FPs': 2}, 'single time cost': 6.797895908355713} 

===================================================


Start to analyze the case  276 out of  666
/scratch/local/w.nimit/1853/LLMDFA/benchmark/juliet-test-suite-XSS_simplified/CWE80_XSS/s01/CWE80_XSS__Servlet_getCookies_Servlet_12.java
Analyzing......
Preprocessing...
processing finished
start to summarize...
Generating intra-procedural summaries...
Processing callees...
Preprocessing...
processing finished
start to summarize...
Generating intra-procedural summaries...
Processing callees...
Preprocessing...
processing finished
start to summarize...
Generating intra-procedural summaries...
Processing callees...
Validating......
Applying path checker with solver...
Constructing solving program...
Constructing solving program...
Refining solving program...
Solver-aided path checker succeeded...
finish validate
Reporting......
Report generated!

finish report
===================================================
276  /  666 

CWE80_XSS__Servlet_getCookies_Servlet_12 

{'input_token_cost': 2470, 'output_token_cost': 538, 'analysis_result': {'TPs': 1, 'FPs': 0}, 'ground_truth': {'TPs': 1, 'FPs': 1}, 'single time cost': 7.189988136291504} 

===================================================


Start to analyze the case  277 out of  666
/scratch/local/w.nimit/1853/LLMDFA/benchmark/juliet-test-suite-XSS_simplified/CWE80_XSS/s01/CWE80_XSS__Servlet_getCookies_Servlet_13.java
Analyzing......
Preprocessing...
processing finished
start to summarize...
Generating intra-procedural summaries...
Processing callees...
Preprocessing...
processing finished
start to summarize...
Generating intra-procedural summaries...
Processing callees...
Preprocessing...
processing finished
start to summarize...
Generating intra-procedural summaries...
Processing callees...
Preprocessing...
processing finished
start to summarize...
Generating intra-procedural summaries...
Processing callees...
Validating......
Applying path checker with solver...
Constructing solving program...
Constructing solving program...
Solver-aided path checker succeeded...
finish validate
Reporting......
Report generated!

finish report
===================================================
277  /  666 

CWE80_XSS__Servlet_getCookies_Servlet_13 

{'input_token_cost': 2317, 'output_token_cost': 378, 'analysis_result': {'TPs': 1, 'FPs': 0}, 'ground_truth': {'TPs': 1, 'FPs': 2}, 'single time cost': 5.054829359054565} 

===================================================


Start to analyze the case  278 out of  666
/scratch/local/w.nimit/1853/LLMDFA/benchmark/juliet-test-suite-XSS_simplified/CWE80_XSS/s01/CWE80_XSS__Servlet_getCookies_Servlet_14.java
Analyzing......
Preprocessing...
processing finished
start to summarize...
Generating intra-procedural summaries...
Processing callees...
Preprocessing...
processing finished
start to summarize...
Generating intra-procedural summaries...
Processing callees...
Preprocessing...
processing finished
start to summarize...
Generating intra-procedural summaries...
Processing callees...
Preprocessing...
processing finished
start to summarize...
Generating intra-procedural summaries...
Processing callees...
Validating......
Applying path checker with solver...
Constructing solving program...
Constructing solving program...
Solver-aided path checker succeeded...
finish validate
Reporting......
Report generated!

finish report
===================================================
278  /  666 

CWE80_XSS__Servlet_getCookies_Servlet_14 

{'input_token_cost': 2302, 'output_token_cost': 377, 'analysis_result': {'TPs': 1, 'FPs': 0}, 'ground_truth': {'TPs': 1, 'FPs': 2}, 'single time cost': 5.022190809249878} 

===================================================


Start to analyze the case  279 out of  666
/scratch/local/w.nimit/1853/LLMDFA/benchmark/juliet-test-suite-XSS_simplified/CWE80_XSS/s01/CWE80_XSS__Servlet_getCookies_Servlet_15.java
Analyzing......
Preprocessing...
processing finished
start to summarize...
Generating intra-procedural summaries...
Processing callees...
Preprocessing...
processing finished
start to summarize...
Generating intra-procedural summaries...
Processing callees...
Preprocessing...
processing finished
start to summarize...
Generating intra-procedural summaries...
Processing callees...
Preprocessing...
processing finished
start to summarize...
Generating intra-procedural summaries...
Processing callees...
Validating......
Applying path checker with solver...
Constructing solving program...
Solver-aided path checker succeeded...
finish validate
Reporting......
Report generated!

finish report
===================================================
279  /  666 

CWE80_XSS__Servlet_getCookies_Servlet_15 

{'input_token_cost': 1676, 'output_token_cost': 241, 'analysis_result': {'TPs': 1, 'FPs': 0}, 'ground_truth': {'TPs': 1, 'FPs': 2}, 'single time cost': 3.2365405559539795} 

===================================================


Start to analyze the case  280 out of  666
/scratch/local/w.nimit/1853/LLMDFA/benchmark/juliet-test-suite-XSS_simplified/CWE80_XSS/s01/CWE80_XSS__Servlet_getCookies_Servlet_16.java
Analyzing......
Preprocessing...
processing finished
start to summarize...
Generating intra-procedural summaries...
Processing callees...
Preprocessing...
processing finished
start to summarize...
Generating intra-procedural summaries...
Processing callees...
Preprocessing...
processing finished
start to summarize...
Generating intra-procedural summaries...
Processing callees...
Validating......
Applying path checker with solver...
Constructing solving program...
Solver-aided path checker succeeded...
finish validate
Reporting......
Report generated!

finish report
===================================================
280  /  666 

CWE80_XSS__Servlet_getCookies_Servlet_16 

{'input_token_cost': 1638, 'output_token_cost': 205, 'analysis_result': {'TPs': 1, 'FPs': 0}, 'ground_truth': {'TPs': 1, 'FPs': 1}, 'single time cost': 2.8442676067352295} 

===================================================


Start to analyze the case  281 out of  666
/scratch/local/w.nimit/1853/LLMDFA/benchmark/juliet-test-suite-XSS_simplified/CWE80_XSS/s01/CWE80_XSS__Servlet_getCookies_Servlet_17.java
Analyzing......
Preprocessing...
processing finished
start to summarize...
Generating intra-procedural summaries...
Processing callees...
Preprocessing...
processing finished
start to summarize...
Generating intra-procedural summaries...
Processing callees...
Preprocessing...
processing finished
start to summarize...
Generating intra-procedural summaries...
Processing callees...
Validating......
Applying path checker with solver...
Constructing solving program...
Solver-aided path checker succeeded...
finish validate
Reporting......
Report generated!

finish report
===================================================
281  /  666 

CWE80_XSS__Servlet_getCookies_Servlet_17 

{'input_token_cost': 1642, 'output_token_cost': 197, 'analysis_result': {'TPs': 1, 'FPs': 0}, 'ground_truth': {'TPs': 1, 'FPs': 1}, 'single time cost': 2.6751151084899902} 

===================================================


Start to analyze the case  282 out of  666
/scratch/local/w.nimit/1853/LLMDFA/benchmark/juliet-test-suite-XSS_simplified/CWE80_XSS/s01/CWE80_XSS__Servlet_getCookies_Servlet_21.java
Analyzing......
Preprocessing...
processing finished
start to summarize...
Generating intra-procedural summaries...
Processing callees...
Preprocessing...
processing finished
start to summarize...
Generating intra-procedural summaries...
Processing callees...
Preprocessing...
processing finished
start to summarize...
Generating intra-procedural summaries...
Processing callees...
Preprocessing...
processing finished
start to summarize...
Generating intra-procedural summaries...
Processing callees...
Preprocessing...
processing finished
start to summarize...
Generating intra-procedural summaries...
Processing callees...
Preprocessing...
processing finished
start to summarize...
Generating intra-procedural summaries...
Processing callees...
Preprocessing...
processing finished
start to summarize...
Generating intra-procedural summaries...
Processing callees...
Validating......
Applying path checker with solver...
Constructing solving program...
Solver-aided path checker succeeded...
finish validate
Reporting......
Report generated!

finish report
===================================================
282  /  666 

CWE80_XSS__Servlet_getCookies_Servlet_21 

{'input_token_cost': 14292, 'output_token_cost': 1434, 'analysis_result': {'TPs': 0, 'FPs': 0}, 'ground_truth': {'TPs': 1, 'FPs': 2}, 'single time cost': 18.459728240966797} 

===================================================


Start to analyze the case  283 out of  666
/scratch/local/w.nimit/1853/LLMDFA/benchmark/juliet-test-suite-XSS_simplified/CWE80_XSS/s01/CWE80_XSS__Servlet_getCookies_Servlet_31.java
Analyzing......
Preprocessing...
processing finished
start to summarize...
Generating intra-procedural summaries...
Processing callees...
Preprocessing...
processing finished
start to summarize...
Generating intra-procedural summaries...
Processing callees...
Preprocessing...
processing finished
start to summarize...
Generating intra-procedural summaries...
Processing callees...
Validating......
Applying path checker with solver...
Constructing solving program...
Solver-aided path checker succeeded...
finish validate
Reporting......
Report generated!

finish report
===================================================
283  /  666 

CWE80_XSS__Servlet_getCookies_Servlet_31 

{'input_token_cost': 1669, 'output_token_cost': 242, 'analysis_result': {'TPs': 1, 'FPs': 0}, 'ground_truth': {'TPs': 1, 'FPs': 1}, 'single time cost': 3.2194857597351074} 

===================================================


Start to analyze the case  284 out of  666
/scratch/local/w.nimit/1853/LLMDFA/benchmark/juliet-test-suite-XSS_simplified/CWE80_XSS/s01/CWE80_XSS__Servlet_getCookies_Servlet_41.java
Analyzing......
Preprocessing...
processing finished
start to summarize...
Generating intra-procedural summaries...
Processing callees...
Preprocessing...
processing finished
start to summarize...
Generating intra-procedural summaries...
Processing callees...
Preprocessing...
processing finished
start to summarize...
Generating intra-procedural summaries...
Processing callees...
Preprocessing...
processing finished
start to summarize...
Generating intra-procedural summaries...
Processing callees...
Preprocessing...
processing finished
start to summarize...
Generating intra-procedural summaries...
Processing callees...
Validating......
Applying path checker with solver...
Constructing solving program...
Solver-aided path checker succeeded...
finish validate
Reporting......
Report generated!

finish report
===================================================
284  /  666 

CWE80_XSS__Servlet_getCookies_Servlet_41 

{'input_token_cost': 5673, 'output_token_cost': 590, 'analysis_result': {'TPs': 1, 'FPs': 0}, 'ground_truth': {'TPs': 1, 'FPs': 1}, 'single time cost': 7.715427398681641} 

===================================================


Start to analyze the case  285 out of  666
/scratch/local/w.nimit/1853/LLMDFA/benchmark/juliet-test-suite-XSS_simplified/CWE80_XSS/s01/CWE80_XSS__Servlet_getCookies_Servlet_42.java
Analyzing......
Preprocessing...
processing finished
start to summarize...
Generating intra-procedural summaries...
Processing callees...
Preprocessing...
processing finished
start to summarize...
Generating intra-procedural summaries...
Processing callees...
Preprocessing...
processing finished
start to summarize...
Generating intra-procedural summaries...
Processing callees...
Preprocessing...
processing finished
start to summarize...
Generating intra-procedural summaries...
Processing callees...
Preprocessing...
processing finished
start to summarize...
Generating intra-procedural summaries...
Processing callees...
Validating......
Applying path checker with solver...
Constructing solving program...
Solver-aided path checker succeeded...
finish validate
Reporting......
Report generated!

finish report
===================================================
285  /  666 

CWE80_XSS__Servlet_getCookies_Servlet_42 

{'input_token_cost': 7628, 'output_token_cost': 668, 'analysis_result': {'TPs': 1, 'FPs': 0}, 'ground_truth': {'TPs': 1, 'FPs': 1}, 'single time cost': 8.747651815414429} 

===================================================


Start to analyze the case  286 out of  666
/scratch/local/w.nimit/1853/LLMDFA/benchmark/juliet-test-suite-XSS_simplified/CWE80_XSS/s01/CWE80_XSS__Servlet_getCookies_Servlet_45.java
Analyzing......
Preprocessing...
processing finished
start to summarize...
Generating intra-procedural summaries...
Processing callees...
Preprocessing...
processing finished
start to summarize...
Generating intra-procedural summaries...
Processing callees...
Preprocessing...
processing finished
start to summarize...
Generating intra-procedural summaries...
Processing callees...
Preprocessing...
processing finished
start to summarize...
Generating intra-procedural summaries...
Processing callees...
Preprocessing...
processing finished
start to summarize...
Generating intra-procedural summaries...
Processing callees...
Validating......
Applying path checker with solver...
Constructing solving program...
Solver-aided path checker succeeded...
Applying path checker with solver...
Constructing solving program...
Solver-aided path checker succeeded...
finish validate
Reporting......
Report generated!

finish report
===================================================
286  /  666 

CWE80_XSS__Servlet_getCookies_Servlet_45 

{'input_token_cost': 7258, 'output_token_cost': 824, 'analysis_result': {'TPs': 1, 'FPs': 0}, 'ground_truth': {'TPs': 1, 'FPs': 1}, 'single time cost': 10.740878105163574} 

===================================================


Start to analyze the case  287 out of  666
/scratch/local/w.nimit/1853/LLMDFA/benchmark/juliet-test-suite-XSS_simplified/CWE80_XSS/s01/CWE80_XSS__Servlet_getParameter_Servlet_01.java
Analyzing......
Preprocessing...
processing finished
start to summarize...
Generating intra-procedural summaries...
Processing callees...
Preprocessing...
processing finished
start to summarize...
Generating intra-procedural summaries...
Processing callees...
Preprocessing...
processing finished
start to summarize...
Generating intra-procedural summaries...
Processing callees...
Validating......
Applying path checker with solver...
Constructing solving program...
Solver-aided path checker succeeded...
finish validate
Reporting......
Report generated!

finish report
===================================================
287  /  666 

CWE80_XSS__Servlet_getParameter_Servlet_01 

{'input_token_cost': 1550, 'output_token_cost': 186, 'analysis_result': {'TPs': 1, 'FPs': 0}, 'ground_truth': {'TPs': 1, 'FPs': 1}, 'single time cost': 2.6211307048797607} 

===================================================


Start to analyze the case  288 out of  666
/scratch/local/w.nimit/1853/LLMDFA/benchmark/juliet-test-suite-XSS_simplified/CWE80_XSS/s01/CWE80_XSS__Servlet_getParameter_Servlet_02.java
Analyzing......
Preprocessing...
processing finished
start to summarize...
Generating intra-procedural summaries...
Processing callees...
Preprocessing...
processing finished
start to summarize...
Generating intra-procedural summaries...
Processing callees...
Preprocessing...
processing finished
start to summarize...
Generating intra-procedural summaries...
Processing callees...
Preprocessing...
processing finished
start to summarize...
Generating intra-procedural summaries...
Processing callees...
Validating......
Applying path checker with solver...
Constructing solving program...
Solver-aided path checker succeeded...
finish validate
Reporting......
Report generated!

finish report
===================================================
288  /  666 

CWE80_XSS__Servlet_getParameter_Servlet_02 

{'input_token_cost': 1597, 'output_token_cost': 271, 'analysis_result': {'TPs': 1, 'FPs': 0}, 'ground_truth': {'TPs': 1, 'FPs': 2}, 'single time cost': 3.5522871017456055} 

===================================================


Start to analyze the case  289 out of  666
/scratch/local/w.nimit/1853/LLMDFA/benchmark/juliet-test-suite-XSS_simplified/CWE80_XSS/s01/CWE80_XSS__Servlet_getParameter_Servlet_03.java
Analyzing......
Preprocessing...
processing finished
start to summarize...
Generating intra-procedural summaries...
Processing callees...
Preprocessing...
processing finished
start to summarize...
Generating intra-procedural summaries...
Processing callees...
Preprocessing...
processing finished
start to summarize...
Generating intra-procedural summaries...
Processing callees...
Preprocessing...
processing finished
start to summarize...
Generating intra-procedural summaries...
Processing callees...
Validating......
Applying path checker with solver...
Constructing solving program...
Constructing solving program...
Solver-aided path checker succeeded...
finish validate
Reporting......
Report generated!

finish report
===================================================
289  /  666 

CWE80_XSS__Servlet_getParameter_Servlet_03 

{'input_token_cost': 2119, 'output_token_cost': 390, 'analysis_result': {'TPs': 1, 'FPs': 0}, 'ground_truth': {'TPs': 1, 'FPs': 2}, 'single time cost': 5.226685047149658} 

===================================================


Start to analyze the case  290 out of  666
/scratch/local/w.nimit/1853/LLMDFA/benchmark/juliet-test-suite-XSS_simplified/CWE80_XSS/s01/CWE80_XSS__Servlet_getParameter_Servlet_04.java
Analyzing......
Preprocessing...
processing finished
start to summarize...
Generating intra-procedural summaries...
Processing callees...
Preprocessing...
processing finished
start to summarize...
Generating intra-procedural summaries...
Processing callees...
Preprocessing...
processing finished
start to summarize...
Generating intra-procedural summaries...
Processing callees...
Preprocessing...
processing finished
start to summarize...
Generating intra-procedural summaries...
Processing callees...
Validating......
Applying path checker with solver...
Constructing solving program...
Constructing solving program...
Solver-aided path checker succeeded...
finish validate
Reporting......
Report generated!

finish report
===================================================
290  /  666 

CWE80_XSS__Servlet_getParameter_Servlet_04 

{'input_token_cost': 2232, 'output_token_cost': 371, 'analysis_result': {'TPs': 1, 'FPs': 0}, 'ground_truth': {'TPs': 1, 'FPs': 2}, 'single time cost': 5.028092622756958} 

===================================================


Start to analyze the case  291 out of  666
/scratch/local/w.nimit/1853/LLMDFA/benchmark/juliet-test-suite-XSS_simplified/CWE80_XSS/s01/CWE80_XSS__Servlet_getParameter_Servlet_05.java
Analyzing......
Preprocessing...
processing finished
start to summarize...
Generating intra-procedural summaries...
Processing callees...
Preprocessing...
processing finished
start to summarize...
Generating intra-procedural summaries...
Processing callees...
Preprocessing...
processing finished
start to summarize...
Generating intra-procedural summaries...
Processing callees...
Preprocessing...
processing finished
start to summarize...
Generating intra-procedural summaries...
Processing callees...
Validating......
Applying path checker with solver...
Constructing solving program...
Constructing solving program...
Solver-aided path checker succeeded...
finish validate
Reporting......
Report generated!

finish report
===================================================
291  /  666 

CWE80_XSS__Servlet_getParameter_Servlet_05 

{'input_token_cost': 2222, 'output_token_cost': 460, 'analysis_result': {'TPs': 1, 'FPs': 0}, 'ground_truth': {'TPs': 1, 'FPs': 2}, 'single time cost': 6.13601279258728} 

===================================================


Start to analyze the case  292 out of  666
/scratch/local/w.nimit/1853/LLMDFA/benchmark/juliet-test-suite-XSS_simplified/CWE80_XSS/s01/CWE80_XSS__Servlet_getParameter_Servlet_06.java
Analyzing......
Preprocessing...
processing finished
start to summarize...
Generating intra-procedural summaries...
Processing callees...
Preprocessing...
processing finished
start to summarize...
Generating intra-procedural summaries...
Processing callees...
Preprocessing...
processing finished
start to summarize...
Generating intra-procedural summaries...
Processing callees...
Preprocessing...
processing finished
start to summarize...
Generating intra-procedural summaries...
Processing callees...
Validating......
Applying path checker with solver...
Constructing solving program...
Constructing solving program...
Solver-aided path checker succeeded...
finish validate
Reporting......
Report generated!

finish report
===================================================
292  /  666 

CWE80_XSS__Servlet_getParameter_Servlet_06 

{'input_token_cost': 2250, 'output_token_cost': 365, 'analysis_result': {'TPs': 1, 'FPs': 0}, 'ground_truth': {'TPs': 1, 'FPs': 2}, 'single time cost': 4.865032434463501} 

===================================================


Start to analyze the case  293 out of  666
/scratch/local/w.nimit/1853/LLMDFA/benchmark/juliet-test-suite-XSS_simplified/CWE80_XSS/s01/CWE80_XSS__Servlet_getParameter_Servlet_07.java
Analyzing......
Preprocessing...
processing finished
start to summarize...
Generating intra-procedural summaries...
Processing callees...
Preprocessing...
processing finished
start to summarize...
Generating intra-procedural summaries...
Processing callees...
Preprocessing...
processing finished
start to summarize...
Generating intra-procedural summaries...
Processing callees...
Preprocessing...
processing finished
start to summarize...
Generating intra-procedural summaries...
Processing callees...
Validating......
Applying path checker with solver...
Constructing solving program...
Constructing solving program...
Solver-aided path checker succeeded...
finish validate
Reporting......
Report generated!

finish report
===================================================
293  /  666 

CWE80_XSS__Servlet_getParameter_Servlet_07 

{'input_token_cost': 2235, 'output_token_cost': 348, 'analysis_result': {'TPs': 1, 'FPs': 0}, 'ground_truth': {'TPs': 1, 'FPs': 2}, 'single time cost': 4.6606080532073975} 

===================================================


Start to analyze the case  294 out of  666
/scratch/local/w.nimit/1853/LLMDFA/benchmark/juliet-test-suite-XSS_simplified/CWE80_XSS/s01/CWE80_XSS__Servlet_getParameter_Servlet_08.java
Analyzing......
Preprocessing...
processing finished
start to summarize...
Generating intra-procedural summaries...
Processing callees...
Preprocessing...
processing finished
start to summarize...
Generating intra-procedural summaries...
Processing callees...
Preprocessing...
processing finished
start to summarize...
Generating intra-procedural summaries...
Processing callees...
Preprocessing...
processing finished
start to summarize...
Generating intra-procedural summaries...
Processing callees...
Preprocessing...
processing finished
start to summarize...
Generating intra-procedural summaries...
Processing callees...
Preprocessing...
processing finished
start to summarize...
Generating intra-procedural summaries...
Processing callees...
start to summarize...
Generating intra-procedural summaries...
Processing callees...
Validating......
Applying path checker with solver...
Constructing solving program...
Constructing solving program...
Solver-aided path checker succeeded...
finish validate
Reporting......
Report generated!

finish report
===================================================
294  /  666 

CWE80_XSS__Servlet_getParameter_Servlet_08 

{'input_token_cost': 2116, 'output_token_cost': 368, 'analysis_result': {'TPs': 1, 'FPs': 0}, 'ground_truth': {'TPs': 1, 'FPs': 2}, 'single time cost': 4.914371013641357} 

===================================================


Start to analyze the case  295 out of  666
/scratch/local/w.nimit/1853/LLMDFA/benchmark/juliet-test-suite-XSS_simplified/CWE80_XSS/s01/CWE80_XSS__Servlet_listen_tcp_16.java
Analyzing......
Preprocessing...
processing finished
start to summarize...
Generating intra-procedural summaries...
Processing callees...
Preprocessing...
processing finished
start to summarize...
Generating intra-procedural summaries...
Processing callees...
Preprocessing...
processing finished
start to summarize...
Generating intra-procedural summaries...
Processing callees...
Validating......
Applying path checker with solver...
Constructing solving program...
Solver-aided path checker succeeded...
finish validate
Reporting......
Report generated!

finish report
===================================================
295  /  666 

CWE80_XSS__Servlet_listen_tcp_16 

{'input_token_cost': 2123, 'output_token_cost': 218, 'analysis_result': {'TPs': 1, 'FPs': 0}, 'ground_truth': {'TPs': 1, 'FPs': 1}, 'single time cost': 2.8954951763153076} 

===================================================


Start to analyze the case  296 out of  666
/scratch/local/w.nimit/1853/LLMDFA/benchmark/juliet-test-suite-XSS_simplified/CWE80_XSS/s01/CWE80_XSS__Servlet_getParameter_Servlet_09.java
Analyzing......
Preprocessing...
processing finished
start to summarize...
Generating intra-procedural summaries...
Processing callees...
Preprocessing...
processing finished
start to summarize...
Generating intra-procedural summaries...
Processing callees...
Preprocessing...
processing finished
start to summarize...
Generating intra-procedural summaries...
Processing callees...
Preprocessing...
processing finished
start to summarize...
Generating intra-procedural summaries...
Processing callees...
Validating......
Applying path checker with solver...
Constructing solving program...
Constructing solving program...
Solver-aided path checker succeeded...
finish validate
Reporting......
Report generated!

finish report
===================================================
296  /  666 

CWE80_XSS__Servlet_getParameter_Servlet_09 

{'input_token_cost': 2237, 'output_token_cost': 358, 'analysis_result': {'TPs': 1, 'FPs': 0}, 'ground_truth': {'TPs': 1, 'FPs': 2}, 'single time cost': 4.783458471298218} 

===================================================


Start to analyze the case  297 out of  666
/scratch/local/w.nimit/1853/LLMDFA/benchmark/juliet-test-suite-XSS_simplified/CWE80_XSS/s01/CWE80_XSS__Servlet_getParameter_Servlet_10.java
Analyzing......
Preprocessing...
processing finished
start to summarize...
Generating intra-procedural summaries...
Processing callees...
Preprocessing...
processing finished
start to summarize...
Generating intra-procedural summaries...
Processing callees...
Preprocessing...
processing finished
start to summarize...
Generating intra-procedural summaries...
Processing callees...
Preprocessing...
processing finished
start to summarize...
Generating intra-procedural summaries...
Processing callees...
Validating......
Applying path checker with solver...
Constructing solving program...
Constructing solving program...
Solver-aided path checker succeeded...
finish validate
Reporting......
Report generated!

finish report
===================================================
297  /  666 

CWE80_XSS__Servlet_getParameter_Servlet_10 

{'input_token_cost': 2227, 'output_token_cost': 371, 'analysis_result': {'TPs': 1, 'FPs': 0}, 'ground_truth': {'TPs': 1, 'FPs': 2}, 'single time cost': 4.9992334842681885} 

===================================================


Start to analyze the case  298 out of  666
/scratch/local/w.nimit/1853/LLMDFA/benchmark/juliet-test-suite-XSS_simplified/CWE80_XSS/s01/CWE80_XSS__Servlet_getParameter_Servlet_11.java
Analyzing......
Preprocessing...
processing finished
start to summarize...
Generating intra-procedural summaries...
Processing callees...
Preprocessing...
processing finished
start to summarize...
Generating intra-procedural summaries...
Processing callees...
Preprocessing...
processing finished
start to summarize...
Generating intra-procedural summaries...
Processing callees...
Preprocessing...
processing finished
start to summarize...
Generating intra-procedural summaries...
Processing callees...
Validating......
Applying path checker with solver...
Constructing solving program...
Constructing solving program...
Refining solving program...
Solver-aided path checker succeeded...
finish validate
Reporting......
Report generated!

finish report
===================================================
298  /  666 

CWE80_XSS__Servlet_getParameter_Servlet_11 

{'input_token_cost': 2394, 'output_token_cost': 544, 'analysis_result': {'TPs': 1, 'FPs': 0}, 'ground_truth': {'TPs': 1, 'FPs': 2}, 'single time cost': 7.295865535736084} 

===================================================


Start to analyze the case  299 out of  666
/scratch/local/w.nimit/1853/LLMDFA/benchmark/juliet-test-suite-XSS_simplified/CWE80_XSS/s01/CWE80_XSS__Servlet_getParameter_Servlet_12.java
Analyzing......
Preprocessing...
processing finished
start to summarize...
Generating intra-procedural summaries...
Processing callees...
Preprocessing...
processing finished
start to summarize...
Generating intra-procedural summaries...
Processing callees...
Preprocessing...
processing finished
start to summarize...
Generating intra-procedural summaries...
Processing callees...
Validating......
Applying path checker with solver...
Constructing solving program...
Constructing solving program...
Refining solving program...
Solver-aided path checker succeeded...
finish validate
Reporting......
Report generated!

finish report
===================================================
299  /  666 

CWE80_XSS__Servlet_getParameter_Servlet_12 

{'input_token_cost': 2408, 'output_token_cost': 538, 'analysis_result': {'TPs': 1, 'FPs': 0}, 'ground_truth': {'TPs': 1, 'FPs': 1}, 'single time cost': 7.175148010253906} 

===================================================


Start to analyze the case  300 out of  666
/scratch/local/w.nimit/1853/LLMDFA/benchmark/juliet-test-suite-XSS_simplified/CWE80_XSS/s01/CWE80_XSS__Servlet_getParameter_Servlet_13.java
Analyzing......
Preprocessing...
processing finished
start to summarize...
Generating intra-procedural summaries...
Processing callees...
Preprocessing...
processing finished
start to summarize...
Generating intra-procedural summaries...
Processing callees...
Preprocessing...
processing finished
start to summarize...
Generating intra-procedural summaries...
Processing callees...
Preprocessing...
processing finished
start to summarize...
Generating intra-procedural summaries...
Processing callees...
Validating......
Applying path checker with solver...
Constructing solving program...
Constructing solving program...
Solver-aided path checker succeeded...
finish validate
Reporting......
Report generated!

finish report
===================================================
300  /  666 

CWE80_XSS__Servlet_getParameter_Servlet_13 

{'input_token_cost': 2255, 'output_token_cost': 364, 'analysis_result': {'TPs': 1, 'FPs': 0}, 'ground_truth': {'TPs': 1, 'FPs': 2}, 'single time cost': 4.883536338806152} 

===================================================


Start to analyze the case  301 out of  666
/scratch/local/w.nimit/1853/LLMDFA/benchmark/juliet-test-suite-XSS_simplified/CWE80_XSS/s01/CWE80_XSS__Servlet_getParameter_Servlet_14.java
Analyzing......
Preprocessing...
processing finished
start to summarize...
Generating intra-procedural summaries...
Processing callees...
Preprocessing...
processing finished
start to summarize...
Generating intra-procedural summaries...
Processing callees...
Preprocessing...
processing finished
start to summarize...
Generating intra-procedural summaries...
Processing callees...
Preprocessing...
processing finished
start to summarize...
Generating intra-procedural summaries...
Processing callees...
Validating......
Applying path checker with solver...
Constructing solving program...
Constructing solving program...
Solver-aided path checker succeeded...
finish validate
Reporting......
Report generated!

finish report
===================================================
301  /  666 

CWE80_XSS__Servlet_getParameter_Servlet_14 

{'input_token_cost': 2240, 'output_token_cost': 350, 'analysis_result': {'TPs': 1, 'FPs': 0}, 'ground_truth': {'TPs': 1, 'FPs': 2}, 'single time cost': 4.713574409484863} 

===================================================


Start to analyze the case  302 out of  666
/scratch/local/w.nimit/1853/LLMDFA/benchmark/juliet-test-suite-XSS_simplified/CWE80_XSS/s01/CWE80_XSS__Servlet_getParameter_Servlet_15.java
Analyzing......
Preprocessing...
processing finished
start to summarize...
Generating intra-procedural summaries...
Processing callees...
Preprocessing...
processing finished
start to summarize...
Generating intra-procedural summaries...
Processing callees...
Preprocessing...
processing finished
start to summarize...
Generating intra-procedural summaries...
Processing callees...
Preprocessing...
processing finished
start to summarize...
Generating intra-procedural summaries...
Processing callees...
Validating......
Applying path checker with solver...
Constructing solving program...
Solver-aided path checker succeeded...
finish validate
Reporting......
Report generated!

finish report
===================================================
302  /  666 

CWE80_XSS__Servlet_getParameter_Servlet_15 

{'input_token_cost': 1613, 'output_token_cost': 221, 'analysis_result': {'TPs': 1, 'FPs': 0}, 'ground_truth': {'TPs': 1, 'FPs': 2}, 'single time cost': 2.940613269805908} 

===================================================


Start to analyze the case  303 out of  666
/scratch/local/w.nimit/1853/LLMDFA/benchmark/juliet-test-suite-XSS_simplified/CWE80_XSS/s01/CWE80_XSS__Servlet_getParameter_Servlet_16.java
Analyzing......
Preprocessing...
processing finished
start to summarize...
Generating intra-procedural summaries...
Processing callees...
Preprocessing...
processing finished
start to summarize...
Generating intra-procedural summaries...
Processing callees...
Preprocessing...
processing finished
start to summarize...
Generating intra-procedural summaries...
Processing callees...
Validating......
Applying path checker with solver...
Constructing solving program...
Solver-aided path checker succeeded...
finish validate
Reporting......
Report generated!

finish report
===================================================
303  /  666 

CWE80_XSS__Servlet_getParameter_Servlet_16 

{'input_token_cost': 1575, 'output_token_cost': 216, 'analysis_result': {'TPs': 1, 'FPs': 0}, 'ground_truth': {'TPs': 1, 'FPs': 1}, 'single time cost': 2.8836963176727295} 

===================================================


Start to analyze the case  304 out of  666
/scratch/local/w.nimit/1853/LLMDFA/benchmark/juliet-test-suite-XSS_simplified/CWE80_XSS/s01/CWE80_XSS__Servlet_getParameter_Servlet_17.java
Analyzing......
Preprocessing...
processing finished
start to summarize...
Generating intra-procedural summaries...
Processing callees...
Preprocessing...
processing finished
start to summarize...
Generating intra-procedural summaries...
Processing callees...
Preprocessing...
processing finished
start to summarize...
Generating intra-procedural summaries...
Processing callees...
Validating......
Applying path checker with solver...
Constructing solving program...
Solver-aided path checker succeeded...
finish validate
Reporting......
Report generated!

finish report
===================================================
304  /  666 

CWE80_XSS__Servlet_getParameter_Servlet_17 

{'input_token_cost': 1576, 'output_token_cost': 186, 'analysis_result': {'TPs': 1, 'FPs': 0}, 'ground_truth': {'TPs': 1, 'FPs': 1}, 'single time cost': 2.508305311203003} 

===================================================


Start to analyze the case  305 out of  666
/scratch/local/w.nimit/1853/LLMDFA/benchmark/juliet-test-suite-XSS_simplified/CWE80_XSS/s01/CWE80_XSS__Servlet_getParameter_Servlet_21.java
Analyzing......
Preprocessing...
processing finished
start to summarize...
Generating intra-procedural summaries...
Processing callees...
Preprocessing...
processing finished
start to summarize...
Generating intra-procedural summaries...
Processing callees...
Preprocessing...
processing finished
start to summarize...
Generating intra-procedural summaries...
Processing callees...
Preprocessing...
processing finished
start to summarize...
Generating intra-procedural summaries...
Processing callees...
Preprocessing...
processing finished
start to summarize...
Generating intra-procedural summaries...
Processing callees...
Preprocessing...
processing finished
start to summarize...
Generating intra-procedural summaries...
Processing callees...
Preprocessing...
processing finished
start to summarize...
Generating intra-procedural summaries...
Processing callees...
Validating......
Applying path checker with solver...
Constructing solving program...
Constructing solving program...
Solver-aided path checker succeeded...
finish validate
Reporting......
Report generated!

finish report
===================================================
305  /  666 

CWE80_XSS__Servlet_getParameter_Servlet_21 

{'input_token_cost': 14627, 'output_token_cost': 1590, 'analysis_result': {'TPs': 0, 'FPs': 0}, 'ground_truth': {'TPs': 1, 'FPs': 2}, 'single time cost': 20.43990135192871} 

===================================================


Start to analyze the case  306 out of  666
/scratch/local/w.nimit/1853/LLMDFA/benchmark/juliet-test-suite-XSS_simplified/CWE80_XSS/s01/CWE80_XSS__Servlet_getParameter_Servlet_31.java
Analyzing......
Preprocessing...
processing finished
start to summarize...
Generating intra-procedural summaries...
Processing callees...
Preprocessing...
processing finished
start to summarize...
Generating intra-procedural summaries...
Processing callees...
Preprocessing...
processing finished
start to summarize...
Generating intra-procedural summaries...
Processing callees...
Validating......
Applying path checker with solver...
Constructing solving program...
Solver-aided path checker succeeded...
finish validate
Reporting......
Report generated!

finish report
===================================================
306  /  666 

CWE80_XSS__Servlet_getParameter_Servlet_31 

{'input_token_cost': 1602, 'output_token_cost': 220, 'analysis_result': {'TPs': 1, 'FPs': 0}, 'ground_truth': {'TPs': 1, 'FPs': 1}, 'single time cost': 2.9375531673431396} 

===================================================


Start to analyze the case  307 out of  666
/scratch/local/w.nimit/1853/LLMDFA/benchmark/juliet-test-suite-XSS_simplified/CWE80_XSS/s01/CWE80_XSS__Servlet_getParameter_Servlet_41.java
Analyzing......
Preprocessing...
processing finished
start to summarize...
Generating intra-procedural summaries...
Processing callees...
Preprocessing...
processing finished
start to summarize...
Generating intra-procedural summaries...
Processing callees...
Preprocessing...
processing finished
start to summarize...
Generating intra-procedural summaries...
Processing callees...
Preprocessing...
processing finished
start to summarize...
Generating intra-procedural summaries...
Processing callees...
Preprocessing...
processing finished
start to summarize...
Generating intra-procedural summaries...
Processing callees...
Validating......
Applying path checker with solver...
Constructing solving program...
Solver-aided path checker succeeded...
finish validate
Reporting......
Report generated!

finish report
===================================================
307  /  666 

CWE80_XSS__Servlet_getParameter_Servlet_41 

{'input_token_cost': 4463, 'output_token_cost': 463, 'analysis_result': {'TPs': 1, 'FPs': 0}, 'ground_truth': {'TPs': 1, 'FPs': 1}, 'single time cost': 6.070335865020752} 

===================================================


Start to analyze the case  308 out of  666
/scratch/local/w.nimit/1853/LLMDFA/benchmark/juliet-test-suite-XSS_simplified/CWE80_XSS/s01/CWE80_XSS__Servlet_getParameter_Servlet_42.java
Analyzing......
Preprocessing...
processing finished
start to summarize...
Generating intra-procedural summaries...
Processing callees...
Preprocessing...
processing finished
start to summarize...
Generating intra-procedural summaries...
Processing callees...
Preprocessing...
processing finished
start to summarize...
Generating intra-procedural summaries...
Processing callees...
Preprocessing...
processing finished
start to summarize...
Generating intra-procedural summaries...
Processing callees...
Preprocessing...
processing finished
start to summarize...
Generating intra-procedural summaries...
Processing callees...
Validating......
Applying path checker with solver...
Constructing solving program...
Solver-aided path checker succeeded...
finish validate
Reporting......
Report generated!

finish report
===================================================
308  /  666 

CWE80_XSS__Servlet_getParameter_Servlet_42 

{'input_token_cost': 7436, 'output_token_cost': 590, 'analysis_result': {'TPs': 1, 'FPs': 0}, 'ground_truth': {'TPs': 1, 'FPs': 1}, 'single time cost': 7.686255693435669} 

===================================================


Start to analyze the case  309 out of  666
/scratch/local/w.nimit/1853/LLMDFA/benchmark/juliet-test-suite-XSS_simplified/CWE80_XSS/s01/CWE80_XSS__Servlet_getParameter_Servlet_45.java
Analyzing......
Preprocessing...
processing finished
start to summarize...
Generating intra-procedural summaries...
Processing callees...
Preprocessing...
processing finished
start to summarize...
Generating intra-procedural summaries...
Processing callees...
Preprocessing...
processing finished
start to summarize...
Generating intra-procedural summaries...
Processing callees...
Preprocessing...
processing finished
start to summarize...
Generating intra-procedural summaries...
Processing callees...
Preprocessing...
processing finished
start to summarize...
Generating intra-procedural summaries...
Processing callees...
Validating......
Applying path checker with solver...
Constructing solving program...
Solver-aided path checker succeeded...
Applying path checker with solver...
Constructing solving program...
Solver-aided path checker succeeded...
finish validate
Reporting......
Report generated!

finish report
===================================================
309  /  666 

CWE80_XSS__Servlet_getParameter_Servlet_45 

{'input_token_cost': 7057, 'output_token_cost': 808, 'analysis_result': {'TPs': 1, 'FPs': 0}, 'ground_truth': {'TPs': 1, 'FPs': 1}, 'single time cost': 10.53466796875} 

===================================================


Start to analyze the case  310 out of  666
/scratch/local/w.nimit/1853/LLMDFA/benchmark/juliet-test-suite-XSS_simplified/CWE80_XSS/s01/CWE80_XSS__Servlet_getQueryString_Servlet_01.java
Analyzing......
Preprocessing...
processing finished
start to summarize...
Generating intra-procedural summaries...
Processing callees...
Preprocessing...
processing finished
start to summarize...
Generating intra-procedural summaries...
Processing callees...
Preprocessing...
processing finished
start to summarize...
Generating intra-procedural summaries...
Processing callees...
Validating......
Applying path checker with solver...
Constructing solving program...
Solver-aided path checker succeeded...
finish validate
Reporting......
Report generated!

finish report
===================================================
310  /  666 

CWE80_XSS__Servlet_getQueryString_Servlet_01 

{'input_token_cost': 1650, 'output_token_cost': 186, 'analysis_result': {'TPs': 1, 'FPs': 0}, 'ground_truth': {'TPs': 1, 'FPs': 1}, 'single time cost': 2.5191564559936523} 

===================================================


Start to analyze the case  311 out of  666
/scratch/local/w.nimit/1853/LLMDFA/benchmark/juliet-test-suite-XSS_simplified/CWE80_XSS/s01/CWE80_XSS__Servlet_getQueryString_Servlet_02.java
Analyzing......
Preprocessing...
processing finished
start to summarize...
Generating intra-procedural summaries...
Processing callees...
Preprocessing...
processing finished
start to summarize...
Generating intra-procedural summaries...
Processing callees...
Preprocessing...
processing finished
start to summarize...
Generating intra-procedural summaries...
Processing callees...
Preprocessing...
processing finished
start to summarize...
Generating intra-procedural summaries...
Processing callees...
Validating......
Applying path checker with solver...
Constructing solving program...
Solver-aided path checker succeeded...
finish validate
Reporting......
Report generated!

finish report
===================================================
311  /  666 

CWE80_XSS__Servlet_getQueryString_Servlet_02 

{'input_token_cost': 1692, 'output_token_cost': 181, 'analysis_result': {'TPs': 1, 'FPs': 0}, 'ground_truth': {'TPs': 1, 'FPs': 2}, 'single time cost': 2.4502203464508057} 

===================================================


Start to analyze the case  312 out of  666
/scratch/local/w.nimit/1853/LLMDFA/benchmark/juliet-test-suite-XSS_simplified/CWE80_XSS/s01/CWE80_XSS__Servlet_getQueryString_Servlet_03.java
Analyzing......
Preprocessing...
processing finished
start to summarize...
Generating intra-procedural summaries...
Processing callees...
Preprocessing...
processing finished
start to summarize...
Generating intra-procedural summaries...
Processing callees...
Preprocessing...
processing finished
start to summarize...
Generating intra-procedural summaries...
Processing callees...
Preprocessing...
processing finished
start to summarize...
Generating intra-procedural summaries...
Processing callees...
Validating......
Applying path checker with solver...
Constructing solving program...
Constructing solving program...
Solver-aided path checker succeeded...
finish validate
Reporting......
Report generated!

finish report
===================================================
312  /  666 

CWE80_XSS__Servlet_getQueryString_Servlet_03 

{'input_token_cost': 2217, 'output_token_cost': 361, 'analysis_result': {'TPs': 1, 'FPs': 0}, 'ground_truth': {'TPs': 1, 'FPs': 2}, 'single time cost': 4.822875738143921} 

===================================================


Start to analyze the case  313 out of  666
/scratch/local/w.nimit/1853/LLMDFA/benchmark/juliet-test-suite-XSS_simplified/CWE80_XSS/s01/CWE80_XSS__Servlet_getQueryString_Servlet_04.java
Analyzing......
Preprocessing...
processing finished
start to summarize...
Generating intra-procedural summaries...
Processing callees...
Preprocessing...
processing finished
start to summarize...
Generating intra-procedural summaries...
Processing callees...
Preprocessing...
processing finished
start to summarize...
Generating intra-procedural summaries...
Processing callees...
Preprocessing...
processing finished
start to summarize...
Generating intra-procedural summaries...
Processing callees...
Validating......
Applying path checker with solver...
Constructing solving program...
Constructing solving program...
Solver-aided path checker succeeded...
finish validate
Reporting......
Report generated!

finish report
===================================================
313  /  666 

CWE80_XSS__Servlet_getQueryString_Servlet_04 

{'input_token_cost': 2331, 'output_token_cost': 376, 'analysis_result': {'TPs': 1, 'FPs': 0}, 'ground_truth': {'TPs': 1, 'FPs': 2}, 'single time cost': 5.011821031570435} 

===================================================


Start to analyze the case  314 out of  666
/scratch/local/w.nimit/1853/LLMDFA/benchmark/juliet-test-suite-XSS_simplified/CWE80_XSS/s01/CWE80_XSS__Servlet_getQueryString_Servlet_05.java
Analyzing......
Preprocessing...
processing finished
start to summarize...
Generating intra-procedural summaries...
Processing callees...
Preprocessing...
processing finished
start to summarize...
Generating intra-procedural summaries...
Processing callees...
Preprocessing...
processing finished
start to summarize...
Generating intra-procedural summaries...
Processing callees...
Preprocessing...
processing finished
start to summarize...
Generating intra-procedural summaries...
Processing callees...
Validating......
Applying path checker with solver...
Constructing solving program...
Constructing solving program...
Solver-aided path checker succeeded...
finish validate
Reporting......
Report generated!

finish report
===================================================
314  /  666 

CWE80_XSS__Servlet_getQueryString_Servlet_05 

{'input_token_cost': 2321, 'output_token_cost': 432, 'analysis_result': {'TPs': 1, 'FPs': 0}, 'ground_truth': {'TPs': 1, 'FPs': 2}, 'single time cost': 5.795735597610474} 

===================================================


Start to analyze the case  315 out of  666
/scratch/local/w.nimit/1853/LLMDFA/benchmark/juliet-test-suite-XSS_simplified/CWE80_XSS/s01/CWE80_XSS__Servlet_getQueryString_Servlet_06.java
Analyzing......
Preprocessing...
processing finished
start to summarize...
Generating intra-procedural summaries...
Processing callees...
Preprocessing...
processing finished
start to summarize...
Generating intra-procedural summaries...
Processing callees...
Preprocessing...
processing finished
start to summarize...
Generating intra-procedural summaries...
Processing callees...
Preprocessing...
processing finished
start to summarize...
Generating intra-procedural summaries...
Processing callees...
Validating......
Applying path checker with solver...
Constructing solving program...
Constructing solving program...
Solver-aided path checker succeeded...
finish validate
Reporting......
Report generated!

finish report
===================================================
315  /  666 

CWE80_XSS__Servlet_getQueryString_Servlet_06 

{'input_token_cost': 2349, 'output_token_cost': 368, 'analysis_result': {'TPs': 1, 'FPs': 0}, 'ground_truth': {'TPs': 1, 'FPs': 2}, 'single time cost': 4.929300546646118} 

===================================================


Start to analyze the case  316 out of  666
/scratch/local/w.nimit/1853/LLMDFA/benchmark/juliet-test-suite-XSS_simplified/CWE80_XSS/s01/CWE80_XSS__Servlet_getQueryString_Servlet_07.java
Analyzing......
Preprocessing...
processing finished
start to summarize...
Generating intra-procedural summaries...
Processing callees...
Preprocessing...
processing finished
start to summarize...
Generating intra-procedural summaries...
Processing callees...
Preprocessing...
processing finished
start to summarize...
Generating intra-procedural summaries...
Processing callees...
Preprocessing...
processing finished
start to summarize...
Generating intra-procedural summaries...
Processing callees...
Validating......
Applying path checker with solver...
Constructing solving program...
Constructing solving program...
Solver-aided path checker succeeded...
finish validate
Reporting......
Report generated!

finish report
===================================================
316  /  666 

CWE80_XSS__Servlet_getQueryString_Servlet_07 

{'input_token_cost': 2334, 'output_token_cost': 395, 'analysis_result': {'TPs': 1, 'FPs': 0}, 'ground_truth': {'TPs': 1, 'FPs': 2}, 'single time cost': 5.33440375328064} 

===================================================


Start to analyze the case  317 out of  666
/scratch/local/w.nimit/1853/LLMDFA/benchmark/juliet-test-suite-XSS_simplified/CWE80_XSS/s01/CWE80_XSS__Servlet_getQueryString_Servlet_08.java
Analyzing......
Preprocessing...
processing finished
start to summarize...
Generating intra-procedural summaries...
Processing callees...
Preprocessing...
processing finished
start to summarize...
Generating intra-procedural summaries...
Processing callees...
Preprocessing...
processing finished
start to summarize...
Generating intra-procedural summaries...
Processing callees...
Preprocessing...
processing finished
start to summarize...
Generating intra-procedural summaries...
Processing callees...
Preprocessing...
processing finished
start to summarize...
Generating intra-procedural summaries...
Processing callees...
Preprocessing...
processing finished
start to summarize...
Generating intra-procedural summaries...
Processing callees...
start to summarize...
Generating intra-procedural summaries...
Processing callees...
Validating......
Applying path checker with solver...
Constructing solving program...
Constructing solving program...
Solver-aided path checker succeeded...
finish validate
Reporting......
Report generated!

finish report
===================================================
317  /  666 

CWE80_XSS__Servlet_getQueryString_Servlet_08 

{'input_token_cost': 2214, 'output_token_cost': 364, 'analysis_result': {'TPs': 1, 'FPs': 0}, 'ground_truth': {'TPs': 1, 'FPs': 2}, 'single time cost': 4.887110710144043} 

===================================================


Start to analyze the case  318 out of  666
/scratch/local/w.nimit/1853/LLMDFA/benchmark/juliet-test-suite-XSS_simplified/CWE80_XSS/s01/CWE80_XSS__Servlet_getQueryString_Servlet_09.java
Analyzing......
Preprocessing...
processing finished
start to summarize...
Generating intra-procedural summaries...
Processing callees...
Preprocessing...
processing finished
start to summarize...
Generating intra-procedural summaries...
Processing callees...
Preprocessing...
processing finished
start to summarize...
Generating intra-procedural summaries...
Processing callees...
Preprocessing...
processing finished
start to summarize...
Generating intra-procedural summaries...
Processing callees...
Validating......
Applying path checker with solver...
Constructing solving program...
Constructing solving program...
Solver-aided path checker succeeded...
finish validate
Reporting......
Report generated!

finish report
===================================================
318  /  666 

CWE80_XSS__Servlet_getQueryString_Servlet_09 

{'input_token_cost': 2336, 'output_token_cost': 443, 'analysis_result': {'TPs': 1, 'FPs': 0}, 'ground_truth': {'TPs': 1, 'FPs': 2}, 'single time cost': 5.891259670257568} 

===================================================


Start to analyze the case  319 out of  666
/scratch/local/w.nimit/1853/LLMDFA/benchmark/juliet-test-suite-XSS_simplified/CWE80_XSS/s01/CWE80_XSS__Servlet_getQueryString_Servlet_10.java
Analyzing......
Preprocessing...
processing finished
start to summarize...
Generating intra-procedural summaries...
Processing callees...
Preprocessing...
processing finished
start to summarize...
Generating intra-procedural summaries...
Processing callees...
Preprocessing...
processing finished
start to summarize...
Generating intra-procedural summaries...
Processing callees...
Preprocessing...
processing finished
start to summarize...
Generating intra-procedural summaries...
Processing callees...
Validating......
Applying path checker with solver...
Constructing solving program...
Constructing solving program...
Solver-aided path checker succeeded...
finish validate
Reporting......
Report generated!

finish report
===================================================
319  /  666 

CWE80_XSS__Servlet_getQueryString_Servlet_10 

{'input_token_cost': 2326, 'output_token_cost': 428, 'analysis_result': {'TPs': 1, 'FPs': 0}, 'ground_truth': {'TPs': 1, 'FPs': 2}, 'single time cost': 5.671321392059326} 

===================================================


Start to analyze the case  320 out of  666
/scratch/local/w.nimit/1853/LLMDFA/benchmark/juliet-test-suite-XSS_simplified/CWE80_XSS/s01/CWE80_XSS__Servlet_listen_tcp_15.java
Analyzing......
Preprocessing...
processing finished
start to summarize...
Generating intra-procedural summaries...
Processing callees...
Preprocessing...
processing finished
start to summarize...
Generating intra-procedural summaries...
Processing callees...
Preprocessing...
processing finished
start to summarize...
Generating intra-procedural summaries...
Processing callees...
Preprocessing...
processing finished
start to summarize...
Generating intra-procedural summaries...
Processing callees...
Validating......
Applying path checker with solver...
Constructing solving program...
Solver-aided path checker succeeded...
finish validate
Reporting......
Report generated!

finish report
===================================================
320  /  666 

CWE80_XSS__Servlet_listen_tcp_15 

{'input_token_cost': 2161, 'output_token_cost': 217, 'analysis_result': {'TPs': 1, 'FPs': 0}, 'ground_truth': {'TPs': 1, 'FPs': 2}, 'single time cost': 2.9149458408355713} 

===================================================


Start to analyze the case  321 out of  666
/scratch/local/w.nimit/1853/LLMDFA/benchmark/juliet-test-suite-XSS_simplified/CWE80_XSS/s01/CWE80_XSS__Servlet_getQueryString_Servlet_11.java
Analyzing......
Preprocessing...
processing finished
start to summarize...
Generating intra-procedural summaries...
Processing callees...
Preprocessing...
processing finished
start to summarize...
Generating intra-procedural summaries...
Processing callees...
Preprocessing...
processing finished
start to summarize...
Generating intra-procedural summaries...
Processing callees...
Preprocessing...
processing finished
start to summarize...
Generating intra-procedural summaries...
Processing callees...
Validating......
Applying path checker with solver...
Constructing solving program...
Refining solving program...
Constructing solving program...
Solver-aided path checker succeeded...
finish validate
Reporting......
Report generated!

finish report
===================================================
321  /  666 

CWE80_XSS__Servlet_getQueryString_Servlet_11 

{'input_token_cost': 2487, 'output_token_cost': 519, 'analysis_result': {'TPs': 1, 'FPs': 0}, 'ground_truth': {'TPs': 1, 'FPs': 2}, 'single time cost': 6.976483583450317} 

===================================================


Start to analyze the case  322 out of  666
/scratch/local/w.nimit/1853/LLMDFA/benchmark/juliet-test-suite-XSS_simplified/CWE80_XSS/s01/CWE80_XSS__Servlet_getQueryString_Servlet_12.java
Analyzing......
Preprocessing...
processing finished
start to summarize...
Generating intra-procedural summaries...
Processing callees...
Preprocessing...
processing finished
start to summarize...
Generating intra-procedural summaries...
Processing callees...
Preprocessing...
processing finished
start to summarize...
Generating intra-procedural summaries...
Processing callees...
Validating......
finish validate
Reporting......
Report generated!

finish report
===================================================
322  /  666 

CWE80_XSS__Servlet_getQueryString_Servlet_12 

{'input_token_cost': 1184, 'output_token_cost': 161, 'analysis_result': {'TPs': 0, 'FPs': 0}, 'ground_truth': {'TPs': 1, 'FPs': 1}, 'single time cost': 2.048025608062744} 

===================================================


Start to analyze the case  323 out of  666
/scratch/local/w.nimit/1853/LLMDFA/benchmark/juliet-test-suite-XSS_simplified/CWE80_XSS/s01/CWE80_XSS__Servlet_getQueryString_Servlet_13.java
Analyzing......
Preprocessing...
processing finished
start to summarize...
Generating intra-procedural summaries...
Processing callees...
Preprocessing...
processing finished
start to summarize...
Generating intra-procedural summaries...
Processing callees...
Preprocessing...
processing finished
start to summarize...
Generating intra-procedural summaries...
Processing callees...
Preprocessing...
processing finished
start to summarize...
Generating intra-procedural summaries...
Processing callees...
Validating......
Applying path checker with solver...
Constructing solving program...
Constructing solving program...
Solver-aided path checker succeeded...
finish validate
Reporting......
Report generated!

finish report
===================================================
323  /  666 

CWE80_XSS__Servlet_getQueryString_Servlet_13 

{'input_token_cost': 2354, 'output_token_cost': 412, 'analysis_result': {'TPs': 1, 'FPs': 0}, 'ground_truth': {'TPs': 1, 'FPs': 2}, 'single time cost': 5.476593971252441} 

===================================================


Start to analyze the case  324 out of  666
/scratch/local/w.nimit/1853/LLMDFA/benchmark/juliet-test-suite-XSS_simplified/CWE80_XSS/s01/CWE80_XSS__Servlet_getQueryString_Servlet_14.java
Analyzing......
Preprocessing...
processing finished
start to summarize...
Generating intra-procedural summaries...
Processing callees...
Preprocessing...
processing finished
start to summarize...
Generating intra-procedural summaries...
Processing callees...
Preprocessing...
processing finished
start to summarize...
Generating intra-procedural summaries...
Processing callees...
Preprocessing...
processing finished
start to summarize...
Generating intra-procedural summaries...
Processing callees...
Validating......
Applying path checker with solver...
Constructing solving program...
Constructing solving program...
Solver-aided path checker succeeded...
finish validate
Reporting......
Report generated!

finish report
===================================================
324  /  666 

CWE80_XSS__Servlet_getQueryString_Servlet_14 

{'input_token_cost': 2339, 'output_token_cost': 391, 'analysis_result': {'TPs': 1, 'FPs': 0}, 'ground_truth': {'TPs': 1, 'FPs': 2}, 'single time cost': 5.224855899810791} 

===================================================


Start to analyze the case  325 out of  666
/scratch/local/w.nimit/1853/LLMDFA/benchmark/juliet-test-suite-XSS_simplified/CWE80_XSS/s01/CWE80_XSS__Servlet_getQueryString_Servlet_15.java
Analyzing......
Preprocessing...
processing finished
start to summarize...
Generating intra-procedural summaries...
Processing callees...
Preprocessing...
processing finished
start to summarize...
Generating intra-procedural summaries...
Processing callees...
Preprocessing...
processing finished
start to summarize...
Generating intra-procedural summaries...
Processing callees...
Preprocessing...
processing finished
start to summarize...
Generating intra-procedural summaries...
Processing callees...
Validating......
Applying path checker with solver...
Constructing solving program...
Solver-aided path checker succeeded...
finish validate
Reporting......
Report generated!

finish report
===================================================
325  /  666 

CWE80_XSS__Servlet_getQueryString_Servlet_15 

{'input_token_cost': 1708, 'output_token_cost': 229, 'analysis_result': {'TPs': 1, 'FPs': 0}, 'ground_truth': {'TPs': 1, 'FPs': 2}, 'single time cost': 3.043564558029175} 

===================================================


Start to analyze the case  326 out of  666
/scratch/local/w.nimit/1853/LLMDFA/benchmark/juliet-test-suite-XSS_simplified/CWE80_XSS/s01/CWE80_XSS__Servlet_getQueryString_Servlet_16.java
Analyzing......
Preprocessing...
processing finished
start to summarize...
Generating intra-procedural summaries...
Processing callees...
Preprocessing...
processing finished
start to summarize...
Generating intra-procedural summaries...
Processing callees...
Preprocessing...
processing finished
start to summarize...
Generating intra-procedural summaries...
Processing callees...
Validating......
Applying path checker with solver...
Constructing solving program...
Solver-aided path checker succeeded...
finish validate
Reporting......
Report generated!

finish report
===================================================
326  /  666 

CWE80_XSS__Servlet_getQueryString_Servlet_16 

{'input_token_cost': 1670, 'output_token_cost': 222, 'analysis_result': {'TPs': 1, 'FPs': 0}, 'ground_truth': {'TPs': 1, 'FPs': 1}, 'single time cost': 2.9658854007720947} 

===================================================


Start to analyze the case  327 out of  666
/scratch/local/w.nimit/1853/LLMDFA/benchmark/juliet-test-suite-XSS_simplified/CWE80_XSS/s01/CWE80_XSS__Servlet_getQueryString_Servlet_17.java
Analyzing......
Preprocessing...
processing finished
start to summarize...
Generating intra-procedural summaries...
Processing callees...
Preprocessing...
processing finished
start to summarize...
Generating intra-procedural summaries...
Processing callees...
Preprocessing...
processing finished
start to summarize...
Generating intra-procedural summaries...
Processing callees...
Validating......
Applying path checker with solver...
Constructing solving program...
Solver-aided path checker succeeded...
finish validate
Reporting......
Report generated!

finish report
===================================================
327  /  666 

CWE80_XSS__Servlet_getQueryString_Servlet_17 

{'input_token_cost': 1675, 'output_token_cost': 222, 'analysis_result': {'TPs': 1, 'FPs': 0}, 'ground_truth': {'TPs': 1, 'FPs': 1}, 'single time cost': 2.9601328372955322} 

===================================================


Start to analyze the case  328 out of  666
/scratch/local/w.nimit/1853/LLMDFA/benchmark/juliet-test-suite-XSS_simplified/CWE80_XSS/s01/CWE80_XSS__Servlet_getQueryString_Servlet_21.java
Analyzing......
Preprocessing...
processing finished
start to summarize...
Generating intra-procedural summaries...
Processing callees...
Preprocessing...
processing finished
start to summarize...
Generating intra-procedural summaries...
Processing callees...
Preprocessing...
processing finished
start to summarize...
Generating intra-procedural summaries...
Processing callees...
Preprocessing...
processing finished
start to summarize...
Generating intra-procedural summaries...
Processing callees...
Preprocessing...
processing finished
start to summarize...
Generating intra-procedural summaries...
Processing callees...
Preprocessing...
processing finished
start to summarize...
Generating intra-procedural summaries...
Processing callees...
Preprocessing...
processing finished
start to summarize...
Generating intra-procedural summaries...
Processing callees...
Validating......
Applying path checker with solver...
Constructing solving program...
Constructing solving program...
Solver-aided path checker succeeded...
finish validate
Reporting......
Report generated!

finish report
===================================================
328  /  666 

CWE80_XSS__Servlet_getQueryString_Servlet_21 

{'input_token_cost': 14913, 'output_token_cost': 1600, 'analysis_result': {'TPs': 0, 'FPs': 0}, 'ground_truth': {'TPs': 1, 'FPs': 2}, 'single time cost': 20.648196935653687} 

===================================================


Start to analyze the case  329 out of  666
/scratch/local/w.nimit/1853/LLMDFA/benchmark/juliet-test-suite-XSS_simplified/CWE80_XSS/s01/CWE80_XSS__Servlet_getQueryString_Servlet_31.java
Analyzing......
Preprocessing...
processing finished
start to summarize...
Generating intra-procedural summaries...
Processing callees...
Preprocessing...
processing finished
start to summarize...
Generating intra-procedural summaries...
Processing callees...
Preprocessing...
processing finished
start to summarize...
Generating intra-procedural summaries...
Processing callees...
Validating......
Applying path checker with solver...
Constructing solving program...
Solver-aided path checker succeeded...
finish validate
Reporting......
Report generated!

finish report
===================================================
329  /  666 

CWE80_XSS__Servlet_getQueryString_Servlet_31 

{'input_token_cost': 1701, 'output_token_cost': 229, 'analysis_result': {'TPs': 1, 'FPs': 0}, 'ground_truth': {'TPs': 1, 'FPs': 1}, 'single time cost': 3.0797228813171387} 

===================================================


Start to analyze the case  330 out of  666
/scratch/local/w.nimit/1853/LLMDFA/benchmark/juliet-test-suite-XSS_simplified/CWE80_XSS/s01/CWE80_XSS__Servlet_getQueryString_Servlet_41.java
Analyzing......
Preprocessing...
processing finished
start to summarize...
Generating intra-procedural summaries...
Processing callees...
Preprocessing...
processing finished
start to summarize...
Generating intra-procedural summaries...
Processing callees...
Preprocessing...
processing finished
start to summarize...
Generating intra-procedural summaries...
Processing callees...
Preprocessing...
processing finished
start to summarize...
Generating intra-procedural summaries...
Processing callees...
Preprocessing...
processing finished
start to summarize...
Generating intra-procedural summaries...
Processing callees...
Validating......
Applying path checker with solver...
Constructing solving program...
Solver-aided path checker succeeded...
finish validate
Reporting......
Report generated!

finish report
===================================================
330  /  666 

CWE80_XSS__Servlet_getQueryString_Servlet_41 

{'input_token_cost': 4762, 'output_token_cost': 520, 'analysis_result': {'TPs': 1, 'FPs': 0}, 'ground_truth': {'TPs': 1, 'FPs': 1}, 'single time cost': 6.7404632568359375} 

===================================================


Start to analyze the case  331 out of  666
/scratch/local/w.nimit/1853/LLMDFA/benchmark/juliet-test-suite-XSS_simplified/CWE80_XSS/s01/CWE80_XSS__Servlet_getQueryString_Servlet_42.java
Analyzing......
Preprocessing...
processing finished
start to summarize...
Generating intra-procedural summaries...
Processing callees...
Preprocessing...
processing finished
start to summarize...
Generating intra-procedural summaries...
Processing callees...
Preprocessing...
processing finished
start to summarize...
Generating intra-procedural summaries...
Processing callees...
Preprocessing...
processing finished
start to summarize...
Generating intra-procedural summaries...
Processing callees...
Preprocessing...
processing finished
start to summarize...
Generating intra-procedural summaries...
Processing callees...
Validating......
Applying path checker with solver...
Constructing solving program...
Solver-aided path checker succeeded...
finish validate
Reporting......
Report generated!

finish report
===================================================
331  /  666 

CWE80_XSS__Servlet_getQueryString_Servlet_42 

{'input_token_cost': 7733, 'output_token_cost': 692, 'analysis_result': {'TPs': 1, 'FPs': 0}, 'ground_truth': {'TPs': 1, 'FPs': 1}, 'single time cost': 8.97261905670166} 

===================================================


Start to analyze the case  332 out of  666
/scratch/local/w.nimit/1853/LLMDFA/benchmark/juliet-test-suite-XSS_simplified/CWE80_XSS/s01/CWE80_XSS__Servlet_getQueryString_Servlet_45.java
Analyzing......
Preprocessing...
processing finished
start to summarize...
Generating intra-procedural summaries...
Processing callees...
Preprocessing...
processing finished
start to summarize...
Generating intra-procedural summaries...
Processing callees...
Preprocessing...
processing finished
start to summarize...
Generating intra-procedural summaries...
Processing callees...
Preprocessing...
processing finished
start to summarize...
Generating intra-procedural summaries...
Processing callees...
Preprocessing...
processing finished
start to summarize...
Generating intra-procedural summaries...
Processing callees...
Validating......
Applying path checker with solver...
Constructing solving program...
Solver-aided path checker succeeded...
Applying path checker with solver...
Constructing solving program...
Solver-aided path checker succeeded...
finish validate
Reporting......
Report generated!

finish report
===================================================
332  /  666 

CWE80_XSS__Servlet_getQueryString_Servlet_45 

{'input_token_cost': 7357, 'output_token_cost': 836, 'analysis_result': {'TPs': 1, 'FPs': 0}, 'ground_truth': {'TPs': 1, 'FPs': 1}, 'single time cost': 10.876386642456055} 

===================================================


Start to analyze the case  333 out of  666
/scratch/local/w.nimit/1853/LLMDFA/benchmark/juliet-test-suite-XSS_simplified/CWE80_XSS/s01/CWE80_XSS__Servlet_listen_tcp_01.java
Analyzing......
Preprocessing...
processing finished
start to summarize...
Generating intra-procedural summaries...
Processing callees...
Preprocessing...
processing finished
start to summarize...
Generating intra-procedural summaries...
Processing callees...
Preprocessing...
processing finished
start to summarize...
Generating intra-procedural summaries...
Processing callees...
Validating......
Applying path checker with solver...
Constructing solving program...
Solver-aided path checker succeeded...
finish validate
Reporting......
Report generated!

finish report
===================================================
333  /  666 

CWE80_XSS__Servlet_listen_tcp_01 

{'input_token_cost': 2119, 'output_token_cost': 218, 'analysis_result': {'TPs': 1, 'FPs': 0}, 'ground_truth': {'TPs': 1, 'FPs': 1}, 'single time cost': 2.8993520736694336} 

===================================================


Start to analyze the case  334 out of  666
/scratch/local/w.nimit/1853/LLMDFA/benchmark/juliet-test-suite-XSS_simplified/CWE80_XSS/s01/CWE80_XSS__Servlet_listen_tcp_02.java
Analyzing......
Preprocessing...
processing finished
start to summarize...
Generating intra-procedural summaries...
Processing callees...
Preprocessing...
processing finished
start to summarize...
Generating intra-procedural summaries...
Processing callees...
Preprocessing...
processing finished
start to summarize...
Generating intra-procedural summaries...
Processing callees...
Preprocessing...
processing finished
start to summarize...
Generating intra-procedural summaries...
Processing callees...
Validating......
Applying path checker with solver...
Constructing solving program...
Solver-aided path checker succeeded...
finish validate
Reporting......
Report generated!

finish report
===================================================
334  /  666 

CWE80_XSS__Servlet_listen_tcp_02 

{'input_token_cost': 2145, 'output_token_cost': 219, 'analysis_result': {'TPs': 1, 'FPs': 0}, 'ground_truth': {'TPs': 1, 'FPs': 2}, 'single time cost': 3.3349130153656006} 

===================================================


Start to analyze the case  335 out of  666
/scratch/local/w.nimit/1853/LLMDFA/benchmark/juliet-test-suite-XSS_simplified/CWE80_XSS/s01/CWE80_XSS__Servlet_listen_tcp_03.java
Analyzing......
Preprocessing...
processing finished
start to summarize...
Generating intra-procedural summaries...
Processing callees...
Preprocessing...
processing finished
start to summarize...
Generating intra-procedural summaries...
Processing callees...
Preprocessing...
processing finished
start to summarize...
Generating intra-procedural summaries...
Processing callees...
Preprocessing...
processing finished
start to summarize...
Generating intra-procedural summaries...
Processing callees...
Validating......
Applying path checker with solver...
Constructing solving program...
Constructing solving program...
Solver-aided path checker succeeded...
finish validate
Reporting......
Report generated!

finish report
===================================================
335  /  666 

CWE80_XSS__Servlet_listen_tcp_03 

{'input_token_cost': 2670, 'output_token_cost': 392, 'analysis_result': {'TPs': 1, 'FPs': 0}, 'ground_truth': {'TPs': 1, 'FPs': 2}, 'single time cost': 5.562979459762573} 

===================================================


Start to analyze the case  336 out of  666
/scratch/local/w.nimit/1853/LLMDFA/benchmark/juliet-test-suite-XSS_simplified/CWE80_XSS/s01/CWE80_XSS__Servlet_listen_tcp_04.java
Analyzing......
Preprocessing...
processing finished
start to summarize...
Generating intra-procedural summaries...
Processing callees...
Preprocessing...
processing finished
start to summarize...
Generating intra-procedural summaries...
Processing callees...
Preprocessing...
processing finished
start to summarize...
Generating intra-procedural summaries...
Processing callees...
Preprocessing...
processing finished
start to summarize...
Generating intra-procedural summaries...
Processing callees...
Validating......
Applying path checker with solver...
Constructing solving program...
Constructing solving program...
Solver-aided path checker succeeded...
finish validate
Reporting......
Report generated!

finish report
===================================================
336  /  666 

CWE80_XSS__Servlet_listen_tcp_04 

{'input_token_cost': 2784, 'output_token_cost': 374, 'analysis_result': {'TPs': 1, 'FPs': 0}, 'ground_truth': {'TPs': 1, 'FPs': 2}, 'single time cost': 4.99584436416626} 

===================================================


Start to analyze the case  337 out of  666
/scratch/local/w.nimit/1853/LLMDFA/benchmark/juliet-test-suite-XSS_simplified/CWE80_XSS/s01/CWE80_XSS__Servlet_listen_tcp_05.java
Analyzing......
Preprocessing...
processing finished
start to summarize...
Generating intra-procedural summaries...
Processing callees...
Preprocessing...
processing finished
start to summarize...
Generating intra-procedural summaries...
Processing callees...
Preprocessing...
processing finished
start to summarize...
Generating intra-procedural summaries...
Processing callees...
Preprocessing...
processing finished
start to summarize...
Generating intra-procedural summaries...
Processing callees...
Validating......
Applying path checker with solver...
Constructing solving program...
Constructing solving program...
Solver-aided path checker succeeded...
finish validate
Reporting......
Report generated!

finish report
===================================================
337  /  666 

CWE80_XSS__Servlet_listen_tcp_05 

{'input_token_cost': 2774, 'output_token_cost': 473, 'analysis_result': {'TPs': 1, 'FPs': 0}, 'ground_truth': {'TPs': 1, 'FPs': 2}, 'single time cost': 6.27229905128479} 

===================================================


Start to analyze the case  338 out of  666
/scratch/local/w.nimit/1853/LLMDFA/benchmark/juliet-test-suite-XSS_simplified/CWE80_XSS/s01/CWE80_XSS__Servlet_listen_tcp_06.java
Analyzing......
Preprocessing...
processing finished
start to summarize...
Generating intra-procedural summaries...
Processing callees...
Preprocessing...
processing finished
start to summarize...
Generating intra-procedural summaries...
Processing callees...
Preprocessing...
processing finished
start to summarize...
Generating intra-procedural summaries...
Processing callees...
Preprocessing...
processing finished
start to summarize...
Generating intra-procedural summaries...
Processing callees...
Validating......
Applying path checker with solver...
Constructing solving program...
Constructing solving program...
Solver-aided path checker succeeded...
finish validate
Reporting......
Report generated!

finish report
===================================================
338  /  666 

CWE80_XSS__Servlet_listen_tcp_06 

{'input_token_cost': 2802, 'output_token_cost': 446, 'analysis_result': {'TPs': 1, 'FPs': 0}, 'ground_truth': {'TPs': 1, 'FPs': 2}, 'single time cost': 5.930670738220215} 

===================================================


Start to analyze the case  339 out of  666
/scratch/local/w.nimit/1853/LLMDFA/benchmark/juliet-test-suite-XSS_simplified/CWE80_XSS/s01/CWE80_XSS__Servlet_listen_tcp_07.java
Analyzing......
Preprocessing...
processing finished
start to summarize...
Generating intra-procedural summaries...
Processing callees...
Preprocessing...
processing finished
start to summarize...
Generating intra-procedural summaries...
Processing callees...
Preprocessing...
processing finished
start to summarize...
Generating intra-procedural summaries...
Processing callees...
Preprocessing...
processing finished
start to summarize...
Generating intra-procedural summaries...
Processing callees...
Validating......
Applying path checker with solver...
Constructing solving program...
Constructing solving program...
Solver-aided path checker succeeded...
finish validate
Reporting......
Report generated!

finish report
===================================================
339  /  666 

CWE80_XSS__Servlet_listen_tcp_07 

{'input_token_cost': 2787, 'output_token_cost': 414, 'analysis_result': {'TPs': 1, 'FPs': 0}, 'ground_truth': {'TPs': 1, 'FPs': 2}, 'single time cost': 5.67772364616394} 

===================================================


Start to analyze the case  340 out of  666
/scratch/local/w.nimit/1853/LLMDFA/benchmark/juliet-test-suite-XSS_simplified/CWE80_XSS/s01/CWE80_XSS__Servlet_listen_tcp_08.java
Analyzing......
Preprocessing...
processing finished
start to summarize...
Generating intra-procedural summaries...
Processing callees...
Preprocessing...
processing finished
start to summarize...
Generating intra-procedural summaries...
Processing callees...
Preprocessing...
processing finished
start to summarize...
Generating intra-procedural summaries...
Processing callees...
Preprocessing...
processing finished
start to summarize...
Generating intra-procedural summaries...
Processing callees...
Preprocessing...
processing finished
start to summarize...
Generating intra-procedural summaries...
Processing callees...
Preprocessing...
processing finished
start to summarize...
Generating intra-procedural summaries...
Processing callees...
start to summarize...
Generating intra-procedural summaries...
Processing callees...
Validating......
finish validate
Reporting......
Report generated!

finish report
===================================================
340  /  666 

CWE80_XSS__Servlet_listen_tcp_08 

{'input_token_cost': 1629, 'output_token_cost': 183, 'analysis_result': {'TPs': 0, 'FPs': 0}, 'ground_truth': {'TPs': 1, 'FPs': 2}, 'single time cost': 2.3313074111938477} 

===================================================


Start to analyze the case  341 out of  666
/scratch/local/w.nimit/1853/LLMDFA/benchmark/juliet-test-suite-XSS_simplified/CWE80_XSS/s01/CWE80_XSS__Servlet_listen_tcp_09.java
Analyzing......
Preprocessing...
processing finished
start to summarize...
Generating intra-procedural summaries...
Processing callees...
Preprocessing...
processing finished
start to summarize...
Generating intra-procedural summaries...
Processing callees...
Preprocessing...
processing finished
start to summarize...
Generating intra-procedural summaries...
Processing callees...
Preprocessing...
processing finished
start to summarize...
Generating intra-procedural summaries...
Processing callees...
Validating......
Applying path checker with solver...
Constructing solving program...
Constructing solving program...
Solver-aided path checker succeeded...
finish validate
Reporting......
Report generated!

finish report
===================================================
341  /  666 

CWE80_XSS__Servlet_listen_tcp_09 

{'input_token_cost': 2789, 'output_token_cost': 312, 'analysis_result': {'TPs': 1, 'FPs': 0}, 'ground_truth': {'TPs': 1, 'FPs': 2}, 'single time cost': 4.254806041717529} 

===================================================


Start to analyze the case  342 out of  666
/scratch/local/w.nimit/1853/LLMDFA/benchmark/juliet-test-suite-XSS_simplified/CWE80_XSS/s01/CWE80_XSS__Servlet_listen_tcp_10.java
Analyzing......
Preprocessing...
processing finished
start to summarize...
Generating intra-procedural summaries...
Processing callees...
Preprocessing...
processing finished
start to summarize...
Generating intra-procedural summaries...
Processing callees...
Preprocessing...
processing finished
start to summarize...
Generating intra-procedural summaries...
Processing callees...
Preprocessing...
processing finished
start to summarize...
Generating intra-procedural summaries...
Processing callees...
Validating......
Applying path checker with solver...
Constructing solving program...
Constructing solving program...
Solver-aided path checker succeeded...
finish validate
Reporting......
Report generated!

finish report
===================================================
342  /  666 

CWE80_XSS__Servlet_listen_tcp_10 

{'input_token_cost': 2779, 'output_token_cost': 376, 'analysis_result': {'TPs': 1, 'FPs': 0}, 'ground_truth': {'TPs': 1, 'FPs': 2}, 'single time cost': 5.1528143882751465} 

===================================================


Start to analyze the case  343 out of  666
/scratch/local/w.nimit/1853/LLMDFA/benchmark/juliet-test-suite-XSS_simplified/CWE80_XSS/s01/CWE80_XSS__Servlet_listen_tcp_11.java
Analyzing......
Preprocessing...
processing finished
start to summarize...
Generating intra-procedural summaries...
Processing callees...
Preprocessing...
processing finished
start to summarize...
Generating intra-procedural summaries...
Processing callees...
Preprocessing...
processing finished
start to summarize...
Generating intra-procedural summaries...
Processing callees...
Preprocessing...
processing finished
start to summarize...
Generating intra-procedural summaries...
Processing callees...
Validating......
Applying path checker with solver...
Constructing solving program...
Refining solving program...
Constructing solving program...
Solver-aided path checker succeeded...
finish validate
Reporting......
Report generated!

finish report
===================================================
343  /  666 

CWE80_XSS__Servlet_listen_tcp_11 

{'input_token_cost': 2940, 'output_token_cost': 549, 'analysis_result': {'TPs': 1, 'FPs': 0}, 'ground_truth': {'TPs': 1, 'FPs': 2}, 'single time cost': 7.3427064418792725} 

===================================================


Start to analyze the case  344 out of  666
/scratch/local/w.nimit/1853/LLMDFA/benchmark/juliet-test-suite-XSS_simplified/CWE80_XSS/s01/CWE80_XSS__Servlet_listen_tcp_12.java
Analyzing......
Preprocessing...
processing finished
start to summarize...
Generating intra-procedural summaries...
Processing callees...
Preprocessing...
processing finished
start to summarize...
Generating intra-procedural summaries...
Processing callees...
Preprocessing...
processing finished
start to summarize...
Generating intra-procedural summaries...
Processing callees...
Validating......
Applying path checker with solver...
Constructing solving program...
Refining solving program...
Constructing solving program...
Solver-aided path checker succeeded...
finish validate
Reporting......
Report generated!

finish report
===================================================
344  /  666 

CWE80_XSS__Servlet_listen_tcp_12 

{'input_token_cost': 2960, 'output_token_cost': 528, 'analysis_result': {'TPs': 1, 'FPs': 0}, 'ground_truth': {'TPs': 1, 'FPs': 1}, 'single time cost': 7.142329931259155} 

===================================================


Start to analyze the case  345 out of  666
/scratch/local/w.nimit/1853/LLMDFA/benchmark/juliet-test-suite-XSS_simplified/CWE80_XSS/s01/CWE80_XSS__Servlet_listen_tcp_13.java
Analyzing......
Preprocessing...
processing finished
start to summarize...
Generating intra-procedural summaries...
Processing callees...
Preprocessing...
processing finished
start to summarize...
Generating intra-procedural summaries...
Processing callees...
Preprocessing...
processing finished
start to summarize...
Generating intra-procedural summaries...
Processing callees...
Preprocessing...
processing finished
start to summarize...
Generating intra-procedural summaries...
Processing callees...
Validating......
Applying path checker with solver...
Constructing solving program...
Constructing solving program...
Solver-aided path checker succeeded...
finish validate
Reporting......
Report generated!

finish report
===================================================
345  /  666 

CWE80_XSS__Servlet_listen_tcp_13 

{'input_token_cost': 2807, 'output_token_cost': 433, 'analysis_result': {'TPs': 1, 'FPs': 0}, 'ground_truth': {'TPs': 1, 'FPs': 2}, 'single time cost': 5.817159652709961} 

===================================================


Start to analyze the case  346 out of  666
/scratch/local/w.nimit/1853/LLMDFA/benchmark/juliet-test-suite-XSS_simplified/CWE80_XSS/s01/CWE80_XSS__Servlet_listen_tcp_14.java
Analyzing......
Preprocessing...
processing finished
start to summarize...
Generating intra-procedural summaries...
Processing callees...
Preprocessing...
processing finished
start to summarize...
Generating intra-procedural summaries...
Processing callees...
Preprocessing...
processing finished
start to summarize...
Generating intra-procedural summaries...
Processing callees...
Preprocessing...
processing finished
start to summarize...
Generating intra-procedural summaries...
Processing callees...
Validating......
Applying path checker with solver...
Constructing solving program...
Constructing solving program...
Solver-aided path checker succeeded...
finish validate
Reporting......
Report generated!

finish report
===================================================
346  /  666 

CWE80_XSS__Servlet_listen_tcp_14 

{'input_token_cost': 2792, 'output_token_cost': 360, 'analysis_result': {'TPs': 1, 'FPs': 0}, 'ground_truth': {'TPs': 1, 'FPs': 2}, 'single time cost': 4.902737379074097} 

===================================================


Start to analyze the case  347 out of  666
/scratch/local/w.nimit/1853/LLMDFA/benchmark/juliet-test-suite-XSS_simplified/CWE80_XSS/s01/CWE80_XSS__Servlet_listen_tcp_17.java
Analyzing......
Preprocessing...
processing finished
start to summarize...
Generating intra-procedural summaries...
Processing callees...
Preprocessing...
processing finished
start to summarize...
Generating intra-procedural summaries...
Processing callees...
Preprocessing...
processing finished
start to summarize...
Generating intra-procedural summaries...
Processing callees...
Validating......
Applying path checker with solver...
Constructing solving program...
Solver-aided path checker succeeded...
finish validate
Reporting......
Report generated!

finish report
===================================================
347  /  666 

CWE80_XSS__Servlet_listen_tcp_17 

{'input_token_cost': 2144, 'output_token_cost': 216, 'analysis_result': {'TPs': 1, 'FPs': 0}, 'ground_truth': {'TPs': 1, 'FPs': 1}, 'single time cost': 2.8990001678466797} 

===================================================


Start to analyze the case  348 out of  666
/scratch/local/w.nimit/1853/LLMDFA/benchmark/juliet-test-suite-XSS_simplified/CWE80_XSS/s01/CWE80_XSS__Servlet_listen_tcp_21.java
Analyzing......
Preprocessing...
processing finished
start to summarize...
Generating intra-procedural summaries...
Processing callees...
Preprocessing...
processing finished
start to summarize...
Generating intra-procedural summaries...
Processing callees...
Preprocessing...
processing finished
start to summarize...
Generating intra-procedural summaries...
Processing callees...
Preprocessing...
processing finished
start to summarize...
Generating intra-procedural summaries...
Processing callees...
Preprocessing...
processing finished
start to summarize...
Generating intra-procedural summaries...
Processing callees...
Preprocessing...
processing finished
start to summarize...
Generating intra-procedural summaries...
Processing callees...
Preprocessing...
processing finished
start to summarize...
Generating intra-procedural summaries...
Processing callees...
Validating......
Applying path checker with solver...
Constructing solving program...
Constructing solving program...
Solver-aided path checker succeeded...
finish validate
Reporting......
Report generated!

finish report
===================================================
348  /  666 

CWE80_XSS__Servlet_listen_tcp_21 

{'input_token_cost': 16273, 'output_token_cost': 1564, 'analysis_result': {'TPs': 0, 'FPs': 0}, 'ground_truth': {'TPs': 1, 'FPs': 2}, 'single time cost': 20.30518078804016} 

===================================================


Start to analyze the case  349 out of  666
/scratch/local/w.nimit/1853/LLMDFA/benchmark/juliet-test-suite-XSS_simplified/CWE80_XSS/s01/CWE80_XSS__Servlet_listen_tcp_31.java
Analyzing......
Preprocessing...
processing finished
start to summarize...
Generating intra-procedural summaries...
Processing callees...
Preprocessing...
processing finished
start to summarize...
Generating intra-procedural summaries...
Processing callees...
Preprocessing...
processing finished
start to summarize...
Generating intra-procedural summaries...
Processing callees...
Validating......
Applying path checker with solver...
Constructing solving program...
Solver-aided path checker succeeded...
finish validate
Reporting......
Report generated!

finish report
===================================================
349  /  666 

CWE80_XSS__Servlet_listen_tcp_31 

{'input_token_cost': 2171, 'output_token_cost': 254, 'analysis_result': {'TPs': 1, 'FPs': 0}, 'ground_truth': {'TPs': 1, 'FPs': 1}, 'single time cost': 3.359177827835083} 

===================================================


Start to analyze the case  350 out of  666
/scratch/local/w.nimit/1853/LLMDFA/benchmark/juliet-test-suite-XSS_simplified/CWE80_XSS/s01/CWE80_XSS__Servlet_listen_tcp_41.java
Analyzing......
Preprocessing...
processing finished
start to summarize...
Generating intra-procedural summaries...
Processing callees...
Preprocessing...
processing finished
start to summarize...
Generating intra-procedural summaries...
Processing callees...
Preprocessing...
processing finished
start to summarize...
Generating intra-procedural summaries...
Processing callees...
Preprocessing...
processing finished
start to summarize...
Generating intra-procedural summaries...
Processing callees...
Preprocessing...
processing finished
start to summarize...
Generating intra-procedural summaries...
Processing callees...
Validating......
Applying path checker with solver...
Constructing solving program...
Solver-aided path checker succeeded...
finish validate
Reporting......
Report generated!

finish report
===================================================
350  /  666 

CWE80_XSS__Servlet_listen_tcp_41 

{'input_token_cost': 6170, 'output_token_cost': 481, 'analysis_result': {'TPs': 1, 'FPs': 0}, 'ground_truth': {'TPs': 1, 'FPs': 1}, 'single time cost': 6.264480113983154} 

===================================================


Start to analyze the case  351 out of  666
/scratch/local/w.nimit/1853/LLMDFA/benchmark/juliet-test-suite-XSS_simplified/CWE80_XSS/s01/CWE80_XSS__Servlet_listen_tcp_42.java
Analyzing......
Preprocessing...
processing finished
start to summarize...
Generating intra-procedural summaries...
Processing callees...
Preprocessing...
processing finished
start to summarize...
Generating intra-procedural summaries...
Processing callees...
Preprocessing...
processing finished
start to summarize...
Generating intra-procedural summaries...
Processing callees...
Preprocessing...
processing finished
start to summarize...
Generating intra-procedural summaries...
Processing callees...
Preprocessing...
processing finished
start to summarize...
Generating intra-procedural summaries...
Processing callees...
Validating......
Applying path checker with solver...
Constructing solving program...
Solver-aided path checker succeeded...
finish validate
Reporting......
Report generated!

finish report
===================================================
351  /  666 

CWE80_XSS__Servlet_listen_tcp_42 

{'input_token_cost': 9141, 'output_token_cost': 642, 'analysis_result': {'TPs': 1, 'FPs': 0}, 'ground_truth': {'TPs': 1, 'FPs': 1}, 'single time cost': 8.375112056732178} 

===================================================


Start to analyze the case  352 out of  666
/scratch/local/w.nimit/1853/LLMDFA/benchmark/juliet-test-suite-XSS_simplified/CWE80_XSS/s01/CWE80_XSS__Servlet_listen_tcp_45.java
Analyzing......
Preprocessing...
processing finished
start to summarize...
Generating intra-procedural summaries...
Processing callees...
Preprocessing...
processing finished
start to summarize...
Generating intra-procedural summaries...
Processing callees...
Preprocessing...
processing finished
start to summarize...
Generating intra-procedural summaries...
Processing callees...
Preprocessing...
processing finished
start to summarize...
Generating intra-procedural summaries...
Processing callees...
Preprocessing...
processing finished
start to summarize...
Generating intra-procedural summaries...
Processing callees...
Validating......
Applying path checker with solver...
Constructing solving program...
Solver-aided path checker succeeded...
Applying path checker with solver...
Constructing solving program...
Solver-aided path checker succeeded...
finish validate
Reporting......
Report generated!

finish report
===================================================
352  /  666 

CWE80_XSS__Servlet_listen_tcp_45 

{'input_token_cost': 8764, 'output_token_cost': 796, 'analysis_result': {'TPs': 1, 'FPs': 0}, 'ground_truth': {'TPs': 1, 'FPs': 1}, 'single time cost': 10.418187618255615} 

===================================================


Start to analyze the case  353 out of  666
/scratch/local/w.nimit/1853/LLMDFA/benchmark/juliet-test-suite-XSS_simplified/CWE80_XSS/s01/CWE80_XSS__CWE182_Servlet_File_22.java
Analyzing......
Preprocessing...
processing finished
start to summarize...
Generating intra-procedural summaries...
Processing callees...
Preprocessing...
processing finished
start to summarize...
Generating intra-procedural summaries...
Processing callees...
Preprocessing...
processing finished
start to summarize...
Generating intra-procedural summaries...
Processing callees...
Preprocessing...
processing finished
start to summarize...
Generating intra-procedural summaries...
Processing callees...
Preprocessing...
processing finished
start to summarize...
Generating intra-procedural summaries...
Processing callees...
Preprocessing...
processing finished
start to summarize...
Generating intra-procedural summaries...
Processing callees...
Preprocessing...
processing finished
start to summarize...
Generating intra-procedural summaries...
Processing callees...
Validating......
Applying path checker with solver...
Constructing solving program...
Constructing solving program...
Solver-aided path checker succeeded...
finish validate
Reporting......
Report generated!

finish report
===================================================
353  /  666 

CWE80_XSS__CWE182_Servlet_File_22 

{'input_token_cost': 16437, 'output_token_cost': 1746, 'analysis_result': {'TPs': 0, 'FPs': 0}, 'ground_truth': {'TPs': 1, 'FPs': 2}, 'single time cost': 22.696114778518677} 

===================================================


Start to analyze the case  354 out of  666
/scratch/local/w.nimit/1853/LLMDFA/benchmark/juliet-test-suite-XSS_simplified/CWE80_XSS/s01/CWE80_XSS__CWE182_Servlet_File_51.java
Analyzing......
Preprocessing...
processing finished
start to summarize...
Generating intra-procedural summaries...
Processing callees...
Preprocessing...
processing finished
start to summarize...
Generating intra-procedural summaries...
Processing callees...
Preprocessing...
processing finished
start to summarize...
Generating intra-procedural summaries...
Processing callees...
Preprocessing...
processing finished
start to summarize...
Generating intra-procedural summaries...
Processing callees...
Preprocessing...
processing finished
start to summarize...
Generating intra-procedural summaries...
Processing callees...
Validating......
Applying path checker with solver...
Constructing solving program...
Solver-aided path checker succeeded...
finish validate
Reporting......
Report generated!

finish report
===================================================
354  /  666 

CWE80_XSS__CWE182_Servlet_File_51 

{'input_token_cost': 5964, 'output_token_cost': 580, 'analysis_result': {'TPs': 1, 'FPs': 0}, 'ground_truth': {'TPs': 1, 'FPs': 1}, 'single time cost': 7.683847427368164} 

===================================================


Start to analyze the case  355 out of  666
/scratch/local/w.nimit/1853/LLMDFA/benchmark/juliet-test-suite-XSS_simplified/CWE80_XSS/s01/CWE80_XSS__CWE182_Servlet_File_52.java
Analyzing......
Preprocessing...
processing finished
start to summarize...
Generating intra-procedural summaries...
Processing callees...
Preprocessing...
processing finished
start to summarize...
Generating intra-procedural summaries...
Processing callees...
Preprocessing...
processing finished
start to summarize...
Generating intra-procedural summaries...
Processing callees...
Preprocessing...
processing finished
start to summarize...
Generating intra-procedural summaries...
Processing callees...
Preprocessing...
processing finished
start to summarize...
Generating intra-procedural summaries...
Processing callees...
Preprocessing...
processing finished
start to summarize...
Generating intra-procedural summaries...
Processing callees...
Preprocessing...
processing finished
start to summarize...
Generating intra-procedural summaries...
Processing callees...
Validating......
Applying path checker with solver...
Constructing solving program...
Solver-aided path checker succeeded...
Applying path checker with solver...
Constructing solving program...
Solver-aided path checker succeeded...
finish validate
Reporting......
Report generated!

finish report
===================================================
355  /  666 

CWE80_XSS__CWE182_Servlet_File_52 

{'input_token_cost': 13504, 'output_token_cost': 1505, 'analysis_result': {'TPs': 1, 'FPs': 0}, 'ground_truth': {'TPs': 1, 'FPs': 1}, 'single time cost': 19.51018500328064} 

===================================================


Start to analyze the case  356 out of  666
/scratch/local/w.nimit/1853/LLMDFA/benchmark/juliet-test-suite-XSS_simplified/CWE80_XSS/s01/CWE80_XSS__CWE182_Servlet_File_53.java
Analyzing......
Preprocessing...
processing finished
start to summarize...
Generating intra-procedural summaries...
Processing callees...
Preprocessing...
processing finished
start to summarize...
Generating intra-procedural summaries...
Processing callees...
Preprocessing...
processing finished
start to summarize...
Generating intra-procedural summaries...
Processing callees...
Preprocessing...
processing finished
start to summarize...
Generating intra-procedural summaries...
Processing callees...
Preprocessing...
processing finished
start to summarize...
Generating intra-procedural summaries...
Processing callees...
Preprocessing...
processing finished
start to summarize...
Generating intra-procedural summaries...
Processing callees...
Preprocessing...
processing finished
start to summarize...
Generating intra-procedural summaries...
Processing callees...
Preprocessing...
processing finished
start to summarize...
Generating intra-procedural summaries...
Processing callees...
Preprocessing...
processing finished
start to summarize...
Generating intra-procedural summaries...
Processing callees...
Validating......
Applying path checker with solver...
Constructing solving program...
Solver-aided path checker succeeded...
finish validate
Reporting......
Report generated!

finish report
===================================================
356  /  666 

CWE80_XSS__CWE182_Servlet_File_53 

{'input_token_cost': 18937, 'output_token_cost': 1970, 'analysis_result': {'TPs': 1, 'FPs': 0}, 'ground_truth': {'TPs': 1, 'FPs': 1}, 'single time cost': 25.332890272140503} 

===================================================


Start to analyze the case  357 out of  666
/scratch/local/w.nimit/1853/LLMDFA/benchmark/juliet-test-suite-XSS_simplified/CWE80_XSS/s01/CWE80_XSS__CWE182_Servlet_File_54.java
Analyzing......
Preprocessing...
processing finished
start to summarize...
Generating intra-procedural summaries...
Processing callees...
Preprocessing...
processing finished
start to summarize...
Generating intra-procedural summaries...
Processing callees...
Preprocessing...
processing finished
start to summarize...
Generating intra-procedural summaries...
Processing callees...
Preprocessing...
processing finished
start to summarize...
Generating intra-procedural summaries...
Processing callees...
Preprocessing...
processing finished
start to summarize...
Generating intra-procedural summaries...
Processing callees...
Preprocessing...
processing finished
start to summarize...
Generating intra-procedural summaries...
Processing callees...
Preprocessing...
processing finished
start to summarize...
Generating intra-procedural summaries...
Processing callees...
Preprocessing...
processing finished
start to summarize...
Generating intra-procedural summaries...
Processing callees...
Preprocessing...
processing finished
start to summarize...
Generating intra-procedural summaries...
Processing callees...
Preprocessing...
processing finished
start to summarize...
Generating intra-procedural summaries...
Processing callees...
Preprocessing...
processing finished
start to summarize...
Generating intra-procedural summaries...
Processing callees...
Validating......
Applying path checker with solver...
Constructing solving program...
Solver-aided path checker succeeded...
finish validate
Reporting......
Report generated!

finish report
===================================================
357  /  666 

CWE80_XSS__CWE182_Servlet_File_54 

{'input_token_cost': 24903, 'output_token_cost': 2732, 'analysis_result': {'TPs': 1, 'FPs': 0}, 'ground_truth': {'TPs': 1, 'FPs': 1}, 'single time cost': 35.162686824798584} 

===================================================


Start to analyze the case  358 out of  666
/scratch/local/w.nimit/1853/LLMDFA/benchmark/juliet-test-suite-XSS_simplified/CWE80_XSS/s01/CWE80_XSS__CWE182_Servlet_File_61.java
Analyzing......
Preprocessing...
processing finished
start to summarize...
Generating intra-procedural summaries...
Processing callees...
Preprocessing...
processing finished
start to summarize...
Generating intra-procedural summaries...
Processing callees...
Preprocessing...
processing finished
start to summarize...
Generating intra-procedural summaries...
Processing callees...
Preprocessing...
processing finished
start to summarize...
Generating intra-procedural summaries...
Processing callees...
Preprocessing...
processing finished
start to summarize...
Generating intra-procedural summaries...
Processing callees...
Validating......
Applying path checker with solver...
Constructing solving program...
Solver-aided path checker succeeded...
finish validate
Reporting......
Report generated!

finish report
===================================================
358  /  666 

CWE80_XSS__CWE182_Servlet_File_61 

{'input_token_cost': 8914, 'output_token_cost': 775, 'analysis_result': {'TPs': 1, 'FPs': 0}, 'ground_truth': {'TPs': 1, 'FPs': 1}, 'single time cost': 10.132204532623291} 

===================================================


Start to analyze the case  359 out of  666
/scratch/local/w.nimit/1853/LLMDFA/benchmark/juliet-test-suite-XSS_simplified/CWE80_XSS/s01/CWE80_XSS__CWE182_Servlet_File_66.java
Analyzing......
Preprocessing...
processing finished
start to summarize...
Generating intra-procedural summaries...
Processing callees...
Preprocessing...
processing finished
start to summarize...
Generating intra-procedural summaries...
Processing callees...
Preprocessing...
processing finished
start to summarize...
Generating intra-procedural summaries...
Processing callees...
Preprocessing...
processing finished
start to summarize...
Generating intra-procedural summaries...
Processing callees...
Preprocessing...
processing finished
start to summarize...
Generating intra-procedural summaries...
Processing callees...
Validating......
Applying path checker with solver...
Constructing solving program...
Solver-aided path checker succeeded...
Applying path checker with solver...
Constructing solving program...
Solver-aided path checker succeeded...
finish validate
Reporting......
Report generated!

finish report
===================================================
359  /  666 

CWE80_XSS__CWE182_Servlet_File_66 

{'input_token_cost': 8686, 'output_token_cost': 936, 'analysis_result': {'TPs': 1, 'FPs': 0}, 'ground_truth': {'TPs': 1, 'FPs': 1}, 'single time cost': 12.254366636276245} 

===================================================


Start to analyze the case  360 out of  666
/scratch/local/w.nimit/1853/LLMDFA/benchmark/juliet-test-suite-XSS_simplified/CWE80_XSS/s01/CWE80_XSS__CWE182_Servlet_File_67.java
Analyzing......
Preprocessing...
processing finished
start to summarize...
Generating intra-procedural summaries...
Processing callees...
Preprocessing...
processing finished
start to summarize...
Generating intra-procedural summaries...
Processing callees...
Preprocessing...
processing finished
start to summarize...
Generating intra-procedural summaries...
Processing callees...
Preprocessing...
processing finished
start to summarize...
Generating intra-procedural summaries...
Processing callees...
Preprocessing...
processing finished
start to summarize...
Generating intra-procedural summaries...
Processing callees...
Validating......
Applying path checker with solver...
Constructing solving program...
Solver-aided path checker succeeded...
finish validate
Reporting......
Report generated!

finish report
===================================================
360  /  666 

CWE80_XSS__CWE182_Servlet_File_67 

{'input_token_cost': 6067, 'output_token_cost': 523, 'analysis_result': {'TPs': 1, 'FPs': 0}, 'ground_truth': {'TPs': 1, 'FPs': 1}, 'single time cost': 6.883303642272949} 

===================================================


Start to analyze the case  361 out of  666
/scratch/local/w.nimit/1853/LLMDFA/benchmark/juliet-test-suite-XSS_simplified/CWE80_XSS/s01/CWE80_XSS__CWE182_Servlet_File_68.java
Analyzing......
Preprocessing...
processing finished
start to summarize...
Generating intra-procedural summaries...
Processing callees...
Preprocessing...
processing finished
start to summarize...
Generating intra-procedural summaries...
Processing callees...
Preprocessing...
processing finished
start to summarize...
Generating intra-procedural summaries...
Processing callees...
Preprocessing...
processing finished
start to summarize...
Generating intra-procedural summaries...
Processing callees...
Preprocessing...
processing finished
start to summarize...
Generating intra-procedural summaries...
Processing callees...
Validating......
Applying path checker with solver...
Constructing solving program...
Solver-aided path checker succeeded...
finish validate
Reporting......
Report generated!

finish report
===================================================
361  /  666 

CWE80_XSS__CWE182_Servlet_File_68 

{'input_token_cost': 8591, 'output_token_cost': 901, 'analysis_result': {'TPs': 1, 'FPs': 0}, 'ground_truth': {'TPs': 1, 'FPs': 1}, 'single time cost': 11.71986699104309} 

===================================================


Start to analyze the case  362 out of  666
/scratch/local/w.nimit/1853/LLMDFA/benchmark/juliet-test-suite-XSS_simplified/CWE80_XSS/s01/CWE80_XSS__CWE182_Servlet_File_71.java
Analyzing......
Preprocessing...
processing finished
start to summarize...
Generating intra-procedural summaries...
Processing callees...
Preprocessing...
processing finished
start to summarize...
Generating intra-procedural summaries...
Processing callees...
Preprocessing...
processing finished
start to summarize...
Generating intra-procedural summaries...
Processing callees...
Preprocessing...
processing finished
start to summarize...
Generating intra-procedural summaries...
Processing callees...
Preprocessing...
processing finished
start to summarize...
Generating intra-procedural summaries...
Processing callees...
Validating......
finish validate
Reporting......
Report generated!

finish report
===================================================
362  /  666 

CWE80_XSS__CWE182_Servlet_File_71 

{'input_token_cost': 2930, 'output_token_cost': 258, 'analysis_result': {'TPs': 0, 'FPs': 0}, 'ground_truth': {'TPs': 1, 'FPs': 1}, 'single time cost': 3.311598300933838} 

===================================================


Start to analyze the case  363 out of  666
/scratch/local/w.nimit/1853/LLMDFA/benchmark/juliet-test-suite-XSS_simplified/CWE80_XSS/s01/CWE80_XSS__CWE182_Servlet_File_72.java
Analyzing......
Preprocessing...
processing finished
start to summarize...
Generating intra-procedural summaries...
Processing callees...
Preprocessing...
processing finished
start to summarize...
Generating intra-procedural summaries...
Processing callees...
Preprocessing...
processing finished
start to summarize...
Generating intra-procedural summaries...
Processing callees...
Preprocessing...
processing finished
start to summarize...
Generating intra-procedural summaries...
Processing callees...
Preprocessing...
processing finished
start to summarize...
Generating intra-procedural summaries...
Processing callees...
Validating......
Applying path checker with solver...
Constructing solving program...
Solver-aided path checker succeeded...
Applying path checker with solver...
Constructing solving program...
Solver-aided path checker succeeded...
finish validate
Reporting......
Report generated!

finish report
===================================================
363  /  666 

CWE80_XSS__CWE182_Servlet_File_72 

{'input_token_cost': 8786, 'output_token_cost': 1081, 'analysis_result': {'TPs': 1, 'FPs': 0}, 'ground_truth': {'TPs': 1, 'FPs': 1}, 'single time cost': 14.065338850021362} 

===================================================


Start to analyze the case  364 out of  666
/scratch/local/w.nimit/1853/LLMDFA/benchmark/juliet-test-suite-XSS_simplified/CWE80_XSS/s01/CWE80_XSS__CWE182_Servlet_File_73.java
Analyzing......
Preprocessing...
processing finished
start to summarize...
Generating intra-procedural summaries...
Processing callees...
Preprocessing...
processing finished
start to summarize...
Generating intra-procedural summaries...
Processing callees...
Preprocessing...
processing finished
start to summarize...
Generating intra-procedural summaries...
Processing callees...
Preprocessing...
processing finished
start to summarize...
Generating intra-procedural summaries...
Processing callees...
Preprocessing...
processing finished
start to summarize...
Generating intra-procedural summaries...
Processing callees...
Validating......
Applying path checker with solver...
Constructing solving program...
Solver-aided path checker succeeded...
finish validate
Reporting......
Report generated!

finish report
===================================================
364  /  666 

CWE80_XSS__CWE182_Servlet_File_73 

{'input_token_cost': 8250, 'output_token_cost': 810, 'analysis_result': {'TPs': 1, 'FPs': 0}, 'ground_truth': {'TPs': 1, 'FPs': 1}, 'single time cost': 10.634116411209106} 

===================================================


Start to analyze the case  365 out of  666
/scratch/local/w.nimit/1853/LLMDFA/benchmark/juliet-test-suite-XSS_simplified/CWE80_XSS/s01/CWE80_XSS__CWE182_Servlet_File_74.java
Analyzing......
Preprocessing...
processing finished
start to summarize...
Generating intra-procedural summaries...
Processing callees...
Preprocessing...
processing finished
start to summarize...
Generating intra-procedural summaries...
Processing callees...
Preprocessing...
processing finished
start to summarize...
Generating intra-procedural summaries...
Processing callees...
Preprocessing...
processing finished
start to summarize...
Generating intra-procedural summaries...
Processing callees...
Preprocessing...
processing finished
start to summarize...
Generating intra-procedural summaries...
Processing callees...
Validating......
Applying path checker with solver...
Constructing solving program...
Solver-aided path checker succeeded...
Applying path checker with solver...
Constructing solving program...
Solver-aided path checker succeeded...
finish validate
Reporting......
Report generated!

finish report
===================================================
365  /  666 

CWE80_XSS__CWE182_Servlet_File_74 

{'input_token_cost': 8792, 'output_token_cost': 845, 'analysis_result': {'TPs': 1, 'FPs': 0}, 'ground_truth': {'TPs': 1, 'FPs': 1}, 'single time cost': 11.122353553771973} 

===================================================


Start to analyze the case  366 out of  666
/scratch/local/w.nimit/1853/LLMDFA/benchmark/juliet-test-suite-XSS_simplified/CWE80_XSS/s01/CWE80_XSS__CWE182_Servlet_File_75.java
Analyzing......
Preprocessing...
processing finished
start to summarize...
Generating intra-procedural summaries...
Processing callees...
Preprocessing...
processing finished
start to summarize...
Generating intra-procedural summaries...
Processing callees...
Preprocessing...
processing finished
start to summarize...
Generating intra-procedural summaries...
Processing callees...
Preprocessing...
processing finished
start to summarize...
Generating intra-procedural summaries...
Processing callees...
Preprocessing...
processing finished
start to summarize...
Generating intra-procedural summaries...
Processing callees...
Validating......
Applying path checker with solver...
Constructing solving program...
Solver-aided path checker succeeded...
finish validate
Reporting......
Report generated!

finish report
===================================================
366  /  666 

CWE80_XSS__CWE182_Servlet_File_75 

{'input_token_cost': 7346, 'output_token_cost': 581, 'analysis_result': {'TPs': 1, 'FPs': 0}, 'ground_truth': {'TPs': 1, 'FPs': 1}, 'single time cost': 7.72628116607666} 

===================================================


Start to analyze the case  367 out of  666
/scratch/local/w.nimit/1853/LLMDFA/benchmark/juliet-test-suite-XSS_simplified/CWE80_XSS/s01/CWE80_XSS__CWE182_Servlet_File_81.java
Analyzing......
Preprocessing...
processing finished
start to summarize...
Generating intra-procedural summaries...
Processing callees...
Preprocessing...
processing finished
start to summarize...
Generating intra-procedural summaries...
Processing callees...
Preprocessing...
processing finished
start to summarize...
Generating intra-procedural summaries...
Processing callees...
Preprocessing...
processing finished
start to summarize...
Generating intra-procedural summaries...
Processing callees...
Preprocessing...
processing finished
start to summarize...
Generating intra-procedural summaries...
Processing callees...
Validating......
Applying path checker with solver...
Constructing solving program...
Solver-aided path checker succeeded...
Applying path checker with solver...
Constructing solving program...
Solver-aided path checker succeeded...
finish validate
Reporting......
Report generated!

finish report
===================================================
367  /  666 

CWE80_XSS__CWE182_Servlet_File_81 

{'input_token_cost': 8563, 'output_token_cost': 894, 'analysis_result': {'TPs': 1, 'FPs': 0}, 'ground_truth': {'TPs': 1, 'FPs': 1}, 'single time cost': 11.71531057357788} 

===================================================


Start to analyze the case  368 out of  666
/scratch/local/w.nimit/1853/LLMDFA/benchmark/juliet-test-suite-XSS_simplified/CWE80_XSS/s01/CWE80_XSS__CWE182_Servlet_PropertiesFile_22.java
Analyzing......
Preprocessing...
processing finished
start to summarize...
Generating intra-procedural summaries...
Processing callees...
Preprocessing...
processing finished
start to summarize...
Generating intra-procedural summaries...
Processing callees...
Preprocessing...
processing finished
start to summarize...
Generating intra-procedural summaries...
Processing callees...
Preprocessing...
processing finished
start to summarize...
Generating intra-procedural summaries...
Processing callees...
Preprocessing...
processing finished
start to summarize...
Generating intra-procedural summaries...
Processing callees...
Preprocessing...
processing finished
start to summarize...
Generating intra-procedural summaries...
Processing callees...
Preprocessing...
processing finished
start to summarize...
Generating intra-procedural summaries...
Processing callees...
Validating......
Applying path checker with solver...
Constructing solving program...
Constructing solving program...
Solver-aided path checker succeeded...
finish validate
Reporting......
Report generated!

finish report
===================================================
368  /  666 

CWE80_XSS__CWE182_Servlet_PropertiesFile_22 

{'input_token_cost': 15825, 'output_token_cost': 1863, 'analysis_result': {'TPs': 0, 'FPs': 0}, 'ground_truth': {'TPs': 1, 'FPs': 2}, 'single time cost': 24.148277044296265} 

===================================================


Start to analyze the case  369 out of  666
/scratch/local/w.nimit/1853/LLMDFA/benchmark/juliet-test-suite-XSS_simplified/CWE80_XSS/s01/CWE80_XSS__CWE182_Servlet_PropertiesFile_51.java
Analyzing......
Preprocessing...
processing finished
start to summarize...
Generating intra-procedural summaries...
Processing callees...
Preprocessing...
processing finished
start to summarize...
Generating intra-procedural summaries...
Processing callees...
Preprocessing...
processing finished
start to summarize...
Generating intra-procedural summaries...
Processing callees...
Preprocessing...
processing finished
start to summarize...
Generating intra-procedural summaries...
Processing callees...
Preprocessing...
processing finished
start to summarize...
Generating intra-procedural summaries...
Processing callees...
Validating......
Applying path checker with solver...
Constructing solving program...
Solver-aided path checker succeeded...
finish validate
Reporting......
Report generated!

finish report
===================================================
369  /  666 

CWE80_XSS__CWE182_Servlet_PropertiesFile_51 

{'input_token_cost': 5302, 'output_token_cost': 519, 'analysis_result': {'TPs': 1, 'FPs': 0}, 'ground_truth': {'TPs': 1, 'FPs': 1}, 'single time cost': 6.887542247772217} 

===================================================


Start to analyze the case  370 out of  666
/scratch/local/w.nimit/1853/LLMDFA/benchmark/juliet-test-suite-XSS_simplified/CWE80_XSS/s01/CWE80_XSS__CWE182_Servlet_PropertiesFile_52.java
Analyzing......
Preprocessing...
processing finished
start to summarize...
Generating intra-procedural summaries...
Processing callees...
Preprocessing...
processing finished
start to summarize...
Generating intra-procedural summaries...
Processing callees...
Preprocessing...
processing finished
start to summarize...
Generating intra-procedural summaries...
Processing callees...
Preprocessing...
processing finished
start to summarize...
Generating intra-procedural summaries...
Processing callees...
Preprocessing...
processing finished
start to summarize...
Generating intra-procedural summaries...
Processing callees...
Preprocessing...
processing finished
start to summarize...
Generating intra-procedural summaries...
Processing callees...
Preprocessing...
processing finished
start to summarize...
Generating intra-procedural summaries...
Processing callees...
Validating......
Applying path checker with solver...
Constructing solving program...
Solver-aided path checker succeeded...
finish validate
Reporting......
Report generated!

finish report
===================================================
370  /  666 

CWE80_XSS__CWE182_Servlet_PropertiesFile_52 

{'input_token_cost': 9340, 'output_token_cost': 991, 'analysis_result': {'TPs': 1, 'FPs': 0}, 'ground_truth': {'TPs': 1, 'FPs': 1}, 'single time cost': 12.822728633880615} 

===================================================


Start to analyze the case  371 out of  666
/scratch/local/w.nimit/1853/LLMDFA/benchmark/juliet-test-suite-XSS_simplified/CWE80_XSS/s01/CWE80_XSS__CWE182_Servlet_PropertiesFile_53.java
Analyzing......
Preprocessing...
processing finished
start to summarize...
Generating intra-procedural summaries...
Processing callees...
Preprocessing...
processing finished
start to summarize...
Generating intra-procedural summaries...
Processing callees...
Preprocessing...
processing finished
start to summarize...
Generating intra-procedural summaries...
Processing callees...
Preprocessing...
processing finished
start to summarize...
Generating intra-procedural summaries...
Processing callees...
Preprocessing...
processing finished
start to summarize...
Generating intra-procedural summaries...
Processing callees...
Preprocessing...
processing finished
start to summarize...
Generating intra-procedural summaries...
Processing callees...
Preprocessing...
processing finished
start to summarize...
Generating intra-procedural summaries...
Processing callees...
Preprocessing...
processing finished
start to summarize...
Generating intra-procedural summaries...
Processing callees...
Preprocessing...
processing finished
start to summarize...
Generating intra-procedural summaries...
Processing callees...
Validating......
Applying path checker with solver...
Constructing solving program...
Solver-aided path checker succeeded...
finish validate
Reporting......
Report generated!

finish report
===================================================
371  /  666 

CWE80_XSS__CWE182_Servlet_PropertiesFile_53 

{'input_token_cost': 16373, 'output_token_cost': 1703, 'analysis_result': {'TPs': 1, 'FPs': 0}, 'ground_truth': {'TPs': 1, 'FPs': 1}, 'single time cost': 22.082380056381226} 

===================================================


Start to analyze the case  372 out of  666
/scratch/local/w.nimit/1853/LLMDFA/benchmark/juliet-test-suite-XSS_simplified/CWE80_XSS/s01/CWE80_XSS__CWE182_Servlet_PropertiesFile_54.java
Analyzing......
Preprocessing...
processing finished
start to summarize...
Generating intra-procedural summaries...
Processing callees...
Preprocessing...
processing finished
start to summarize...
Generating intra-procedural summaries...
Processing callees...
Preprocessing...
processing finished
start to summarize...
Generating intra-procedural summaries...
Processing callees...
Preprocessing...
processing finished
start to summarize...
Generating intra-procedural summaries...
Processing callees...
Preprocessing...
processing finished
start to summarize...
Generating intra-procedural summaries...
Processing callees...
Preprocessing...
processing finished
start to summarize...
Generating intra-procedural summaries...
Processing callees...
Preprocessing...
processing finished
start to summarize...
Generating intra-procedural summaries...
Processing callees...
Preprocessing...
processing finished
start to summarize...
Generating intra-procedural summaries...
Processing callees...
Preprocessing...
processing finished
start to summarize...
Generating intra-procedural summaries...
Processing callees...
Preprocessing...
processing finished
start to summarize...
Generating intra-procedural summaries...
Processing callees...
Preprocessing...
processing finished
start to summarize...
Generating intra-procedural summaries...
Processing callees...
Validating......
Applying path checker with solver...
Constructing solving program...
Solver-aided path checker succeeded...
finish validate
Reporting......
Report generated!

finish report
===================================================
372  /  666 

CWE80_XSS__CWE182_Servlet_PropertiesFile_54 

{'input_token_cost': 14287, 'output_token_cost': 1868, 'analysis_result': {'TPs': 1, 'FPs': 0}, 'ground_truth': {'TPs': 1, 'FPs': 1}, 'single time cost': 23.9282705783844} 

===================================================


Start to analyze the case  373 out of  666
/scratch/local/w.nimit/1853/LLMDFA/benchmark/juliet-test-suite-XSS_simplified/CWE80_XSS/s01/CWE80_XSS__CWE182_Servlet_PropertiesFile_61.java
Analyzing......
Preprocessing...
processing finished
start to summarize...
Generating intra-procedural summaries...
Processing callees...
Preprocessing...
processing finished
start to summarize...
Generating intra-procedural summaries...
Processing callees...
Preprocessing...
processing finished
start to summarize...
Generating intra-procedural summaries...
Processing callees...
Preprocessing...
processing finished
start to summarize...
Generating intra-procedural summaries...
Processing callees...
Preprocessing...
processing finished
start to summarize...
Generating intra-procedural summaries...
Processing callees...
Validating......
Applying path checker with solver...
Constructing solving program...
Solver-aided path checker succeeded...
finish validate
Reporting......
Report generated!

finish report
===================================================
373  /  666 

CWE80_XSS__CWE182_Servlet_PropertiesFile_61 

{'input_token_cost': 8268, 'output_token_cost': 799, 'analysis_result': {'TPs': 1, 'FPs': 0}, 'ground_truth': {'TPs': 1, 'FPs': 1}, 'single time cost': 10.4409761428833} 

===================================================


Start to analyze the case  374 out of  666
/scratch/local/w.nimit/1853/LLMDFA/benchmark/juliet-test-suite-XSS_simplified/CWE80_XSS/s01/CWE80_XSS__CWE182_Servlet_PropertiesFile_66.java
Analyzing......
Preprocessing...
processing finished
start to summarize...
Generating intra-procedural summaries...
Processing callees...
Preprocessing...
processing finished
start to summarize...
Generating intra-procedural summaries...
Processing callees...
Preprocessing...
processing finished
start to summarize...
Generating intra-procedural summaries...
Processing callees...
Preprocessing...
processing finished
start to summarize...
Generating intra-procedural summaries...
Processing callees...
Preprocessing...
processing finished
start to summarize...
Generating intra-procedural summaries...
Processing callees...
Validating......
Applying path checker with solver...
Constructing solving program...
Solver-aided path checker succeeded...
finish validate
Reporting......
Report generated!

finish report
===================================================
374  /  666 

CWE80_XSS__CWE182_Servlet_PropertiesFile_66 

{'input_token_cost': 6441, 'output_token_cost': 707, 'analysis_result': {'TPs': 1, 'FPs': 0}, 'ground_truth': {'TPs': 1, 'FPs': 1}, 'single time cost': 9.191336870193481} 

===================================================


Start to analyze the case  375 out of  666
/scratch/local/w.nimit/1853/LLMDFA/benchmark/juliet-test-suite-XSS_simplified/CWE80_XSS/s01/CWE80_XSS__Servlet_connect_tcp_51.java
Analyzing......
Preprocessing...
processing finished
start to summarize...
Generating intra-procedural summaries...
Processing callees...
Preprocessing...
processing finished
start to summarize...
Generating intra-procedural summaries...
Processing callees...
Preprocessing...
processing finished
start to summarize...
Generating intra-procedural summaries...
Processing callees...
Preprocessing...
processing finished
start to summarize...
Generating intra-procedural summaries...
Processing callees...
Preprocessing...
processing finished
start to summarize...
Generating intra-procedural summaries...
Processing callees...
Validating......
Applying path checker with solver...
Constructing solving program...
Solver-aided path checker succeeded...
finish validate
Reporting......
Report generated!

finish report
===================================================
375  /  666 

CWE80_XSS__Servlet_connect_tcp_51 

{'input_token_cost': 7957, 'output_token_cost': 777, 'analysis_result': {'TPs': 1, 'FPs': 0}, 'ground_truth': {'TPs': 1, 'FPs': 1}, 'single time cost': 10.082067012786865} 

===================================================


Start to analyze the case  376 out of  666
/scratch/local/w.nimit/1853/LLMDFA/benchmark/juliet-test-suite-XSS_simplified/CWE80_XSS/s01/CWE80_XSS__CWE182_Servlet_PropertiesFile_67.java
Analyzing......
Preprocessing...
processing finished
start to summarize...
Generating intra-procedural summaries...
Processing callees...
Preprocessing...
processing finished
start to summarize...
Generating intra-procedural summaries...
Processing callees...
Preprocessing...
processing finished
start to summarize...
Generating intra-procedural summaries...
Processing callees...
Preprocessing...
processing finished
start to summarize...
Generating intra-procedural summaries...
Processing callees...
Preprocessing...
processing finished
start to summarize...
Generating intra-procedural summaries...
Processing callees...
Validating......
Applying path checker with solver...
Constructing solving program...
Solver-aided path checker succeeded...
finish validate
Reporting......
Report generated!

finish report
===================================================
376  /  666 

CWE80_XSS__CWE182_Servlet_PropertiesFile_67 

{'input_token_cost': 6483, 'output_token_cost': 627, 'analysis_result': {'TPs': 1, 'FPs': 0}, 'ground_truth': {'TPs': 1, 'FPs': 1}, 'single time cost': 8.206245422363281} 

===================================================


Start to analyze the case  377 out of  666
/scratch/local/w.nimit/1853/LLMDFA/benchmark/juliet-test-suite-XSS_simplified/CWE80_XSS/s01/CWE80_XSS__CWE182_Servlet_PropertiesFile_68.java
Analyzing......
Preprocessing...
processing finished
start to summarize...
Generating intra-procedural summaries...
Processing callees...
Preprocessing...
processing finished
start to summarize...
Generating intra-procedural summaries...
Processing callees...
Preprocessing...
processing finished
start to summarize...
Generating intra-procedural summaries...
Processing callees...
Preprocessing...
processing finished
start to summarize...
Generating intra-procedural summaries...
Processing callees...
Preprocessing...
processing finished
start to summarize...
Generating intra-procedural summaries...
Processing callees...
Validating......
Applying path checker with solver...
Constructing solving program...
Solver-aided path checker succeeded...
Applying path checker with solver...
Constructing solving program...
Solver-aided path checker succeeded...
finish validate
Reporting......
Report generated!

finish report
===================================================
377  /  666 

CWE80_XSS__CWE182_Servlet_PropertiesFile_68 

{'input_token_cost': 8358, 'output_token_cost': 944, 'analysis_result': {'TPs': 1, 'FPs': 0}, 'ground_truth': {'TPs': 1, 'FPs': 1}, 'single time cost': 12.37068796157837} 

===================================================


Start to analyze the case  378 out of  666
/scratch/local/w.nimit/1853/LLMDFA/benchmark/juliet-test-suite-XSS_simplified/CWE80_XSS/s01/CWE80_XSS__CWE182_Servlet_PropertiesFile_71.java
Analyzing......
Preprocessing...
processing finished
start to summarize...
Generating intra-procedural summaries...
Processing callees...
Preprocessing...
processing finished
start to summarize...
Generating intra-procedural summaries...
Processing callees...
Preprocessing...
processing finished
start to summarize...
Generating intra-procedural summaries...
Processing callees...
Preprocessing...
processing finished
start to summarize...
Generating intra-procedural summaries...
Processing callees...
Preprocessing...
processing finished
start to summarize...
Generating intra-procedural summaries...
Processing callees...
Validating......
finish validate
Reporting......
Report generated!

finish report
===================================================
378  /  666 

CWE80_XSS__CWE182_Servlet_PropertiesFile_71 

{'input_token_cost': 2486, 'output_token_cost': 176, 'analysis_result': {'TPs': 0, 'FPs': 0}, 'ground_truth': {'TPs': 1, 'FPs': 1}, 'single time cost': 2.2732300758361816} 

===================================================


Start to analyze the case  379 out of  666
/scratch/local/w.nimit/1853/LLMDFA/benchmark/juliet-test-suite-XSS_simplified/CWE80_XSS/s01/CWE80_XSS__CWE182_Servlet_PropertiesFile_72.java
Analyzing......
Preprocessing...
processing finished
start to summarize...
Generating intra-procedural summaries...
Processing callees...
Preprocessing...
processing finished
start to summarize...
Generating intra-procedural summaries...
Processing callees...
Preprocessing...
processing finished
start to summarize...
Generating intra-procedural summaries...
Processing callees...
Preprocessing...
processing finished
start to summarize...
Generating intra-procedural summaries...
Processing callees...
Preprocessing...
processing finished
start to summarize...
Generating intra-procedural summaries...
Processing callees...
Validating......
Applying path checker with solver...
Constructing solving program...
Solver-aided path checker succeeded...
Applying path checker with solver...
Constructing solving program...
Solver-aided path checker succeeded...
finish validate
Reporting......
Report generated!

finish report
===================================================
379  /  666 

CWE80_XSS__CWE182_Servlet_PropertiesFile_72 

{'input_token_cost': 8130, 'output_token_cost': 977, 'analysis_result': {'TPs': 1, 'FPs': 0}, 'ground_truth': {'TPs': 1, 'FPs': 1}, 'single time cost': 12.783820867538452} 

===================================================


Start to analyze the case  380 out of  666
/scratch/local/w.nimit/1853/LLMDFA/benchmark/juliet-test-suite-XSS_simplified/CWE80_XSS/s01/CWE80_XSS__CWE182_Servlet_PropertiesFile_73.java
Analyzing......
Preprocessing...
processing finished
start to summarize...
Generating intra-procedural summaries...
Processing callees...
Preprocessing...
processing finished
start to summarize...
Generating intra-procedural summaries...
Processing callees...
Preprocessing...
processing finished
start to summarize...
Generating intra-procedural summaries...
Processing callees...
Preprocessing...
processing finished
start to summarize...
Generating intra-procedural summaries...
Processing callees...
Preprocessing...
processing finished
start to summarize...
Generating intra-procedural summaries...
Processing callees...
Validating......
Applying path checker with solver...
Constructing solving program...
Solver-aided path checker succeeded...
finish validate
Reporting......
Report generated!

finish report
===================================================
380  /  666 

CWE80_XSS__CWE182_Servlet_PropertiesFile_73 

{'input_token_cost': 6533, 'output_token_cost': 675, 'analysis_result': {'TPs': 1, 'FPs': 0}, 'ground_truth': {'TPs': 1, 'FPs': 1}, 'single time cost': 8.783033609390259} 

===================================================


Start to analyze the case  381 out of  666
/scratch/local/w.nimit/1853/LLMDFA/benchmark/juliet-test-suite-XSS_simplified/CWE80_XSS/s01/CWE80_XSS__CWE182_Servlet_PropertiesFile_74.java
Analyzing......
Preprocessing...
processing finished
start to summarize...
Generating intra-procedural summaries...
Processing callees...
Preprocessing...
processing finished
start to summarize...
Generating intra-procedural summaries...
Processing callees...
Preprocessing...
processing finished
start to summarize...
Generating intra-procedural summaries...
Processing callees...
Preprocessing...
processing finished
start to summarize...
Generating intra-procedural summaries...
Processing callees...
Preprocessing...
processing finished
start to summarize...
Generating intra-procedural summaries...
Processing callees...
Validating......
Applying path checker with solver...
Constructing solving program...
Solver-aided path checker succeeded...
Applying path checker with solver...
Constructing solving program...
Solver-aided path checker succeeded...
finish validate
Reporting......
Report generated!

finish report
===================================================
381  /  666 

CWE80_XSS__CWE182_Servlet_PropertiesFile_74 

{'input_token_cost': 8136, 'output_token_cost': 855, 'analysis_result': {'TPs': 1, 'FPs': 0}, 'ground_truth': {'TPs': 1, 'FPs': 1}, 'single time cost': 11.193567037582397} 

===================================================


Start to analyze the case  382 out of  666
/scratch/local/w.nimit/1853/LLMDFA/benchmark/juliet-test-suite-XSS_simplified/CWE80_XSS/s01/CWE80_XSS__CWE182_Servlet_PropertiesFile_75.java
Analyzing......
Preprocessing...
processing finished
start to summarize...
Generating intra-procedural summaries...
Processing callees...
Preprocessing...
processing finished
start to summarize...
Generating intra-procedural summaries...
Processing callees...
Preprocessing...
processing finished
start to summarize...
Generating intra-procedural summaries...
Processing callees...
Preprocessing...
processing finished
start to summarize...
Generating intra-procedural summaries...
Processing callees...
Preprocessing...
processing finished
start to summarize...
Generating intra-procedural summaries...
Processing callees...
Validating......
finish validate
Reporting......
Report generated!

finish report
===================================================
382  /  666 

CWE80_XSS__CWE182_Servlet_PropertiesFile_75 

{'input_token_cost': 7509, 'output_token_cost': 546, 'analysis_result': {'TPs': 0, 'FPs': 0}, 'ground_truth': {'TPs': 1, 'FPs': 1}, 'single time cost': 7.078789234161377} 

===================================================


Start to analyze the case  383 out of  666
/scratch/local/w.nimit/1853/LLMDFA/benchmark/juliet-test-suite-XSS_simplified/CWE80_XSS/s01/CWE80_XSS__CWE182_Servlet_PropertiesFile_81.java
Analyzing......
Preprocessing...
processing finished
start to summarize...
Generating intra-procedural summaries...
Processing callees...
Preprocessing...
processing finished
start to summarize...
Generating intra-procedural summaries...
Processing callees...
Preprocessing...
processing finished
start to summarize...
Generating intra-procedural summaries...
Processing callees...
Preprocessing...
processing finished
start to summarize...
Generating intra-procedural summaries...
Processing callees...
Preprocessing...
processing finished
start to summarize...
Generating intra-procedural summaries...
Processing callees...
Validating......
Applying path checker with solver...
Constructing solving program...
Solver-aided path checker succeeded...
finish validate
Reporting......
Report generated!

finish report
===================================================
383  /  666 

CWE80_XSS__CWE182_Servlet_PropertiesFile_81 

{'input_token_cost': 5292, 'output_token_cost': 690, 'analysis_result': {'TPs': 1, 'FPs': 0}, 'ground_truth': {'TPs': 1, 'FPs': 1}, 'single time cost': 8.951068878173828} 

===================================================


Start to analyze the case  384 out of  666
/scratch/local/w.nimit/1853/LLMDFA/benchmark/juliet-test-suite-XSS_simplified/CWE80_XSS/s01/CWE80_XSS__Servlet_File_53.java
Analyzing......
Preprocessing...
processing finished
start to summarize...
Generating intra-procedural summaries...
Processing callees...
Preprocessing...
processing finished
start to summarize...
Generating intra-procedural summaries...
Processing callees...
Preprocessing...
processing finished
start to summarize...
Generating intra-procedural summaries...
Processing callees...
Preprocessing...
processing finished
start to summarize...
Generating intra-procedural summaries...
Processing callees...
Preprocessing...
processing finished
start to summarize...
Generating intra-procedural summaries...
Processing callees...
Preprocessing...
processing finished
start to summarize...
Generating intra-procedural summaries...
Processing callees...
Preprocessing...
processing finished
start to summarize...
Generating intra-procedural summaries...
Processing callees...
Preprocessing...
processing finished
start to summarize...
Generating intra-procedural summaries...
Processing callees...
Preprocessing...
processing finished
start to summarize...
Generating intra-procedural summaries...
Processing callees...
Validating......
Applying path checker with solver...
Constructing solving program...
Solver-aided path checker succeeded...
finish validate
Reporting......
Report generated!

finish report
===================================================
384  /  666 

CWE80_XSS__Servlet_File_53 

{'input_token_cost': 25626, 'output_token_cost': 2305, 'analysis_result': {'TPs': 1, 'FPs': 0}, 'ground_truth': {'TPs': 1, 'FPs': 1}, 'single time cost': 29.703016996383667} 

===================================================


Start to analyze the case  385 out of  666
/scratch/local/w.nimit/1853/LLMDFA/benchmark/juliet-test-suite-XSS_simplified/CWE80_XSS/s01/CWE80_XSS__CWE182_Servlet_URLConnection_22.java
Analyzing......
Preprocessing...
processing finished
start to summarize...
Generating intra-procedural summaries...
Processing callees...
Preprocessing...
processing finished
start to summarize...
Generating intra-procedural summaries...
Processing callees...
Preprocessing...
processing finished
start to summarize...
Generating intra-procedural summaries...
Processing callees...
Preprocessing...
processing finished
start to summarize...
Generating intra-procedural summaries...
Processing callees...
Preprocessing...
processing finished
start to summarize...
Generating intra-procedural summaries...
Processing callees...
Preprocessing...
processing finished
start to summarize...
Generating intra-procedural summaries...
Processing callees...
Preprocessing...
processing finished
start to summarize...
Generating intra-procedural summaries...
Processing callees...
Validating......
Applying path checker with solver...
Constructing solving program...
Constructing solving program...
Solver-aided path checker succeeded...
finish validate
Reporting......
Report generated!

finish report
===================================================
385  /  666 

CWE80_XSS__CWE182_Servlet_URLConnection_22 

{'input_token_cost': 16161, 'output_token_cost': 1804, 'analysis_result': {'TPs': 0, 'FPs': 0}, 'ground_truth': {'TPs': 1, 'FPs': 2}, 'single time cost': 23.440802812576294} 

===================================================


Start to analyze the case  386 out of  666
/scratch/local/w.nimit/1853/LLMDFA/benchmark/juliet-test-suite-XSS_simplified/CWE80_XSS/s01/CWE80_XSS__CWE182_Servlet_URLConnection_51.java
Analyzing......
Preprocessing...
processing finished
start to summarize...
Generating intra-procedural summaries...
Processing callees...
Preprocessing...
processing finished
start to summarize...
Generating intra-procedural summaries...
Processing callees...
Preprocessing...
processing finished
start to summarize...
Generating intra-procedural summaries...
Processing callees...
Preprocessing...
processing finished
start to summarize...
Generating intra-procedural summaries...
Processing callees...
Preprocessing...
processing finished
start to summarize...
Generating intra-procedural summaries...
Processing callees...
Validating......
Applying path checker with solver...
Constructing solving program...
Solver-aided path checker succeeded...
finish validate
Reporting......
Report generated!

finish report
===================================================
386  /  666 

CWE80_XSS__CWE182_Servlet_URLConnection_51 

{'input_token_cost': 7753, 'output_token_cost': 703, 'analysis_result': {'TPs': 1, 'FPs': 0}, 'ground_truth': {'TPs': 1, 'FPs': 1}, 'single time cost': 9.201009750366211} 

===================================================


Start to analyze the case  387 out of  666
/scratch/local/w.nimit/1853/LLMDFA/benchmark/juliet-test-suite-XSS_simplified/CWE80_XSS/s01/CWE80_XSS__CWE182_Servlet_URLConnection_52.java
Analyzing......
Preprocessing...
processing finished
start to summarize...
Generating intra-procedural summaries...
Processing callees...
Preprocessing...
processing finished
start to summarize...
Generating intra-procedural summaries...
Processing callees...
Preprocessing...
processing finished
start to summarize...
Generating intra-procedural summaries...
Processing callees...
Preprocessing...
processing finished
start to summarize...
Generating intra-procedural summaries...
Processing callees...
Preprocessing...
processing finished
start to summarize...
Generating intra-procedural summaries...
Processing callees...
Preprocessing...
processing finished
start to summarize...
Generating intra-procedural summaries...
Processing callees...
Preprocessing...
processing finished
start to summarize...
Generating intra-procedural summaries...
Processing callees...
Validating......
Applying path checker with solver...
Constructing solving program...
Solver-aided path checker succeeded...
finish validate
Reporting......
Report generated!

finish report
===================================================
387  /  666 

CWE80_XSS__CWE182_Servlet_URLConnection_52 

{'input_token_cost': 8658, 'output_token_cost': 876, 'analysis_result': {'TPs': 1, 'FPs': 0}, 'ground_truth': {'TPs': 1, 'FPs': 1}, 'single time cost': 11.320260047912598} 

===================================================


Start to analyze the case  388 out of  666
/scratch/local/w.nimit/1853/LLMDFA/benchmark/juliet-test-suite-XSS_simplified/CWE80_XSS/s01/CWE80_XSS__CWE182_Servlet_URLConnection_53.java
Analyzing......
Preprocessing...
processing finished
start to summarize...
Generating intra-procedural summaries...
Processing callees...
Preprocessing...
processing finished
start to summarize...
Generating intra-procedural summaries...
Processing callees...
Preprocessing...
processing finished
start to summarize...
Generating intra-procedural summaries...
Processing callees...
Preprocessing...
processing finished
start to summarize...
Generating intra-procedural summaries...
Processing callees...
Preprocessing...
processing finished
start to summarize...
Generating intra-procedural summaries...
Processing callees...
Preprocessing...
processing finished
start to summarize...
Generating intra-procedural summaries...
Processing callees...
Preprocessing...
processing finished
start to summarize...
Generating intra-procedural summaries...
Processing callees...
Preprocessing...
processing finished
start to summarize...
Generating intra-procedural summaries...
Processing callees...
Preprocessing...
processing finished
start to summarize...
Generating intra-procedural summaries...
Processing callees...
Validating......
Applying path checker with solver...
Constructing solving program...
Solver-aided path checker succeeded...
finish validate
Reporting......
Report generated!

finish report
===================================================
388  /  666 

CWE80_XSS__CWE182_Servlet_URLConnection_53 

{'input_token_cost': 11647, 'output_token_cost': 1305, 'analysis_result': {'TPs': 1, 'FPs': 0}, 'ground_truth': {'TPs': 1, 'FPs': 1}, 'single time cost': 16.893781900405884} 

===================================================


Start to analyze the case  389 out of  666
/scratch/local/w.nimit/1853/LLMDFA/benchmark/juliet-test-suite-XSS_simplified/CWE80_XSS/s01/CWE80_XSS__CWE182_Servlet_URLConnection_54.java
Analyzing......
Preprocessing...
processing finished
start to summarize...
Generating intra-procedural summaries...
Processing callees...
Preprocessing...
processing finished
start to summarize...
Generating intra-procedural summaries...
Processing callees...
Preprocessing...
processing finished
start to summarize...
Generating intra-procedural summaries...
Processing callees...
Preprocessing...
processing finished
start to summarize...
Generating intra-procedural summaries...
Processing callees...
Preprocessing...
processing finished
start to summarize...
Generating intra-procedural summaries...
Processing callees...
Preprocessing...
processing finished
start to summarize...
Generating intra-procedural summaries...
Processing callees...
Preprocessing...
processing finished
start to summarize...
Generating intra-procedural summaries...
Processing callees...
Preprocessing...
processing finished
start to summarize...
Generating intra-procedural summaries...
Processing callees...
Preprocessing...
processing finished
start to summarize...
Generating intra-procedural summaries...
Processing callees...
Preprocessing...
processing finished
start to summarize...
Generating intra-procedural summaries...
Processing callees...
Preprocessing...
processing finished
start to summarize...
Generating intra-procedural summaries...
Processing callees...
Validating......
Applying path checker with solver...
Constructing solving program...
Solver-aided path checker succeeded...
finish validate
Reporting......
Report generated!

finish report
===================================================
389  /  666 

CWE80_XSS__CWE182_Servlet_URLConnection_54 

{'input_token_cost': 14636, 'output_token_cost': 1883, 'analysis_result': {'TPs': 1, 'FPs': 0}, 'ground_truth': {'TPs': 1, 'FPs': 1}, 'single time cost': 24.132168531417847} 

===================================================


Start to analyze the case  390 out of  666
/scratch/local/w.nimit/1853/LLMDFA/benchmark/juliet-test-suite-XSS_simplified/CWE80_XSS/s01/CWE80_XSS__CWE182_Servlet_URLConnection_61.java
Analyzing......
Preprocessing...
processing finished
start to summarize...
Generating intra-procedural summaries...
Processing callees...
Preprocessing...
processing finished
start to summarize...
Generating intra-procedural summaries...
Processing callees...
Preprocessing...
processing finished
start to summarize...
Generating intra-procedural summaries...
Processing callees...
Preprocessing...
processing finished
start to summarize...
Generating intra-procedural summaries...
Processing callees...
Preprocessing...
processing finished
start to summarize...
Generating intra-procedural summaries...
Processing callees...
Validating......
Applying path checker with solver...
Constructing solving program...
Solver-aided path checker succeeded...
finish validate
Reporting......
Report generated!

finish report
===================================================
390  /  666 

CWE80_XSS__CWE182_Servlet_URLConnection_61 

{'input_token_cost': 8621, 'output_token_cost': 788, 'analysis_result': {'TPs': 1, 'FPs': 0}, 'ground_truth': {'TPs': 1, 'FPs': 1}, 'single time cost': 10.259931325912476} 

===================================================


Start to analyze the case  391 out of  666
/scratch/local/w.nimit/1853/LLMDFA/benchmark/juliet-test-suite-XSS_simplified/CWE80_XSS/s01/CWE80_XSS__CWE182_Servlet_URLConnection_66.java
Analyzing......
Preprocessing...
processing finished
start to summarize...
Generating intra-procedural summaries...
Processing callees...
Preprocessing...
processing finished
start to summarize...
Generating intra-procedural summaries...
Processing callees...
Preprocessing...
processing finished
start to summarize...
Generating intra-procedural summaries...
Processing callees...
Preprocessing...
processing finished
start to summarize...
Generating intra-procedural summaries...
Processing callees...
Preprocessing...
processing finished
start to summarize...
Generating intra-procedural summaries...
Processing callees...
Validating......
Applying path checker with solver...
Constructing solving program...
Solver-aided path checker succeeded...
Applying path checker with solver...
Constructing solving program...
Solver-aided path checker succeeded...
finish validate
Reporting......
Report generated!

finish report
===================================================
391  /  666 

CWE80_XSS__CWE182_Servlet_URLConnection_66 

{'input_token_cost': 8394, 'output_token_cost': 1078, 'analysis_result': {'TPs': 1, 'FPs': 0}, 'ground_truth': {'TPs': 1, 'FPs': 1}, 'single time cost': 13.993918895721436} 

===================================================


Start to analyze the case  392 out of  666
/scratch/local/w.nimit/1853/LLMDFA/benchmark/juliet-test-suite-XSS_simplified/CWE80_XSS/s01/CWE80_XSS__CWE182_Servlet_URLConnection_67.java
Analyzing......
Preprocessing...
processing finished
start to summarize...
Generating intra-procedural summaries...
Processing callees...
Preprocessing...
processing finished
start to summarize...
Generating intra-procedural summaries...
Processing callees...
Preprocessing...
processing finished
start to summarize...
Generating intra-procedural summaries...
Processing callees...
Preprocessing...
processing finished
start to summarize...
Generating intra-procedural summaries...
Processing callees...
Preprocessing...
processing finished
start to summarize...
Generating intra-procedural summaries...
Processing callees...
Validating......
Applying path checker with solver...
Constructing solving program...
Solver-aided path checker succeeded...
Applying path checker with solver...
Constructing solving program...
Solver-aided path checker succeeded...
finish validate
Reporting......
Report generated!

finish report
===================================================
392  /  666 

CWE80_XSS__CWE182_Servlet_URLConnection_67 

{'input_token_cost': 7381, 'output_token_cost': 796, 'analysis_result': {'TPs': 1, 'FPs': 0}, 'ground_truth': {'TPs': 1, 'FPs': 1}, 'single time cost': 10.429292678833008} 

===================================================


Start to analyze the case  393 out of  666
/scratch/local/w.nimit/1853/LLMDFA/benchmark/juliet-test-suite-XSS_simplified/CWE80_XSS/s01/CWE80_XSS__CWE182_Servlet_URLConnection_68.java
Analyzing......
Preprocessing...
processing finished
start to summarize...
Generating intra-procedural summaries...
Processing callees...
Preprocessing...
processing finished
start to summarize...
Generating intra-procedural summaries...
Processing callees...
Preprocessing...
processing finished
start to summarize...
Generating intra-procedural summaries...
Processing callees...
Preprocessing...
processing finished
start to summarize...
Generating intra-procedural summaries...
Processing callees...
Preprocessing...
processing finished
start to summarize...
Generating intra-procedural summaries...
Processing callees...
Validating......
Applying path checker with solver...
Constructing solving program...
Solver-aided path checker succeeded...
Applying path checker with solver...
Constructing solving program...
Solver-aided path checker succeeded...
finish validate
Reporting......
Report generated!

finish report
===================================================
393  /  666 

CWE80_XSS__CWE182_Servlet_URLConnection_68 

{'input_token_cost': 8844, 'output_token_cost': 863, 'analysis_result': {'TPs': 1, 'FPs': 0}, 'ground_truth': {'TPs': 1, 'FPs': 1}, 'single time cost': 11.351523160934448} 

===================================================


Start to analyze the case  394 out of  666
/scratch/local/w.nimit/1853/LLMDFA/benchmark/juliet-test-suite-XSS_simplified/CWE80_XSS/s01/CWE80_XSS__CWE182_Servlet_URLConnection_71.java
Analyzing......
Preprocessing...
processing finished
start to summarize...
Generating intra-procedural summaries...
Processing callees...
Preprocessing...
processing finished
start to summarize...
Generating intra-procedural summaries...
Processing callees...
Preprocessing...
processing finished
start to summarize...
Generating intra-procedural summaries...
Processing callees...
Preprocessing...
processing finished
start to summarize...
Generating intra-procedural summaries...
Processing callees...
Preprocessing...
processing finished
start to summarize...
Generating intra-procedural summaries...
Processing callees...
Validating......
finish validate
Reporting......
Report generated!

finish report
===================================================
394  /  666 

CWE80_XSS__CWE182_Servlet_URLConnection_71 

{'input_token_cost': 2732, 'output_token_cost': 178, 'analysis_result': {'TPs': 0, 'FPs': 0}, 'ground_truth': {'TPs': 1, 'FPs': 1}, 'single time cost': 2.298999547958374} 

===================================================


Start to analyze the case  395 out of  666
/scratch/local/w.nimit/1853/LLMDFA/benchmark/juliet-test-suite-XSS_simplified/CWE80_XSS/s01/CWE80_XSS__CWE182_Servlet_URLConnection_72.java
Analyzing......
Preprocessing...
processing finished
start to summarize...
Generating intra-procedural summaries...
Processing callees...
Preprocessing...
processing finished
start to summarize...
Generating intra-procedural summaries...
Processing callees...
Preprocessing...
processing finished
start to summarize...
Generating intra-procedural summaries...
Processing callees...
Preprocessing...
processing finished
start to summarize...
Generating intra-procedural summaries...
Processing callees...
Preprocessing...
processing finished
start to summarize...
Generating intra-procedural summaries...
Processing callees...
Validating......
Applying path checker with solver...
Constructing solving program...
Solver-aided path checker succeeded...
Applying path checker with solver...
Constructing solving program...
Solver-aided path checker succeeded...
finish validate
Reporting......
Report generated!

finish report
===================================================
395  /  666 

CWE80_XSS__CWE182_Servlet_URLConnection_72 

{'input_token_cost': 8494, 'output_token_cost': 948, 'analysis_result': {'TPs': 1, 'FPs': 0}, 'ground_truth': {'TPs': 1, 'FPs': 1}, 'single time cost': 12.428361415863037} 

===================================================


Start to analyze the case  396 out of  666
/scratch/local/w.nimit/1853/LLMDFA/benchmark/juliet-test-suite-XSS_simplified/CWE80_XSS/s01/CWE80_XSS__CWE182_Servlet_URLConnection_73.java
Analyzing......
Preprocessing...
processing finished
start to summarize...
Generating intra-procedural summaries...
Processing callees...
Preprocessing...
processing finished
start to summarize...
Generating intra-procedural summaries...
Processing callees...
Preprocessing...
processing finished
start to summarize...
Generating intra-procedural summaries...
Processing callees...
Preprocessing...
processing finished
start to summarize...
Generating intra-procedural summaries...
Processing callees...
Preprocessing...
processing finished
start to summarize...
Generating intra-procedural summaries...
Processing callees...
Validating......
Applying path checker with solver...
Constructing solving program...
Solver-aided path checker succeeded...
finish validate
Reporting......
Report generated!

finish report
===================================================
396  /  666 

CWE80_XSS__CWE182_Servlet_URLConnection_73 

{'input_token_cost': 6899, 'output_token_cost': 630, 'analysis_result': {'TPs': 1, 'FPs': 0}, 'ground_truth': {'TPs': 1, 'FPs': 1}, 'single time cost': 8.249341487884521} 

===================================================


Start to analyze the case  397 out of  666
/scratch/local/w.nimit/1853/LLMDFA/benchmark/juliet-test-suite-XSS_simplified/CWE80_XSS/s01/CWE80_XSS__CWE182_Servlet_URLConnection_74.java
Analyzing......
Preprocessing...
processing finished
start to summarize...
Generating intra-procedural summaries...
Processing callees...
Preprocessing...
processing finished
start to summarize...
Generating intra-procedural summaries...
Processing callees...
Preprocessing...
processing finished
start to summarize...
Generating intra-procedural summaries...
Processing callees...
Preprocessing...
processing finished
start to summarize...
Generating intra-procedural summaries...
Processing callees...
Preprocessing...
processing finished
start to summarize...
Generating intra-procedural summaries...
Processing callees...
Validating......
Applying path checker with solver...
Constructing solving program...
Solver-aided path checker succeeded...
Applying path checker with solver...
Constructing solving program...
Solver-aided path checker succeeded...
finish validate
Reporting......
Report generated!

finish report
===================================================
397  /  666 

CWE80_XSS__CWE182_Servlet_URLConnection_74 

{'input_token_cost': 8500, 'output_token_cost': 868, 'analysis_result': {'TPs': 1, 'FPs': 0}, 'ground_truth': {'TPs': 1, 'FPs': 1}, 'single time cost': 11.401149272918701} 

===================================================


Start to analyze the case  398 out of  666
/scratch/local/w.nimit/1853/LLMDFA/benchmark/juliet-test-suite-XSS_simplified/CWE80_XSS/s01/CWE80_XSS__CWE182_Servlet_URLConnection_75.java
Analyzing......
Preprocessing...
processing finished
start to summarize...
Generating intra-procedural summaries...
Processing callees...
Preprocessing...
processing finished
start to summarize...
Generating intra-procedural summaries...
Processing callees...
Preprocessing...
processing finished
start to summarize...
Generating intra-procedural summaries...
Processing callees...
Preprocessing...
processing finished
start to summarize...
Generating intra-procedural summaries...
Processing callees...
Preprocessing...
processing finished
start to summarize...
Generating intra-procedural summaries...
Processing callees...
Validating......
Applying path checker with solver...
Constructing solving program...
Solver-aided path checker succeeded...
finish validate
Reporting......
Report generated!

finish report
===================================================
398  /  666 

CWE80_XSS__CWE182_Servlet_URLConnection_75 

{'input_token_cost': 8414, 'output_token_cost': 816, 'analysis_result': {'TPs': 1, 'FPs': 0}, 'ground_truth': {'TPs': 1, 'FPs': 1}, 'single time cost': 10.621681213378906} 

===================================================


Start to analyze the case  399 out of  666
/scratch/local/w.nimit/1853/LLMDFA/benchmark/juliet-test-suite-XSS_simplified/CWE80_XSS/s01/CWE80_XSS__CWE182_Servlet_URLConnection_81.java
Analyzing......
Preprocessing...
processing finished
start to summarize...
Generating intra-procedural summaries...
Processing callees...
Preprocessing...
processing finished
start to summarize...
Generating intra-procedural summaries...
Processing callees...
Preprocessing...
processing finished
start to summarize...
Generating intra-procedural summaries...
Processing callees...
Preprocessing...
processing finished
start to summarize...
Generating intra-procedural summaries...
Processing callees...
Preprocessing...
processing finished
start to summarize...
Generating intra-procedural summaries...
Processing callees...
Validating......
Applying path checker with solver...
Constructing solving program...
Solver-aided path checker succeeded...
Applying path checker with solver...
Constructing solving program...
Solver-aided path checker succeeded...
finish validate
Reporting......
Report generated!

finish report
===================================================
399  /  666 

CWE80_XSS__CWE182_Servlet_URLConnection_81 

{'input_token_cost': 7231, 'output_token_cost': 809, 'analysis_result': {'TPs': 1, 'FPs': 0}, 'ground_truth': {'TPs': 1, 'FPs': 1}, 'single time cost': 10.581437826156616} 

===================================================


Start to analyze the case  400 out of  666
/scratch/local/w.nimit/1853/LLMDFA/benchmark/juliet-test-suite-XSS_simplified/CWE80_XSS/s01/CWE80_XSS__CWE182_Servlet_connect_tcp_22.java
Analyzing......
Preprocessing...
processing finished
start to summarize...
Generating intra-procedural summaries...
Processing callees...
Preprocessing...
processing finished
start to summarize...
Generating intra-procedural summaries...
Processing callees...
Preprocessing...
processing finished
start to summarize...
Generating intra-procedural summaries...
Processing callees...
Preprocessing...
processing finished
start to summarize...
Generating intra-procedural summaries...
Processing callees...
Preprocessing...
processing finished
start to summarize...
Generating intra-procedural summaries...
Processing callees...
Preprocessing...
processing finished
start to summarize...
Generating intra-procedural summaries...
Processing callees...
Preprocessing...
processing finished
start to summarize...
Generating intra-procedural summaries...
Processing callees...
Validating......
Applying path checker with solver...
Constructing solving program...
Constructing solving program...
Solver-aided path checker succeeded...
finish validate
Reporting......
Report generated!

finish report
===================================================
400  /  666 

CWE80_XSS__CWE182_Servlet_connect_tcp_22 

{'input_token_cost': 16431, 'output_token_cost': 1947, 'analysis_result': {'TPs': 0, 'FPs': 0}, 'ground_truth': {'TPs': 1, 'FPs': 2}, 'single time cost': 25.305253505706787} 

===================================================


Start to analyze the case  401 out of  666
/scratch/local/w.nimit/1853/LLMDFA/benchmark/juliet-test-suite-XSS_simplified/CWE80_XSS/s01/CWE80_XSS__CWE182_Servlet_connect_tcp_51.java
Analyzing......
Preprocessing...
processing finished
start to summarize...
Generating intra-procedural summaries...
Processing callees...
Preprocessing...
processing finished
start to summarize...
Generating intra-procedural summaries...
Processing callees...
Preprocessing...
processing finished
start to summarize...
Generating intra-procedural summaries...
Processing callees...
Preprocessing...
processing finished
start to summarize...
Generating intra-procedural summaries...
Processing callees...
Preprocessing...
processing finished
start to summarize...
Generating intra-procedural summaries...
Processing callees...
Validating......
Applying path checker with solver...
Constructing solving program...
Solver-aided path checker succeeded...
finish validate
Reporting......
Report generated!

finish report
===================================================
401  /  666 

CWE80_XSS__CWE182_Servlet_connect_tcp_51 

{'input_token_cost': 8059, 'output_token_cost': 725, 'analysis_result': {'TPs': 1, 'FPs': 0}, 'ground_truth': {'TPs': 1, 'FPs': 1}, 'single time cost': 9.45098090171814} 

===================================================


Start to analyze the case  402 out of  666
/scratch/local/w.nimit/1853/LLMDFA/benchmark/juliet-test-suite-XSS_simplified/CWE80_XSS/s01/CWE80_XSS__CWE182_Servlet_connect_tcp_52.java
Analyzing......
Preprocessing...
processing finished
start to summarize...
Generating intra-procedural summaries...
Processing callees...
Preprocessing...
processing finished
start to summarize...
Generating intra-procedural summaries...
Processing callees...
Preprocessing...
processing finished
start to summarize...
Generating intra-procedural summaries...
Processing callees...
Preprocessing...
processing finished
start to summarize...
Generating intra-procedural summaries...
Processing callees...
Preprocessing...
processing finished
start to summarize...
Generating intra-procedural summaries...
Processing callees...
Preprocessing...
processing finished
start to summarize...
Generating intra-procedural summaries...
Processing callees...
Preprocessing...
processing finished
start to summarize...
Generating intra-procedural summaries...
Processing callees...
Validating......
Applying path checker with solver...
Constructing solving program...
Solver-aided path checker succeeded...
finish validate
Reporting......
Report generated!

finish report
===================================================
402  /  666 

CWE80_XSS__CWE182_Servlet_connect_tcp_52 

{'input_token_cost': 17026, 'output_token_cost': 1541, 'analysis_result': {'TPs': 1, 'FPs': 0}, 'ground_truth': {'TPs': 1, 'FPs': 1}, 'single time cost': 19.856724500656128} 

===================================================


Start to analyze the case  403 out of  666
/scratch/local/w.nimit/1853/LLMDFA/benchmark/juliet-test-suite-XSS_simplified/CWE80_XSS/s01/CWE80_XSS__CWE182_Servlet_connect_tcp_53.java
Analyzing......
Preprocessing...
processing finished
start to summarize...
Generating intra-procedural summaries...
Processing callees...
Preprocessing...
processing finished
start to summarize...
Generating intra-procedural summaries...
Processing callees...
Preprocessing...
processing finished
start to summarize...
Generating intra-procedural summaries...
Processing callees...
Preprocessing...
processing finished
start to summarize...
Generating intra-procedural summaries...
Processing callees...
Preprocessing...
processing finished
start to summarize...
Generating intra-procedural summaries...
Processing callees...
Preprocessing...
processing finished
start to summarize...
Generating intra-procedural summaries...
Processing callees...
Preprocessing...
processing finished
start to summarize...
Generating intra-procedural summaries...
Processing callees...
Preprocessing...
processing finished
start to summarize...
Generating intra-procedural summaries...
Processing callees...
Preprocessing...
processing finished
start to summarize...
Generating intra-procedural summaries...
Processing callees...
Validating......
Applying path checker with solver...
Constructing solving program...
Solver-aided path checker succeeded...
finish validate
Reporting......
Report generated!

finish report
===================================================
403  /  666 

CWE80_XSS__CWE182_Servlet_connect_tcp_53 

{'input_token_cost': 18973, 'output_token_cost': 1725, 'analysis_result': {'TPs': 1, 'FPs': 0}, 'ground_truth': {'TPs': 1, 'FPs': 1}, 'single time cost': 22.30482792854309} 

===================================================


Start to analyze the case  404 out of  666
/scratch/local/w.nimit/1853/LLMDFA/benchmark/juliet-test-suite-XSS_simplified/CWE80_XSS/s01/CWE80_XSS__CWE182_Servlet_connect_tcp_54.java
Analyzing......
Preprocessing...
processing finished
start to summarize...
Generating intra-procedural summaries...
Processing callees...
Preprocessing...
processing finished
start to summarize...
Generating intra-procedural summaries...
Processing callees...
Preprocessing...
processing finished
start to summarize...
Generating intra-procedural summaries...
Processing callees...
Preprocessing...
processing finished
start to summarize...
Generating intra-procedural summaries...
Processing callees...
Preprocessing...
processing finished
start to summarize...
Generating intra-procedural summaries...
Processing callees...
Preprocessing...
processing finished
start to summarize...
Generating intra-procedural summaries...
Processing callees...
Preprocessing...
processing finished
start to summarize...
Generating intra-procedural summaries...
Processing callees...
Preprocessing...
processing finished
start to summarize...
Generating intra-procedural summaries...
Processing callees...
Preprocessing...
processing finished
start to summarize...
Generating intra-procedural summaries...
Processing callees...
Preprocessing...
processing finished
start to summarize...
Generating intra-procedural summaries...
Processing callees...
Preprocessing...
processing finished
start to summarize...
Generating intra-procedural summaries...
Processing callees...
Validating......
Applying path checker with solver...
Constructing solving program...
Solver-aided path checker succeeded...
finish validate
Reporting......
Report generated!

finish report
===================================================
404  /  666 

CWE80_XSS__CWE182_Servlet_connect_tcp_54 

{'input_token_cost': 34960, 'output_token_cost': 3292, 'analysis_result': {'TPs': 1, 'FPs': 0}, 'ground_truth': {'TPs': 1, 'FPs': 1}, 'single time cost': 42.49796438217163} 

===================================================


Start to analyze the case  405 out of  666
/scratch/local/w.nimit/1853/LLMDFA/benchmark/juliet-test-suite-XSS_simplified/CWE80_XSS/s01/CWE80_XSS__CWE182_Servlet_connect_tcp_61.java
Analyzing......
Preprocessing...
processing finished
start to summarize...
Generating intra-procedural summaries...
Processing callees...
Preprocessing...
processing finished
start to summarize...
Generating intra-procedural summaries...
Processing callees...
Preprocessing...
processing finished
start to summarize...
Generating intra-procedural summaries...
Processing callees...
Preprocessing...
processing finished
start to summarize...
Generating intra-procedural summaries...
Processing callees...
Preprocessing...
processing finished
start to summarize...
Generating intra-procedural summaries...
Processing callees...
Validating......
Applying path checker with solver...
Constructing solving program...
Solver-aided path checker succeeded...
finish validate
Reporting......
Report generated!

finish report
===================================================
405  /  666 

CWE80_XSS__CWE182_Servlet_connect_tcp_61 

{'input_token_cost': 8891, 'output_token_cost': 801, 'analysis_result': {'TPs': 1, 'FPs': 0}, 'ground_truth': {'TPs': 1, 'FPs': 1}, 'single time cost': 10.458944082260132} 

===================================================


Start to analyze the case  406 out of  666
/scratch/local/w.nimit/1853/LLMDFA/benchmark/juliet-test-suite-XSS_simplified/CWE80_XSS/s01/CWE80_XSS__CWE182_Servlet_connect_tcp_66.java
Analyzing......
Preprocessing...
processing finished
start to summarize...
Generating intra-procedural summaries...
Processing callees...
Preprocessing...
processing finished
start to summarize...
Generating intra-procedural summaries...
Processing callees...
Preprocessing...
processing finished
start to summarize...
Generating intra-procedural summaries...
Processing callees...
Preprocessing...
processing finished
start to summarize...
Generating intra-procedural summaries...
Processing callees...
Preprocessing...
processing finished
start to summarize...
Generating intra-procedural summaries...
Processing callees...
Validating......
Applying path checker with solver...
Constructing solving program...
Solver-aided path checker succeeded...
Applying path checker with solver...
Constructing solving program...
Solver-aided path checker succeeded...
finish validate
Reporting......
Report generated!

finish report
===================================================
406  /  666 

CWE80_XSS__CWE182_Servlet_connect_tcp_66 

{'input_token_cost': 7647, 'output_token_cost': 880, 'analysis_result': {'TPs': 1, 'FPs': 0}, 'ground_truth': {'TPs': 1, 'FPs': 1}, 'single time cost': 11.501232385635376} 

===================================================


Start to analyze the case  407 out of  666
/scratch/local/w.nimit/1853/LLMDFA/benchmark/juliet-test-suite-XSS_simplified/CWE80_XSS/s01/CWE80_XSS__CWE182_Servlet_connect_tcp_67.java
Analyzing......
Preprocessing...
processing finished
start to summarize...
Generating intra-procedural summaries...
Processing callees...
Preprocessing...
processing finished
start to summarize...
Generating intra-procedural summaries...
Processing callees...
Preprocessing...
processing finished
start to summarize...
Generating intra-procedural summaries...
Processing callees...
Preprocessing...
processing finished
start to summarize...
Generating intra-procedural summaries...
Processing callees...
Preprocessing...
processing finished
start to summarize...
Generating intra-procedural summaries...
Processing callees...
Validating......
Applying path checker with solver...
Constructing solving program...
Solver-aided path checker succeeded...
finish validate
Reporting......
Report generated!

finish report
===================================================
407  /  666 

CWE80_XSS__CWE182_Servlet_connect_tcp_67 

{'input_token_cost': 7153, 'output_token_cost': 676, 'analysis_result': {'TPs': 1, 'FPs': 0}, 'ground_truth': {'TPs': 1, 'FPs': 1}, 'single time cost': 8.804117918014526} 

===================================================


Start to analyze the case  408 out of  666
/scratch/local/w.nimit/1853/LLMDFA/benchmark/juliet-test-suite-XSS_simplified/CWE80_XSS/s01/CWE80_XSS__CWE182_Servlet_connect_tcp_68.java
Analyzing......
Preprocessing...
processing finished
start to summarize...
Generating intra-procedural summaries...
Processing callees...
Preprocessing...
processing finished
start to summarize...
Generating intra-procedural summaries...
Processing callees...
Preprocessing...
processing finished
start to summarize...
Generating intra-procedural summaries...
Processing callees...
Preprocessing...
processing finished
start to summarize...
Generating intra-procedural summaries...
Processing callees...
Preprocessing...
processing finished
start to summarize...
Generating intra-procedural summaries...
Processing callees...
Validating......
Applying path checker with solver...
Constructing solving program...
Solver-aided path checker succeeded...
finish validate
Reporting......
Report generated!

finish report
===================================================
408  /  666 

CWE80_XSS__CWE182_Servlet_connect_tcp_68 

{'input_token_cost': 9674, 'output_token_cost': 1008, 'analysis_result': {'TPs': 1, 'FPs': 0}, 'ground_truth': {'TPs': 1, 'FPs': 1}, 'single time cost': 13.072354793548584} 

===================================================


Start to analyze the case  409 out of  666
/scratch/local/w.nimit/1853/LLMDFA/benchmark/juliet-test-suite-XSS_simplified/CWE80_XSS/s01/CWE80_XSS__CWE182_Servlet_connect_tcp_71.java
Analyzing......
Preprocessing...
processing finished
start to summarize...
Generating intra-procedural summaries...
Processing callees...
Preprocessing...
processing finished
start to summarize...
Generating intra-procedural summaries...
Processing callees...
Preprocessing...
processing finished
start to summarize...
Generating intra-procedural summaries...
Processing callees...
Preprocessing...
processing finished
start to summarize...
Generating intra-procedural summaries...
Processing callees...
Preprocessing...
processing finished
start to summarize...
Generating intra-procedural summaries...
Processing callees...
Validating......
Applying path checker with solver...
Constructing solving program...
Solver-aided path checker succeeded...
finish validate
Reporting......
Report generated!

finish report
===================================================
409  /  666 

CWE80_XSS__CWE182_Servlet_connect_tcp_71 

{'input_token_cost': 4526, 'output_token_cost': 416, 'analysis_result': {'TPs': 1, 'FPs': 0}, 'ground_truth': {'TPs': 1, 'FPs': 1}, 'single time cost': 5.4957404136657715} 

===================================================


Start to analyze the case  410 out of  666
/scratch/local/w.nimit/1853/LLMDFA/benchmark/juliet-test-suite-XSS_simplified/CWE80_XSS/s01/CWE80_XSS__CWE182_Servlet_connect_tcp_72.java
Analyzing......
Preprocessing...
processing finished
start to summarize...
Generating intra-procedural summaries...
Processing callees...
Preprocessing...
processing finished
start to summarize...
Generating intra-procedural summaries...
Processing callees...
Preprocessing...
processing finished
start to summarize...
Generating intra-procedural summaries...
Processing callees...
Preprocessing...
processing finished
start to summarize...
Generating intra-procedural summaries...
Processing callees...
Preprocessing...
processing finished
start to summarize...
Generating intra-procedural summaries...
Processing callees...
Validating......
Applying path checker with solver...
Constructing solving program...
Solver-aided path checker succeeded...
finish validate
Reporting......
Report generated!

finish report
===================================================
410  /  666 

CWE80_XSS__CWE182_Servlet_connect_tcp_72 

{'input_token_cost': 7209, 'output_token_cost': 671, 'analysis_result': {'TPs': 1, 'FPs': 0}, 'ground_truth': {'TPs': 1, 'FPs': 1}, 'single time cost': 8.730261087417603} 

===================================================


Start to analyze the case  411 out of  666
/scratch/local/w.nimit/1853/LLMDFA/benchmark/juliet-test-suite-XSS_simplified/CWE80_XSS/s01/CWE80_XSS__CWE182_Servlet_connect_tcp_73.java
Analyzing......
Preprocessing...
processing finished
start to summarize...
Generating intra-procedural summaries...
Processing callees...
Preprocessing...
processing finished
start to summarize...
Generating intra-procedural summaries...
Processing callees...
Preprocessing...
processing finished
start to summarize...
Generating intra-procedural summaries...
Processing callees...
Preprocessing...
processing finished
start to summarize...
Generating intra-procedural summaries...
Processing callees...
Preprocessing...
processing finished
start to summarize...
Generating intra-procedural summaries...
Processing callees...
Validating......
Applying path checker with solver...
Constructing solving program...
Solver-aided path checker succeeded...
finish validate
Reporting......
Report generated!

finish report
===================================================
411  /  666 

CWE80_XSS__CWE182_Servlet_connect_tcp_73 

{'input_token_cost': 7205, 'output_token_cost': 692, 'analysis_result': {'TPs': 1, 'FPs': 0}, 'ground_truth': {'TPs': 1, 'FPs': 1}, 'single time cost': 9.034587383270264} 

===================================================


Start to analyze the case  412 out of  666
/scratch/local/w.nimit/1853/LLMDFA/benchmark/juliet-test-suite-XSS_simplified/CWE80_XSS/s01/CWE80_XSS__CWE182_Servlet_connect_tcp_74.java
Analyzing......
Preprocessing...
processing finished
start to summarize...
Generating intra-procedural summaries...
Processing callees...
Preprocessing...
processing finished
start to summarize...
Generating intra-procedural summaries...
Processing callees...
Preprocessing...
processing finished
start to summarize...
Generating intra-procedural summaries...
Processing callees...
Preprocessing...
processing finished
start to summarize...
Generating intra-procedural summaries...
Processing callees...
Preprocessing...
processing finished
start to summarize...
Generating intra-procedural summaries...
Processing callees...
Validating......
Applying path checker with solver...
Constructing solving program...
Solver-aided path checker succeeded...
finish validate
Reporting......
Report generated!

finish report
===================================================
412  /  666 

CWE80_XSS__CWE182_Servlet_connect_tcp_74 

{'input_token_cost': 6154, 'output_token_cost': 518, 'analysis_result': {'TPs': 1, 'FPs': 0}, 'ground_truth': {'TPs': 1, 'FPs': 1}, 'single time cost': 6.794630765914917} 

===================================================


Start to analyze the case  413 out of  666
/scratch/local/w.nimit/1853/LLMDFA/benchmark/juliet-test-suite-XSS_simplified/CWE80_XSS/s01/CWE80_XSS__CWE182_Servlet_connect_tcp_75.java
Analyzing......
Preprocessing...
processing finished
start to summarize...
Generating intra-procedural summaries...
Processing callees...
Preprocessing...
processing finished
start to summarize...
Generating intra-procedural summaries...
Processing callees...
Preprocessing...
processing finished
start to summarize...
Generating intra-procedural summaries...
Processing callees...
Preprocessing...
processing finished
start to summarize...
Generating intra-procedural summaries...
Processing callees...
Preprocessing...
processing finished
start to summarize...
Generating intra-procedural summaries...
Processing callees...
Validating......
Applying path checker with solver...
Constructing solving program...
Solver-aided path checker succeeded...
finish validate
Reporting......
Report generated!

finish report
===================================================
413  /  666 

CWE80_XSS__CWE182_Servlet_connect_tcp_75 

{'input_token_cost': 10172, 'output_token_cost': 810, 'analysis_result': {'TPs': 1, 'FPs': 0}, 'ground_truth': {'TPs': 1, 'FPs': 1}, 'single time cost': 10.601775169372559} 

===================================================


Start to analyze the case  414 out of  666
/scratch/local/w.nimit/1853/LLMDFA/benchmark/juliet-test-suite-XSS_simplified/CWE80_XSS/s01/CWE80_XSS__CWE182_Servlet_connect_tcp_81.java
Analyzing......
Preprocessing...
processing finished
start to summarize...
Generating intra-procedural summaries...
Processing callees...
Preprocessing...
processing finished
start to summarize...
Generating intra-procedural summaries...
Processing callees...
Preprocessing...
processing finished
start to summarize...
Generating intra-procedural summaries...
Processing callees...
Preprocessing...
processing finished
start to summarize...
Generating intra-procedural summaries...
Processing callees...
Preprocessing...
processing finished
start to summarize...
Generating intra-procedural summaries...
Processing callees...
Validating......
Applying path checker with solver...
Constructing solving program...
Solver-aided path checker succeeded...
finish validate
Reporting......
Report generated!

finish report
===================================================
414  /  666 

CWE80_XSS__CWE182_Servlet_connect_tcp_81 

{'input_token_cost': 7005, 'output_token_cost': 692, 'analysis_result': {'TPs': 1, 'FPs': 0}, 'ground_truth': {'TPs': 1, 'FPs': 1}, 'single time cost': 9.002470016479492} 

===================================================


Start to analyze the case  415 out of  666
/scratch/local/w.nimit/1853/LLMDFA/benchmark/juliet-test-suite-XSS_simplified/CWE80_XSS/s01/CWE80_XSS__CWE182_Servlet_database_22.java
Analyzing......
Preprocessing...
processing finished
start to summarize...
Generating intra-procedural summaries...
Processing callees...
Preprocessing...
processing finished
start to summarize...
Generating intra-procedural summaries...
Processing callees...
Preprocessing...
processing finished
start to summarize...
Generating intra-procedural summaries...
Processing callees...
Preprocessing...
processing finished
start to summarize...
Generating intra-procedural summaries...
Processing callees...
Preprocessing...
processing finished
start to summarize...
Generating intra-procedural summaries...
Processing callees...
Preprocessing...
processing finished
start to summarize...
Generating intra-procedural summaries...
Processing callees...
Preprocessing...
processing finished
start to summarize...
Generating intra-procedural summaries...
Processing callees...
Validating......
Applying path checker with solver...
Constructing solving program...
Constructing solving program...
Solver-aided path checker succeeded...
finish validate
Reporting......
Report generated!

finish report
===================================================
415  /  666 

CWE80_XSS__CWE182_Servlet_database_22 

{'input_token_cost': 16334, 'output_token_cost': 1735, 'analysis_result': {'TPs': 1, 'FPs': 0}, 'ground_truth': {'TPs': 1, 'FPs': 2}, 'single time cost': 22.51045823097229} 

===================================================


Start to analyze the case  416 out of  666
/scratch/local/w.nimit/1853/LLMDFA/benchmark/juliet-test-suite-XSS_simplified/CWE80_XSS/s01/CWE80_XSS__CWE182_Servlet_database_51.java
Analyzing......
Preprocessing...
processing finished
start to summarize...
Generating intra-procedural summaries...
Processing callees...
Preprocessing...
processing finished
start to summarize...
Generating intra-procedural summaries...
Processing callees...
Preprocessing...
processing finished
start to summarize...
Generating intra-procedural summaries...
Processing callees...
Preprocessing...
processing finished
start to summarize...
Generating intra-procedural summaries...
Processing callees...
Preprocessing...
processing finished
start to summarize...
Generating intra-procedural summaries...
Processing callees...
Validating......
Applying path checker with solver...
Constructing solving program...
Solver-aided path checker succeeded...
finish validate
Reporting......
Report generated!

finish report
===================================================
416  /  666 

CWE80_XSS__CWE182_Servlet_database_51 

{'input_token_cost': 7967, 'output_token_cost': 713, 'analysis_result': {'TPs': 1, 'FPs': 0}, 'ground_truth': {'TPs': 1, 'FPs': 1}, 'single time cost': 9.292073488235474} 

===================================================


Start to analyze the case  417 out of  666
/scratch/local/w.nimit/1853/LLMDFA/benchmark/juliet-test-suite-XSS_simplified/CWE80_XSS/s01/CWE80_XSS__CWE182_Servlet_database_52.java
Analyzing......
Preprocessing...
processing finished
start to summarize...
Generating intra-procedural summaries...
Processing callees...
Preprocessing...
processing finished
start to summarize...
Generating intra-procedural summaries...
Processing callees...
Preprocessing...
processing finished
start to summarize...
Generating intra-procedural summaries...
Processing callees...
Preprocessing...
processing finished
start to summarize...
Generating intra-procedural summaries...
Processing callees...
Preprocessing...
processing finished
start to summarize...
Generating intra-procedural summaries...
Processing callees...
Preprocessing...
processing finished
start to summarize...
Generating intra-procedural summaries...
Processing callees...
Preprocessing...
processing finished
start to summarize...
Generating intra-procedural summaries...
Processing callees...
Validating......
Applying path checker with solver...
Constructing solving program...
Solver-aided path checker succeeded...
Applying path checker with solver...
Constructing solving program...
Solver-aided path checker succeeded...
finish validate
Reporting......
Report generated!

finish report
===================================================
417  /  666 

CWE80_XSS__CWE182_Servlet_database_52 

{'input_token_cost': 17449, 'output_token_cost': 1581, 'analysis_result': {'TPs': 1, 'FPs': 0}, 'ground_truth': {'TPs': 1, 'FPs': 1}, 'single time cost': 20.78871750831604} 

===================================================


Start to analyze the case  418 out of  666
/scratch/local/w.nimit/1853/LLMDFA/benchmark/juliet-test-suite-XSS_simplified/CWE80_XSS/s01/CWE80_XSS__CWE182_Servlet_database_53.java
Analyzing......
Preprocessing...
processing finished
start to summarize...
Generating intra-procedural summaries...
Processing callees...
Preprocessing...
processing finished
start to summarize...
Generating intra-procedural summaries...
Processing callees...
Preprocessing...
processing finished
start to summarize...
Generating intra-procedural summaries...
Processing callees...
Preprocessing...
processing finished
start to summarize...
Generating intra-procedural summaries...
Processing callees...
Preprocessing...
processing finished
start to summarize...
Generating intra-procedural summaries...
Processing callees...
Preprocessing...
processing finished
start to summarize...
Generating intra-procedural summaries...
Processing callees...
Preprocessing...
processing finished
start to summarize...
Generating intra-procedural summaries...
Processing callees...
Preprocessing...
processing finished
start to summarize...
Generating intra-procedural summaries...
Processing callees...
Preprocessing...
processing finished
start to summarize...
Generating intra-procedural summaries...
Processing callees...
Validating......
Applying path checker with solver...
Constructing solving program...
Solver-aided path checker succeeded...
finish validate
Reporting......
Report generated!

finish report
===================================================
418  /  666 

CWE80_XSS__CWE182_Servlet_database_53 

{'input_token_cost': 25865, 'output_token_cost': 2245, 'analysis_result': {'TPs': 1, 'FPs': 0}, 'ground_truth': {'TPs': 1, 'FPs': 1}, 'single time cost': 29.194203853607178} 

===================================================


Start to analyze the case  419 out of  666
/scratch/local/w.nimit/1853/LLMDFA/benchmark/juliet-test-suite-XSS_simplified/CWE80_XSS/s01/CWE80_XSS__CWE182_Servlet_database_54.java
Analyzing......
Preprocessing...
processing finished
start to summarize...
Generating intra-procedural summaries...
Processing callees...
Preprocessing...
processing finished
start to summarize...
Generating intra-procedural summaries...
Processing callees...
Preprocessing...
processing finished
start to summarize...
Generating intra-procedural summaries...
Processing callees...
Preprocessing...
processing finished
start to summarize...
Generating intra-procedural summaries...
Processing callees...
Preprocessing...
processing finished
start to summarize...
Generating intra-procedural summaries...
Processing callees...
Preprocessing...
processing finished
start to summarize...
Generating intra-procedural summaries...
Processing callees...
Preprocessing...
processing finished
start to summarize...
Generating intra-procedural summaries...
Processing callees...
Preprocessing...
processing finished
start to summarize...
Generating intra-procedural summaries...
Processing callees...
Preprocessing...
processing finished
start to summarize...
Generating intra-procedural summaries...
Processing callees...
Preprocessing...
processing finished
start to summarize...
Generating intra-procedural summaries...
Processing callees...
Preprocessing...
processing finished
start to summarize...
Generating intra-procedural summaries...
Processing callees...
Validating......
Applying path checker with solver...
Constructing solving program...
Solver-aided path checker succeeded...
finish validate
Reporting......
Report generated!

finish report
===================================================
419  /  666 

CWE80_XSS__CWE182_Servlet_database_54 

{'input_token_cost': 14834, 'output_token_cost': 1776, 'analysis_result': {'TPs': 1, 'FPs': 0}, 'ground_truth': {'TPs': 1, 'FPs': 1}, 'single time cost': 22.80388617515564} 

===================================================


Start to analyze the case  420 out of  666
/scratch/local/w.nimit/1853/LLMDFA/benchmark/juliet-test-suite-XSS_simplified/CWE80_XSS/s01/CWE80_XSS__CWE182_Servlet_database_61.java
Analyzing......
Preprocessing...
processing finished
start to summarize...
Generating intra-procedural summaries...
Processing callees...
Preprocessing...
processing finished
start to summarize...
Generating intra-procedural summaries...
Processing callees...
Preprocessing...
processing finished
start to summarize...
Generating intra-procedural summaries...
Processing callees...
Preprocessing...
processing finished
start to summarize...
Generating intra-procedural summaries...
Processing callees...
Preprocessing...
processing finished
start to summarize...
Generating intra-procedural summaries...
Processing callees...
Validating......
Applying path checker with solver...
Constructing solving program...
Solver-aided path checker succeeded...
finish validate
Reporting......
Report generated!

finish report
===================================================
420  /  666 

CWE80_XSS__CWE182_Servlet_database_61 

{'input_token_cost': 8811, 'output_token_cost': 795, 'analysis_result': {'TPs': 1, 'FPs': 0}, 'ground_truth': {'TPs': 1, 'FPs': 1}, 'single time cost': 10.433862447738647} 

===================================================


Start to analyze the case  421 out of  666
/scratch/local/w.nimit/1853/LLMDFA/benchmark/juliet-test-suite-XSS_simplified/CWE80_XSS/s01/CWE80_XSS__CWE182_Servlet_database_66.java
Analyzing......
Preprocessing...
processing finished
start to summarize...
Generating intra-procedural summaries...
Processing callees...
Preprocessing...
processing finished
start to summarize...
Generating intra-procedural summaries...
Processing callees...
Preprocessing...
processing finished
start to summarize...
Generating intra-procedural summaries...
Processing callees...
Preprocessing...
processing finished
start to summarize...
Generating intra-procedural summaries...
Processing callees...
Preprocessing...
processing finished
start to summarize...
Generating intra-procedural summaries...
Processing callees...
Validating......
Applying path checker with solver...
Constructing solving program...
Solver-aided path checker succeeded...
finish validate
Reporting......
Report generated!

finish report
===================================================
421  /  666 

CWE80_XSS__CWE182_Servlet_database_66 

{'input_token_cost': 5971, 'output_token_cost': 528, 'analysis_result': {'TPs': 1, 'FPs': 0}, 'ground_truth': {'TPs': 1, 'FPs': 1}, 'single time cost': 6.938859939575195} 

===================================================


Start to analyze the case  422 out of  666
/scratch/local/w.nimit/1853/LLMDFA/benchmark/juliet-test-suite-XSS_simplified/CWE80_XSS/s01/CWE80_XSS__CWE182_Servlet_database_67.java
Analyzing......
Preprocessing...
processing finished
start to summarize...
Generating intra-procedural summaries...
Processing callees...
Preprocessing...
processing finished
start to summarize...
Generating intra-procedural summaries...
Processing callees...
Preprocessing...
processing finished
start to summarize...
Generating intra-procedural summaries...
Processing callees...
Preprocessing...
processing finished
start to summarize...
Generating intra-procedural summaries...
Processing callees...
Preprocessing...
processing finished
start to summarize...
Generating intra-procedural summaries...
Processing callees...
Validating......
Applying path checker with solver...
Constructing solving program...
Solver-aided path checker succeeded...
finish validate
Reporting......
Report generated!

finish report
===================================================
422  /  666 

CWE80_XSS__CWE182_Servlet_database_67 

{'input_token_cost': 8133, 'output_token_cost': 750, 'analysis_result': {'TPs': 1, 'FPs': 0}, 'ground_truth': {'TPs': 1, 'FPs': 1}, 'single time cost': 9.749810457229614} 

===================================================


Start to analyze the case  423 out of  666
/scratch/local/w.nimit/1853/LLMDFA/benchmark/juliet-test-suite-XSS_simplified/CWE80_XSS/s01/CWE80_XSS__CWE182_Servlet_database_68.java
Analyzing......
Preprocessing...
processing finished
start to summarize...
Generating intra-procedural summaries...
Processing callees...
Preprocessing...
processing finished
start to summarize...
Generating intra-procedural summaries...
Processing callees...
Preprocessing...
processing finished
start to summarize...
Generating intra-procedural summaries...
Processing callees...
Preprocessing...
processing finished
start to summarize...
Generating intra-procedural summaries...
Processing callees...
Preprocessing...
processing finished
start to summarize...
Generating intra-procedural summaries...
Processing callees...
Validating......
Applying path checker with solver...
Constructing solving program...
Solver-aided path checker succeeded...
Applying path checker with solver...
Constructing solving program...
Solver-aided path checker succeeded...
finish validate
Reporting......
Report generated!

finish report
===================================================
423  /  666 

CWE80_XSS__CWE182_Servlet_database_68 

{'input_token_cost': 9128, 'output_token_cost': 903, 'analysis_result': {'TPs': 1, 'FPs': 0}, 'ground_truth': {'TPs': 1, 'FPs': 1}, 'single time cost': 11.873015880584717} 

===================================================


Start to analyze the case  424 out of  666
/scratch/local/w.nimit/1853/LLMDFA/benchmark/juliet-test-suite-XSS_simplified/CWE80_XSS/s01/CWE80_XSS__CWE182_Servlet_database_71.java
Analyzing......
Preprocessing...
processing finished
start to summarize...
Generating intra-procedural summaries...
Processing callees...
Preprocessing...
processing finished
start to summarize...
Generating intra-procedural summaries...
Processing callees...
Preprocessing...
processing finished
start to summarize...
Generating intra-procedural summaries...
Processing callees...
Preprocessing...
processing finished
start to summarize...
Generating intra-procedural summaries...
Processing callees...
Preprocessing...
processing finished
start to summarize...
Generating intra-procedural summaries...
Processing callees...
Validating......
Applying path checker with solver...
Constructing solving program...
Solver-aided path checker succeeded...
finish validate
Reporting......
Report generated!

finish report
===================================================
424  /  666 

CWE80_XSS__CWE182_Servlet_database_71 

{'input_token_cost': 5519, 'output_token_cost': 496, 'analysis_result': {'TPs': 1, 'FPs': 0}, 'ground_truth': {'TPs': 1, 'FPs': 1}, 'single time cost': 6.509367942810059} 

===================================================


Start to analyze the case  425 out of  666
/scratch/local/w.nimit/1853/LLMDFA/benchmark/juliet-test-suite-XSS_simplified/CWE80_XSS/s01/CWE80_XSS__CWE182_Servlet_database_72.java
Analyzing......
Preprocessing...
processing finished
start to summarize...
Generating intra-procedural summaries...
Processing callees...
Preprocessing...
processing finished
start to summarize...
Generating intra-procedural summaries...
Processing callees...
Preprocessing...
processing finished
start to summarize...
Generating intra-procedural summaries...
Processing callees...
Preprocessing...
processing finished
start to summarize...
Generating intra-procedural summaries...
Processing callees...
Preprocessing...
processing finished
start to summarize...
Generating intra-procedural summaries...
Processing callees...
Validating......
Applying path checker with solver...
Constructing solving program...
Solver-aided path checker succeeded...
finish validate
Reporting......
Report generated!

finish report
===================================================
425  /  666 

CWE80_XSS__CWE182_Servlet_database_72 

{'input_token_cost': 7119, 'output_token_cost': 666, 'analysis_result': {'TPs': 1, 'FPs': 0}, 'ground_truth': {'TPs': 1, 'FPs': 1}, 'single time cost': 8.687246799468994} 

===================================================


Start to analyze the case  426 out of  666
/scratch/local/w.nimit/1853/LLMDFA/benchmark/juliet-test-suite-XSS_simplified/CWE80_XSS/s01/CWE80_XSS__CWE182_Servlet_database_73.java
Analyzing......
Preprocessing...
processing finished
start to summarize...
Generating intra-procedural summaries...
Processing callees...
Preprocessing...
processing finished
start to summarize...
Generating intra-procedural summaries...
Processing callees...
Preprocessing...
processing finished
start to summarize...
Generating intra-procedural summaries...
Processing callees...
Preprocessing...
processing finished
start to summarize...
Generating intra-procedural summaries...
Processing callees...
Preprocessing...
processing finished
start to summarize...
Generating intra-procedural summaries...
Processing callees...
Validating......
Applying path checker with solver...
Constructing solving program...
Solver-aided path checker succeeded...
finish validate
Reporting......
Report generated!

finish report
===================================================
426  /  666 

CWE80_XSS__CWE182_Servlet_database_73 

{'input_token_cost': 7115, 'output_token_cost': 629, 'analysis_result': {'TPs': 1, 'FPs': 0}, 'ground_truth': {'TPs': 1, 'FPs': 1}, 'single time cost': 8.2181556224823} 

===================================================


Start to analyze the case  427 out of  666
/scratch/local/w.nimit/1853/LLMDFA/benchmark/juliet-test-suite-XSS_simplified/CWE80_XSS/s01/CWE80_XSS__CWE182_Servlet_database_74.java
Analyzing......
Preprocessing...
processing finished
start to summarize...
Generating intra-procedural summaries...
Processing callees...
Preprocessing...
processing finished
start to summarize...
Generating intra-procedural summaries...
Processing callees...
Preprocessing...
processing finished
start to summarize...
Generating intra-procedural summaries...
Processing callees...
Preprocessing...
processing finished
start to summarize...
Generating intra-procedural summaries...
Processing callees...
Preprocessing...
processing finished
start to summarize...
Generating intra-procedural summaries...
Processing callees...
Validating......
Applying path checker with solver...
Constructing solving program...
Solver-aided path checker succeeded...
Applying path checker with solver...
Constructing solving program...
Solver-aided path checker succeeded...
finish validate
Reporting......
Report generated!

finish report
===================================================
427  /  666 

CWE80_XSS__CWE182_Servlet_database_74 

{'input_token_cost': 7656, 'output_token_cost': 761, 'analysis_result': {'TPs': 1, 'FPs': 0}, 'ground_truth': {'TPs': 1, 'FPs': 1}, 'single time cost': 10.044269323348999} 

===================================================


Start to analyze the case  428 out of  666
/scratch/local/w.nimit/1853/LLMDFA/benchmark/juliet-test-suite-XSS_simplified/CWE80_XSS/s01/CWE80_XSS__CWE182_Servlet_database_75.java
Analyzing......
Preprocessing...
processing finished
start to summarize...
Generating intra-procedural summaries...
Processing callees...
Preprocessing...
processing finished
start to summarize...
Generating intra-procedural summaries...
Processing callees...
Preprocessing...
processing finished
start to summarize...
Generating intra-procedural summaries...
Processing callees...
Preprocessing...
processing finished
start to summarize...
Generating intra-procedural summaries...
Processing callees...
Preprocessing...
processing finished
start to summarize...
Generating intra-procedural summaries...
Processing callees...
Validating......
Applying path checker with solver...
Constructing solving program...
Solver-aided path checker succeeded...
finish validate
Reporting......
Report generated!

finish report
===================================================
428  /  666 

CWE80_XSS__CWE182_Servlet_database_75 

{'input_token_cost': 10075, 'output_token_cost': 793, 'analysis_result': {'TPs': 1, 'FPs': 0}, 'ground_truth': {'TPs': 1, 'FPs': 1}, 'single time cost': 10.404864311218262} 

===================================================


Start to analyze the case  429 out of  666
/scratch/local/w.nimit/1853/LLMDFA/benchmark/juliet-test-suite-XSS_simplified/CWE80_XSS/s01/CWE80_XSS__CWE182_Servlet_database_81.java
Analyzing......
Preprocessing...
processing finished
start to summarize...
Generating intra-procedural summaries...
Processing callees...
Preprocessing...
processing finished
start to summarize...
Generating intra-procedural summaries...
Processing callees...
Preprocessing...
processing finished
start to summarize...
Generating intra-procedural summaries...
Processing callees...
Preprocessing...
processing finished
start to summarize...
Generating intra-procedural summaries...
Processing callees...
Preprocessing...
processing finished
start to summarize...
Generating intra-procedural summaries...
Processing callees...
Validating......
Applying path checker with solver...
Constructing solving program...
Solver-aided path checker succeeded...
Applying path checker with solver...
Constructing solving program...
Solver-aided path checker succeeded...
finish validate
Reporting......
Report generated!

finish report
===================================================
429  /  666 

CWE80_XSS__CWE182_Servlet_database_81 

{'input_token_cost': 7445, 'output_token_cost': 735, 'analysis_result': {'TPs': 1, 'FPs': 0}, 'ground_truth': {'TPs': 1, 'FPs': 1}, 'single time cost': 9.682604312896729} 

===================================================


Start to analyze the case  430 out of  666
/scratch/local/w.nimit/1853/LLMDFA/benchmark/juliet-test-suite-XSS_simplified/CWE80_XSS/s01/CWE80_XSS__CWE182_Servlet_getCookies_Servlet_22.java
Analyzing......
Preprocessing...
processing finished
start to summarize...
Generating intra-procedural summaries...
Processing callees...
Preprocessing...
processing finished
start to summarize...
Generating intra-procedural summaries...
Processing callees...
Preprocessing...
processing finished
start to summarize...
Generating intra-procedural summaries...
Processing callees...
Preprocessing...
processing finished
start to summarize...
Generating intra-procedural summaries...
Processing callees...
Preprocessing...
processing finished
start to summarize...
Generating intra-procedural summaries...
Processing callees...
Preprocessing...
processing finished
start to summarize...
Generating intra-procedural summaries...
Processing callees...
Preprocessing...
processing finished
start to summarize...
Generating intra-procedural summaries...
Processing callees...
Validating......
Applying path checker with solver...
Constructing solving program...
Constructing solving program...
Solver-aided path checker succeeded...
Applying path checker with solver...
Constructing solving program...
Solver-aided path checker succeeded...
Applying path checker with solver...
Constructing solving program...
Solver-aided path checker succeeded...
Applying path checker with solver...
Constructing solving program...
Solver-aided path checker succeeded...
finish validate
Reporting......
Report generated!

finish report
===================================================
430  /  666 

CWE80_XSS__CWE182_Servlet_getCookies_Servlet_22 

{'input_token_cost': 23359, 'output_token_cost': 2791, 'analysis_result': {'TPs': 1, 'FPs': 2}, 'ground_truth': {'TPs': 1, 'FPs': 2}, 'single time cost': 36.28102898597717} 

===================================================


Start to analyze the case  431 out of  666
/scratch/local/w.nimit/1853/LLMDFA/benchmark/juliet-test-suite-XSS_simplified/CWE80_XSS/s01/CWE80_XSS__CWE182_Servlet_getCookies_Servlet_51.java
Analyzing......
Preprocessing...
processing finished
start to summarize...
Generating intra-procedural summaries...
Processing callees...
Preprocessing...
processing finished
start to summarize...
Generating intra-procedural summaries...
Processing callees...
Preprocessing...
processing finished
start to summarize...
Generating intra-procedural summaries...
Processing callees...
Preprocessing...
processing finished
start to summarize...
Generating intra-procedural summaries...
Processing callees...
Preprocessing...
processing finished
start to summarize...
Generating intra-procedural summaries...
Processing callees...
Validating......
Applying path checker with solver...
Constructing solving program...
Solver-aided path checker succeeded...
finish validate
Reporting......
Report generated!

finish report
===================================================
431  /  666 

CWE80_XSS__CWE182_Servlet_getCookies_Servlet_51 

{'input_token_cost': 5825, 'output_token_cost': 700, 'analysis_result': {'TPs': 1, 'FPs': 0}, 'ground_truth': {'TPs': 1, 'FPs': 1}, 'single time cost': 9.14832091331482} 

===================================================


Start to analyze the case  432 out of  666
/scratch/local/w.nimit/1853/LLMDFA/benchmark/juliet-test-suite-XSS_simplified/CWE80_XSS/s01/CWE80_XSS__CWE182_Servlet_getCookies_Servlet_52.java
Analyzing......
Preprocessing...
processing finished
start to summarize...
Generating intra-procedural summaries...
Processing callees...
Preprocessing...
processing finished
start to summarize...
Generating intra-procedural summaries...
Processing callees...
Preprocessing...
processing finished
start to summarize...
Generating intra-procedural summaries...
Processing callees...
Preprocessing...
processing finished
start to summarize...
Generating intra-procedural summaries...
Processing callees...
Preprocessing...
processing finished
start to summarize...
Generating intra-procedural summaries...
Processing callees...
Preprocessing...
processing finished
start to summarize...
Generating intra-procedural summaries...
Processing callees...
Preprocessing...
processing finished
start to summarize...
Generating intra-procedural summaries...
Processing callees...
Validating......
Applying path checker with solver...
Constructing solving program...
Solver-aided path checker succeeded...
finish validate
Reporting......
Report generated!

finish report
===================================================
432  /  666 

CWE80_XSS__CWE182_Servlet_getCookies_Servlet_52 

{'input_token_cost': 11827, 'output_token_cost': 1326, 'analysis_result': {'TPs': 1, 'FPs': 0}, 'ground_truth': {'TPs': 1, 'FPs': 1}, 'single time cost': 17.121715307235718} 

===================================================


Start to analyze the case  433 out of  666
/scratch/local/w.nimit/1853/LLMDFA/benchmark/juliet-test-suite-XSS_simplified/CWE80_XSS/s01/CWE80_XSS__CWE182_Servlet_getCookies_Servlet_53.java
Analyzing......
Preprocessing...
processing finished
start to summarize...
Generating intra-procedural summaries...
Processing callees...
Preprocessing...
processing finished
start to summarize...
Generating intra-procedural summaries...
Processing callees...
Preprocessing...
processing finished
start to summarize...
Generating intra-procedural summaries...
Processing callees...
Preprocessing...
processing finished
start to summarize...
Generating intra-procedural summaries...
Processing callees...
Preprocessing...
processing finished
start to summarize...
Generating intra-procedural summaries...
Processing callees...
Preprocessing...
processing finished
start to summarize...
Generating intra-procedural summaries...
Processing callees...
Preprocessing...
processing finished
start to summarize...
Generating intra-procedural summaries...
Processing callees...
Preprocessing...
processing finished
start to summarize...
Generating intra-procedural summaries...
Processing callees...
Preprocessing...
processing finished
start to summarize...
Generating intra-procedural summaries...
Processing callees...
Validating......
Applying path checker with solver...
Constructing solving program...
Solver-aided path checker succeeded...
finish validate
Reporting......
Report generated!

finish report
===================================================
433  /  666 

CWE80_XSS__CWE182_Servlet_getCookies_Servlet_53 

{'input_token_cost': 21874, 'output_token_cost': 2095, 'analysis_result': {'TPs': 1, 'FPs': 0}, 'ground_truth': {'TPs': 1, 'FPs': 1}, 'single time cost': 27.001718044281006} 

===================================================


Start to analyze the case  434 out of  666
/scratch/local/w.nimit/1853/LLMDFA/benchmark/juliet-test-suite-XSS_simplified/CWE80_XSS/s01/CWE80_XSS__CWE182_Servlet_getCookies_Servlet_54.java
Analyzing......
Preprocessing...
processing finished
start to summarize...
Generating intra-procedural summaries...
Processing callees...
Preprocessing...
processing finished
start to summarize...
Generating intra-procedural summaries...
Processing callees...
Preprocessing...
processing finished
start to summarize...
Generating intra-procedural summaries...
Processing callees...
Preprocessing...
processing finished
start to summarize...
Generating intra-procedural summaries...
Processing callees...
Preprocessing...
processing finished
start to summarize...
Generating intra-procedural summaries...
Processing callees...
Preprocessing...
processing finished
start to summarize...
Generating intra-procedural summaries...
Processing callees...
Preprocessing...
processing finished
start to summarize...
Generating intra-procedural summaries...
Processing callees...
Preprocessing...
processing finished
start to summarize...
Generating intra-procedural summaries...
Processing callees...
Preprocessing...
processing finished
start to summarize...
Generating intra-procedural summaries...
Processing callees...
Preprocessing...
processing finished
start to summarize...
Generating intra-procedural summaries...
Processing callees...
Preprocessing...
processing finished
start to summarize...
Generating intra-procedural summaries...
Processing callees...
Validating......
Applying path checker with solver...
Constructing solving program...
Solver-aided path checker succeeded...
finish validate
Reporting......
Report generated!

finish report
===================================================
434  /  666 

CWE80_XSS__CWE182_Servlet_getCookies_Servlet_54 

{'input_token_cost': 23831, 'output_token_cost': 2466, 'analysis_result': {'TPs': 1, 'FPs': 0}, 'ground_truth': {'TPs': 1, 'FPs': 1}, 'single time cost': 31.730011701583862} 

===================================================


Start to analyze the case  435 out of  666
/scratch/local/w.nimit/1853/LLMDFA/benchmark/juliet-test-suite-XSS_simplified/CWE80_XSS/s01/CWE80_XSS__CWE182_Servlet_getCookies_Servlet_61.java
Analyzing......
Preprocessing...
processing finished
start to summarize...
Generating intra-procedural summaries...
Processing callees...
Preprocessing...
processing finished
start to summarize...
Generating intra-procedural summaries...
Processing callees...
Preprocessing...
processing finished
start to summarize...
Generating intra-procedural summaries...
Processing callees...
Preprocessing...
processing finished
start to summarize...
Generating intra-procedural summaries...
Processing callees...
Preprocessing...
processing finished
start to summarize...
Generating intra-procedural summaries...
Processing callees...
Validating......
Applying path checker with solver...
Constructing solving program...
Solver-aided path checker succeeded...
Applying path checker with solver...
Constructing solving program...
Solver-aided path checker succeeded...
Applying path checker with solver...
Constructing solving program...
Solver-aided path checker succeeded...
finish validate
Reporting......
Report generated!

finish report
===================================================
435  /  666 

CWE80_XSS__CWE182_Servlet_getCookies_Servlet_61 

{'input_token_cost': 10924, 'output_token_cost': 1276, 'analysis_result': {'TPs': 2, 'FPs': 1}, 'ground_truth': {'TPs': 1, 'FPs': 1}, 'single time cost': 16.75871515274048} 

===================================================


Start to analyze the case  436 out of  666
/scratch/local/w.nimit/1853/LLMDFA/benchmark/juliet-test-suite-XSS_simplified/CWE80_XSS/s01/CWE80_XSS__CWE182_Servlet_getCookies_Servlet_66.java
Analyzing......
Preprocessing...
processing finished
start to summarize...
Generating intra-procedural summaries...
Processing callees...
Preprocessing...
processing finished
start to summarize...
Generating intra-procedural summaries...
Processing callees...
Preprocessing...
processing finished
start to summarize...
Generating intra-procedural summaries...
Processing callees...
Preprocessing...
processing finished
start to summarize...
Generating intra-procedural summaries...
Processing callees...
Preprocessing...
processing finished
start to summarize...
Generating intra-procedural summaries...
Processing callees...
Validating......
Applying path checker with solver...
Constructing solving program...
Solver-aided path checker succeeded...
Applying path checker with solver...
Constructing solving program...
Solver-aided path checker succeeded...
finish validate
Reporting......
Report generated!

finish report
===================================================
436  /  666 

CWE80_XSS__CWE182_Servlet_getCookies_Servlet_66 

{'input_token_cost': 6458, 'output_token_cost': 772, 'analysis_result': {'TPs': 1, 'FPs': 0}, 'ground_truth': {'TPs': 1, 'FPs': 1}, 'single time cost': 10.171186923980713} 

===================================================


Start to analyze the case  437 out of  666
/scratch/local/w.nimit/1853/LLMDFA/benchmark/juliet-test-suite-XSS_simplified/CWE80_XSS/s01/CWE80_XSS__CWE182_Servlet_getCookies_Servlet_67.java
Analyzing......
Preprocessing...
processing finished
start to summarize...
Generating intra-procedural summaries...
Processing callees...
Preprocessing...
processing finished
start to summarize...
Generating intra-procedural summaries...
Processing callees...
Preprocessing...
processing finished
start to summarize...
Generating intra-procedural summaries...
Processing callees...
Preprocessing...
processing finished
start to summarize...
Generating intra-procedural summaries...
Processing callees...
Preprocessing...
processing finished
start to summarize...
Generating intra-procedural summaries...
Processing callees...
Validating......
Applying path checker with solver...
Constructing solving program...
Solver-aided path checker succeeded...
finish validate
Reporting......
Report generated!

finish report
===================================================
437  /  666 

CWE80_XSS__CWE182_Servlet_getCookies_Servlet_67 

{'input_token_cost': 5966, 'output_token_cost': 780, 'analysis_result': {'TPs': 1, 'FPs': 0}, 'ground_truth': {'TPs': 1, 'FPs': 1}, 'single time cost': 10.102336883544922} 

===================================================


Start to analyze the case  438 out of  666
/scratch/local/w.nimit/1853/LLMDFA/benchmark/juliet-test-suite-XSS_simplified/CWE80_XSS/s01/CWE80_XSS__CWE182_Servlet_getCookies_Servlet_68.java
Analyzing......
Preprocessing...
processing finished
start to summarize...
Generating intra-procedural summaries...
Processing callees...
Preprocessing...
processing finished
start to summarize...
Generating intra-procedural summaries...
Processing callees...
Preprocessing...
processing finished
start to summarize...
Generating intra-procedural summaries...
Processing callees...
Preprocessing...
processing finished
start to summarize...
Generating intra-procedural summaries...
Processing callees...
Preprocessing...
processing finished
start to summarize...
Generating intra-procedural summaries...
Processing callees...
Validating......
Applying path checker with solver...
Constructing solving program...
Solver-aided path checker succeeded...
Applying path checker with solver...
Constructing solving program...
Solver-aided path checker succeeded...
Applying path checker with solver...
Constructing solving program...
Solver-aided path checker succeeded...
Applying path checker with solver...
Constructing solving program...
Constructing solving program...
Solver-aided path checker succeeded...
Applying path checker with solver...
Constructing solving program...
Solver-aided path checker succeeded...
finish validate
Reporting......
Report generated!

finish report
===================================================
438  /  666 

CWE80_XSS__CWE182_Servlet_getCookies_Servlet_68 

{'input_token_cost': 13340, 'output_token_cost': 1688, 'analysis_result': {'TPs': 2, 'FPs': 1}, 'ground_truth': {'TPs': 1, 'FPs': 1}, 'single time cost': 22.428980588912964} 

===================================================


Start to analyze the case  439 out of  666
/scratch/local/w.nimit/1853/LLMDFA/benchmark/juliet-test-suite-XSS_simplified/CWE80_XSS/s01/CWE80_XSS__CWE182_Servlet_getCookies_Servlet_71.java
Analyzing......
Preprocessing...
processing finished
start to summarize...
Generating intra-procedural summaries...
Processing callees...
Preprocessing...
processing finished
start to summarize...
Generating intra-procedural summaries...
Processing callees...
Preprocessing...
processing finished
start to summarize...
Generating intra-procedural summaries...
Processing callees...
Preprocessing...
processing finished
start to summarize...
Generating intra-procedural summaries...
Processing callees...
Preprocessing...
processing finished
start to summarize...
Generating intra-procedural summaries...
Processing callees...
Validating......
Applying path checker with solver...
Constructing solving program...
Solver-aided path checker succeeded...
finish validate
Reporting......
Report generated!

finish report
===================================================
439  /  666 

CWE80_XSS__CWE182_Servlet_getCookies_Servlet_71 

{'input_token_cost': 3732, 'output_token_cost': 459, 'analysis_result': {'TPs': 1, 'FPs': 0}, 'ground_truth': {'TPs': 1, 'FPs': 1}, 'single time cost': 5.999415159225464} 

===================================================


Start to analyze the case  440 out of  666
/scratch/local/w.nimit/1853/LLMDFA/benchmark/juliet-test-suite-XSS_simplified/CWE80_XSS/s01/CWE80_XSS__CWE182_Servlet_getCookies_Servlet_72.java
Analyzing......
Preprocessing...
processing finished
start to summarize...
Generating intra-procedural summaries...
Processing callees...
Preprocessing...
processing finished
start to summarize...
Generating intra-procedural summaries...
Processing callees...
Preprocessing...
processing finished
start to summarize...
Generating intra-procedural summaries...
Processing callees...
Preprocessing...
processing finished
start to summarize...
Generating intra-procedural summaries...
Processing callees...
Preprocessing...
processing finished
start to summarize...
Generating intra-procedural summaries...
Processing callees...
Validating......
Applying path checker with solver...
Constructing solving program...
Solver-aided path checker succeeded...
finish validate
Reporting......
Report generated!

finish report
===================================================
440  /  666 

CWE80_XSS__CWE182_Servlet_getCookies_Servlet_72 

{'input_token_cost': 6018, 'output_token_cost': 739, 'analysis_result': {'TPs': 1, 'FPs': 0}, 'ground_truth': {'TPs': 1, 'FPs': 1}, 'single time cost': 9.583808660507202} 

===================================================


Start to analyze the case  441 out of  666
/scratch/local/w.nimit/1853/LLMDFA/benchmark/juliet-test-suite-XSS_simplified/CWE80_XSS/s01/CWE80_XSS__CWE182_Servlet_getCookies_Servlet_73.java
Analyzing......
Preprocessing...
processing finished
start to summarize...
Generating intra-procedural summaries...
Processing callees...
Preprocessing...
processing finished
start to summarize...
Generating intra-procedural summaries...
Processing callees...
Preprocessing...
processing finished
start to summarize...
Generating intra-procedural summaries...
Processing callees...
Preprocessing...
processing finished
start to summarize...
Generating intra-procedural summaries...
Processing callees...
Preprocessing...
processing finished
start to summarize...
Generating intra-procedural summaries...
Processing callees...
Validating......
Applying path checker with solver...
Constructing solving program...
Solver-aided path checker succeeded...
finish validate
Reporting......
Report generated!

finish report
===================================================
441  /  666 

CWE80_XSS__CWE182_Servlet_getCookies_Servlet_73 

{'input_token_cost': 6014, 'output_token_cost': 704, 'analysis_result': {'TPs': 1, 'FPs': 0}, 'ground_truth': {'TPs': 1, 'FPs': 1}, 'single time cost': 9.156344413757324} 

===================================================


Start to analyze the case  442 out of  666
/scratch/local/w.nimit/1853/LLMDFA/benchmark/juliet-test-suite-XSS_simplified/CWE80_XSS/s01/CWE80_XSS__CWE182_Servlet_getCookies_Servlet_74.java
Analyzing......
Preprocessing...
processing finished
start to summarize...
Generating intra-procedural summaries...
Processing callees...
Preprocessing...
processing finished
start to summarize...
Generating intra-procedural summaries...
Processing callees...
Preprocessing...
processing finished
start to summarize...
Generating intra-procedural summaries...
Processing callees...
Preprocessing...
processing finished
start to summarize...
Generating intra-procedural summaries...
Processing callees...
Preprocessing...
processing finished
start to summarize...
Generating intra-procedural summaries...
Processing callees...
Validating......
Applying path checker with solver...
Constructing solving program...
Solver-aided path checker succeeded...
Applying path checker with solver...
Constructing solving program...
Solver-aided path checker succeeded...
finish validate
Reporting......
Report generated!

finish report
===================================================
442  /  666 

CWE80_XSS__CWE182_Servlet_getCookies_Servlet_74 

{'input_token_cost': 6558, 'output_token_cost': 709, 'analysis_result': {'TPs': 1, 'FPs': 0}, 'ground_truth': {'TPs': 1, 'FPs': 1}, 'single time cost': 9.352548360824585} 

===================================================


Start to analyze the case  443 out of  666
/scratch/local/w.nimit/1853/LLMDFA/benchmark/juliet-test-suite-XSS_simplified/CWE80_XSS/s01/CWE80_XSS__CWE182_Servlet_getCookies_Servlet_75.java
Analyzing......
Preprocessing...
processing finished
start to summarize...
Generating intra-procedural summaries...
Processing callees...
Preprocessing...
processing finished
start to summarize...
Generating intra-procedural summaries...
Processing callees...
Preprocessing...
processing finished
start to summarize...
Generating intra-procedural summaries...
Processing callees...
Preprocessing...
processing finished
start to summarize...
Generating intra-procedural summaries...
Processing callees...
Preprocessing...
processing finished
start to summarize...
Generating intra-procedural summaries...
Processing callees...
Validating......
Applying path checker with solver...
Constructing solving program...
Solver-aided path checker succeeded...
finish validate
Reporting......
Report generated!

finish report
===================================================
443  /  666 

CWE80_XSS__CWE182_Servlet_getCookies_Servlet_75 

{'input_token_cost': 7531, 'output_token_cost': 763, 'analysis_result': {'TPs': 1, 'FPs': 0}, 'ground_truth': {'TPs': 1, 'FPs': 1}, 'single time cost': 9.946508169174194} 

===================================================


Start to analyze the case  444 out of  666
/scratch/local/w.nimit/1853/LLMDFA/benchmark/juliet-test-suite-XSS_simplified/CWE80_XSS/s01/CWE80_XSS__CWE182_Servlet_getCookies_Servlet_81.java
Analyzing......
Preprocessing...
processing finished
start to summarize...
Generating intra-procedural summaries...
Processing callees...
Preprocessing...
processing finished
start to summarize...
Generating intra-procedural summaries...
Processing callees...
Preprocessing...
processing finished
start to summarize...
Generating intra-procedural summaries...
Processing callees...
Preprocessing...
processing finished
start to summarize...
Generating intra-procedural summaries...
Processing callees...
Preprocessing...
processing finished
start to summarize...
Generating intra-procedural summaries...
Processing callees...
Validating......
Applying path checker with solver...
Constructing solving program...
Solver-aided path checker succeeded...
Applying path checker with solver...
Constructing solving program...
Solver-aided path checker succeeded...
finish validate
Reporting......
Report generated!

finish report
===================================================
444  /  666 

CWE80_XSS__CWE182_Servlet_getCookies_Servlet_81 

{'input_token_cost': 6347, 'output_token_cost': 769, 'analysis_result': {'TPs': 1, 'FPs': 0}, 'ground_truth': {'TPs': 1, 'FPs': 1}, 'single time cost': 10.081961631774902} 

===================================================


Start to analyze the case  445 out of  666
/scratch/local/w.nimit/1853/LLMDFA/benchmark/juliet-test-suite-XSS_simplified/CWE80_XSS/s01/CWE80_XSS__CWE182_Servlet_getParameter_Servlet_22.java
Analyzing......
Preprocessing...
processing finished
start to summarize...
Generating intra-procedural summaries...
Processing callees...
Preprocessing...
processing finished
start to summarize...
Generating intra-procedural summaries...
Processing callees...
Preprocessing...
processing finished
start to summarize...
Generating intra-procedural summaries...
Processing callees...
Preprocessing...
processing finished
start to summarize...
Generating intra-procedural summaries...
Processing callees...
Preprocessing...
processing finished
start to summarize...
Generating intra-procedural summaries...
Processing callees...
Preprocessing...
processing finished
start to summarize...
Generating intra-procedural summaries...
Processing callees...
Preprocessing...
processing finished
start to summarize...
Generating intra-procedural summaries...
Processing callees...
Validating......
Applying path checker with solver...
Constructing solving program...
Constructing solving program...
Solver-aided path checker succeeded...
Applying path checker with solver...
Constructing solving program...
Solver-aided path checker succeeded...
Applying path checker with solver...
Constructing solving program...
Solver-aided path checker succeeded...
Applying path checker with solver...
Constructing solving program...
Solver-aided path checker succeeded...
finish validate
Reporting......
Report generated!

finish report
===================================================
445  /  666 

CWE80_XSS__CWE182_Servlet_getParameter_Servlet_22 

{'input_token_cost': 23182, 'output_token_cost': 3073, 'analysis_result': {'TPs': 1, 'FPs': 2}, 'ground_truth': {'TPs': 1, 'FPs': 2}, 'single time cost': 39.913891077041626} 

===================================================


Start to analyze the case  446 out of  666
/scratch/local/w.nimit/1853/LLMDFA/benchmark/juliet-test-suite-XSS_simplified/CWE80_XSS/s01/CWE80_XSS__CWE182_Servlet_getParameter_Servlet_51.java
Analyzing......
Preprocessing...
processing finished
start to summarize...
Generating intra-procedural summaries...
Processing callees...
Preprocessing...
processing finished
start to summarize...
Generating intra-procedural summaries...
Processing callees...
Preprocessing...
processing finished
start to summarize...
Generating intra-procedural summaries...
Processing callees...
Preprocessing...
processing finished
start to summarize...
Generating intra-procedural summaries...
Processing callees...
Preprocessing...
processing finished
start to summarize...
Generating intra-procedural summaries...
Processing callees...
Validating......
Applying path checker with solver...
Constructing solving program...
Solver-aided path checker succeeded...
finish validate
Reporting......
Report generated!

finish report
===================================================
446  /  666 

CWE80_XSS__CWE182_Servlet_getParameter_Servlet_51 

{'input_token_cost': 6669, 'output_token_cost': 848, 'analysis_result': {'TPs': 1, 'FPs': 0}, 'ground_truth': {'TPs': 1, 'FPs': 1}, 'single time cost': 10.960061073303223} 

===================================================


Start to analyze the case  447 out of  666
/scratch/local/w.nimit/1853/LLMDFA/benchmark/juliet-test-suite-XSS_simplified/CWE80_XSS/s01/CWE80_XSS__CWE182_Servlet_getParameter_Servlet_52.java
Analyzing......
Preprocessing...
processing finished
start to summarize...
Generating intra-procedural summaries...
Processing callees...
Preprocessing...
processing finished
start to summarize...
Generating intra-procedural summaries...
Processing callees...
Preprocessing...
processing finished
start to summarize...
Generating intra-procedural summaries...
Processing callees...
Preprocessing...
processing finished
start to summarize...
Generating intra-procedural summaries...
Processing callees...
Preprocessing...
processing finished
start to summarize...
Generating intra-procedural summaries...
Processing callees...
Preprocessing...
processing finished
start to summarize...
Generating intra-procedural summaries...
Processing callees...
Preprocessing...
processing finished
start to summarize...
Generating intra-procedural summaries...
Processing callees...
Validating......
Applying path checker with solver...
Constructing solving program...
Solver-aided path checker succeeded...
Applying path checker with solver...
Constructing solving program...
Solver-aided path checker succeeded...
finish validate
Reporting......
Report generated!

finish report
===================================================
447  /  666 

CWE80_XSS__CWE182_Servlet_getParameter_Servlet_52 

{'input_token_cost': 12163, 'output_token_cost': 1447, 'analysis_result': {'TPs': 1, 'FPs': 0}, 'ground_truth': {'TPs': 1, 'FPs': 1}, 'single time cost': 18.75632882118225} 

===================================================


Start to analyze the case  448 out of  666
/scratch/local/w.nimit/1853/LLMDFA/benchmark/juliet-test-suite-XSS_simplified/CWE80_XSS/s01/CWE80_XSS__CWE182_Servlet_getParameter_Servlet_53.java
Analyzing......
Preprocessing...
processing finished
start to summarize...
Generating intra-procedural summaries...
Processing callees...
Preprocessing...
processing finished
start to summarize...
Generating intra-procedural summaries...
Processing callees...
Preprocessing...
processing finished
start to summarize...
Generating intra-procedural summaries...
Processing callees...
Preprocessing...
processing finished
start to summarize...
Generating intra-procedural summaries...
Processing callees...
Preprocessing...
processing finished
start to summarize...
Generating intra-procedural summaries...
Processing callees...
Preprocessing...
processing finished
start to summarize...
Generating intra-procedural summaries...
Processing callees...
Preprocessing...
processing finished
start to summarize...
Generating intra-procedural summaries...
Processing callees...
Preprocessing...
processing finished
start to summarize...
Generating intra-procedural summaries...
Processing callees...
Preprocessing...
processing finished
start to summarize...
Generating intra-procedural summaries...
Processing callees...
Validating......
Applying path checker with solver...
Constructing solving program...
Solver-aided path checker succeeded...
Applying path checker with solver...
Constructing solving program...
Solver-aided path checker succeeded...
finish validate
Reporting......
Report generated!

finish report
===================================================
448  /  666 

CWE80_XSS__CWE182_Servlet_getParameter_Servlet_53 

{'input_token_cost': 22210, 'output_token_cost': 2282, 'analysis_result': {'TPs': 1, 'FPs': 0}, 'ground_truth': {'TPs': 1, 'FPs': 1}, 'single time cost': 29.52935528755188} 

===================================================


Start to analyze the case  449 out of  666
/scratch/local/w.nimit/1853/LLMDFA/benchmark/juliet-test-suite-XSS_simplified/CWE80_XSS/s01/CWE80_XSS__CWE182_Servlet_getParameter_Servlet_54.java
Analyzing......
Preprocessing...
processing finished
start to summarize...
Generating intra-procedural summaries...
Processing callees...
Preprocessing...
processing finished
start to summarize...
Generating intra-procedural summaries...
Processing callees...
Preprocessing...
processing finished
start to summarize...
Generating intra-procedural summaries...
Processing callees...
Preprocessing...
processing finished
start to summarize...
Generating intra-procedural summaries...
Processing callees...
Preprocessing...
processing finished
start to summarize...
Generating intra-procedural summaries...
Processing callees...
Preprocessing...
processing finished
start to summarize...
Generating intra-procedural summaries...
Processing callees...
Preprocessing...
processing finished
start to summarize...
Generating intra-procedural summaries...
Processing callees...
Preprocessing...
processing finished
start to summarize...
Generating intra-procedural summaries...
Processing callees...
Preprocessing...
processing finished
start to summarize...
Generating intra-procedural summaries...
Processing callees...
Preprocessing...
processing finished
start to summarize...
Generating intra-procedural summaries...
Processing callees...
Preprocessing...
processing finished
start to summarize...
Generating intra-procedural summaries...
Processing callees...
Validating......
Applying path checker with solver...
Constructing solving program...
Solver-aided path checker succeeded...
finish validate
Reporting......
Report generated!

finish report
===================================================
449  /  666 

CWE80_XSS__CWE182_Servlet_getParameter_Servlet_54 

{'input_token_cost': 33678, 'output_token_cost': 3457, 'analysis_result': {'TPs': 1, 'FPs': 0}, 'ground_truth': {'TPs': 1, 'FPs': 1}, 'single time cost': 44.38960266113281} 

===================================================


Start to analyze the case  450 out of  666
/scratch/local/w.nimit/1853/LLMDFA/benchmark/juliet-test-suite-XSS_simplified/CWE80_XSS/s01/CWE80_XSS__CWE182_Servlet_getParameter_Servlet_61.java
Analyzing......
Preprocessing...
processing finished
start to summarize...
Generating intra-procedural summaries...
Processing callees...
Preprocessing...
processing finished
start to summarize...
Generating intra-procedural summaries...
Processing callees...
Preprocessing...
processing finished
start to summarize...
Generating intra-procedural summaries...
Processing callees...
Preprocessing...
processing finished
start to summarize...
Generating intra-procedural summaries...
Processing callees...
Preprocessing...
processing finished
start to summarize...
Generating intra-procedural summaries...
Processing callees...
Validating......
Applying path checker with solver...
Constructing solving program...
Solver-aided path checker succeeded...
Applying path checker with solver...
Constructing solving program...
Solver-aided path checker succeeded...
Applying path checker with solver...
Constructing solving program...
Solver-aided path checker succeeded...
finish validate
Reporting......
Report generated!

finish report
===================================================
450  /  666 

CWE80_XSS__CWE182_Servlet_getParameter_Servlet_61 

{'input_token_cost': 10750, 'output_token_cost': 1264, 'analysis_result': {'TPs': 2, 'FPs': 1}, 'ground_truth': {'TPs': 1, 'FPs': 1}, 'single time cost': 16.591649770736694} 

===================================================


Start to analyze the case  451 out of  666
/scratch/local/w.nimit/1853/LLMDFA/benchmark/juliet-test-suite-XSS_simplified/CWE80_XSS/s01/CWE80_XSS__CWE182_Servlet_getParameter_Servlet_66.java
Analyzing......
Preprocessing...
processing finished
start to summarize...
Generating intra-procedural summaries...
Processing callees...
Preprocessing...
processing finished
start to summarize...
Generating intra-procedural summaries...
Processing callees...
Preprocessing...
processing finished
start to summarize...
Generating intra-procedural summaries...
Processing callees...
Preprocessing...
processing finished
start to summarize...
Generating intra-procedural summaries...
Processing callees...
Preprocessing...
processing finished
start to summarize...
Generating intra-procedural summaries...
Processing callees...
Validating......
Applying path checker with solver...
Constructing solving program...
Solver-aided path checker succeeded...
Applying path checker with solver...
Constructing solving program...
Solver-aided path checker succeeded...
finish validate
Reporting......
Report generated!

finish report
===================================================
451  /  666 

CWE80_XSS__CWE182_Servlet_getParameter_Servlet_66 

{'input_token_cost': 6260, 'output_token_cost': 894, 'analysis_result': {'TPs': 1, 'FPs': 0}, 'ground_truth': {'TPs': 1, 'FPs': 1}, 'single time cost': 11.648680448532104} 

===================================================


Start to analyze the case  452 out of  666
/scratch/local/w.nimit/1853/LLMDFA/benchmark/juliet-test-suite-XSS_simplified/CWE80_XSS/s01/CWE80_XSS__CWE182_Servlet_getParameter_Servlet_67.java
Analyzing......
Preprocessing...
processing finished
start to summarize...
Generating intra-procedural summaries...
Processing callees...
Preprocessing...
processing finished
start to summarize...
Generating intra-procedural summaries...
Processing callees...
Preprocessing...
processing finished
start to summarize...
Generating intra-procedural summaries...
Processing callees...
Preprocessing...
processing finished
start to summarize...
Generating intra-procedural summaries...
Processing callees...
Preprocessing...
processing finished
start to summarize...
Generating intra-procedural summaries...
Processing callees...
Validating......
finish validate
Reporting......
Report generated!

finish report
===================================================
452  /  666 

CWE80_XSS__CWE182_Servlet_getParameter_Servlet_67 

{'input_token_cost': 3074, 'output_token_cost': 524, 'analysis_result': {'TPs': 0, 'FPs': 0}, 'ground_truth': {'TPs': 1, 'FPs': 1}, 'single time cost': 6.636439323425293} 

===================================================


Start to analyze the case  453 out of  666
/scratch/local/w.nimit/1853/LLMDFA/benchmark/juliet-test-suite-XSS_simplified/CWE80_XSS/s01/CWE80_XSS__CWE182_Servlet_getParameter_Servlet_68.java
Analyzing......
Preprocessing...
processing finished
start to summarize...
Generating intra-procedural summaries...
Processing callees...
Preprocessing...
processing finished
start to summarize...
Generating intra-procedural summaries...
Processing callees...
Preprocessing...
processing finished
start to summarize...
Generating intra-procedural summaries...
Processing callees...
Preprocessing...
processing finished
start to summarize...
Generating intra-procedural summaries...
Processing callees...
Preprocessing...
processing finished
start to summarize...
Generating intra-procedural summaries...
Processing callees...
Validating......
Applying path checker with solver...
Constructing solving program...
Solver-aided path checker succeeded...
Applying path checker with solver...
Constructing solving program...
Solver-aided path checker succeeded...
Applying path checker with solver...
Constructing solving program...
Solver-aided path checker succeeded...
Applying path checker with solver...
Constructing solving program...
Solver-aided path checker succeeded...
finish validate
Reporting......
Report generated!

finish report
===================================================
453  /  666 

CWE80_XSS__CWE182_Servlet_getParameter_Servlet_68 

{'input_token_cost': 11990, 'output_token_cost': 1630, 'analysis_result': {'TPs': 2, 'FPs': 1}, 'ground_truth': {'TPs': 1, 'FPs': 1}, 'single time cost': 21.29880452156067} 

===================================================


Start to analyze the case  454 out of  666
/scratch/local/w.nimit/1853/LLMDFA/benchmark/juliet-test-suite-XSS_simplified/CWE80_XSS/s01/CWE80_XSS__CWE182_Servlet_getParameter_Servlet_71.java
Analyzing......
Preprocessing...
processing finished
start to summarize...
Generating intra-procedural summaries...
Processing callees...
Preprocessing...
processing finished
start to summarize...
Generating intra-procedural summaries...
Processing callees...
Preprocessing...
processing finished
start to summarize...
Generating intra-procedural summaries...
Processing callees...
Preprocessing...
processing finished
start to summarize...
Generating intra-procedural summaries...
Processing callees...
Preprocessing...
processing finished
start to summarize...
Generating intra-procedural summaries...
Processing callees...
Validating......
Applying path checker with solver...
Constructing solving program...
Solver-aided path checker succeeded...
finish validate
Reporting......
Report generated!

finish report
===================================================
454  /  666 

CWE80_XSS__CWE182_Servlet_getParameter_Servlet_71 

{'input_token_cost': 3596, 'output_token_cost': 495, 'analysis_result': {'TPs': 1, 'FPs': 0}, 'ground_truth': {'TPs': 1, 'FPs': 1}, 'single time cost': 6.465451002120972} 

===================================================


Start to analyze the case  455 out of  666
/scratch/local/w.nimit/1853/LLMDFA/benchmark/juliet-test-suite-XSS_simplified/CWE80_XSS/s01/CWE80_XSS__CWE182_Servlet_getParameter_Servlet_72.java
Analyzing......
Preprocessing...
processing finished
start to summarize...
Generating intra-procedural summaries...
Processing callees...
Preprocessing...
processing finished
start to summarize...
Generating intra-procedural summaries...
Processing callees...
Preprocessing...
processing finished
start to summarize...
Generating intra-procedural summaries...
Processing callees...
Preprocessing...
processing finished
start to summarize...
Generating intra-procedural summaries...
Processing callees...
Preprocessing...
processing finished
start to summarize...
Generating intra-procedural summaries...
Processing callees...
Validating......
Applying path checker with solver...
Constructing solving program...
Solver-aided path checker succeeded...
finish validate
Reporting......
Report generated!

finish report
===================================================
455  /  666 

CWE80_XSS__CWE182_Servlet_getParameter_Servlet_72 

{'input_token_cost': 5820, 'output_token_cost': 781, 'analysis_result': {'TPs': 1, 'FPs': 0}, 'ground_truth': {'TPs': 1, 'FPs': 1}, 'single time cost': 10.133591890335083} 

===================================================


Start to analyze the case  456 out of  666
/scratch/local/w.nimit/1853/LLMDFA/benchmark/juliet-test-suite-XSS_simplified/CWE80_XSS/s01/CWE80_XSS__CWE182_Servlet_getParameter_Servlet_73.java
Analyzing......
Preprocessing...
processing finished
start to summarize...
Generating intra-procedural summaries...
Processing callees...
Preprocessing...
processing finished
start to summarize...
Generating intra-procedural summaries...
Processing callees...
Preprocessing...
processing finished
start to summarize...
Generating intra-procedural summaries...
Processing callees...
Preprocessing...
processing finished
start to summarize...
Generating intra-procedural summaries...
Processing callees...
Preprocessing...
processing finished
start to summarize...
Generating intra-procedural summaries...
Processing callees...
Validating......
Applying path checker with solver...
Constructing solving program...
Solver-aided path checker succeeded...
finish validate
Reporting......
Report generated!

finish report
===================================================
456  /  666 

CWE80_XSS__CWE182_Servlet_getParameter_Servlet_73 

{'input_token_cost': 5816, 'output_token_cost': 749, 'analysis_result': {'TPs': 1, 'FPs': 0}, 'ground_truth': {'TPs': 1, 'FPs': 1}, 'single time cost': 9.790987014770508} 

===================================================


Start to analyze the case  457 out of  666
/scratch/local/w.nimit/1853/LLMDFA/benchmark/juliet-test-suite-XSS_simplified/CWE80_XSS/s01/CWE80_XSS__CWE182_Servlet_getParameter_Servlet_74.java
Analyzing......
Preprocessing...
processing finished
start to summarize...
Generating intra-procedural summaries...
Processing callees...
Preprocessing...
processing finished
start to summarize...
Generating intra-procedural summaries...
Processing callees...
Preprocessing...
processing finished
start to summarize...
Generating intra-procedural summaries...
Processing callees...
Preprocessing...
processing finished
start to summarize...
Generating intra-procedural summaries...
Processing callees...
Preprocessing...
processing finished
start to summarize...
Generating intra-procedural summaries...
Processing callees...
Validating......
Applying path checker with solver...
Constructing solving program...
Solver-aided path checker succeeded...
finish validate
Reporting......
Report generated!

finish report
===================================================
457  /  666 

CWE80_XSS__CWE182_Servlet_getParameter_Servlet_74 

{'input_token_cost': 5824, 'output_token_cost': 750, 'analysis_result': {'TPs': 1, 'FPs': 0}, 'ground_truth': {'TPs': 1, 'FPs': 1}, 'single time cost': 9.806316137313843} 

===================================================


Start to analyze the case  458 out of  666
/scratch/local/w.nimit/1853/LLMDFA/benchmark/juliet-test-suite-XSS_simplified/CWE80_XSS/s01/CWE80_XSS__CWE182_Servlet_getParameter_Servlet_75.java
Analyzing......
Preprocessing...
processing finished
start to summarize...
Generating intra-procedural summaries...
Processing callees...
Preprocessing...
processing finished
start to summarize...
Generating intra-procedural summaries...
Processing callees...
Preprocessing...
processing finished
start to summarize...
Generating intra-procedural summaries...
Processing callees...
Preprocessing...
processing finished
start to summarize...
Generating intra-procedural summaries...
Processing callees...
Preprocessing...
processing finished
start to summarize...
Generating intra-procedural summaries...
Processing callees...
Validating......
Applying path checker with solver...
Constructing solving program...
Solver-aided path checker succeeded...
finish validate
Reporting......
Report generated!

finish report
===================================================
458  /  666 

CWE80_XSS__CWE182_Servlet_getParameter_Servlet_75 

{'input_token_cost': 7333, 'output_token_cost': 659, 'analysis_result': {'TPs': 1, 'FPs': 0}, 'ground_truth': {'TPs': 1, 'FPs': 1}, 'single time cost': 8.665623188018799} 

===================================================


Start to analyze the case  459 out of  666
/scratch/local/w.nimit/1853/LLMDFA/benchmark/juliet-test-suite-XSS_simplified/CWE80_XSS/s01/CWE80_XSS__CWE182_Servlet_getParameter_Servlet_81.java
Analyzing......
Preprocessing...
processing finished
start to summarize...
Generating intra-procedural summaries...
Processing callees...
Preprocessing...
processing finished
start to summarize...
Generating intra-procedural summaries...
Processing callees...
Preprocessing...
processing finished
start to summarize...
Generating intra-procedural summaries...
Processing callees...
Preprocessing...
processing finished
start to summarize...
Generating intra-procedural summaries...
Processing callees...
Preprocessing...
processing finished
start to summarize...
Generating intra-procedural summaries...
Processing callees...
Validating......
Applying path checker with solver...
Constructing solving program...
Solver-aided path checker succeeded...
finish validate
Reporting......
Report generated!

finish report
===================================================
459  /  666 

CWE80_XSS__CWE182_Servlet_getParameter_Servlet_81 

{'input_token_cost': 4571, 'output_token_cost': 605, 'analysis_result': {'TPs': 1, 'FPs': 0}, 'ground_truth': {'TPs': 1, 'FPs': 1}, 'single time cost': 7.87880277633667} 

===================================================


Start to analyze the case  460 out of  666
/scratch/local/w.nimit/1853/LLMDFA/benchmark/juliet-test-suite-XSS_simplified/CWE80_XSS/s01/CWE80_XSS__CWE182_Servlet_getQueryString_Servlet_22.java
Analyzing......
Preprocessing...
processing finished
start to summarize...
Generating intra-procedural summaries...
Processing callees...
Preprocessing...
processing finished
start to summarize...
Generating intra-procedural summaries...
Processing callees...
Preprocessing...
processing finished
start to summarize...
Generating intra-procedural summaries...
Processing callees...
Preprocessing...
processing finished
start to summarize...
Generating intra-procedural summaries...
Processing callees...
Preprocessing...
processing finished
start to summarize...
Generating intra-procedural summaries...
Processing callees...
Preprocessing...
processing finished
start to summarize...
Generating intra-procedural summaries...
Processing callees...
Preprocessing...
processing finished
start to summarize...
Generating intra-procedural summaries...
Processing callees...
Validating......
Applying path checker with solver...
Constructing solving program...
Constructing solving program...
Solver-aided path checker succeeded...
finish validate
Reporting......
Report generated!

finish report
===================================================
460  /  666 

CWE80_XSS__CWE182_Servlet_getQueryString_Servlet_22 

{'input_token_cost': 15446, 'output_token_cost': 1711, 'analysis_result': {'TPs': 0, 'FPs': 0}, 'ground_truth': {'TPs': 1, 'FPs': 2}, 'single time cost': 22.24649715423584} 

===================================================


Start to analyze the case  461 out of  666
/scratch/local/w.nimit/1853/LLMDFA/benchmark/juliet-test-suite-XSS_simplified/CWE80_XSS/s01/CWE80_XSS__CWE182_Servlet_getQueryString_Servlet_51.java
Analyzing......
Preprocessing...
processing finished
start to summarize...
Generating intra-procedural summaries...
Processing callees...
Preprocessing...
processing finished
start to summarize...
Generating intra-procedural summaries...
Processing callees...
Preprocessing...
processing finished
start to summarize...
Generating intra-procedural summaries...
Processing callees...
Preprocessing...
processing finished
start to summarize...
Generating intra-procedural summaries...
Processing callees...
Preprocessing...
processing finished
start to summarize...
Generating intra-procedural summaries...
Processing callees...
Validating......
Applying path checker with solver...
Constructing solving program...
Solver-aided path checker succeeded...
Applying path checker with solver...
Constructing solving program...
Solver-aided path checker succeeded...
finish validate
Reporting......
Report generated!

finish report
===================================================
461  /  666 

CWE80_XSS__CWE182_Servlet_getQueryString_Servlet_51 

{'input_token_cost': 6460, 'output_token_cost': 858, 'analysis_result': {'TPs': 1, 'FPs': 0}, 'ground_truth': {'TPs': 1, 'FPs': 1}, 'single time cost': 11.312008142471313} 

===================================================


Start to analyze the case  462 out of  666
/scratch/local/w.nimit/1853/LLMDFA/benchmark/juliet-test-suite-XSS_simplified/CWE80_XSS/s01/CWE80_XSS__CWE182_Servlet_getQueryString_Servlet_52.java
Analyzing......
Preprocessing...
processing finished
start to summarize...
Generating intra-procedural summaries...
Processing callees...
Preprocessing...
processing finished
start to summarize...
Generating intra-procedural summaries...
Processing callees...
Preprocessing...
processing finished
start to summarize...
Generating intra-procedural summaries...
Processing callees...
Preprocessing...
processing finished
start to summarize...
Generating intra-procedural summaries...
Processing callees...
Preprocessing...
processing finished
start to summarize...
Generating intra-procedural summaries...
Processing callees...
Preprocessing...
processing finished
start to summarize...
Generating intra-procedural summaries...
Processing callees...
Preprocessing...
processing finished
start to summarize...
Generating intra-procedural summaries...
Processing callees...
Validating......
Applying path checker with solver...
Constructing solving program...
Solver-aided path checker succeeded...
finish validate
Reporting......
Report generated!

finish report
===================================================
462  /  666 

CWE80_XSS__CWE182_Servlet_getQueryString_Servlet_52 

{'input_token_cost': 12970, 'output_token_cost': 1329, 'analysis_result': {'TPs': 1, 'FPs': 0}, 'ground_truth': {'TPs': 1, 'FPs': 1}, 'single time cost': 17.23366379737854} 

===================================================


Start to analyze the case  463 out of  666
/scratch/local/w.nimit/1853/LLMDFA/benchmark/juliet-test-suite-XSS_simplified/CWE80_XSS/s01/CWE80_XSS__CWE182_Servlet_getQueryString_Servlet_53.java
Analyzing......
Preprocessing...
processing finished
start to summarize...
Generating intra-procedural summaries...
Processing callees...
Preprocessing...
processing finished
start to summarize...
Generating intra-procedural summaries...
Processing callees...
Preprocessing...
processing finished
start to summarize...
Generating intra-procedural summaries...
Processing callees...
Preprocessing...
processing finished
start to summarize...
Generating intra-procedural summaries...
Processing callees...
Preprocessing...
processing finished
start to summarize...
Generating intra-procedural summaries...
Processing callees...
Preprocessing...
processing finished
start to summarize...
Generating intra-procedural summaries...
Processing callees...
Preprocessing...
processing finished
start to summarize...
Generating intra-procedural summaries...
Processing callees...
Preprocessing...
processing finished
start to summarize...
Generating intra-procedural summaries...
Processing callees...
Preprocessing...
processing finished
start to summarize...
Generating intra-procedural summaries...
Processing callees...
Validating......
Applying path checker with solver...
Constructing solving program...
Solver-aided path checker succeeded...
finish validate
Reporting......
Report generated!

finish report
===================================================
463  /  666 

CWE80_XSS__CWE182_Servlet_getQueryString_Servlet_53 

{'input_token_cost': 17928, 'output_token_cost': 1908, 'analysis_result': {'TPs': 1, 'FPs': 0}, 'ground_truth': {'TPs': 1, 'FPs': 1}, 'single time cost': 24.50229239463806} 

===================================================


Start to analyze the case  464 out of  666
/scratch/local/w.nimit/1853/LLMDFA/benchmark/juliet-test-suite-XSS_simplified/CWE80_XSS/s01/CWE80_XSS__CWE182_Servlet_getQueryString_Servlet_54.java
Analyzing......
Preprocessing...
processing finished
start to summarize...
Generating intra-procedural summaries...
Processing callees...
Preprocessing...
processing finished
start to summarize...
Generating intra-procedural summaries...
Processing callees...
Preprocessing...
processing finished
start to summarize...
Generating intra-procedural summaries...
Processing callees...
Preprocessing...
processing finished
start to summarize...
Generating intra-procedural summaries...
Processing callees...
Preprocessing...
processing finished
start to summarize...
Generating intra-procedural summaries...
Processing callees...
Preprocessing...
processing finished
start to summarize...
Generating intra-procedural summaries...
Processing callees...
Preprocessing...
processing finished
start to summarize...
Generating intra-procedural summaries...
Processing callees...
Preprocessing...
processing finished
start to summarize...
Generating intra-procedural summaries...
Processing callees...
Preprocessing...
processing finished
start to summarize...
Generating intra-procedural summaries...
Processing callees...
Preprocessing...
processing finished
start to summarize...
Generating intra-procedural summaries...
Processing callees...
Preprocessing...
processing finished
start to summarize...
Generating intra-procedural summaries...
Processing callees...
Validating......
Applying path checker with solver...
Constructing solving program...
Solver-aided path checker succeeded...
finish validate
Reporting......
Report generated!

finish report
===================================================
464  /  666 

CWE80_XSS__CWE182_Servlet_getQueryString_Servlet_54 

{'input_token_cost': 23930, 'output_token_cost': 2599, 'analysis_result': {'TPs': 1, 'FPs': 0}, 'ground_truth': {'TPs': 1, 'FPs': 1}, 'single time cost': 33.41643190383911} 

===================================================


Start to analyze the case  465 out of  666
/scratch/local/w.nimit/1853/LLMDFA/benchmark/juliet-test-suite-XSS_simplified/CWE80_XSS/s01/CWE80_XSS__CWE182_Servlet_getQueryString_Servlet_61.java
Analyzing......
Preprocessing...
processing finished
start to summarize...
Generating intra-procedural summaries...
Processing callees...
Preprocessing...
processing finished
start to summarize...
Generating intra-procedural summaries...
Processing callees...
Preprocessing...
processing finished
start to summarize...
Generating intra-procedural summaries...
Processing callees...
Preprocessing...
processing finished
start to summarize...
Generating intra-procedural summaries...
Processing callees...
Preprocessing...
processing finished
start to summarize...
Generating intra-procedural summaries...
Processing callees...
Validating......
Applying path checker with solver...
Constructing solving program...
Solver-aided path checker succeeded...
finish validate
Reporting......
Report generated!

finish report
===================================================
465  /  666 

CWE80_XSS__CWE182_Servlet_getQueryString_Servlet_61 

{'input_token_cost': 7872, 'output_token_cost': 836, 'analysis_result': {'TPs': 1, 'FPs': 0}, 'ground_truth': {'TPs': 1, 'FPs': 1}, 'single time cost': 10.85591197013855} 

===================================================


Start to analyze the case  466 out of  666
/scratch/local/w.nimit/1853/LLMDFA/benchmark/juliet-test-suite-XSS_simplified/CWE80_XSS/s01/CWE80_XSS__CWE182_Servlet_getQueryString_Servlet_66.java
Analyzing......
Preprocessing...
processing finished
start to summarize...
Generating intra-procedural summaries...
Processing callees...
Preprocessing...
processing finished
start to summarize...
Generating intra-procedural summaries...
Processing callees...
Preprocessing...
processing finished
start to summarize...
Generating intra-procedural summaries...
Processing callees...
Preprocessing...
processing finished
start to summarize...
Generating intra-procedural summaries...
Processing callees...
Preprocessing...
processing finished
start to summarize...
Generating intra-procedural summaries...
Processing callees...
Validating......
Applying path checker with solver...
Constructing solving program...
Solver-aided path checker succeeded...
Applying path checker with solver...
Constructing solving program...
Solver-aided path checker succeeded...
finish validate
Reporting......
Report generated!

finish report
===================================================
466  /  666 

CWE80_XSS__CWE182_Servlet_getQueryString_Servlet_66 

{'input_token_cost': 6557, 'output_token_cost': 714, 'analysis_result': {'TPs': 1, 'FPs': 0}, 'ground_truth': {'TPs': 1, 'FPs': 1}, 'single time cost': 9.395735025405884} 

===================================================


Start to analyze the case  467 out of  666
/scratch/local/w.nimit/1853/LLMDFA/benchmark/juliet-test-suite-XSS_simplified/CWE80_XSS/s01/CWE80_XSS__CWE182_Servlet_getQueryString_Servlet_67.java
Analyzing......
Preprocessing...
processing finished
start to summarize...
Generating intra-procedural summaries...
Processing callees...
Preprocessing...
processing finished
start to summarize...
Generating intra-procedural summaries...
Processing callees...
Preprocessing...
processing finished
start to summarize...
Generating intra-procedural summaries...
Processing callees...
Preprocessing...
processing finished
start to summarize...
Generating intra-procedural summaries...
Processing callees...
Preprocessing...
processing finished
start to summarize...
Generating intra-procedural summaries...
Processing callees...
Validating......
Applying path checker with solver...
Constructing solving program...
Solver-aided path checker succeeded...
Applying path checker with solver...
Constructing solving program...
Solver-aided path checker succeeded...
finish validate
Reporting......
Report generated!

finish report
===================================================
467  /  666 

CWE80_XSS__CWE182_Servlet_getQueryString_Servlet_67 

{'input_token_cost': 7679, 'output_token_cost': 947, 'analysis_result': {'TPs': 1, 'FPs': 0}, 'ground_truth': {'TPs': 1, 'FPs': 1}, 'single time cost': 12.351254940032959} 

===================================================


Start to analyze the case  468 out of  666
/scratch/local/w.nimit/1853/LLMDFA/benchmark/juliet-test-suite-XSS_simplified/CWE80_XSS/s01/CWE80_XSS__CWE182_Servlet_getQueryString_Servlet_68.java
Analyzing......
Preprocessing...
processing finished
start to summarize...
Generating intra-procedural summaries...
Processing callees...
Preprocessing...
processing finished
start to summarize...
Generating intra-procedural summaries...
Processing callees...
Preprocessing...
processing finished
start to summarize...
Generating intra-procedural summaries...
Processing callees...
Preprocessing...
processing finished
start to summarize...
Generating intra-procedural summaries...
Processing callees...
Preprocessing...
processing finished
start to summarize...
Generating intra-procedural summaries...
Processing callees...
Validating......
Applying path checker with solver...
Constructing solving program...
Solver-aided path checker succeeded...
Applying path checker with solver...
Constructing solving program...
Solver-aided path checker succeeded...
Applying path checker with solver...
Constructing solving program...
Solver-aided path checker succeeded...
finish validate
Reporting......
Report generated!

finish report
===================================================
468  /  666 

CWE80_XSS__CWE182_Servlet_getQueryString_Servlet_68 

{'input_token_cost': 9514, 'output_token_cost': 1063, 'analysis_result': {'TPs': 1, 'FPs': 0}, 'ground_truth': {'TPs': 1, 'FPs': 1}, 'single time cost': 14.052074193954468} 

===================================================


Start to analyze the case  469 out of  666
/scratch/local/w.nimit/1853/LLMDFA/benchmark/juliet-test-suite-XSS_simplified/CWE80_XSS/s01/CWE80_XSS__CWE182_Servlet_getQueryString_Servlet_71.java
Analyzing......
Preprocessing...
processing finished
start to summarize...
Generating intra-procedural summaries...
Processing callees...
Preprocessing...
processing finished
start to summarize...
Generating intra-procedural summaries...
Processing callees...
Preprocessing...
processing finished
start to summarize...
Generating intra-procedural summaries...
Processing callees...
Preprocessing...
processing finished
start to summarize...
Generating intra-procedural summaries...
Processing callees...
Preprocessing...
processing finished
start to summarize...
Generating intra-procedural summaries...
Processing callees...
Validating......
Applying path checker with solver...
Constructing solving program...
Solver-aided path checker succeeded...
finish validate
Reporting......
Report generated!

finish report
===================================================
469  /  666 

CWE80_XSS__CWE182_Servlet_getQueryString_Servlet_71 

{'input_token_cost': 3798, 'output_token_cost': 391, 'analysis_result': {'TPs': 1, 'FPs': 0}, 'ground_truth': {'TPs': 1, 'FPs': 1}, 'single time cost': 5.170112133026123} 

===================================================


Start to analyze the case  470 out of  666
/scratch/local/w.nimit/1853/LLMDFA/benchmark/juliet-test-suite-XSS_simplified/CWE80_XSS/s01/CWE80_XSS__CWE182_Servlet_getQueryString_Servlet_72.java
Analyzing......
Preprocessing...
processing finished
start to summarize...
Generating intra-procedural summaries...
Processing callees...
Preprocessing...
processing finished
start to summarize...
Generating intra-procedural summaries...
Processing callees...
Preprocessing...
processing finished
start to summarize...
Generating intra-procedural summaries...
Processing callees...
Preprocessing...
processing finished
start to summarize...
Generating intra-procedural summaries...
Processing callees...
Preprocessing...
processing finished
start to summarize...
Generating intra-procedural summaries...
Processing callees...
Validating......
Applying path checker with solver...
Constructing solving program...
Solver-aided path checker succeeded...
Applying path checker with solver...
Constructing solving program...
Solver-aided path checker succeeded...
finish validate
Reporting......
Report generated!

finish report
===================================================
470  /  666 

CWE80_XSS__CWE182_Servlet_getQueryString_Servlet_72 

{'input_token_cost': 7712, 'output_token_cost': 1078, 'analysis_result': {'TPs': 1, 'FPs': 0}, 'ground_truth': {'TPs': 1, 'FPs': 1}, 'single time cost': 14.121469974517822} 

===================================================


Start to analyze the case  471 out of  666
/scratch/local/w.nimit/1853/LLMDFA/benchmark/juliet-test-suite-XSS_simplified/CWE80_XSS/s01/CWE80_XSS__CWE182_Servlet_getQueryString_Servlet_73.java
Analyzing......
Preprocessing...
processing finished
start to summarize...
Generating intra-procedural summaries...
Processing callees...
Preprocessing...
processing finished
start to summarize...
Generating intra-procedural summaries...
Processing callees...
Preprocessing...
processing finished
start to summarize...
Generating intra-procedural summaries...
Processing callees...
Preprocessing...
processing finished
start to summarize...
Generating intra-procedural summaries...
Processing callees...
Preprocessing...
processing finished
start to summarize...
Generating intra-procedural summaries...
Processing callees...
Validating......
Applying path checker with solver...
Constructing solving program...
Solver-aided path checker succeeded...
finish validate
Reporting......
Report generated!

finish report
===================================================
471  /  666 

CWE80_XSS__CWE182_Servlet_getQueryString_Servlet_73 

{'input_token_cost': 7173, 'output_token_cost': 719, 'analysis_result': {'TPs': 1, 'FPs': 0}, 'ground_truth': {'TPs': 1, 'FPs': 1}, 'single time cost': 9.383748292922974} 

===================================================


Start to analyze the case  472 out of  666
/scratch/local/w.nimit/1853/LLMDFA/benchmark/juliet-test-suite-XSS_simplified/CWE80_XSS/s01/CWE80_XSS__CWE182_Servlet_getQueryString_Servlet_74.java
Analyzing......
Preprocessing...
processing finished
start to summarize...
Generating intra-procedural summaries...
Processing callees...
Preprocessing...
processing finished
start to summarize...
Generating intra-procedural summaries...
Processing callees...
Preprocessing...
processing finished
start to summarize...
Generating intra-procedural summaries...
Processing callees...
Preprocessing...
processing finished
start to summarize...
Generating intra-procedural summaries...
Processing callees...
Preprocessing...
processing finished
start to summarize...
Generating intra-procedural summaries...
Processing callees...
Validating......
Applying path checker with solver...
Constructing solving program...
Solver-aided path checker succeeded...
Applying path checker with solver...
Constructing solving program...
Solver-aided path checker succeeded...
finish validate
Reporting......
Report generated!

finish report
===================================================
472  /  666 

CWE80_XSS__CWE182_Servlet_getQueryString_Servlet_74 

{'input_token_cost': 7718, 'output_token_cost': 821, 'analysis_result': {'TPs': 1, 'FPs': 0}, 'ground_truth': {'TPs': 1, 'FPs': 1}, 'single time cost': 10.829278707504272} 

===================================================


Start to analyze the case  473 out of  666
/scratch/local/w.nimit/1853/LLMDFA/benchmark/juliet-test-suite-XSS_simplified/CWE80_XSS/s01/CWE80_XSS__CWE182_Servlet_getQueryString_Servlet_75.java
Analyzing......
Preprocessing...
processing finished
start to summarize...
Generating intra-procedural summaries...
Processing callees...
Preprocessing...
processing finished
start to summarize...
Generating intra-procedural summaries...
Processing callees...
Preprocessing...
processing finished
start to summarize...
Generating intra-procedural summaries...
Processing callees...
Preprocessing...
processing finished
start to summarize...
Generating intra-procedural summaries...
Processing callees...
Preprocessing...
processing finished
start to summarize...
Generating intra-procedural summaries...
Processing callees...
Validating......
Applying path checker with solver...
Constructing solving program...
Solver-aided path checker succeeded...
Applying path checker with solver...
Constructing solving program...
Solver-aided path checker succeeded...
Applying path checker with solver...
Constructing solving program...
Solver-aided path checker succeeded...
finish validate
Reporting......
Report generated!

finish report
===================================================
473  /  666 

CWE80_XSS__CWE182_Servlet_getQueryString_Servlet_75 

{'input_token_cost': 10114, 'output_token_cost': 966, 'analysis_result': {'TPs': 1, 'FPs': 0}, 'ground_truth': {'TPs': 1, 'FPs': 1}, 'single time cost': 12.827159404754639} 

===================================================


Start to analyze the case  474 out of  666
/scratch/local/w.nimit/1853/LLMDFA/benchmark/juliet-test-suite-XSS_simplified/CWE80_XSS/s01/CWE80_XSS__CWE182_Servlet_getQueryString_Servlet_81.java
Analyzing......
Preprocessing...
processing finished
start to summarize...
Generating intra-procedural summaries...
Processing callees...
Preprocessing...
processing finished
start to summarize...
Generating intra-procedural summaries...
Processing callees...
Preprocessing...
processing finished
start to summarize...
Generating intra-procedural summaries...
Processing callees...
Preprocessing...
processing finished
start to summarize...
Generating intra-procedural summaries...
Processing callees...
Preprocessing...
processing finished
start to summarize...
Generating intra-procedural summaries...
Processing callees...
Validating......
Applying path checker with solver...
Constructing solving program...
Solver-aided path checker succeeded...
finish validate
Reporting......
Report generated!

finish report
===================================================
474  /  666 

CWE80_XSS__CWE182_Servlet_getQueryString_Servlet_81 

{'input_token_cost': 4870, 'output_token_cost': 501, 'analysis_result': {'TPs': 1, 'FPs': 0}, 'ground_truth': {'TPs': 1, 'FPs': 1}, 'single time cost': 6.623369455337524} 

===================================================


Start to analyze the case  475 out of  666
/scratch/local/w.nimit/1853/LLMDFA/benchmark/juliet-test-suite-XSS_simplified/CWE80_XSS/s01/CWE80_XSS__CWE182_Servlet_listen_tcp_22.java
Analyzing......
Preprocessing...
processing finished
start to summarize...
Generating intra-procedural summaries...
Processing callees...
Preprocessing...
processing finished
start to summarize...
Generating intra-procedural summaries...
Processing callees...
Preprocessing...
processing finished
start to summarize...
Generating intra-procedural summaries...
Processing callees...
Preprocessing...
processing finished
start to summarize...
Generating intra-procedural summaries...
Processing callees...
Preprocessing...
processing finished
start to summarize...
Generating intra-procedural summaries...
Processing callees...
Preprocessing...
processing finished
start to summarize...
Generating intra-procedural summaries...
Processing callees...
Preprocessing...
processing finished
start to summarize...
Generating intra-procedural summaries...
Processing callees...
Validating......
finish validate
Reporting......
Report generated!

finish report
===================================================
475  /  666 

CWE80_XSS__CWE182_Servlet_listen_tcp_22 

{'input_token_cost': 15495, 'output_token_cost': 1769, 'analysis_result': {'TPs': 0, 'FPs': 0}, 'ground_truth': {'TPs': 1, 'FPs': 2}, 'single time cost': 22.64173197746277} 

===================================================


Start to analyze the case  476 out of  666
/scratch/local/w.nimit/1853/LLMDFA/benchmark/juliet-test-suite-XSS_simplified/CWE80_XSS/s01/CWE80_XSS__CWE182_Servlet_listen_tcp_51.java
Analyzing......
Preprocessing...
processing finished
start to summarize...
Generating intra-procedural summaries...
Processing callees...
Preprocessing...
processing finished
start to summarize...
Generating intra-procedural summaries...
Processing callees...
Preprocessing...
processing finished
start to summarize...
Generating intra-procedural summaries...
Processing callees...
Preprocessing...
processing finished
start to summarize...
Generating intra-procedural summaries...
Processing callees...
Preprocessing...
processing finished
start to summarize...
Generating intra-procedural summaries...
Processing callees...
Validating......
Applying path checker with solver...
Constructing solving program...
Solver-aided path checker succeeded...
finish validate
Reporting......
Report generated!

finish report
===================================================
476  /  666 

CWE80_XSS__CWE182_Servlet_listen_tcp_51 

{'input_token_cost': 7320, 'output_token_cost': 645, 'analysis_result': {'TPs': 1, 'FPs': 0}, 'ground_truth': {'TPs': 1, 'FPs': 1}, 'single time cost': 8.479138851165771} 

===================================================


Start to analyze the case  477 out of  666
/scratch/local/w.nimit/1853/LLMDFA/benchmark/juliet-test-suite-XSS_simplified/CWE80_XSS/s01/CWE80_XSS__CWE182_Servlet_listen_tcp_52.java
Analyzing......
Preprocessing...
processing finished
start to summarize...
Generating intra-procedural summaries...
Processing callees...
Preprocessing...
processing finished
start to summarize...
Generating intra-procedural summaries...
Processing callees...
Preprocessing...
processing finished
start to summarize...
Generating intra-procedural summaries...
Processing callees...
Preprocessing...
processing finished
start to summarize...
Generating intra-procedural summaries...
Processing callees...
Preprocessing...
processing finished
start to summarize...
Generating intra-procedural summaries...
Processing callees...
Preprocessing...
processing finished
start to summarize...
Generating intra-procedural summaries...
Processing callees...
Preprocessing...
processing finished
start to summarize...
Generating intra-procedural summaries...
Processing callees...
Validating......
Applying path checker with solver...
Constructing solving program...
Solver-aided path checker succeeded...
finish validate
Reporting......
Report generated!

finish report
===================================================
477  /  666 

CWE80_XSS__CWE182_Servlet_listen_tcp_52 

{'input_token_cost': 13298, 'output_token_cost': 1216, 'analysis_result': {'TPs': 1, 'FPs': 0}, 'ground_truth': {'TPs': 1, 'FPs': 1}, 'single time cost': 15.761462211608887} 

===================================================


Start to analyze the case  478 out of  666
/scratch/local/w.nimit/1853/LLMDFA/benchmark/juliet-test-suite-XSS_simplified/CWE80_XSS/s01/CWE80_XSS__CWE182_Servlet_listen_tcp_53.java
Analyzing......
Preprocessing...
processing finished
start to summarize...
Generating intra-procedural summaries...
Processing callees...
Preprocessing...
processing finished
start to summarize...
Generating intra-procedural summaries...
Processing callees...
Preprocessing...
processing finished
start to summarize...
Generating intra-procedural summaries...
Processing callees...
Preprocessing...
processing finished
start to summarize...
Generating intra-procedural summaries...
Processing callees...
Preprocessing...
processing finished
start to summarize...
Generating intra-procedural summaries...
Processing callees...
Preprocessing...
processing finished
start to summarize...
Generating intra-procedural summaries...
Processing callees...
Preprocessing...
processing finished
start to summarize...
Generating intra-procedural summaries...
Processing callees...
Preprocessing...
processing finished
start to summarize...
Generating intra-procedural summaries...
Processing callees...
Preprocessing...
processing finished
start to summarize...
Generating intra-procedural summaries...
Processing callees...
Validating......
Applying path checker with solver...
Constructing solving program...
Solver-aided path checker succeeded...
finish validate
Reporting......
Report generated!

finish report
===================================================
478  /  666 

CWE80_XSS__CWE182_Servlet_listen_tcp_53 

{'input_token_cost': 12256, 'output_token_cost': 1160, 'analysis_result': {'TPs': 1, 'FPs': 0}, 'ground_truth': {'TPs': 1, 'FPs': 1}, 'single time cost': 15.018113613128662} 

===================================================


Start to analyze the case  479 out of  666
/scratch/local/w.nimit/1853/LLMDFA/benchmark/juliet-test-suite-XSS_simplified/CWE80_XSS/s01/CWE80_XSS__CWE182_Servlet_listen_tcp_54.java
Analyzing......
Preprocessing...
processing finished
start to summarize...
Generating intra-procedural summaries...
Processing callees...
Preprocessing...
processing finished
start to summarize...
Generating intra-procedural summaries...
Processing callees...
Preprocessing...
processing finished
start to summarize...
Generating intra-procedural summaries...
Processing callees...
Preprocessing...
processing finished
start to summarize...
Generating intra-procedural summaries...
Processing callees...
Preprocessing...
processing finished
start to summarize...
Generating intra-procedural summaries...
Processing callees...
Preprocessing...
processing finished
start to summarize...
Generating intra-procedural summaries...
Processing callees...
Preprocessing...
processing finished
start to summarize...
Generating intra-procedural summaries...
Processing callees...
Preprocessing...
processing finished
start to summarize...
Generating intra-procedural summaries...
Processing callees...
Preprocessing...
processing finished
start to summarize...
Generating intra-procedural summaries...
Processing callees...
Preprocessing...
processing finished
start to summarize...
Generating intra-procedural summaries...
Processing callees...
Preprocessing...
processing finished
start to summarize...
Generating intra-procedural summaries...
Processing callees...
Validating......
Applying path checker with solver...
Constructing solving program...
Solver-aided path checker succeeded...
finish validate
Reporting......
Report generated!

finish report
===================================================
479  /  666 

CWE80_XSS__CWE182_Servlet_listen_tcp_54 

{'input_token_cost': 15245, 'output_token_cost': 1892, 'analysis_result': {'TPs': 1, 'FPs': 0}, 'ground_truth': {'TPs': 1, 'FPs': 1}, 'single time cost': 24.333858728408813} 

===================================================


Start to analyze the case  480 out of  666
/scratch/local/w.nimit/1853/LLMDFA/benchmark/juliet-test-suite-XSS_simplified/CWE80_XSS/s01/CWE80_XSS__CWE182_Servlet_listen_tcp_61.java
Analyzing......
Preprocessing...
processing finished
start to summarize...
Generating intra-procedural summaries...
Processing callees...
Preprocessing...
processing finished
start to summarize...
Generating intra-procedural summaries...
Processing callees...
Preprocessing...
processing finished
start to summarize...
Generating intra-procedural summaries...
Processing callees...
Preprocessing...
processing finished
start to summarize...
Generating intra-procedural summaries...
Processing callees...
Preprocessing...
processing finished
start to summarize...
Generating intra-procedural summaries...
Processing callees...
Validating......
Applying path checker with solver...
Constructing solving program...
Solver-aided path checker succeeded...
finish validate
Reporting......
Report generated!

finish report
===================================================
480  /  666 

CWE80_XSS__CWE182_Servlet_listen_tcp_61 

{'input_token_cost': 9182, 'output_token_cost': 747, 'analysis_result': {'TPs': 1, 'FPs': 0}, 'ground_truth': {'TPs': 1, 'FPs': 1}, 'single time cost': 9.964935064315796} 

===================================================


Start to analyze the case  481 out of  666
/scratch/local/w.nimit/1853/LLMDFA/benchmark/juliet-test-suite-XSS_simplified/CWE80_XSS/s01/CWE80_XSS__CWE182_Servlet_listen_tcp_66.java
Analyzing......
Preprocessing...
processing finished
start to summarize...
Generating intra-procedural summaries...
Processing callees...
Preprocessing...
processing finished
start to summarize...
Generating intra-procedural summaries...
Processing callees...
Preprocessing...
processing finished
start to summarize...
Generating intra-procedural summaries...
Processing callees...
Preprocessing...
processing finished
start to summarize...
Generating intra-procedural summaries...
Processing callees...
Preprocessing...
processing finished
start to summarize...
Generating intra-procedural summaries...
Processing callees...
Validating......
Applying path checker with solver...
Constructing solving program...
Solver-aided path checker succeeded...
Applying path checker with solver...
Constructing solving program...
Solver-aided path checker succeeded...
finish validate
Reporting......
Report generated!

finish report
===================================================
481  /  666 

CWE80_XSS__CWE182_Servlet_listen_tcp_66 

{'input_token_cost': 7950, 'output_token_cost': 791, 'analysis_result': {'TPs': 1, 'FPs': 0}, 'ground_truth': {'TPs': 1, 'FPs': 1}, 'single time cost': 10.404474258422852} 

===================================================


Start to analyze the case  482 out of  666
/scratch/local/w.nimit/1853/LLMDFA/benchmark/juliet-test-suite-XSS_simplified/CWE80_XSS/s01/CWE80_XSS__CWE182_Servlet_listen_tcp_67.java
Analyzing......
Preprocessing...
processing finished
start to summarize...
Generating intra-procedural summaries...
Processing callees...
Preprocessing...
processing finished
start to summarize...
Generating intra-procedural summaries...
Processing callees...
Preprocessing...
processing finished
start to summarize...
Generating intra-procedural summaries...
Processing callees...
Preprocessing...
processing finished
start to summarize...
Generating intra-procedural summaries...
Processing callees...
Preprocessing...
processing finished
start to summarize...
Generating intra-procedural summaries...
Processing callees...
Validating......
Applying path checker with solver...
Constructing solving program...
Solver-aided path checker succeeded...
finish validate
Reporting......
Report generated!

finish report
===================================================
482  /  666 

CWE80_XSS__CWE182_Servlet_listen_tcp_67 

{'input_token_cost': 7456, 'output_token_cost': 664, 'analysis_result': {'TPs': 1, 'FPs': 0}, 'ground_truth': {'TPs': 1, 'FPs': 1}, 'single time cost': 8.647473335266113} 

===================================================


Start to analyze the case  483 out of  666
/scratch/local/w.nimit/1853/LLMDFA/benchmark/juliet-test-suite-XSS_simplified/CWE80_XSS/s01/CWE80_XSS__CWE182_Servlet_listen_tcp_68.java
Analyzing......
Preprocessing...
processing finished
start to summarize...
Generating intra-procedural summaries...
Processing callees...
Preprocessing...
processing finished
start to summarize...
Generating intra-procedural summaries...
Processing callees...
Preprocessing...
processing finished
start to summarize...
Generating intra-procedural summaries...
Processing callees...
Preprocessing...
processing finished
start to summarize...
Generating intra-procedural summaries...
Processing callees...
Preprocessing...
processing finished
start to summarize...
Generating intra-procedural summaries...
Processing callees...
Validating......
Applying path checker with solver...
Constructing solving program...
Solver-aided path checker succeeded...
Applying path checker with solver...
Constructing solving program...
Solver-aided path checker succeeded...
Applying path checker with solver...
Constructing solving program...
Solver-aided path checker succeeded...
finish validate
Reporting......
Report generated!

finish report
===================================================
483  /  666 

CWE80_XSS__CWE182_Servlet_listen_tcp_68 

{'input_token_cost': 12432, 'output_token_cost': 1260, 'analysis_result': {'TPs': 1, 'FPs': 0}, 'ground_truth': {'TPs': 1, 'FPs': 1}, 'single time cost': 16.58431601524353} 

===================================================


Start to analyze the case  484 out of  666
/scratch/local/w.nimit/1853/LLMDFA/benchmark/juliet-test-suite-XSS_simplified/CWE80_XSS/s01/CWE80_XSS__CWE182_Servlet_listen_tcp_71.java
Analyzing......
Preprocessing...
processing finished
start to summarize...
Generating intra-procedural summaries...
Processing callees...
Preprocessing...
processing finished
start to summarize...
Generating intra-procedural summaries...
Processing callees...
Preprocessing...
processing finished
start to summarize...
Generating intra-procedural summaries...
Processing callees...
Preprocessing...
processing finished
start to summarize...
Generating intra-procedural summaries...
Processing callees...
Preprocessing...
processing finished
start to summarize...
Generating intra-procedural summaries...
Processing callees...
Validating......
finish validate
Reporting......
Report generated!

finish report
===================================================
484  /  666 

CWE80_XSS__CWE182_Servlet_listen_tcp_71 

{'input_token_cost': 3138, 'output_token_cost': 191, 'analysis_result': {'TPs': 0, 'FPs': 0}, 'ground_truth': {'TPs': 1, 'FPs': 1}, 'single time cost': 2.4722533226013184} 

===================================================


Start to analyze the case  485 out of  666
/scratch/local/w.nimit/1853/LLMDFA/benchmark/juliet-test-suite-XSS_simplified/CWE80_XSS/s01/CWE80_XSS__CWE182_Servlet_listen_tcp_72.java
Analyzing......
Preprocessing...
processing finished
start to summarize...
Generating intra-procedural summaries...
Processing callees...
Preprocessing...
processing finished
start to summarize...
Generating intra-procedural summaries...
Processing callees...
Preprocessing...
processing finished
start to summarize...
Generating intra-procedural summaries...
Processing callees...
Preprocessing...
processing finished
start to summarize...
Generating intra-procedural summaries...
Processing callees...
Preprocessing...
processing finished
start to summarize...
Generating intra-procedural summaries...
Processing callees...
Validating......
Applying path checker with solver...
Constructing solving program...
Solver-aided path checker succeeded...
Applying path checker with solver...
Constructing solving program...
Solver-aided path checker succeeded...
finish validate
Reporting......
Report generated!

finish report
===================================================
485  /  666 

CWE80_XSS__CWE182_Servlet_listen_tcp_72 

{'input_token_cost': 9103, 'output_token_cost': 986, 'analysis_result': {'TPs': 1, 'FPs': 0}, 'ground_truth': {'TPs': 1, 'FPs': 1}, 'single time cost': 12.872853755950928} 

===================================================


Start to analyze the case  486 out of  666
/scratch/local/w.nimit/1853/LLMDFA/benchmark/juliet-test-suite-XSS_simplified/CWE80_XSS/s01/CWE80_XSS__CWE182_Servlet_listen_tcp_73.java
Analyzing......
Preprocessing...
processing finished
start to summarize...
Generating intra-procedural summaries...
Processing callees...
Preprocessing...
processing finished
start to summarize...
Generating intra-procedural summaries...
Processing callees...
Preprocessing...
processing finished
start to summarize...
Generating intra-procedural summaries...
Processing callees...
Preprocessing...
processing finished
start to summarize...
Generating intra-procedural summaries...
Processing callees...
Preprocessing...
processing finished
start to summarize...
Generating intra-procedural summaries...
Processing callees...
Validating......
Applying path checker with solver...
Constructing solving program...
Solver-aided path checker succeeded...
finish validate
Reporting......
Report generated!

finish report
===================================================
486  /  666 

CWE80_XSS__CWE182_Servlet_listen_tcp_73 

{'input_token_cost': 7508, 'output_token_cost': 695, 'analysis_result': {'TPs': 1, 'FPs': 0}, 'ground_truth': {'TPs': 1, 'FPs': 1}, 'single time cost': 9.046902179718018} 

===================================================


Start to analyze the case  487 out of  666
/scratch/local/w.nimit/1853/LLMDFA/benchmark/juliet-test-suite-XSS_simplified/CWE80_XSS/s01/CWE80_XSS__CWE182_Servlet_listen_tcp_74.java
Analyzing......
Preprocessing...
processing finished
start to summarize...
Generating intra-procedural summaries...
Processing callees...
Preprocessing...
processing finished
start to summarize...
Generating intra-procedural summaries...
Processing callees...
Preprocessing...
processing finished
start to summarize...
Generating intra-procedural summaries...
Processing callees...
Preprocessing...
processing finished
start to summarize...
Generating intra-procedural summaries...
Processing callees...
Preprocessing...
processing finished
start to summarize...
Generating intra-procedural summaries...
Processing callees...
Validating......
Applying path checker with solver...
Constructing solving program...
Solver-aided path checker succeeded...
finish validate
Reporting......
Report generated!

finish report
===================================================
487  /  666 

CWE80_XSS__CWE182_Servlet_listen_tcp_74 

{'input_token_cost': 7516, 'output_token_cost': 715, 'analysis_result': {'TPs': 1, 'FPs': 0}, 'ground_truth': {'TPs': 1, 'FPs': 1}, 'single time cost': 9.31919550895691} 

===================================================


Start to analyze the case  488 out of  666
/scratch/local/w.nimit/1853/LLMDFA/benchmark/juliet-test-suite-XSS_simplified/CWE80_XSS/s01/CWE80_XSS__CWE182_Servlet_listen_tcp_75.java
Analyzing......
Preprocessing...
processing finished
start to summarize...
Generating intra-procedural summaries...
Processing callees...
Preprocessing...
processing finished
start to summarize...
Generating intra-procedural summaries...
Processing callees...
Preprocessing...
processing finished
start to summarize...
Generating intra-procedural summaries...
Processing callees...
Preprocessing...
processing finished
start to summarize...
Generating intra-procedural summaries...
Processing callees...
Preprocessing...
processing finished
start to summarize...
Generating intra-procedural summaries...
Processing callees...
Validating......
Applying path checker with solver...
Constructing solving program...
Solver-aided path checker succeeded...
Applying path checker with solver...
Constructing solving program...
Solver-aided path checker succeeded...
finish validate
Reporting......
Report generated!

finish report
===================================================
488  /  666 

CWE80_XSS__CWE182_Servlet_listen_tcp_75 

{'input_token_cost': 9651, 'output_token_cost': 827, 'analysis_result': {'TPs': 1, 'FPs': 0}, 'ground_truth': {'TPs': 1, 'FPs': 1}, 'single time cost': 10.949985265731812} 

===================================================


Start to analyze the case  489 out of  666
/scratch/local/w.nimit/1853/LLMDFA/benchmark/juliet-test-suite-XSS_simplified/CWE80_XSS/s01/CWE80_XSS__CWE182_Servlet_listen_tcp_81.java
Analyzing......
Preprocessing...
processing finished
start to summarize...
Generating intra-procedural summaries...
Processing callees...
Preprocessing...
processing finished
start to summarize...
Generating intra-procedural summaries...
Processing callees...
Preprocessing...
processing finished
start to summarize...
Generating intra-procedural summaries...
Processing callees...
Preprocessing...
processing finished
start to summarize...
Generating intra-procedural summaries...
Processing callees...
Preprocessing...
processing finished
start to summarize...
Generating intra-procedural summaries...
Processing callees...
Validating......
Applying path checker with solver...
Constructing solving program...
Solver-aided path checker succeeded...
Applying path checker with solver...
Constructing solving program...
Solver-aided path checker succeeded...
finish validate
Reporting......
Report generated!

finish report
===================================================
489  /  666 

CWE80_XSS__CWE182_Servlet_listen_tcp_81 

{'input_token_cost': 8880, 'output_token_cost': 896, 'analysis_result': {'TPs': 1, 'FPs': 0}, 'ground_truth': {'TPs': 1, 'FPs': 1}, 'single time cost': 11.732240915298462} 

===================================================


Start to analyze the case  490 out of  666
/scratch/local/w.nimit/1853/LLMDFA/benchmark/juliet-test-suite-XSS_simplified/CWE80_XSS/s01/CWE80_XSS__Servlet_File_22.java
Analyzing......
Preprocessing...
processing finished
start to summarize...
Generating intra-procedural summaries...
Processing callees...
Preprocessing...
processing finished
start to summarize...
Generating intra-procedural summaries...
Processing callees...
Preprocessing...
processing finished
start to summarize...
Generating intra-procedural summaries...
Processing callees...
Preprocessing...
processing finished
start to summarize...
Generating intra-procedural summaries...
Processing callees...
Preprocessing...
processing finished
start to summarize...
Generating intra-procedural summaries...
Processing callees...
Preprocessing...
processing finished
start to summarize...
Generating intra-procedural summaries...
Processing callees...
Preprocessing...
processing finished
start to summarize...
Generating intra-procedural summaries...
Processing callees...
Validating......
Applying path checker with solver...
Constructing solving program...
Constructing solving program...
Solver-aided path checker succeeded...
finish validate
Reporting......
Report generated!

finish report
===================================================
490  /  666 

CWE80_XSS__Servlet_File_22 

{'input_token_cost': 16215, 'output_token_cost': 1713, 'analysis_result': {'TPs': 0, 'FPs': 0}, 'ground_truth': {'TPs': 1, 'FPs': 2}, 'single time cost': 22.250446796417236} 

===================================================


Start to analyze the case  491 out of  666
/scratch/local/w.nimit/1853/LLMDFA/benchmark/juliet-test-suite-XSS_simplified/CWE80_XSS/s01/CWE80_XSS__Servlet_File_51.java
Analyzing......
Preprocessing...
processing finished
start to summarize...
Generating intra-procedural summaries...
Processing callees...
Preprocessing...
processing finished
start to summarize...
Generating intra-procedural summaries...
Processing callees...
Preprocessing...
processing finished
start to summarize...
Generating intra-procedural summaries...
Processing callees...
Preprocessing...
processing finished
start to summarize...
Generating intra-procedural summaries...
Processing callees...
Preprocessing...
processing finished
start to summarize...
Generating intra-procedural summaries...
Processing callees...
Validating......
Applying path checker with solver...
Constructing solving program...
Solver-aided path checker succeeded...
finish validate
Reporting......
Report generated!

finish report
===================================================
491  /  666 

CWE80_XSS__Servlet_File_51 

{'input_token_cost': 6929, 'output_token_cost': 721, 'analysis_result': {'TPs': 1, 'FPs': 0}, 'ground_truth': {'TPs': 1, 'FPs': 1}, 'single time cost': 9.417121887207031} 

===================================================


Start to analyze the case  492 out of  666
/scratch/local/w.nimit/1853/LLMDFA/benchmark/juliet-test-suite-XSS_simplified/CWE80_XSS/s01/CWE80_XSS__Servlet_File_52.java
Analyzing......
Preprocessing...
processing finished
start to summarize...
Generating intra-procedural summaries...
Processing callees...
Preprocessing...
processing finished
start to summarize...
Generating intra-procedural summaries...
Processing callees...
Preprocessing...
processing finished
start to summarize...
Generating intra-procedural summaries...
Processing callees...
Preprocessing...
processing finished
start to summarize...
Generating intra-procedural summaries...
Processing callees...
Preprocessing...
processing finished
start to summarize...
Generating intra-procedural summaries...
Processing callees...
Preprocessing...
processing finished
start to summarize...
Generating intra-procedural summaries...
Processing callees...
Preprocessing...
processing finished
start to summarize...
Generating intra-procedural summaries...
Processing callees...
Validating......
Applying path checker with solver...
Constructing solving program...
Solver-aided path checker succeeded...
finish validate
Reporting......
Report generated!

finish report
===================================================
492  /  666 

CWE80_XSS__Servlet_File_52 

{'input_token_cost': 16785, 'output_token_cost': 1580, 'analysis_result': {'TPs': 1, 'FPs': 0}, 'ground_truth': {'TPs': 1, 'FPs': 1}, 'single time cost': 20.430694103240967} 

===================================================


Start to analyze the case  493 out of  666
/scratch/local/w.nimit/1853/LLMDFA/benchmark/juliet-test-suite-XSS_simplified/CWE80_XSS/s01/CWE80_XSS__Servlet_File_54.java
Analyzing......
Preprocessing...
processing finished
start to summarize...
Generating intra-procedural summaries...
Processing callees...
Preprocessing...
processing finished
start to summarize...
Generating intra-procedural summaries...
Processing callees...
Preprocessing...
processing finished
start to summarize...
Generating intra-procedural summaries...
Processing callees...
Preprocessing...
processing finished
start to summarize...
Generating intra-procedural summaries...
Processing callees...
Preprocessing...
processing finished
start to summarize...
Generating intra-procedural summaries...
Processing callees...
Preprocessing...
processing finished
start to summarize...
Generating intra-procedural summaries...
Processing callees...
Preprocessing...
processing finished
start to summarize...
Generating intra-procedural summaries...
Processing callees...
Preprocessing...
processing finished
start to summarize...
Generating intra-procedural summaries...
Processing callees...
Preprocessing...
processing finished
start to summarize...
Generating intra-procedural summaries...
Processing callees...
Preprocessing...
processing finished
start to summarize...
Generating intra-procedural summaries...
Processing callees...
Preprocessing...
processing finished
start to summarize...
Generating intra-procedural summaries...
Processing callees...
Validating......
Applying path checker with solver...
Constructing solving program...
Solver-aided path checker succeeded...
Applying path checker with solver...
Constructing solving program...
Solver-aided path checker succeeded...
finish validate
Reporting......
Report generated!

finish report
===================================================
493  /  666 

CWE80_XSS__Servlet_File_54 

{'input_token_cost': 34994, 'output_token_cost': 3350, 'analysis_result': {'TPs': 1, 'FPs': 0}, 'ground_truth': {'TPs': 1, 'FPs': 1}, 'single time cost': 43.370596170425415} 

===================================================


Start to analyze the case  494 out of  666
/scratch/local/w.nimit/1853/LLMDFA/benchmark/juliet-test-suite-XSS_simplified/CWE80_XSS/s01/CWE80_XSS__Servlet_File_61.java
Analyzing......
Preprocessing...
processing finished
start to summarize...
Generating intra-procedural summaries...
Processing callees...
Preprocessing...
processing finished
start to summarize...
Generating intra-procedural summaries...
Processing callees...
Preprocessing...
processing finished
start to summarize...
Generating intra-procedural summaries...
Processing callees...
Preprocessing...
processing finished
start to summarize...
Generating intra-procedural summaries...
Processing callees...
Preprocessing...
processing finished
start to summarize...
Generating intra-procedural summaries...
Processing callees...
Validating......
Applying path checker with solver...
Constructing solving program...
Solver-aided path checker succeeded...
finish validate
Reporting......
Report generated!

finish report
===================================================
494  /  666 

CWE80_XSS__Servlet_File_61 

{'input_token_cost': 8832, 'output_token_cost': 676, 'analysis_result': {'TPs': 1, 'FPs': 0}, 'ground_truth': {'TPs': 1, 'FPs': 1}, 'single time cost': 8.908228635787964} 

===================================================


Start to analyze the case  495 out of  666
/scratch/local/w.nimit/1853/LLMDFA/benchmark/juliet-test-suite-XSS_simplified/CWE80_XSS/s01/CWE80_XSS__Servlet_File_66.java
Analyzing......
Preprocessing...
processing finished
start to summarize...
Generating intra-procedural summaries...
Processing callees...
Preprocessing...
processing finished
start to summarize...
Generating intra-procedural summaries...
Processing callees...
Preprocessing...
processing finished
start to summarize...
Generating intra-procedural summaries...
Processing callees...
Preprocessing...
processing finished
start to summarize...
Generating intra-procedural summaries...
Processing callees...
Preprocessing...
processing finished
start to summarize...
Generating intra-procedural summaries...
Processing callees...
Validating......
Applying path checker with solver...
Constructing solving program...
Solver-aided path checker succeeded...
finish validate
Reporting......
Report generated!

finish report
===================================================
495  /  666 

CWE80_XSS__Servlet_File_66 

{'input_token_cost': 8051, 'output_token_cost': 935, 'analysis_result': {'TPs': 1, 'FPs': 0}, 'ground_truth': {'TPs': 1, 'FPs': 1}, 'single time cost': 12.073978424072266} 

===================================================


Start to analyze the case  496 out of  666
/scratch/local/w.nimit/1853/LLMDFA/benchmark/juliet-test-suite-XSS_simplified/CWE80_XSS/s01/CWE80_XSS__Servlet_File_67.java
Analyzing......
Preprocessing...
processing finished
start to summarize...
Generating intra-procedural summaries...
Processing callees...
Preprocessing...
processing finished
start to summarize...
Generating intra-procedural summaries...
Processing callees...
Preprocessing...
processing finished
start to summarize...
Generating intra-procedural summaries...
Processing callees...
Preprocessing...
processing finished
start to summarize...
Generating intra-procedural summaries...
Processing callees...
Preprocessing...
processing finished
start to summarize...
Generating intra-procedural summaries...
Processing callees...
Validating......
Applying path checker with solver...
Constructing solving program...
Solver-aided path checker succeeded...
finish validate
Reporting......
Report generated!

finish report
===================================================
496  /  666 

CWE80_XSS__Servlet_File_67 

{'input_token_cost': 6011, 'output_token_cost': 534, 'analysis_result': {'TPs': 1, 'FPs': 0}, 'ground_truth': {'TPs': 1, 'FPs': 1}, 'single time cost': 7.031916856765747} 

===================================================


Start to analyze the case  497 out of  666
/scratch/local/w.nimit/1853/LLMDFA/benchmark/juliet-test-suite-XSS_simplified/CWE80_XSS/s01/CWE80_XSS__Servlet_File_68.java
Analyzing......
Preprocessing...
processing finished
start to summarize...
Generating intra-procedural summaries...
Processing callees...
Preprocessing...
processing finished
start to summarize...
Generating intra-procedural summaries...
Processing callees...
Preprocessing...
processing finished
start to summarize...
Generating intra-procedural summaries...
Processing callees...
Preprocessing...
processing finished
start to summarize...
Generating intra-procedural summaries...
Processing callees...
Preprocessing...
processing finished
start to summarize...
Generating intra-procedural summaries...
Processing callees...
Validating......
Applying path checker with solver...
Constructing solving program...
Solver-aided path checker succeeded...
Applying path checker with solver...
Constructing solving program...
Solver-aided path checker succeeded...
finish validate
Reporting......
Report generated!

finish report
===================================================
497  /  666 

CWE80_XSS__Servlet_File_68 

{'input_token_cost': 10166, 'output_token_cost': 1165, 'analysis_result': {'TPs': 1, 'FPs': 0}, 'ground_truth': {'TPs': 1, 'FPs': 1}, 'single time cost': 15.178109645843506} 

===================================================


Start to analyze the case  498 out of  666
/scratch/local/w.nimit/1853/LLMDFA/benchmark/juliet-test-suite-XSS_simplified/CWE80_XSS/s01/CWE80_XSS__Servlet_File_71.java
Analyzing......
Preprocessing...
processing finished
start to summarize...
Generating intra-procedural summaries...
Processing callees...
Preprocessing...
processing finished
start to summarize...
Generating intra-procedural summaries...
Processing callees...
Preprocessing...
processing finished
start to summarize...
Generating intra-procedural summaries...
Processing callees...
Preprocessing...
processing finished
start to summarize...
Generating intra-procedural summaries...
Processing callees...
Preprocessing...
processing finished
start to summarize...
Generating intra-procedural summaries...
Processing callees...
Validating......
Applying path checker with solver...
Constructing solving program...
Solver-aided path checker succeeded...
finish validate
Reporting......
Report generated!

finish report
===================================================
498  /  666 

CWE80_XSS__Servlet_File_71 

{'input_token_cost': 4474, 'output_token_cost': 516, 'analysis_result': {'TPs': 1, 'FPs': 0}, 'ground_truth': {'TPs': 1, 'FPs': 1}, 'single time cost': 6.7504966259002686} 

===================================================


Start to analyze the case  499 out of  666
/scratch/local/w.nimit/1853/LLMDFA/benchmark/juliet-test-suite-XSS_simplified/CWE80_XSS/s01/CWE80_XSS__Servlet_File_72.java
Analyzing......
Preprocessing...
processing finished
start to summarize...
Generating intra-procedural summaries...
Processing callees...
Preprocessing...
processing finished
start to summarize...
Generating intra-procedural summaries...
Processing callees...
Preprocessing...
processing finished
start to summarize...
Generating intra-procedural summaries...
Processing callees...
Preprocessing...
processing finished
start to summarize...
Generating intra-procedural summaries...
Processing callees...
Preprocessing...
processing finished
start to summarize...
Generating intra-procedural summaries...
Processing callees...
Validating......
Applying path checker with solver...
Constructing solving program...
Solver-aided path checker succeeded...
finish validate
Reporting......
Report generated!

finish report
===================================================
499  /  666 

CWE80_XSS__Servlet_File_72 

{'input_token_cost': 7121, 'output_token_cost': 697, 'analysis_result': {'TPs': 1, 'FPs': 0}, 'ground_truth': {'TPs': 1, 'FPs': 1}, 'single time cost': 9.204422950744629} 

===================================================


Start to analyze the case  500 out of  666
/scratch/local/w.nimit/1853/LLMDFA/benchmark/juliet-test-suite-XSS_simplified/CWE80_XSS/s01/CWE80_XSS__Servlet_File_73.java
Analyzing......
Preprocessing...
processing finished
start to summarize...
Generating intra-procedural summaries...
Processing callees...
Preprocessing...
processing finished
start to summarize...
Generating intra-procedural summaries...
Processing callees...
Preprocessing...
processing finished
start to summarize...
Generating intra-procedural summaries...
Processing callees...
Preprocessing...
processing finished
start to summarize...
Generating intra-procedural summaries...
Processing callees...
Preprocessing...
processing finished
start to summarize...
Generating intra-procedural summaries...
Processing callees...
Validating......
Applying path checker with solver...
Constructing solving program...
Solver-aided path checker succeeded...
Applying path checker with solver...
Constructing solving program...
Solver-aided path checker succeeded...
finish validate
Reporting......
Report generated!

finish report
===================================================
500  /  666 

CWE80_XSS__Servlet_File_73 

{'input_token_cost': 8675, 'output_token_cost': 1048, 'analysis_result': {'TPs': 1, 'FPs': 0}, 'ground_truth': {'TPs': 1, 'FPs': 1}, 'single time cost': 13.672797679901123} 

===================================================


Start to analyze the case  501 out of  666
/scratch/local/w.nimit/1853/LLMDFA/benchmark/juliet-test-suite-XSS_simplified/CWE80_XSS/s01/CWE80_XSS__Servlet_File_74.java
Analyzing......
Preprocessing...
processing finished
start to summarize...
Generating intra-procedural summaries...
Processing callees...
Preprocessing...
processing finished
start to summarize...
Generating intra-procedural summaries...
Processing callees...
Preprocessing...
processing finished
start to summarize...
Generating intra-procedural summaries...
Processing callees...
Preprocessing...
processing finished
start to summarize...
Generating intra-procedural summaries...
Processing callees...
Preprocessing...
processing finished
start to summarize...
Generating intra-procedural summaries...
Processing callees...
Validating......
Applying path checker with solver...
Constructing solving program...
Solver-aided path checker succeeded...
finish validate
Reporting......
Report generated!

finish report
===================================================
501  /  666 

CWE80_XSS__Servlet_File_74 

{'input_token_cost': 8157, 'output_token_cost': 832, 'analysis_result': {'TPs': 1, 'FPs': 0}, 'ground_truth': {'TPs': 1, 'FPs': 1}, 'single time cost': 10.776335000991821} 

===================================================


Start to analyze the case  502 out of  666
/scratch/local/w.nimit/1853/LLMDFA/benchmark/juliet-test-suite-XSS_simplified/CWE80_XSS/s01/CWE80_XSS__Servlet_File_75.java
Analyzing......
Preprocessing...
processing finished
start to summarize...
Generating intra-procedural summaries...
Processing callees...
Preprocessing...
processing finished
start to summarize...
Generating intra-procedural summaries...
Processing callees...
Preprocessing...
processing finished
start to summarize...
Generating intra-procedural summaries...
Processing callees...
Preprocessing...
processing finished
start to summarize...
Generating intra-procedural summaries...
Processing callees...
Preprocessing...
processing finished
start to summarize...
Generating intra-procedural summaries...
Processing callees...
Validating......
Applying path checker with solver...
Constructing solving program...
Solver-aided path checker succeeded...
finish validate
Reporting......
Report generated!

finish report
===================================================
502  /  666 

CWE80_XSS__Servlet_File_75 

{'input_token_cost': 8673, 'output_token_cost': 765, 'analysis_result': {'TPs': 1, 'FPs': 0}, 'ground_truth': {'TPs': 1, 'FPs': 1}, 'single time cost': 10.002131223678589} 

===================================================


Start to analyze the case  503 out of  666
/scratch/local/w.nimit/1853/LLMDFA/benchmark/juliet-test-suite-XSS_simplified/CWE80_XSS/s01/CWE80_XSS__Servlet_File_81.java
Analyzing......
Preprocessing...
processing finished
start to summarize...
Generating intra-procedural summaries...
Processing callees...
Preprocessing...
processing finished
start to summarize...
Generating intra-procedural summaries...
Processing callees...
Preprocessing...
processing finished
start to summarize...
Generating intra-procedural summaries...
Processing callees...
Preprocessing...
processing finished
start to summarize...
Generating intra-procedural summaries...
Processing callees...
Preprocessing...
processing finished
start to summarize...
Generating intra-procedural summaries...
Processing callees...
Validating......
Applying path checker with solver...
Constructing solving program...
Solver-aided path checker succeeded...
finish validate
Reporting......
Report generated!

finish report
===================================================
503  /  666 

CWE80_XSS__Servlet_File_81 

{'input_token_cost': 5904, 'output_token_cost': 670, 'analysis_result': {'TPs': 1, 'FPs': 0}, 'ground_truth': {'TPs': 1, 'FPs': 1}, 'single time cost': 8.78367805480957} 

===================================================


Start to analyze the case  504 out of  666
/scratch/local/w.nimit/1853/LLMDFA/benchmark/juliet-test-suite-XSS_simplified/CWE80_XSS/s01/CWE80_XSS__Servlet_connect_tcp_22.java
Analyzing......
Preprocessing...
processing finished
start to summarize...
Generating intra-procedural summaries...
Processing callees...
Preprocessing...
processing finished
start to summarize...
Generating intra-procedural summaries...
Processing callees...
Preprocessing...
processing finished
start to summarize...
Generating intra-procedural summaries...
Processing callees...
Preprocessing...
processing finished
start to summarize...
Generating intra-procedural summaries...
Processing callees...
Preprocessing...
processing finished
start to summarize...
Generating intra-procedural summaries...
Processing callees...
Preprocessing...
processing finished
start to summarize...
Generating intra-procedural summaries...
Processing callees...
Preprocessing...
processing finished
start to summarize...
Generating intra-procedural summaries...
Processing callees...
Validating......
Applying path checker with solver...
Constructing solving program...
Constructing solving program...
Solver-aided path checker succeeded...
finish validate
Reporting......
Report generated!

finish report
===================================================
504  /  666 

CWE80_XSS__Servlet_connect_tcp_22 

{'input_token_cost': 16209, 'output_token_cost': 1854, 'analysis_result': {'TPs': 0, 'FPs': 0}, 'ground_truth': {'TPs': 1, 'FPs': 2}, 'single time cost': 24.144379138946533} 

===================================================


Start to analyze the case  505 out of  666
/scratch/local/w.nimit/1853/LLMDFA/benchmark/juliet-test-suite-XSS_simplified/CWE80_XSS/s01/CWE80_XSS__Servlet_connect_tcp_52.java
Analyzing......
Preprocessing...
processing finished
start to summarize...
Generating intra-procedural summaries...
Processing callees...
Preprocessing...
processing finished
start to summarize...
Generating intra-procedural summaries...
Processing callees...
Preprocessing...
processing finished
start to summarize...
Generating intra-procedural summaries...
Processing callees...
Preprocessing...
processing finished
start to summarize...
Generating intra-procedural summaries...
Processing callees...
Preprocessing...
processing finished
start to summarize...
Generating intra-procedural summaries...
Processing callees...
Preprocessing...
processing finished
start to summarize...
Generating intra-procedural summaries...
Processing callees...
Preprocessing...
processing finished
start to summarize...
Generating intra-procedural summaries...
Processing callees...
Validating......
Applying path checker with solver...
Constructing solving program...
Solver-aided path checker succeeded...
finish validate
Reporting......
Report generated!

finish report
===================================================
505  /  666 

CWE80_XSS__Servlet_connect_tcp_52 

{'input_token_cost': 16816, 'output_token_cost': 1559, 'analysis_result': {'TPs': 1, 'FPs': 0}, 'ground_truth': {'TPs': 1, 'FPs': 1}, 'single time cost': 20.119060516357422} 

===================================================


Start to analyze the case  506 out of  666
/scratch/local/w.nimit/1853/LLMDFA/benchmark/juliet-test-suite-XSS_simplified/CWE80_XSS/s01/CWE80_XSS__Servlet_connect_tcp_53.java
Analyzing......
Preprocessing...
processing finished
start to summarize...
Generating intra-procedural summaries...
Processing callees...
Preprocessing...
processing finished
start to summarize...
Generating intra-procedural summaries...
Processing callees...
Preprocessing...
processing finished
start to summarize...
Generating intra-procedural summaries...
Processing callees...
Preprocessing...
processing finished
start to summarize...
Generating intra-procedural summaries...
Processing callees...
Preprocessing...
processing finished
start to summarize...
Generating intra-procedural summaries...
Processing callees...
Preprocessing...
processing finished
start to summarize...
Generating intra-procedural summaries...
Processing callees...
Preprocessing...
processing finished
start to summarize...
Generating intra-procedural summaries...
Processing callees...
Preprocessing...
processing finished
start to summarize...
Generating intra-procedural summaries...
Processing callees...
Preprocessing...
processing finished
start to summarize...
Generating intra-procedural summaries...
Processing callees...
Validating......
Applying path checker with solver...
Constructing solving program...
Solver-aided path checker succeeded...
finish validate
Reporting......
Report generated!

finish report
===================================================
506  /  666 

CWE80_XSS__Servlet_connect_tcp_53 

{'input_token_cost': 25675, 'output_token_cost': 2350, 'analysis_result': {'TPs': 1, 'FPs': 0}, 'ground_truth': {'TPs': 1, 'FPs': 1}, 'single time cost': 30.312533617019653} 

===================================================


Start to analyze the case  507 out of  666
/scratch/local/w.nimit/1853/LLMDFA/benchmark/juliet-test-suite-XSS_simplified/CWE80_XSS/s01/CWE80_XSS__Servlet_connect_tcp_54.java
Analyzing......
Preprocessing...
processing finished
start to summarize...
Generating intra-procedural summaries...
Processing callees...
Preprocessing...
processing finished
start to summarize...
Generating intra-procedural summaries...
Processing callees...
Preprocessing...
processing finished
start to summarize...
Generating intra-procedural summaries...
Processing callees...
Preprocessing...
processing finished
start to summarize...
Generating intra-procedural summaries...
Processing callees...
Preprocessing...
processing finished
start to summarize...
Generating intra-procedural summaries...
Processing callees...
Preprocessing...
processing finished
start to summarize...
Generating intra-procedural summaries...
Processing callees...
Preprocessing...
processing finished
start to summarize...
Generating intra-procedural summaries...
Processing callees...
Preprocessing...
processing finished
start to summarize...
Generating intra-procedural summaries...
Processing callees...
Preprocessing...
processing finished
start to summarize...
Generating intra-procedural summaries...
Processing callees...
Preprocessing...
processing finished
start to summarize...
Generating intra-procedural summaries...
Processing callees...
Preprocessing...
processing finished
start to summarize...
Generating intra-procedural summaries...
Processing callees...
Validating......
Applying path checker with solver...
Constructing solving program...
Solver-aided path checker succeeded...
finish validate
Reporting......
Report generated!

finish report
===================================================
507  /  666 

CWE80_XSS__Servlet_connect_tcp_54 

{'input_token_cost': 34534, 'output_token_cost': 3059, 'analysis_result': {'TPs': 1, 'FPs': 0}, 'ground_truth': {'TPs': 1, 'FPs': 1}, 'single time cost': 39.63085150718689} 

===================================================


Start to analyze the case  508 out of  666
/scratch/local/w.nimit/1853/LLMDFA/benchmark/juliet-test-suite-XSS_simplified/CWE80_XSS/s01/CWE80_XSS__Servlet_connect_tcp_61.java
Analyzing......
Preprocessing...
processing finished
start to summarize...
Generating intra-procedural summaries...
Processing callees...
Preprocessing...
processing finished
start to summarize...
Generating intra-procedural summaries...
Processing callees...
Preprocessing...
processing finished
start to summarize...
Generating intra-procedural summaries...
Processing callees...
Preprocessing...
processing finished
start to summarize...
Generating intra-procedural summaries...
Processing callees...
Preprocessing...
processing finished
start to summarize...
Generating intra-procedural summaries...
Processing callees...
Validating......
Applying path checker with solver...
Constructing solving program...
Solver-aided path checker succeeded...
finish validate
Reporting......
Report generated!

finish report
===================================================
508  /  666 

CWE80_XSS__Servlet_connect_tcp_61 

{'input_token_cost': 8809, 'output_token_cost': 689, 'analysis_result': {'TPs': 1, 'FPs': 0}, 'ground_truth': {'TPs': 1, 'FPs': 1}, 'single time cost': 9.067674398422241} 

===================================================


Start to analyze the case  509 out of  666
/scratch/local/w.nimit/1853/LLMDFA/benchmark/juliet-test-suite-XSS_simplified/CWE80_XSS/s01/CWE80_XSS__Servlet_connect_tcp_66.java
Analyzing......
Preprocessing...
processing finished
start to summarize...
Generating intra-procedural summaries...
Processing callees...
Preprocessing...
processing finished
start to summarize...
Generating intra-procedural summaries...
Processing callees...
Preprocessing...
processing finished
start to summarize...
Generating intra-procedural summaries...
Processing callees...
Preprocessing...
processing finished
start to summarize...
Generating intra-procedural summaries...
Processing callees...
Preprocessing...
processing finished
start to summarize...
Generating intra-procedural summaries...
Processing callees...
Validating......
Applying path checker with solver...
Constructing solving program...
Solver-aided path checker succeeded...
finish validate
Reporting......
Report generated!

finish report
===================================================
509  /  666 

CWE80_XSS__Servlet_connect_tcp_66 

{'input_token_cost': 8064, 'output_token_cost': 914, 'analysis_result': {'TPs': 1, 'FPs': 0}, 'ground_truth': {'TPs': 1, 'FPs': 1}, 'single time cost': 11.8148934841156} 

===================================================


Start to analyze the case  510 out of  666
/scratch/local/w.nimit/1853/LLMDFA/benchmark/juliet-test-suite-XSS_simplified/CWE80_XSS/s01/CWE80_XSS__Servlet_connect_tcp_67.java
Analyzing......
Preprocessing...
processing finished
start to summarize...
Generating intra-procedural summaries...
Processing callees...
Preprocessing...
processing finished
start to summarize...
Generating intra-procedural summaries...
Processing callees...
Preprocessing...
processing finished
start to summarize...
Generating intra-procedural summaries...
Processing callees...
Preprocessing...
processing finished
start to summarize...
Generating intra-procedural summaries...
Processing callees...
Preprocessing...
processing finished
start to summarize...
Generating intra-procedural summaries...
Processing callees...
Validating......
Applying path checker with solver...
Constructing solving program...
Solver-aided path checker succeeded...
finish validate
Reporting......
Report generated!

finish report
===================================================
510  /  666 

CWE80_XSS__Servlet_connect_tcp_67 

{'input_token_cost': 7065, 'output_token_cost': 905, 'analysis_result': {'TPs': 1, 'FPs': 0}, 'ground_truth': {'TPs': 1, 'FPs': 1}, 'single time cost': 11.685027837753296} 

===================================================


Start to analyze the case  511 out of  666
/scratch/local/w.nimit/1853/LLMDFA/benchmark/juliet-test-suite-XSS_simplified/CWE80_XSS/s01/CWE80_XSS__Servlet_connect_tcp_68.java
Analyzing......
Preprocessing...
processing finished
start to summarize...
Generating intra-procedural summaries...
Processing callees...
Preprocessing...
processing finished
start to summarize...
Generating intra-procedural summaries...
Processing callees...
Preprocessing...
processing finished
start to summarize...
Generating intra-procedural summaries...
Processing callees...
Preprocessing...
processing finished
start to summarize...
Generating intra-procedural summaries...
Processing callees...
Preprocessing...
processing finished
start to summarize...
Generating intra-procedural summaries...
Processing callees...
Validating......
Applying path checker with solver...
Constructing solving program...
Solver-aided path checker succeeded...
Applying path checker with solver...
Constructing solving program...
Solver-aided path checker succeeded...
finish validate
Reporting......
Report generated!

finish report
===================================================
511  /  666 

CWE80_XSS__Servlet_connect_tcp_68 

{'input_token_cost': 11220, 'output_token_cost': 1128, 'analysis_result': {'TPs': 1, 'FPs': 0}, 'ground_truth': {'TPs': 1, 'FPs': 1}, 'single time cost': 14.722624778747559} 

===================================================


Start to analyze the case  512 out of  666
/scratch/local/w.nimit/1853/LLMDFA/benchmark/juliet-test-suite-XSS_simplified/CWE80_XSS/s01/CWE80_XSS__Servlet_connect_tcp_71.java
Analyzing......
Preprocessing...
processing finished
start to summarize...
Generating intra-procedural summaries...
Processing callees...
Preprocessing...
processing finished
start to summarize...
Generating intra-procedural summaries...
Processing callees...
Preprocessing...
processing finished
start to summarize...
Generating intra-procedural summaries...
Processing callees...
Preprocessing...
processing finished
start to summarize...
Generating intra-procedural summaries...
Processing callees...
Preprocessing...
processing finished
start to summarize...
Generating intra-procedural summaries...
Processing callees...
Validating......
finish validate
Reporting......
Report generated!

finish report
===================================================
512  /  666 

CWE80_XSS__Servlet_connect_tcp_71 

{'input_token_cost': 2924, 'output_token_cost': 229, 'analysis_result': {'TPs': 0, 'FPs': 0}, 'ground_truth': {'TPs': 1, 'FPs': 1}, 'single time cost': 2.927647113800049} 

===================================================


Start to analyze the case  513 out of  666
/scratch/local/w.nimit/1853/LLMDFA/benchmark/juliet-test-suite-XSS_simplified/CWE80_XSS/s01/CWE80_XSS__Servlet_connect_tcp_72.java
Analyzing......
Preprocessing...
processing finished
start to summarize...
Generating intra-procedural summaries...
Processing callees...
Preprocessing...
processing finished
start to summarize...
Generating intra-procedural summaries...
Processing callees...
Preprocessing...
processing finished
start to summarize...
Generating intra-procedural summaries...
Processing callees...
Preprocessing...
processing finished
start to summarize...
Generating intra-procedural summaries...
Processing callees...
Preprocessing...
processing finished
start to summarize...
Generating intra-procedural summaries...
Processing callees...
Validating......
Applying path checker with solver...
Constructing solving program...
Solver-aided path checker succeeded...
finish validate
Reporting......
Report generated!

finish report
===================================================
513  /  666 

CWE80_XSS__Servlet_connect_tcp_72 

{'input_token_cost': 7133, 'output_token_cost': 674, 'analysis_result': {'TPs': 1, 'FPs': 0}, 'ground_truth': {'TPs': 1, 'FPs': 1}, 'single time cost': 8.755066156387329} 

===================================================


Start to analyze the case  514 out of  666
/scratch/local/w.nimit/1853/LLMDFA/benchmark/juliet-test-suite-XSS_simplified/CWE80_XSS/s01/CWE80_XSS__Servlet_connect_tcp_73.java
Analyzing......
Preprocessing...
processing finished
start to summarize...
Generating intra-procedural summaries...
Processing callees...
Preprocessing...
processing finished
start to summarize...
Generating intra-procedural summaries...
Processing callees...
Preprocessing...
processing finished
start to summarize...
Generating intra-procedural summaries...
Processing callees...
Preprocessing...
processing finished
start to summarize...
Generating intra-procedural summaries...
Processing callees...
Preprocessing...
processing finished
start to summarize...
Generating intra-procedural summaries...
Processing callees...
Validating......
Applying path checker with solver...
Constructing solving program...
Solver-aided path checker succeeded...
finish validate
Reporting......
Report generated!

finish report
===================================================
514  /  666 

CWE80_XSS__Servlet_connect_tcp_73 

{'input_token_cost': 6097, 'output_token_cost': 562, 'analysis_result': {'TPs': 1, 'FPs': 0}, 'ground_truth': {'TPs': 1, 'FPs': 1}, 'single time cost': 7.3647849559783936} 

===================================================


Start to analyze the case  515 out of  666
/scratch/local/w.nimit/1853/LLMDFA/benchmark/juliet-test-suite-XSS_simplified/CWE80_XSS/s01/CWE80_XSS__Servlet_connect_tcp_74.java
Analyzing......
Preprocessing...
processing finished
start to summarize...
Generating intra-procedural summaries...
Processing callees...
Preprocessing...
processing finished
start to summarize...
Generating intra-procedural summaries...
Processing callees...
Preprocessing...
processing finished
start to summarize...
Generating intra-procedural summaries...
Processing callees...
Preprocessing...
processing finished
start to summarize...
Generating intra-procedural summaries...
Processing callees...
Preprocessing...
processing finished
start to summarize...
Generating intra-procedural summaries...
Processing callees...
Validating......
Applying path checker with solver...
Constructing solving program...
Solver-aided path checker succeeded...
finish validate
Reporting......
Report generated!

finish report
===================================================
515  /  666 

CWE80_XSS__Servlet_connect_tcp_74 

{'input_token_cost': 7137, 'output_token_cost': 759, 'analysis_result': {'TPs': 1, 'FPs': 0}, 'ground_truth': {'TPs': 1, 'FPs': 1}, 'single time cost': 9.814682006835938} 

===================================================


Start to analyze the case  516 out of  666
/scratch/local/w.nimit/1853/LLMDFA/benchmark/juliet-test-suite-XSS_simplified/CWE80_XSS/s01/CWE80_XSS__Servlet_connect_tcp_75.java
Analyzing......
Preprocessing...
processing finished
start to summarize...
Generating intra-procedural summaries...
Processing callees...
Preprocessing...
processing finished
start to summarize...
Generating intra-procedural summaries...
Processing callees...
Preprocessing...
processing finished
start to summarize...
Generating intra-procedural summaries...
Processing callees...
Preprocessing...
processing finished
start to summarize...
Generating intra-procedural summaries...
Processing callees...
Preprocessing...
processing finished
start to summarize...
Generating intra-procedural summaries...
Processing callees...
Validating......
Applying path checker with solver...
Constructing solving program...
Solver-aided path checker succeeded...
finish validate
Reporting......
Report generated!

finish report
===================================================
516  /  666 

CWE80_XSS__Servlet_connect_tcp_75 

{'input_token_cost': 10070, 'output_token_cost': 899, 'analysis_result': {'TPs': 1, 'FPs': 0}, 'ground_truth': {'TPs': 1, 'FPs': 1}, 'single time cost': 11.657416343688965} 

===================================================


Start to analyze the case  517 out of  666
/scratch/local/w.nimit/1853/LLMDFA/benchmark/juliet-test-suite-XSS_simplified/CWE80_XSS/s01/CWE80_XSS__Servlet_connect_tcp_81.java
Analyzing......
Preprocessing...
processing finished
start to summarize...
Generating intra-procedural summaries...
Processing callees...
Preprocessing...
processing finished
start to summarize...
Generating intra-procedural summaries...
Processing callees...
Preprocessing...
processing finished
start to summarize...
Generating intra-procedural summaries...
Processing callees...
Preprocessing...
processing finished
start to summarize...
Generating intra-procedural summaries...
Processing callees...
Preprocessing...
processing finished
start to summarize...
Generating intra-procedural summaries...
Processing callees...
Validating......
Applying path checker with solver...
Constructing solving program...
Solver-aided path checker succeeded...
Applying path checker with solver...
Constructing solving program...
Solver-aided path checker succeeded...
finish validate
Reporting......
Report generated!

finish report
===================================================
517  /  666 

CWE80_XSS__Servlet_connect_tcp_81 

{'input_token_cost': 8469, 'output_token_cost': 870, 'analysis_result': {'TPs': 1, 'FPs': 0}, 'ground_truth': {'TPs': 1, 'FPs': 1}, 'single time cost': 11.38174033164978} 

===================================================


Start to analyze the case  518 out of  666
/scratch/local/w.nimit/1853/LLMDFA/benchmark/juliet-test-suite-XSS_simplified/CWE80_XSS/s01/CWE80_XSS__Servlet_database_22.java
Analyzing......
Preprocessing...
processing finished
start to summarize...
Generating intra-procedural summaries...
Processing callees...
Preprocessing...
processing finished
start to summarize...
Generating intra-procedural summaries...
Processing callees...
Preprocessing...
processing finished
start to summarize...
Generating intra-procedural summaries...
Processing callees...
Preprocessing...
processing finished
start to summarize...
Generating intra-procedural summaries...
Processing callees...
Preprocessing...
processing finished
start to summarize...
Generating intra-procedural summaries...
Processing callees...
Preprocessing...
processing finished
start to summarize...
Generating intra-procedural summaries...
Processing callees...
Preprocessing...
processing finished
start to summarize...
Generating intra-procedural summaries...
Processing callees...
Validating......
Applying path checker with solver...
Constructing solving program...
Constructing solving program...
Solver-aided path checker succeeded...
finish validate
Reporting......
Report generated!

finish report
===================================================
518  /  666 

CWE80_XSS__Servlet_database_22 

{'input_token_cost': 16112, 'output_token_cost': 1686, 'analysis_result': {'TPs': 0, 'FPs': 0}, 'ground_truth': {'TPs': 1, 'FPs': 2}, 'single time cost': 21.872664213180542} 

===================================================


Start to analyze the case  519 out of  666
/scratch/local/w.nimit/1853/LLMDFA/benchmark/juliet-test-suite-XSS_simplified/CWE80_XSS/s01/CWE80_XSS__Servlet_database_51.java
Analyzing......
Preprocessing...
processing finished
start to summarize...
Generating intra-procedural summaries...
Processing callees...
Preprocessing...
processing finished
start to summarize...
Generating intra-procedural summaries...
Processing callees...
Preprocessing...
processing finished
start to summarize...
Generating intra-procedural summaries...
Processing callees...
Preprocessing...
processing finished
start to summarize...
Generating intra-procedural summaries...
Processing callees...
Preprocessing...
processing finished
start to summarize...
Generating intra-procedural summaries...
Processing callees...
Validating......
Applying path checker with solver...
Constructing solving program...
Solver-aided path checker succeeded...
finish validate
Reporting......
Report generated!

finish report
===================================================
519  /  666 

CWE80_XSS__Servlet_database_51 

{'input_token_cost': 6850, 'output_token_cost': 677, 'analysis_result': {'TPs': 1, 'FPs': 0}, 'ground_truth': {'TPs': 1, 'FPs': 1}, 'single time cost': 8.924611806869507} 

===================================================


Start to analyze the case  520 out of  666
/scratch/local/w.nimit/1853/LLMDFA/benchmark/juliet-test-suite-XSS_simplified/CWE80_XSS/s01/CWE80_XSS__Servlet_database_52.java
Analyzing......
Preprocessing...
processing finished
start to summarize...
Generating intra-procedural summaries...
Processing callees...
Preprocessing...
processing finished
start to summarize...
Generating intra-procedural summaries...
Processing callees...
Preprocessing...
processing finished
start to summarize...
Generating intra-procedural summaries...
Processing callees...
Preprocessing...
processing finished
start to summarize...
Generating intra-procedural summaries...
Processing callees...
Preprocessing...
processing finished
start to summarize...
Generating intra-procedural summaries...
Processing callees...
Preprocessing...
processing finished
start to summarize...
Generating intra-procedural summaries...
Processing callees...
Preprocessing...
processing finished
start to summarize...
Generating intra-procedural summaries...
Processing callees...
Validating......
Applying path checker with solver...
Constructing solving program...
Solver-aided path checker succeeded...
finish validate
Reporting......
Report generated!

finish report
===================================================
520  /  666 

CWE80_XSS__Servlet_database_52 

{'input_token_cost': 16706, 'output_token_cost': 1514, 'analysis_result': {'TPs': 1, 'FPs': 0}, 'ground_truth': {'TPs': 1, 'FPs': 1}, 'single time cost': 19.60153841972351} 

===================================================


Start to analyze the case  521 out of  666
/scratch/local/w.nimit/1853/LLMDFA/benchmark/juliet-test-suite-XSS_simplified/CWE80_XSS/s01/CWE80_XSS__Servlet_database_53.java
Analyzing......
Preprocessing...
processing finished
start to summarize...
Generating intra-procedural summaries...
Processing callees...
Preprocessing...
processing finished
start to summarize...
Generating intra-procedural summaries...
Processing callees...
Preprocessing...
processing finished
start to summarize...
Generating intra-procedural summaries...
Processing callees...
Preprocessing...
processing finished
start to summarize...
Generating intra-procedural summaries...
Processing callees...
Preprocessing...
processing finished
start to summarize...
Generating intra-procedural summaries...
Processing callees...
Preprocessing...
processing finished
start to summarize...
Generating intra-procedural summaries...
Processing callees...
Preprocessing...
processing finished
start to summarize...
Generating intra-procedural summaries...
Processing callees...
Preprocessing...
processing finished
start to summarize...
Generating intra-procedural summaries...
Processing callees...
Preprocessing...
processing finished
start to summarize...
Generating intra-procedural summaries...
Processing callees...
Validating......
Applying path checker with solver...
Constructing solving program...
Solver-aided path checker succeeded...
finish validate
Reporting......
Report generated!

finish report
===================================================
521  /  666 

CWE80_XSS__Servlet_database_53 

{'input_token_cost': 25547, 'output_token_cost': 2218, 'analysis_result': {'TPs': 1, 'FPs': 0}, 'ground_truth': {'TPs': 1, 'FPs': 1}, 'single time cost': 28.69891047477722} 

===================================================


Start to analyze the case  522 out of  666
/scratch/local/w.nimit/1853/LLMDFA/benchmark/juliet-test-suite-XSS_simplified/CWE80_XSS/s01/CWE80_XSS__Servlet_database_54.java
Analyzing......
Preprocessing...
processing finished
start to summarize...
Generating intra-procedural summaries...
Processing callees...
Preprocessing...
processing finished
start to summarize...
Generating intra-procedural summaries...
Processing callees...
Preprocessing...
processing finished
start to summarize...
Generating intra-procedural summaries...
Processing callees...
Preprocessing...
processing finished
start to summarize...
Generating intra-procedural summaries...
Processing callees...
Preprocessing...
processing finished
start to summarize...
Generating intra-procedural summaries...
Processing callees...
Preprocessing...
processing finished
start to summarize...
Generating intra-procedural summaries...
Processing callees...
Preprocessing...
processing finished
start to summarize...
Generating intra-procedural summaries...
Processing callees...
Preprocessing...
processing finished
start to summarize...
Generating intra-procedural summaries...
Processing callees...
Preprocessing...
processing finished
start to summarize...
Generating intra-procedural summaries...
Processing callees...
Preprocessing...
processing finished
start to summarize...
Generating intra-procedural summaries...
Processing callees...
Preprocessing...
processing finished
start to summarize...
Generating intra-procedural summaries...
Processing callees...
Validating......
Applying path checker with solver...
Constructing solving program...
Solver-aided path checker succeeded...
finish validate
Reporting......
Report generated!

finish report
===================================================
522  /  666 

CWE80_XSS__Servlet_database_54 

{'input_token_cost': 34388, 'output_token_cost': 3021, 'analysis_result': {'TPs': 1, 'FPs': 0}, 'ground_truth': {'TPs': 1, 'FPs': 1}, 'single time cost': 39.10367798805237} 

===================================================


Start to analyze the case  523 out of  666
/scratch/local/w.nimit/1853/LLMDFA/benchmark/juliet-test-suite-XSS_simplified/CWE80_XSS/s01/CWE80_XSS__Servlet_database_61.java
Analyzing......
Preprocessing...
processing finished
start to summarize...
Generating intra-procedural summaries...
Processing callees...
Preprocessing...
processing finished
start to summarize...
Generating intra-procedural summaries...
Processing callees...
Preprocessing...
processing finished
start to summarize...
Generating intra-procedural summaries...
Processing callees...
Preprocessing...
processing finished
start to summarize...
Generating intra-procedural summaries...
Processing callees...
Preprocessing...
processing finished
start to summarize...
Generating intra-procedural summaries...
Processing callees...
Validating......
Applying path checker with solver...
Constructing solving program...
Solver-aided path checker succeeded...
finish validate
Reporting......
Report generated!

finish report
===================================================
523  /  666 

CWE80_XSS__Servlet_database_61 

{'input_token_cost': 8729, 'output_token_cost': 686, 'analysis_result': {'TPs': 1, 'FPs': 0}, 'ground_truth': {'TPs': 1, 'FPs': 1}, 'single time cost': 9.036720037460327} 

===================================================


Start to analyze the case  524 out of  666
/scratch/local/w.nimit/1853/LLMDFA/benchmark/juliet-test-suite-XSS_simplified/CWE80_XSS/s01/CWE80_XSS__Servlet_database_66.java
Analyzing......
Preprocessing...
processing finished
start to summarize...
Generating intra-procedural summaries...
Processing callees...
Preprocessing...
processing finished
start to summarize...
Generating intra-procedural summaries...
Processing callees...
Preprocessing...
processing finished
start to summarize...
Generating intra-procedural summaries...
Processing callees...
Preprocessing...
processing finished
start to summarize...
Generating intra-procedural summaries...
Processing callees...
Preprocessing...
processing finished
start to summarize...
Generating intra-procedural summaries...
Processing callees...
Validating......
Applying path checker with solver...
Constructing solving program...
Solver-aided path checker succeeded...
finish validate
Reporting......
Report generated!

finish report
===================================================
524  /  666 

CWE80_XSS__Servlet_database_66 

{'input_token_cost': 6947, 'output_token_cost': 703, 'analysis_result': {'TPs': 1, 'FPs': 0}, 'ground_truth': {'TPs': 1, 'FPs': 1}, 'single time cost': 9.149841070175171} 

===================================================


Start to analyze the case  525 out of  666
/scratch/local/w.nimit/1853/LLMDFA/benchmark/juliet-test-suite-XSS_simplified/CWE80_XSS/s01/CWE80_XSS__Servlet_database_67.java
Analyzing......
Preprocessing...
processing finished
start to summarize...
Generating intra-procedural summaries...
Processing callees...
Preprocessing...
processing finished
start to summarize...
Generating intra-procedural summaries...
Processing callees...
Preprocessing...
processing finished
start to summarize...
Generating intra-procedural summaries...
Processing callees...
Preprocessing...
processing finished
start to summarize...
Generating intra-procedural summaries...
Processing callees...
Preprocessing...
processing finished
start to summarize...
Generating intra-procedural summaries...
Processing callees...
Validating......
Applying path checker with solver...
Constructing solving program...
Solver-aided path checker succeeded...
finish validate
Reporting......
Report generated!

finish report
===================================================
525  /  666 

CWE80_XSS__Servlet_database_67 

{'input_token_cost': 6973, 'output_token_cost': 707, 'analysis_result': {'TPs': 1, 'FPs': 0}, 'ground_truth': {'TPs': 1, 'FPs': 1}, 'single time cost': 9.20222806930542} 

===================================================


Start to analyze the case  526 out of  666
/scratch/local/w.nimit/1853/LLMDFA/benchmark/juliet-test-suite-XSS_simplified/CWE80_XSS/s01/CWE80_XSS__Servlet_database_68.java
Analyzing......
Preprocessing...
processing finished
start to summarize...
Generating intra-procedural summaries...
Processing callees...
Preprocessing...
processing finished
start to summarize...
Generating intra-procedural summaries...
Processing callees...
Preprocessing...
processing finished
start to summarize...
Generating intra-procedural summaries...
Processing callees...
Preprocessing...
processing finished
start to summarize...
Generating intra-procedural summaries...
Processing callees...
Preprocessing...
processing finished
start to summarize...
Generating intra-procedural summaries...
Processing callees...
Validating......
Applying path checker with solver...
Constructing solving program...
Solver-aided path checker succeeded...
Applying path checker with solver...
Constructing solving program...
Solver-aided path checker succeeded...
finish validate
Reporting......
Report generated!

finish report
===================================================
526  /  666 

CWE80_XSS__Servlet_database_68 

{'input_token_cost': 9028, 'output_token_cost': 888, 'analysis_result': {'TPs': 1, 'FPs': 0}, 'ground_truth': {'TPs': 1, 'FPs': 1}, 'single time cost': 11.675227403640747} 

===================================================


Start to analyze the case  527 out of  666
/scratch/local/w.nimit/1853/LLMDFA/benchmark/juliet-test-suite-XSS_simplified/CWE80_XSS/s01/CWE80_XSS__Servlet_database_71.java
Analyzing......
Preprocessing...
processing finished
start to summarize...
Generating intra-procedural summaries...
Processing callees...
Preprocessing...
processing finished
start to summarize...
Generating intra-procedural summaries...
Processing callees...
Preprocessing...
processing finished
start to summarize...
Generating intra-procedural summaries...
Processing callees...
Preprocessing...
processing finished
start to summarize...
Generating intra-procedural summaries...
Processing callees...
Preprocessing...
processing finished
start to summarize...
Generating intra-procedural summaries...
Processing callees...
Validating......
Applying path checker with solver...
Constructing solving program...
Solver-aided path checker succeeded...
finish validate
Reporting......
Report generated!

finish report
===================================================
527  /  666 

CWE80_XSS__Servlet_database_71 

{'input_token_cost': 4422, 'output_token_cost': 444, 'analysis_result': {'TPs': 1, 'FPs': 0}, 'ground_truth': {'TPs': 1, 'FPs': 1}, 'single time cost': 5.848104238510132} 

===================================================


Start to analyze the case  528 out of  666
/scratch/local/w.nimit/1853/LLMDFA/benchmark/juliet-test-suite-XSS_simplified/CWE80_XSS/s01/CWE80_XSS__Servlet_database_72.java
Analyzing......
Preprocessing...
processing finished
start to summarize...
Generating intra-procedural summaries...
Processing callees...
Preprocessing...
processing finished
start to summarize...
Generating intra-procedural summaries...
Processing callees...
Preprocessing...
processing finished
start to summarize...
Generating intra-procedural summaries...
Processing callees...
Preprocessing...
processing finished
start to summarize...
Generating intra-procedural summaries...
Processing callees...
Preprocessing...
processing finished
start to summarize...
Generating intra-procedural summaries...
Processing callees...
Validating......
Applying path checker with solver...
Constructing solving program...
Solver-aided path checker succeeded...
finish validate
Reporting......
Report generated!

finish report
===================================================
528  /  666 

CWE80_XSS__Servlet_database_72 

{'input_token_cost': 8073, 'output_token_cost': 748, 'analysis_result': {'TPs': 1, 'FPs': 0}, 'ground_truth': {'TPs': 1, 'FPs': 1}, 'single time cost': 9.742768049240112} 

===================================================


Start to analyze the case  529 out of  666
/scratch/local/w.nimit/1853/LLMDFA/benchmark/juliet-test-suite-XSS_simplified/CWE80_XSS/s01/CWE80_XSS__Servlet_database_73.java
Analyzing......
Preprocessing...
processing finished
start to summarize...
Generating intra-procedural summaries...
Processing callees...
Preprocessing...
processing finished
start to summarize...
Generating intra-procedural summaries...
Processing callees...
Preprocessing...
processing finished
start to summarize...
Generating intra-procedural summaries...
Processing callees...
Preprocessing...
processing finished
start to summarize...
Generating intra-procedural summaries...
Processing callees...
Preprocessing...
processing finished
start to summarize...
Generating intra-procedural summaries...
Processing callees...
Validating......
Applying path checker with solver...
Constructing solving program...
Solver-aided path checker succeeded...
finish validate
Reporting......
Report generated!

finish report
===================================================
529  /  666 

CWE80_XSS__Servlet_database_73 

{'input_token_cost': 8070, 'output_token_cost': 975, 'analysis_result': {'TPs': 1, 'FPs': 0}, 'ground_truth': {'TPs': 1, 'FPs': 1}, 'single time cost': 12.661680221557617} 

===================================================


Start to analyze the case  530 out of  666
/scratch/local/w.nimit/1853/LLMDFA/benchmark/juliet-test-suite-XSS_simplified/CWE80_XSS/s01/CWE80_XSS__Servlet_database_74.java
Analyzing......
Preprocessing...
processing finished
start to summarize...
Generating intra-procedural summaries...
Processing callees...
Preprocessing...
processing finished
start to summarize...
Generating intra-procedural summaries...
Processing callees...
Preprocessing...
processing finished
start to summarize...
Generating intra-procedural summaries...
Processing callees...
Preprocessing...
processing finished
start to summarize...
Generating intra-procedural summaries...
Processing callees...
Preprocessing...
processing finished
start to summarize...
Generating intra-procedural summaries...
Processing callees...
Validating......
Applying path checker with solver...
Constructing solving program...
Solver-aided path checker succeeded...
Applying path checker with solver...
Constructing solving program...
Solver-aided path checker succeeded...
finish validate
Reporting......
Report generated!

finish report
===================================================
530  /  666 

CWE80_XSS__Servlet_database_74 

{'input_token_cost': 8606, 'output_token_cost': 938, 'analysis_result': {'TPs': 1, 'FPs': 0}, 'ground_truth': {'TPs': 1, 'FPs': 1}, 'single time cost': 12.3566312789917} 

===================================================


Start to analyze the case  531 out of  666
/scratch/local/w.nimit/1853/LLMDFA/benchmark/juliet-test-suite-XSS_simplified/CWE80_XSS/s01/CWE80_XSS__Servlet_database_75.java
Analyzing......
Preprocessing...
processing finished
start to summarize...
Generating intra-procedural summaries...
Processing callees...
Preprocessing...
processing finished
start to summarize...
Generating intra-procedural summaries...
Processing callees...
Preprocessing...
processing finished
start to summarize...
Generating intra-procedural summaries...
Processing callees...
Preprocessing...
processing finished
start to summarize...
Generating intra-procedural summaries...
Processing callees...
Preprocessing...
processing finished
start to summarize...
Generating intra-procedural summaries...
Processing callees...
Validating......
Applying path checker with solver...
Constructing solving program...
Solver-aided path checker succeeded...
Applying path checker with solver...
Constructing solving program...
Solver-aided path checker succeeded...
finish validate
Reporting......
Report generated!

finish report
===================================================
531  /  666 

CWE80_XSS__Servlet_database_75 

{'input_token_cost': 10504, 'output_token_cost': 1008, 'analysis_result': {'TPs': 1, 'FPs': 0}, 'ground_truth': {'TPs': 1, 'FPs': 1}, 'single time cost': 13.2324857711792} 

===================================================


Start to analyze the case  532 out of  666
/scratch/local/w.nimit/1853/LLMDFA/benchmark/juliet-test-suite-XSS_simplified/CWE80_XSS/s01/CWE80_XSS__Servlet_database_81.java
Analyzing......
Preprocessing...
processing finished
start to summarize...
Generating intra-procedural summaries...
Processing callees...
Preprocessing...
processing finished
start to summarize...
Generating intra-procedural summaries...
Processing callees...
Preprocessing...
processing finished
start to summarize...
Generating intra-procedural summaries...
Processing callees...
Preprocessing...
processing finished
start to summarize...
Generating intra-procedural summaries...
Processing callees...
Preprocessing...
processing finished
start to summarize...
Generating intra-procedural summaries...
Processing callees...
Validating......
Applying path checker with solver...
Constructing solving program...
Solver-aided path checker succeeded...
finish validate
Reporting......
Report generated!

finish report
===================================================
532  /  666 

CWE80_XSS__Servlet_database_81 

{'input_token_cost': 7851, 'output_token_cost': 696, 'analysis_result': {'TPs': 1, 'FPs': 0}, 'ground_truth': {'TPs': 1, 'FPs': 1}, 'single time cost': 9.104852437973022} 

===================================================


Start to analyze the case  533 out of  666
/scratch/local/w.nimit/1853/LLMDFA/benchmark/juliet-test-suite-XSS_simplified/CWE80_XSS/s01/CWE80_XSS__Servlet_getCookies_Servlet_22.java
Analyzing......
Preprocessing...
processing finished
start to summarize...
Generating intra-procedural summaries...
Processing callees...
Preprocessing...
processing finished
start to summarize...
Generating intra-procedural summaries...
Processing callees...
Preprocessing...
processing finished
start to summarize...
Generating intra-procedural summaries...
Processing callees...
Preprocessing...
processing finished
start to summarize...
Generating intra-procedural summaries...
Processing callees...
Preprocessing...
processing finished
start to summarize...
Generating intra-procedural summaries...
Processing callees...
Preprocessing...
processing finished
start to summarize...
Generating intra-procedural summaries...
Processing callees...
Preprocessing...
processing finished
start to summarize...
Generating intra-procedural summaries...
Processing callees...
Validating......
Applying path checker with solver...
Constructing solving program...
Constructing solving program...
Solver-aided path checker succeeded...
Applying path checker with solver...
Constructing solving program...
Solver-aided path checker succeeded...
Applying path checker with solver...
Constructing solving program...
Solver-aided path checker succeeded...
Applying path checker with solver...
Constructing solving program...
Solver-aided path checker succeeded...
finish validate
Reporting......
Report generated!

finish report
===================================================
533  /  666 

CWE80_XSS__Servlet_getCookies_Servlet_22 

{'input_token_cost': 23023, 'output_token_cost': 2678, 'analysis_result': {'TPs': 1, 'FPs': 2}, 'ground_truth': {'TPs': 1, 'FPs': 2}, 'single time cost': 34.98320746421814} 

===================================================


Start to analyze the case  534 out of  666
/scratch/local/w.nimit/1853/LLMDFA/benchmark/juliet-test-suite-XSS_simplified/CWE80_XSS/s01/CWE80_XSS__Servlet_getCookies_Servlet_51.java
Analyzing......
Preprocessing...
processing finished
start to summarize...
Generating intra-procedural summaries...
Processing callees...
Preprocessing...
processing finished
start to summarize...
Generating intra-procedural summaries...
Processing callees...
Preprocessing...
processing finished
start to summarize...
Generating intra-procedural summaries...
Processing callees...
Preprocessing...
processing finished
start to summarize...
Generating intra-procedural summaries...
Processing callees...
Preprocessing...
processing finished
start to summarize...
Generating intra-procedural summaries...
Processing callees...
Validating......
Applying path checker with solver...
Constructing solving program...
Solver-aided path checker succeeded...
finish validate
Reporting......
Report generated!

finish report
===================================================
534  /  666 

CWE80_XSS__Servlet_getCookies_Servlet_51 

{'input_token_cost': 5749, 'output_token_cost': 620, 'analysis_result': {'TPs': 1, 'FPs': 0}, 'ground_truth': {'TPs': 1, 'FPs': 1}, 'single time cost': 8.07233452796936} 

===================================================


Start to analyze the case  535 out of  666
/scratch/local/w.nimit/1853/LLMDFA/benchmark/juliet-test-suite-XSS_simplified/CWE80_XSS/s01/CWE80_XSS__Servlet_getCookies_Servlet_52.java
Analyzing......
Preprocessing...
processing finished
start to summarize...
Generating intra-procedural summaries...
Processing callees...
Preprocessing...
processing finished
start to summarize...
Generating intra-procedural summaries...
Processing callees...
Preprocessing...
processing finished
start to summarize...
Generating intra-procedural summaries...
Processing callees...
Preprocessing...
processing finished
start to summarize...
Generating intra-procedural summaries...
Processing callees...
Preprocessing...
processing finished
start to summarize...
Generating intra-procedural summaries...
Processing callees...
Preprocessing...
processing finished
start to summarize...
Generating intra-procedural summaries...
Processing callees...
Preprocessing...
processing finished
start to summarize...
Generating intra-procedural summaries...
Processing callees...
Validating......
Applying path checker with solver...
Constructing solving program...
Solver-aided path checker succeeded...
finish validate
Reporting......
Report generated!

finish report
===================================================
535  /  666 

CWE80_XSS__Servlet_getCookies_Servlet_52 

{'input_token_cost': 11679, 'output_token_cost': 1221, 'analysis_result': {'TPs': 1, 'FPs': 0}, 'ground_truth': {'TPs': 1, 'FPs': 1}, 'single time cost': 15.753979921340942} 

===================================================


Start to analyze the case  536 out of  666
/scratch/local/w.nimit/1853/LLMDFA/benchmark/juliet-test-suite-XSS_simplified/CWE80_XSS/s01/CWE80_XSS__Servlet_getCookies_Servlet_53.java
Analyzing......
Preprocessing...
processing finished
start to summarize...
Generating intra-procedural summaries...
Processing callees...
Preprocessing...
processing finished
start to summarize...
Generating intra-procedural summaries...
Processing callees...
Preprocessing...
processing finished
start to summarize...
Generating intra-procedural summaries...
Processing callees...
Preprocessing...
processing finished
start to summarize...
Generating intra-procedural summaries...
Processing callees...
Preprocessing...
processing finished
start to summarize...
Generating intra-procedural summaries...
Processing callees...
Preprocessing...
processing finished
start to summarize...
Generating intra-procedural summaries...
Processing callees...
Preprocessing...
processing finished
start to summarize...
Generating intra-procedural summaries...
Processing callees...
Preprocessing...
processing finished
start to summarize...
Generating intra-procedural summaries...
Processing callees...
Preprocessing...
processing finished
start to summarize...
Generating intra-procedural summaries...
Processing callees...
Validating......
Applying path checker with solver...
Constructing solving program...
Solver-aided path checker succeeded...
finish validate
Reporting......
Report generated!

finish report
===================================================
536  /  666 

CWE80_XSS__Servlet_getCookies_Servlet_53 

{'input_token_cost': 17609, 'output_token_cost': 1860, 'analysis_result': {'TPs': 1, 'FPs': 0}, 'ground_truth': {'TPs': 1, 'FPs': 1}, 'single time cost': 23.95915937423706} 

===================================================


Start to analyze the case  537 out of  666
/scratch/local/w.nimit/1853/LLMDFA/benchmark/juliet-test-suite-XSS_simplified/CWE80_XSS/s01/CWE80_XSS__Servlet_getCookies_Servlet_54.java
Analyzing......
Preprocessing...
processing finished
start to summarize...
Generating intra-procedural summaries...
Processing callees...
Preprocessing...
processing finished
start to summarize...
Generating intra-procedural summaries...
Processing callees...
Preprocessing...
processing finished
start to summarize...
Generating intra-procedural summaries...
Processing callees...
Preprocessing...
processing finished
start to summarize...
Generating intra-procedural summaries...
Processing callees...
Preprocessing...
processing finished
start to summarize...
Generating intra-procedural summaries...
Processing callees...
Preprocessing...
processing finished
start to summarize...
Generating intra-procedural summaries...
Processing callees...
Preprocessing...
processing finished
start to summarize...
Generating intra-procedural summaries...
Processing callees...
Preprocessing...
processing finished
start to summarize...
Generating intra-procedural summaries...
Processing callees...
Preprocessing...
processing finished
start to summarize...
Generating intra-procedural summaries...
Processing callees...
Preprocessing...
processing finished
start to summarize...
Generating intra-procedural summaries...
Processing callees...
Preprocessing...
processing finished
start to summarize...
Generating intra-procedural summaries...
Processing callees...
Validating......
Applying path checker with solver...
Constructing solving program...
Solver-aided path checker succeeded...
finish validate
Reporting......
Report generated!

finish report
===================================================
537  /  666 

CWE80_XSS__Servlet_getCookies_Servlet_54 

{'input_token_cost': 23539, 'output_token_cost': 2479, 'analysis_result': {'TPs': 1, 'FPs': 0}, 'ground_truth': {'TPs': 1, 'FPs': 1}, 'single time cost': 32.15013265609741} 

===================================================


Start to analyze the case  538 out of  666
/scratch/local/w.nimit/1853/LLMDFA/benchmark/juliet-test-suite-XSS_simplified/CWE80_XSS/s01/CWE80_XSS__Servlet_getCookies_Servlet_61.java
Analyzing......
Preprocessing...
processing finished
start to summarize...
Generating intra-procedural summaries...
Processing callees...
Preprocessing...
processing finished
start to summarize...
Generating intra-procedural summaries...
Processing callees...
Preprocessing...
processing finished
start to summarize...
Generating intra-procedural summaries...
Processing callees...
Preprocessing...
processing finished
start to summarize...
Generating intra-procedural summaries...
Processing callees...
Preprocessing...
processing finished
start to summarize...
Generating intra-procedural summaries...
Processing callees...
Validating......
Applying path checker with solver...
Constructing solving program...
Solver-aided path checker succeeded...
Applying path checker with solver...
Constructing solving program...
Solver-aided path checker succeeded...
Applying path checker with solver...
Constructing solving program...
Solver-aided path checker succeeded...
finish validate
Reporting......
Report generated!

finish report
===================================================
538  /  666 

CWE80_XSS__Servlet_getCookies_Servlet_61 

{'input_token_cost': 10790, 'output_token_cost': 1090, 'analysis_result': {'TPs': 2, 'FPs': 1}, 'ground_truth': {'TPs': 1, 'FPs': 1}, 'single time cost': 14.400081634521484} 

===================================================


Start to analyze the case  539 out of  666
/scratch/local/w.nimit/1853/LLMDFA/benchmark/juliet-test-suite-XSS_simplified/CWE80_XSS/s01/CWE80_XSS__Servlet_getCookies_Servlet_66.java
Analyzing......
Preprocessing...
processing finished
start to summarize...
Generating intra-procedural summaries...
Processing callees...
Preprocessing...
processing finished
start to summarize...
Generating intra-procedural summaries...
Processing callees...
Preprocessing...
processing finished
start to summarize...
Generating intra-procedural summaries...
Processing callees...
Preprocessing...
processing finished
start to summarize...
Generating intra-procedural summaries...
Processing callees...
Preprocessing...
processing finished
start to summarize...
Generating intra-procedural summaries...
Processing callees...
Validating......
Applying path checker with solver...
Constructing solving program...
Solver-aided path checker succeeded...
Applying path checker with solver...
Constructing solving program...
Solver-aided path checker succeeded...
finish validate
Reporting......
Report generated!

finish report
===================================================
539  /  666 

CWE80_XSS__Servlet_getCookies_Servlet_66 

{'input_token_cost': 7405, 'output_token_cost': 999, 'analysis_result': {'TPs': 1, 'FPs': 0}, 'ground_truth': {'TPs': 1, 'FPs': 1}, 'single time cost': 13.040137529373169} 

===================================================


Start to analyze the case  540 out of  666
/scratch/local/w.nimit/1853/LLMDFA/benchmark/juliet-test-suite-XSS_simplified/CWE80_XSS/s01/CWE80_XSS__Servlet_getCookies_Servlet_67.java
Analyzing......
Preprocessing...
processing finished
start to summarize...
Generating intra-procedural summaries...
Processing callees...
Preprocessing...
processing finished
start to summarize...
Generating intra-procedural summaries...
Processing callees...
Preprocessing...
processing finished
start to summarize...
Generating intra-procedural summaries...
Processing callees...
Preprocessing...
processing finished
start to summarize...
Generating intra-procedural summaries...
Processing callees...
Preprocessing...
processing finished
start to summarize...
Generating intra-procedural summaries...
Processing callees...
Validating......
Applying path checker with solver...
Constructing solving program...
Solver-aided path checker succeeded...
Applying path checker with solver...
Constructing solving program...
Solver-aided path checker succeeded...
finish validate
Reporting......
Report generated!

finish report
===================================================
540  /  666 

CWE80_XSS__Servlet_getCookies_Servlet_67 

{'input_token_cost': 6408, 'output_token_cost': 886, 'analysis_result': {'TPs': 1, 'FPs': 0}, 'ground_truth': {'TPs': 1, 'FPs': 1}, 'single time cost': 11.560539722442627} 

===================================================


Start to analyze the case  541 out of  666
/scratch/local/w.nimit/1853/LLMDFA/benchmark/juliet-test-suite-XSS_simplified/CWE80_XSS/s01/CWE80_XSS__Servlet_getCookies_Servlet_68.java
Analyzing......
Preprocessing...
processing finished
start to summarize...
Generating intra-procedural summaries...
Processing callees...
Preprocessing...
processing finished
start to summarize...
Generating intra-procedural summaries...
Processing callees...
Preprocessing...
processing finished
start to summarize...
Generating intra-procedural summaries...
Processing callees...
Preprocessing...
processing finished
start to summarize...
Generating intra-procedural summaries...
Processing callees...
Preprocessing...
processing finished
start to summarize...
Generating intra-procedural summaries...
Processing callees...
Validating......
Applying path checker with solver...
Constructing solving program...
Solver-aided path checker succeeded...
Applying path checker with solver...
Constructing solving program...
Solver-aided path checker succeeded...
Applying path checker with solver...
Constructing solving program...
Constructing solving program...
Solver-aided path checker succeeded...
Applying path checker with solver...
Constructing solving program...
Solver-aided path checker succeeded...
finish validate
Reporting......
Report generated!

finish report
===================================================
541  /  666 

CWE80_XSS__Servlet_getCookies_Servlet_68 

{'input_token_cost': 12486, 'output_token_cost': 1535, 'analysis_result': {'TPs': 2, 'FPs': 1}, 'ground_truth': {'TPs': 1, 'FPs': 1}, 'single time cost': 20.415238857269287} 

===================================================


Start to analyze the case  542 out of  666
/scratch/local/w.nimit/1853/LLMDFA/benchmark/juliet-test-suite-XSS_simplified/CWE80_XSS/s01/CWE80_XSS__Servlet_getCookies_Servlet_71.java
Analyzing......
Preprocessing...
processing finished
start to summarize...
Generating intra-procedural summaries...
Processing callees...
Preprocessing...
processing finished
start to summarize...
Generating intra-procedural summaries...
Processing callees...
Preprocessing...
processing finished
start to summarize...
Generating intra-procedural summaries...
Processing callees...
Preprocessing...
processing finished
start to summarize...
Generating intra-procedural summaries...
Processing callees...
Preprocessing...
processing finished
start to summarize...
Generating intra-procedural summaries...
Processing callees...
Validating......
Applying path checker with solver...
Constructing solving program...
Solver-aided path checker succeeded...
finish validate
Reporting......
Report generated!

finish report
===================================================
542  /  666 

CWE80_XSS__Servlet_getCookies_Servlet_71 

{'input_token_cost': 3688, 'output_token_cost': 436, 'analysis_result': {'TPs': 1, 'FPs': 0}, 'ground_truth': {'TPs': 1, 'FPs': 1}, 'single time cost': 5.714128732681274} 

===================================================


Start to analyze the case  543 out of  666
/scratch/local/w.nimit/1853/LLMDFA/benchmark/juliet-test-suite-XSS_simplified/CWE80_XSS/s01/CWE80_XSS__Servlet_getCookies_Servlet_72.java
Analyzing......
Preprocessing...
processing finished
start to summarize...
Generating intra-procedural summaries...
Processing callees...
Preprocessing...
processing finished
start to summarize...
Generating intra-procedural summaries...
Processing callees...
Preprocessing...
processing finished
start to summarize...
Generating intra-procedural summaries...
Processing callees...
Preprocessing...
processing finished
start to summarize...
Generating intra-procedural summaries...
Processing callees...
Preprocessing...
processing finished
start to summarize...
Generating intra-procedural summaries...
Processing callees...
Validating......
Applying path checker with solver...
Constructing solving program...
Solver-aided path checker succeeded...
finish validate
Reporting......
Report generated!

finish report
===================================================
543  /  666 

CWE80_XSS__Servlet_getCookies_Servlet_72 

{'input_token_cost': 5942, 'output_token_cost': 662, 'analysis_result': {'TPs': 1, 'FPs': 0}, 'ground_truth': {'TPs': 1, 'FPs': 1}, 'single time cost': 8.630901098251343} 

===================================================


Start to analyze the case  544 out of  666
/scratch/local/w.nimit/1853/LLMDFA/benchmark/juliet-test-suite-XSS_simplified/CWE80_XSS/s01/CWE80_XSS__Servlet_getCookies_Servlet_73.java
Analyzing......
Preprocessing...
processing finished
start to summarize...
Generating intra-procedural summaries...
Processing callees...
Preprocessing...
processing finished
start to summarize...
Generating intra-procedural summaries...
Processing callees...
Preprocessing...
processing finished
start to summarize...
Generating intra-procedural summaries...
Processing callees...
Preprocessing...
processing finished
start to summarize...
Generating intra-procedural summaries...
Processing callees...
Preprocessing...
processing finished
start to summarize...
Generating intra-procedural summaries...
Processing callees...
Validating......
Applying path checker with solver...
Constructing solving program...
Solver-aided path checker succeeded...
finish validate
Reporting......
Report generated!

finish report
===================================================
544  /  666 

CWE80_XSS__Servlet_getCookies_Servlet_73 

{'input_token_cost': 5938, 'output_token_cost': 701, 'analysis_result': {'TPs': 1, 'FPs': 0}, 'ground_truth': {'TPs': 1, 'FPs': 1}, 'single time cost': 9.062921285629272} 

===================================================


Start to analyze the case  545 out of  666
/scratch/local/w.nimit/1853/LLMDFA/benchmark/juliet-test-suite-XSS_simplified/CWE80_XSS/s01/CWE80_XSS__Servlet_getCookies_Servlet_74.java
Analyzing......
Preprocessing...
processing finished
start to summarize...
Generating intra-procedural summaries...
Processing callees...
Preprocessing...
processing finished
start to summarize...
Generating intra-procedural summaries...
Processing callees...
Preprocessing...
processing finished
start to summarize...
Generating intra-procedural summaries...
Processing callees...
Preprocessing...
processing finished
start to summarize...
Generating intra-procedural summaries...
Processing callees...
Preprocessing...
processing finished
start to summarize...
Generating intra-procedural summaries...
Processing callees...
Validating......
Applying path checker with solver...
Constructing solving program...
Solver-aided path checker succeeded...
Applying path checker with solver...
Constructing solving program...
Solver-aided path checker succeeded...
finish validate
Reporting......
Report generated!

finish report
===================================================
545  /  666 

CWE80_XSS__Servlet_getCookies_Servlet_74 

{'input_token_cost': 6476, 'output_token_cost': 748, 'analysis_result': {'TPs': 1, 'FPs': 0}, 'ground_truth': {'TPs': 1, 'FPs': 1}, 'single time cost': 9.818724870681763} 

===================================================


Start to analyze the case  546 out of  666
/scratch/local/w.nimit/1853/LLMDFA/benchmark/juliet-test-suite-XSS_simplified/CWE80_XSS/s01/CWE80_XSS__Servlet_getCookies_Servlet_75.java
Analyzing......
Preprocessing...
processing finished
start to summarize...
Generating intra-procedural summaries...
Processing callees...
Preprocessing...
processing finished
start to summarize...
Generating intra-procedural summaries...
Processing callees...
Preprocessing...
processing finished
start to summarize...
Generating intra-procedural summaries...
Processing callees...
Preprocessing...
processing finished
start to summarize...
Generating intra-procedural summaries...
Processing callees...
Preprocessing...
processing finished
start to summarize...
Generating intra-procedural summaries...
Processing callees...
Validating......
Applying path checker with solver...
Constructing solving program...
Solver-aided path checker succeeded...
finish validate
Reporting......
Report generated!

finish report
===================================================
546  /  666 

CWE80_XSS__Servlet_getCookies_Servlet_75 

{'input_token_cost': 6077, 'output_token_cost': 654, 'analysis_result': {'TPs': 1, 'FPs': 0}, 'ground_truth': {'TPs': 1, 'FPs': 1}, 'single time cost': 8.547189950942993} 

===================================================


Start to analyze the case  547 out of  666
/scratch/local/w.nimit/1853/LLMDFA/benchmark/juliet-test-suite-XSS_simplified/CWE80_XSS/s01/CWE80_XSS__Servlet_getCookies_Servlet_81.java
Analyzing......
Preprocessing...
processing finished
start to summarize...
Generating intra-procedural summaries...
Processing callees...
Preprocessing...
processing finished
start to summarize...
Generating intra-procedural summaries...
Processing callees...
Preprocessing...
processing finished
start to summarize...
Generating intra-procedural summaries...
Processing callees...
Preprocessing...
processing finished
start to summarize...
Generating intra-procedural summaries...
Processing callees...
Preprocessing...
processing finished
start to summarize...
Generating intra-procedural summaries...
Processing callees...
Validating......
Applying path checker with solver...
Constructing solving program...
Solver-aided path checker succeeded...
finish validate
Reporting......
Report generated!

finish report
===================================================
547  /  666 

CWE80_XSS__Servlet_getCookies_Servlet_81 

{'input_token_cost': 5737, 'output_token_cost': 646, 'analysis_result': {'TPs': 1, 'FPs': 0}, 'ground_truth': {'TPs': 1, 'FPs': 1}, 'single time cost': 8.428194522857666} 

===================================================


Start to analyze the case  548 out of  666
/scratch/local/w.nimit/1853/LLMDFA/benchmark/juliet-test-suite-XSS_simplified/CWE80_XSS/s01/CWE80_XSS__Servlet_getParameter_Servlet_22.java
Analyzing......
Preprocessing...
processing finished
start to summarize...
Generating intra-procedural summaries...
Processing callees...
Preprocessing...
processing finished
start to summarize...
Generating intra-procedural summaries...
Processing callees...
Preprocessing...
processing finished
start to summarize...
Generating intra-procedural summaries...
Processing callees...
Preprocessing...
processing finished
start to summarize...
Generating intra-procedural summaries...
Processing callees...
Preprocessing...
processing finished
start to summarize...
Generating intra-procedural summaries...
Processing callees...
Preprocessing...
processing finished
start to summarize...
Generating intra-procedural summaries...
Processing callees...
Preprocessing...
processing finished
start to summarize...
Generating intra-procedural summaries...
Processing callees...
Validating......
Applying path checker with solver...
Constructing solving program...
Constructing solving program...
Solver-aided path checker succeeded...
Applying path checker with solver...
Constructing solving program...
Solver-aided path checker succeeded...
Applying path checker with solver...
Constructing solving program...
Solver-aided path checker succeeded...
Applying path checker with solver...
Constructing solving program...
Solver-aided path checker succeeded...
finish validate
Reporting......
Report generated!

finish report
===================================================
548  /  666 

CWE80_XSS__Servlet_getParameter_Servlet_22 

{'input_token_cost': 22846, 'output_token_cost': 2774, 'analysis_result': {'TPs': 1, 'FPs': 2}, 'ground_truth': {'TPs': 1, 'FPs': 2}, 'single time cost': 36.456523418426514} 

===================================================


Start to analyze the case  549 out of  666
/scratch/local/w.nimit/1853/LLMDFA/benchmark/juliet-test-suite-XSS_simplified/CWE80_XSS/s01/CWE80_XSS__Servlet_getParameter_Servlet_51.java
Analyzing......
Preprocessing...
processing finished
start to summarize...
Generating intra-procedural summaries...
Processing callees...
Preprocessing...
processing finished
start to summarize...
Generating intra-procedural summaries...
Processing callees...
Preprocessing...
processing finished
start to summarize...
Generating intra-procedural summaries...
Processing callees...
Preprocessing...
processing finished
start to summarize...
Generating intra-procedural summaries...
Processing callees...
Preprocessing...
processing finished
start to summarize...
Generating intra-procedural summaries...
Processing callees...
Validating......
Applying path checker with solver...
Constructing solving program...
Solver-aided path checker succeeded...
Applying path checker with solver...
Constructing solving program...
Solver-aided path checker succeeded...
finish validate
Reporting......
Report generated!

finish report
===================================================
549  /  666 

CWE80_XSS__Servlet_getParameter_Servlet_51 

{'input_token_cost': 6079, 'output_token_cost': 875, 'analysis_result': {'TPs': 1, 'FPs': 0}, 'ground_truth': {'TPs': 1, 'FPs': 1}, 'single time cost': 11.43476414680481} 

===================================================


Start to analyze the case  550 out of  666
/scratch/local/w.nimit/1853/LLMDFA/benchmark/juliet-test-suite-XSS_simplified/CWE80_XSS/s01/CWE80_XSS__Servlet_getParameter_Servlet_52.java
Analyzing......
Preprocessing...
processing finished
start to summarize...
Generating intra-procedural summaries...
Processing callees...
Preprocessing...
processing finished
start to summarize...
Generating intra-procedural summaries...
Processing callees...
Preprocessing...
processing finished
start to summarize...
Generating intra-procedural summaries...
Processing callees...
Preprocessing...
processing finished
start to summarize...
Generating intra-procedural summaries...
Processing callees...
Preprocessing...
processing finished
start to summarize...
Generating intra-procedural summaries...
Processing callees...
Preprocessing...
processing finished
start to summarize...
Generating intra-procedural summaries...
Processing callees...
Preprocessing...
processing finished
start to summarize...
Generating intra-procedural summaries...
Processing callees...
Validating......
Applying path checker with solver...
Constructing solving program...
Solver-aided path checker succeeded...
Applying path checker with solver...
Constructing solving program...
Solver-aided path checker succeeded...
finish validate
Reporting......
Report generated!

finish report
===================================================
550  /  666 

CWE80_XSS__Servlet_getParameter_Servlet_52 

{'input_token_cost': 12009, 'output_token_cost': 1309, 'analysis_result': {'TPs': 1, 'FPs': 0}, 'ground_truth': {'TPs': 1, 'FPs': 1}, 'single time cost': 17.131455421447754} 

===================================================


Start to analyze the case  551 out of  666
/scratch/local/w.nimit/1853/LLMDFA/benchmark/juliet-test-suite-XSS_simplified/CWE80_XSS/s01/CWE80_XSS__Servlet_getParameter_Servlet_53.java
Analyzing......
Preprocessing...
processing finished
start to summarize...
Generating intra-procedural summaries...
Processing callees...
Preprocessing...
processing finished
start to summarize...
Generating intra-procedural summaries...
Processing callees...
Preprocessing...
processing finished
start to summarize...
Generating intra-procedural summaries...
Processing callees...
Preprocessing...
processing finished
start to summarize...
Generating intra-procedural summaries...
Processing callees...
Preprocessing...
processing finished
start to summarize...
Generating intra-procedural summaries...
Processing callees...
Preprocessing...
processing finished
start to summarize...
Generating intra-procedural summaries...
Processing callees...
Preprocessing...
processing finished
start to summarize...
Generating intra-procedural summaries...
Processing callees...
Preprocessing...
processing finished
start to summarize...
Generating intra-procedural summaries...
Processing callees...
Preprocessing...
processing finished
start to summarize...
Generating intra-procedural summaries...
Processing callees...
Validating......
Applying path checker with solver...
Constructing solving program...
Solver-aided path checker succeeded...
Applying path checker with solver...
Constructing solving program...
Solver-aided path checker succeeded...
finish validate
Reporting......
Report generated!

finish report
===================================================
551  /  666 

CWE80_XSS__Servlet_getParameter_Servlet_53 

{'input_token_cost': 17939, 'output_token_cost': 1915, 'analysis_result': {'TPs': 1, 'FPs': 0}, 'ground_truth': {'TPs': 1, 'FPs': 1}, 'single time cost': 25.017311334609985} 

===================================================


Start to analyze the case  552 out of  666
/scratch/local/w.nimit/1853/LLMDFA/benchmark/juliet-test-suite-XSS_simplified/CWE80_XSS/s01/CWE80_XSS__Servlet_getParameter_Servlet_54.java
Analyzing......
Preprocessing...
processing finished
start to summarize...
Generating intra-procedural summaries...
Processing callees...
Preprocessing...
processing finished
start to summarize...
Generating intra-procedural summaries...
Processing callees...
Preprocessing...
processing finished
start to summarize...
Generating intra-procedural summaries...
Processing callees...
Preprocessing...
processing finished
start to summarize...
Generating intra-procedural summaries...
Processing callees...
Preprocessing...
processing finished
start to summarize...
Generating intra-procedural summaries...
Processing callees...
Preprocessing...
processing finished
start to summarize...
Generating intra-procedural summaries...
Processing callees...
Preprocessing...
processing finished
start to summarize...
Generating intra-procedural summaries...
Processing callees...
Preprocessing...
processing finished
start to summarize...
Generating intra-procedural summaries...
Processing callees...
Preprocessing...
processing finished
start to summarize...
Generating intra-procedural summaries...
Processing callees...
Preprocessing...
processing finished
start to summarize...
Generating intra-procedural summaries...
Processing callees...
Preprocessing...
processing finished
start to summarize...
Generating intra-procedural summaries...
Processing callees...
Validating......
Applying path checker with solver...
Constructing solving program...
Solver-aided path checker succeeded...
Applying path checker with solver...
Constructing solving program...
Solver-aided path checker succeeded...
finish validate
Reporting......
Report generated!

finish report
===================================================
552  /  666 

CWE80_XSS__Servlet_getParameter_Servlet_54 

{'input_token_cost': 23869, 'output_token_cost': 2572, 'analysis_result': {'TPs': 1, 'FPs': 0}, 'ground_truth': {'TPs': 1, 'FPs': 1}, 'single time cost': 33.245758056640625} 

===================================================


Start to analyze the case  553 out of  666
/scratch/local/w.nimit/1853/LLMDFA/benchmark/juliet-test-suite-XSS_simplified/CWE80_XSS/s01/CWE80_XSS__Servlet_getParameter_Servlet_61.java
Analyzing......
Preprocessing...
processing finished
start to summarize...
Generating intra-procedural summaries...
Processing callees...
Preprocessing...
processing finished
start to summarize...
Generating intra-procedural summaries...
Processing callees...
Preprocessing...
processing finished
start to summarize...
Generating intra-procedural summaries...
Processing callees...
Preprocessing...
processing finished
start to summarize...
Generating intra-procedural summaries...
Processing callees...
Preprocessing...
processing finished
start to summarize...
Generating intra-procedural summaries...
Processing callees...
Validating......
Applying path checker with solver...
Constructing solving program...
Solver-aided path checker succeeded...
Applying path checker with solver...
Constructing solving program...
Solver-aided path checker succeeded...
Applying path checker with solver...
Constructing solving program...
Solver-aided path checker succeeded...
finish validate
Reporting......
Report generated!

finish report
===================================================
553  /  666 

CWE80_XSS__Servlet_getParameter_Servlet_61 

{'input_token_cost': 10616, 'output_token_cost': 1043, 'analysis_result': {'TPs': 2, 'FPs': 1}, 'ground_truth': {'TPs': 1, 'FPs': 1}, 'single time cost': 13.777985334396362} 

===================================================


Start to analyze the case  554 out of  666
/scratch/local/w.nimit/1853/LLMDFA/benchmark/juliet-test-suite-XSS_simplified/CWE80_XSS/s01/CWE80_XSS__Servlet_getParameter_Servlet_66.java
Analyzing......
Preprocessing...
processing finished
start to summarize...
Generating intra-procedural summaries...
Processing callees...
Preprocessing...
processing finished
start to summarize...
Generating intra-procedural summaries...
Processing callees...
Preprocessing...
processing finished
start to summarize...
Generating intra-procedural summaries...
Processing callees...
Preprocessing...
processing finished
start to summarize...
Generating intra-procedural summaries...
Processing callees...
Preprocessing...
processing finished
start to summarize...
Generating intra-procedural summaries...
Processing callees...
Validating......
Applying path checker with solver...
Constructing solving program...
Solver-aided path checker succeeded...
finish validate
Reporting......
Report generated!

finish report
===================================================
554  /  666 

CWE80_XSS__Servlet_getParameter_Servlet_66 

{'input_token_cost': 5648, 'output_token_cost': 843, 'analysis_result': {'TPs': 1, 'FPs': 0}, 'ground_truth': {'TPs': 1, 'FPs': 1}, 'single time cost': 10.865917205810547} 

===================================================


Start to analyze the case  555 out of  666
/scratch/local/w.nimit/1853/LLMDFA/benchmark/juliet-test-suite-XSS_simplified/CWE80_XSS/s01/CWE80_XSS__Servlet_getParameter_Servlet_67.java
Analyzing......
Preprocessing...
processing finished
start to summarize...
Generating intra-procedural summaries...
Processing callees...
Preprocessing...
processing finished
start to summarize...
Generating intra-procedural summaries...
Processing callees...
Preprocessing...
processing finished
start to summarize...
Generating intra-procedural summaries...
Processing callees...
Preprocessing...
processing finished
start to summarize...
Generating intra-procedural summaries...
Processing callees...
Preprocessing...
processing finished
start to summarize...
Generating intra-procedural summaries...
Processing callees...
Validating......
Applying path checker with solver...
Constructing solving program...
Solver-aided path checker succeeded...
Applying path checker with solver...
Constructing solving program...
Solver-aided path checker succeeded...
finish validate
Reporting......
Report generated!

finish report
===================================================
555  /  666 

CWE80_XSS__Servlet_getParameter_Servlet_67 

{'input_token_cost': 6210, 'output_token_cost': 729, 'analysis_result': {'TPs': 1, 'FPs': 0}, 'ground_truth': {'TPs': 1, 'FPs': 1}, 'single time cost': 9.69153118133545} 

===================================================


Start to analyze the case  556 out of  666
/scratch/local/w.nimit/1853/LLMDFA/benchmark/juliet-test-suite-XSS_simplified/CWE80_XSS/s01/CWE80_XSS__Servlet_getParameter_Servlet_68.java
Analyzing......
Preprocessing...
processing finished
start to summarize...
Generating intra-procedural summaries...
Processing callees...
Preprocessing...
processing finished
start to summarize...
Generating intra-procedural summaries...
Processing callees...
Preprocessing...
processing finished
start to summarize...
Generating intra-procedural summaries...
Processing callees...
Preprocessing...
processing finished
start to summarize...
Generating intra-procedural summaries...
Processing callees...
Preprocessing...
processing finished
start to summarize...
Generating intra-procedural summaries...
Processing callees...
Validating......
Applying path checker with solver...
Constructing solving program...
Solver-aided path checker succeeded...
Applying path checker with solver...
Constructing solving program...
Solver-aided path checker succeeded...
Applying path checker with solver...
Constructing solving program...
Solver-aided path checker succeeded...
Applying path checker with solver...
Constructing solving program...
Solver-aided path checker succeeded...
finish validate
Reporting......
Report generated!

finish report
===================================================
556  /  666 

CWE80_XSS__Servlet_getParameter_Servlet_68 

{'input_token_cost': 10718, 'output_token_cost': 1318, 'analysis_result': {'TPs': 2, 'FPs': 1}, 'ground_truth': {'TPs': 1, 'FPs': 1}, 'single time cost': 17.51081871986389} 

===================================================


Start to analyze the case  557 out of  666
/scratch/local/w.nimit/1853/LLMDFA/benchmark/juliet-test-suite-XSS_simplified/CWE80_XSS/s01/CWE80_XSS__Servlet_getParameter_Servlet_71.java
Analyzing......
Preprocessing...
processing finished
start to summarize...
Generating intra-procedural summaries...
Processing callees...
Preprocessing...
processing finished
start to summarize...
Generating intra-procedural summaries...
Processing callees...
Preprocessing...
processing finished
start to summarize...
Generating intra-procedural summaries...
Processing callees...
Preprocessing...
processing finished
start to summarize...
Generating intra-procedural summaries...
Processing callees...
Preprocessing...
processing finished
start to summarize...
Generating intra-procedural summaries...
Processing callees...
Validating......
Applying path checker with solver...
Constructing solving program...
Solver-aided path checker succeeded...
Applying path checker with solver...
Constructing solving program...
Solver-aided path checker succeeded...
finish validate
Reporting......
Report generated!

finish report
===================================================
557  /  666 

CWE80_XSS__Servlet_getParameter_Servlet_71 

{'input_token_cost': 5114, 'output_token_cost': 802, 'analysis_result': {'TPs': 1, 'FPs': 0}, 'ground_truth': {'TPs': 1, 'FPs': 1}, 'single time cost': 10.470295429229736} 

===================================================


Start to analyze the case  558 out of  666
/scratch/local/w.nimit/1853/LLMDFA/benchmark/juliet-test-suite-XSS_simplified/CWE80_XSS/s01/CWE80_XSS__Servlet_getParameter_Servlet_72.java
Analyzing......
Preprocessing...
processing finished
start to summarize...
Generating intra-procedural summaries...
Processing callees...
Preprocessing...
processing finished
start to summarize...
Generating intra-procedural summaries...
Processing callees...
Preprocessing...
processing finished
start to summarize...
Generating intra-procedural summaries...
Processing callees...
Preprocessing...
processing finished
start to summarize...
Generating intra-procedural summaries...
Processing callees...
Preprocessing...
processing finished
start to summarize...
Generating intra-procedural summaries...
Processing callees...
Validating......
Applying path checker with solver...
Constructing solving program...
Solver-aided path checker succeeded...
Applying path checker with solver...
Constructing solving program...
Solver-aided path checker succeeded...
finish validate
Reporting......
Report generated!

finish report
===================================================
558  /  666 

CWE80_XSS__Servlet_getParameter_Servlet_72 

{'input_token_cost': 6274, 'output_token_cost': 823, 'analysis_result': {'TPs': 1, 'FPs': 0}, 'ground_truth': {'TPs': 1, 'FPs': 1}, 'single time cost': 10.786422491073608} 

===================================================


Start to analyze the case  559 out of  666
/scratch/local/w.nimit/1853/LLMDFA/benchmark/juliet-test-suite-XSS_simplified/CWE80_XSS/s01/CWE80_XSS__Servlet_getParameter_Servlet_73.java
Analyzing......
Preprocessing...
processing finished
start to summarize...
Generating intra-procedural summaries...
Processing callees...
Preprocessing...
processing finished
start to summarize...
Generating intra-procedural summaries...
Processing callees...
Preprocessing...
processing finished
start to summarize...
Generating intra-procedural summaries...
Processing callees...
Preprocessing...
processing finished
start to summarize...
Generating intra-procedural summaries...
Processing callees...
Preprocessing...
processing finished
start to summarize...
Generating intra-procedural summaries...
Processing callees...
Validating......
Applying path checker with solver...
Constructing solving program...
Solver-aided path checker succeeded...
finish validate
Reporting......
Report generated!

finish report
===================================================
559  /  666 

CWE80_XSS__Servlet_getParameter_Servlet_73 

{'input_token_cost': 5740, 'output_token_cost': 813, 'analysis_result': {'TPs': 1, 'FPs': 0}, 'ground_truth': {'TPs': 1, 'FPs': 1}, 'single time cost': 10.498234987258911} 

===================================================


Start to analyze the case  560 out of  666
/scratch/local/w.nimit/1853/LLMDFA/benchmark/juliet-test-suite-XSS_simplified/CWE80_XSS/s01/CWE80_XSS__Servlet_getParameter_Servlet_74.java
Analyzing......
Preprocessing...
processing finished
start to summarize...
Generating intra-procedural summaries...
Processing callees...
Preprocessing...
processing finished
start to summarize...
Generating intra-procedural summaries...
Processing callees...
Preprocessing...
processing finished
start to summarize...
Generating intra-procedural summaries...
Processing callees...
Preprocessing...
processing finished
start to summarize...
Generating intra-procedural summaries...
Processing callees...
Preprocessing...
processing finished
start to summarize...
Generating intra-procedural summaries...
Processing callees...
Validating......
Applying path checker with solver...
Constructing solving program...
Solver-aided path checker succeeded...
finish validate
Reporting......
Report generated!

finish report
===================================================
560  /  666 

CWE80_XSS__Servlet_getParameter_Servlet_74 

{'input_token_cost': 5748, 'output_token_cost': 766, 'analysis_result': {'TPs': 1, 'FPs': 0}, 'ground_truth': {'TPs': 1, 'FPs': 1}, 'single time cost': 9.95749044418335} 

===================================================


Start to analyze the case  561 out of  666
/scratch/local/w.nimit/1853/LLMDFA/benchmark/juliet-test-suite-XSS_simplified/CWE80_XSS/s01/CWE80_XSS__Servlet_getParameter_Servlet_75.java
Analyzing......
Preprocessing...
processing finished
start to summarize...
Generating intra-procedural summaries...
Processing callees...
Preprocessing...
processing finished
start to summarize...
Generating intra-procedural summaries...
Processing callees...
Preprocessing...
processing finished
start to summarize...
Generating intra-procedural summaries...
Processing callees...
Preprocessing...
processing finished
start to summarize...
Generating intra-procedural summaries...
Processing callees...
Preprocessing...
processing finished
start to summarize...
Generating intra-procedural summaries...
Processing callees...
Validating......
Applying path checker with solver...
Constructing solving program...
Solver-aided path checker succeeded...
Applying path checker with solver...
Constructing solving program...
Solver-aided path checker succeeded...
finish validate
Reporting......
Report generated!

finish report
===================================================
561  /  666 

CWE80_XSS__Servlet_getParameter_Servlet_75 

{'input_token_cost': 9169, 'output_token_cost': 1025, 'analysis_result': {'TPs': 1, 'FPs': 0}, 'ground_truth': {'TPs': 1, 'FPs': 1}, 'single time cost': 13.386974811553955} 

===================================================


Start to analyze the case  562 out of  666
/scratch/local/w.nimit/1853/LLMDFA/benchmark/juliet-test-suite-XSS_simplified/CWE80_XSS/s01/CWE80_XSS__Servlet_getParameter_Servlet_81.java
Analyzing......
Preprocessing...
processing finished
start to summarize...
Generating intra-procedural summaries...
Processing callees...
Preprocessing...
processing finished
start to summarize...
Generating intra-procedural summaries...
Processing callees...
Preprocessing...
processing finished
start to summarize...
Generating intra-procedural summaries...
Processing callees...
Preprocessing...
processing finished
start to summarize...
Generating intra-procedural summaries...
Processing callees...
Preprocessing...
processing finished
start to summarize...
Generating intra-procedural summaries...
Processing callees...
Validating......
Applying path checker with solver...
Constructing solving program...
Solver-aided path checker succeeded...
Applying path checker with solver...
Constructing solving program...
Solver-aided path checker succeeded...
finish validate
Reporting......
Report generated!

finish report
===================================================
562  /  666 

CWE80_XSS__Servlet_getParameter_Servlet_81 

{'input_token_cost': 6065, 'output_token_cost': 771, 'analysis_result': {'TPs': 1, 'FPs': 0}, 'ground_truth': {'TPs': 1, 'FPs': 1}, 'single time cost': 10.116653442382812} 

===================================================


Start to analyze the case  563 out of  666
/scratch/local/w.nimit/1853/LLMDFA/benchmark/juliet-test-suite-XSS_simplified/CWE80_XSS/s01/CWE80_XSS__Servlet_getQueryString_Servlet_22.java
Analyzing......
Preprocessing...
processing finished
start to summarize...
Generating intra-procedural summaries...
Processing callees...
Preprocessing...
processing finished
start to summarize...
Generating intra-procedural summaries...
Processing callees...
Preprocessing...
processing finished
start to summarize...
Generating intra-procedural summaries...
Processing callees...
Preprocessing...
processing finished
start to summarize...
Generating intra-procedural summaries...
Processing callees...
Preprocessing...
processing finished
start to summarize...
Generating intra-procedural summaries...
Processing callees...
Preprocessing...
processing finished
start to summarize...
Generating intra-procedural summaries...
Processing callees...
Preprocessing...
processing finished
start to summarize...
Generating intra-procedural summaries...
Processing callees...
Validating......
Applying path checker with solver...
Constructing solving program...
Constructing solving program...
Solver-aided path checker succeeded...
finish validate
Reporting......
Report generated!

finish report
===================================================
563  /  666 

CWE80_XSS__Servlet_getQueryString_Servlet_22 

{'input_token_cost': 15224, 'output_token_cost': 1751, 'analysis_result': {'TPs': 0, 'FPs': 0}, 'ground_truth': {'TPs': 1, 'FPs': 2}, 'single time cost': 22.7025728225708} 

===================================================


Start to analyze the case  564 out of  666
/scratch/local/w.nimit/1853/LLMDFA/benchmark/juliet-test-suite-XSS_simplified/CWE80_XSS/s01/CWE80_XSS__Servlet_getQueryString_Servlet_51.java
Analyzing......
Preprocessing...
processing finished
start to summarize...
Generating intra-procedural summaries...
Processing callees...
Preprocessing...
processing finished
start to summarize...
Generating intra-procedural summaries...
Processing callees...
Preprocessing...
processing finished
start to summarize...
Generating intra-procedural summaries...
Processing callees...
Preprocessing...
processing finished
start to summarize...
Generating intra-procedural summaries...
Processing callees...
Preprocessing...
processing finished
start to summarize...
Generating intra-procedural summaries...
Processing callees...
Validating......
Applying path checker with solver...
Constructing solving program...
Solver-aided path checker succeeded...
finish validate
Reporting......
Report generated!

finish report
===================================================
564  /  666 

CWE80_XSS__Servlet_getQueryString_Servlet_51 

{'input_token_cost': 4830, 'output_token_cost': 598, 'analysis_result': {'TPs': 1, 'FPs': 0}, 'ground_truth': {'TPs': 1, 'FPs': 1}, 'single time cost': 7.815185546875} 

===================================================


Start to analyze the case  565 out of  666
/scratch/local/w.nimit/1853/LLMDFA/benchmark/juliet-test-suite-XSS_simplified/CWE80_XSS/s01/CWE80_XSS__Servlet_getQueryString_Servlet_52.java
Analyzing......
Preprocessing...
processing finished
start to summarize...
Generating intra-procedural summaries...
Processing callees...
Preprocessing...
processing finished
start to summarize...
Generating intra-procedural summaries...
Processing callees...
Preprocessing...
processing finished
start to summarize...
Generating intra-procedural summaries...
Processing callees...
Preprocessing...
processing finished
start to summarize...
Generating intra-procedural summaries...
Processing callees...
Preprocessing...
processing finished
start to summarize...
Generating intra-procedural summaries...
Processing callees...
Preprocessing...
processing finished
start to summarize...
Generating intra-procedural summaries...
Processing callees...
Preprocessing...
processing finished
start to summarize...
Generating intra-procedural summaries...
Processing callees...
Validating......
Applying path checker with solver...
Constructing solving program...
Solver-aided path checker succeeded...
finish validate
Reporting......
Report generated!

finish report
===================================================
565  /  666 

CWE80_XSS__Servlet_getQueryString_Servlet_52 

{'input_token_cost': 11778, 'output_token_cost': 1326, 'analysis_result': {'TPs': 1, 'FPs': 0}, 'ground_truth': {'TPs': 1, 'FPs': 1}, 'single time cost': 17.156511783599854} 

===================================================


Start to analyze the case  566 out of  666
/scratch/local/w.nimit/1853/LLMDFA/benchmark/juliet-test-suite-XSS_simplified/CWE80_XSS/s01/CWE80_XSS__Servlet_getQueryString_Servlet_53.java
Analyzing......
Preprocessing...
processing finished
start to summarize...
Generating intra-procedural summaries...
Processing callees...
Preprocessing...
processing finished
start to summarize...
Generating intra-procedural summaries...
Processing callees...
Preprocessing...
processing finished
start to summarize...
Generating intra-procedural summaries...
Processing callees...
Preprocessing...
processing finished
start to summarize...
Generating intra-procedural summaries...
Processing callees...
Preprocessing...
processing finished
start to summarize...
Generating intra-procedural summaries...
Processing callees...
Preprocessing...
processing finished
start to summarize...
Generating intra-procedural summaries...
Processing callees...
Preprocessing...
processing finished
start to summarize...
Generating intra-procedural summaries...
Processing callees...
Preprocessing...
processing finished
start to summarize...
Generating intra-procedural summaries...
Processing callees...
Preprocessing...
processing finished
start to summarize...
Generating intra-procedural summaries...
Processing callees...
Validating......
Applying path checker with solver...
Constructing solving program...
Solver-aided path checker succeeded...
finish validate
Reporting......
Report generated!

finish report
===================================================
566  /  666 

CWE80_XSS__Servlet_getQueryString_Servlet_53 

{'input_token_cost': 17708, 'output_token_cost': 1909, 'analysis_result': {'TPs': 1, 'FPs': 0}, 'ground_truth': {'TPs': 1, 'FPs': 1}, 'single time cost': 24.560309171676636} 

===================================================


Start to analyze the case  567 out of  666
/scratch/local/w.nimit/1853/LLMDFA/benchmark/juliet-test-suite-XSS_simplified/CWE80_XSS/s01/CWE80_XSS__Servlet_getQueryString_Servlet_54.java
Analyzing......
Preprocessing...
processing finished
start to summarize...
Generating intra-procedural summaries...
Processing callees...
Preprocessing...
processing finished
start to summarize...
Generating intra-procedural summaries...
Processing callees...
Preprocessing...
processing finished
start to summarize...
Generating intra-procedural summaries...
Processing callees...
Preprocessing...
processing finished
start to summarize...
Generating intra-procedural summaries...
Processing callees...
Preprocessing...
processing finished
start to summarize...
Generating intra-procedural summaries...
Processing callees...
Preprocessing...
processing finished
start to summarize...
Generating intra-procedural summaries...
Processing callees...
Preprocessing...
processing finished
start to summarize...
Generating intra-procedural summaries...
Processing callees...
Preprocessing...
processing finished
start to summarize...
Generating intra-procedural summaries...
Processing callees...
Preprocessing...
processing finished
start to summarize...
Generating intra-procedural summaries...
Processing callees...
Preprocessing...
processing finished
start to summarize...
Generating intra-procedural summaries...
Processing callees...
Preprocessing...
processing finished
start to summarize...
Generating intra-procedural summaries...
Processing callees...
Validating......
Applying path checker with solver...
Constructing solving program...
Solver-aided path checker succeeded...
finish validate
Reporting......
Report generated!

finish report
===================================================
567  /  666 

CWE80_XSS__Servlet_getQueryString_Servlet_54 

{'input_token_cost': 13725, 'output_token_cost': 1768, 'analysis_result': {'TPs': 1, 'FPs': 0}, 'ground_truth': {'TPs': 1, 'FPs': 1}, 'single time cost': 22.709040641784668} 

===================================================


Start to analyze the case  568 out of  666
/scratch/local/w.nimit/1853/LLMDFA/benchmark/juliet-test-suite-XSS_simplified/CWE80_XSS/s01/CWE80_XSS__Servlet_getQueryString_Servlet_61.java
Analyzing......
Preprocessing...
processing finished
start to summarize...
Generating intra-procedural summaries...
Processing callees...
Preprocessing...
processing finished
start to summarize...
Generating intra-procedural summaries...
Processing callees...
Preprocessing...
processing finished
start to summarize...
Generating intra-procedural summaries...
Processing callees...
Preprocessing...
processing finished
start to summarize...
Generating intra-procedural summaries...
Processing callees...
Preprocessing...
processing finished
start to summarize...
Generating intra-procedural summaries...
Processing callees...
Validating......
Applying path checker with solver...
Constructing solving program...
Solver-aided path checker succeeded...
finish validate
Reporting......
Report generated!

finish report
===================================================
568  /  666 

CWE80_XSS__Servlet_getQueryString_Servlet_61 

{'input_token_cost': 7790, 'output_token_cost': 782, 'analysis_result': {'TPs': 1, 'FPs': 0}, 'ground_truth': {'TPs': 1, 'FPs': 1}, 'single time cost': 10.179728031158447} 

===================================================


Start to analyze the case  569 out of  666
/scratch/local/w.nimit/1853/LLMDFA/benchmark/juliet-test-suite-XSS_simplified/CWE80_XSS/s01/CWE80_XSS__Servlet_getQueryString_Servlet_66.java
Analyzing......
Preprocessing...
processing finished
start to summarize...
Generating intra-procedural summaries...
Processing callees...
Preprocessing...
processing finished
start to summarize...
Generating intra-procedural summaries...
Processing callees...
Preprocessing...
processing finished
start to summarize...
Generating intra-procedural summaries...
Processing callees...
Preprocessing...
processing finished
start to summarize...
Generating intra-procedural summaries...
Processing callees...
Preprocessing...
processing finished
start to summarize...
Generating intra-procedural summaries...
Processing callees...
Validating......
Applying path checker with solver...
Constructing solving program...
Solver-aided path checker succeeded...
finish validate
Reporting......
Report generated!

finish report
===================================================
569  /  666 

CWE80_XSS__Servlet_getQueryString_Servlet_66 

{'input_token_cost': 5945, 'output_token_cost': 645, 'analysis_result': {'TPs': 1, 'FPs': 0}, 'ground_truth': {'TPs': 1, 'FPs': 1}, 'single time cost': 8.454209566116333} 

===================================================


Start to analyze the case  570 out of  666
/scratch/local/w.nimit/1853/LLMDFA/benchmark/juliet-test-suite-XSS_simplified/CWE80_XSS/s01/CWE80_XSS__Servlet_getQueryString_Servlet_67.java
Analyzing......
Preprocessing...
processing finished
start to summarize...
Generating intra-procedural summaries...
Processing callees...
Preprocessing...
processing finished
start to summarize...
Generating intra-procedural summaries...
Processing callees...
Preprocessing...
processing finished
start to summarize...
Generating intra-procedural summaries...
Processing callees...
Preprocessing...
processing finished
start to summarize...
Generating intra-procedural summaries...
Processing callees...
Preprocessing...
processing finished
start to summarize...
Generating intra-procedural summaries...
Processing callees...
Validating......
Applying path checker with solver...
Constructing solving program...
Solver-aided path checker succeeded...
Applying path checker with solver...
Constructing solving program...
Solver-aided path checker succeeded...
finish validate
Reporting......
Report generated!

finish report
===================================================
570  /  666 

CWE80_XSS__Servlet_getQueryString_Servlet_67 

{'input_token_cost': 7553, 'output_token_cost': 966, 'analysis_result': {'TPs': 1, 'FPs': 0}, 'ground_truth': {'TPs': 1, 'FPs': 1}, 'single time cost': 12.592415809631348} 

===================================================


Start to analyze the case  571 out of  666
/scratch/local/w.nimit/1853/LLMDFA/benchmark/juliet-test-suite-XSS_simplified/CWE80_XSS/s01/CWE80_XSS__Servlet_getQueryString_Servlet_68.java
Analyzing......
Preprocessing...
processing finished
start to summarize...
Generating intra-procedural summaries...
Processing callees...
Preprocessing...
processing finished
start to summarize...
Generating intra-procedural summaries...
Processing callees...
Preprocessing...
processing finished
start to summarize...
Generating intra-procedural summaries...
Processing callees...
Preprocessing...
processing finished
start to summarize...
Generating intra-procedural summaries...
Processing callees...
Preprocessing...
processing finished
start to summarize...
Generating intra-procedural summaries...
Processing callees...
Validating......
Applying path checker with solver...
Constructing solving program...
Solver-aided path checker succeeded...
finish validate
Reporting......
Report generated!

finish report
===================================================
571  /  666 

CWE80_XSS__Servlet_getQueryString_Servlet_68 

{'input_token_cost': 7058, 'output_token_cost': 805, 'analysis_result': {'TPs': 1, 'FPs': 0}, 'ground_truth': {'TPs': 1, 'FPs': 1}, 'single time cost': 10.45011019706726} 

===================================================


Start to analyze the case  572 out of  666
/scratch/local/w.nimit/1853/LLMDFA/benchmark/juliet-test-suite-XSS_simplified/CWE80_XSS/s01/CWE80_XSS__Servlet_getQueryString_Servlet_71.java
Analyzing......
Preprocessing...
processing finished
start to summarize...
Generating intra-procedural summaries...
Processing callees...
Preprocessing...
processing finished
start to summarize...
Generating intra-procedural summaries...
Processing callees...
Preprocessing...
processing finished
start to summarize...
Generating intra-procedural summaries...
Processing callees...
Preprocessing...
processing finished
start to summarize...
Generating intra-procedural summaries...
Processing callees...
Preprocessing...
processing finished
start to summarize...
Generating intra-procedural summaries...
Processing callees...
Validating......
Applying path checker with solver...
Constructing solving program...
Solver-aided path checker succeeded...
finish validate
Reporting......
Report generated!

finish report
===================================================
572  /  666 

CWE80_XSS__Servlet_getQueryString_Servlet_71 

{'input_token_cost': 3754, 'output_token_cost': 426, 'analysis_result': {'TPs': 1, 'FPs': 0}, 'ground_truth': {'TPs': 1, 'FPs': 1}, 'single time cost': 5.604937314987183} 

===================================================


Start to analyze the case  573 out of  666
/scratch/local/w.nimit/1853/LLMDFA/benchmark/juliet-test-suite-XSS_simplified/CWE80_XSS/s01/CWE80_XSS__Servlet_getQueryString_Servlet_72.java
Analyzing......
Preprocessing...
processing finished
start to summarize...
Generating intra-procedural summaries...
Processing callees...
Preprocessing...
processing finished
start to summarize...
Generating intra-procedural summaries...
Processing callees...
Preprocessing...
processing finished
start to summarize...
Generating intra-procedural summaries...
Processing callees...
Preprocessing...
processing finished
start to summarize...
Generating intra-procedural summaries...
Processing callees...
Preprocessing...
processing finished
start to summarize...
Generating intra-procedural summaries...
Processing callees...
Validating......
Applying path checker with solver...
Constructing solving program...
Solver-aided path checker succeeded...
Applying path checker with solver...
Constructing solving program...
Solver-aided path checker succeeded...
finish validate
Reporting......
Report generated!

finish report
===================================================
573  /  666 

CWE80_XSS__Servlet_getQueryString_Servlet_72 

{'input_token_cost': 7604, 'output_token_cost': 889, 'analysis_result': {'TPs': 1, 'FPs': 0}, 'ground_truth': {'TPs': 1, 'FPs': 1}, 'single time cost': 11.739393949508667} 

===================================================


Start to analyze the case  574 out of  666
/scratch/local/w.nimit/1853/LLMDFA/benchmark/juliet-test-suite-XSS_simplified/CWE80_XSS/s01/CWE80_XSS__Servlet_getQueryString_Servlet_73.java
Analyzing......
Preprocessing...
processing finished
start to summarize...
Generating intra-procedural summaries...
Processing callees...
Preprocessing...
processing finished
start to summarize...
Generating intra-procedural summaries...
Processing callees...
Preprocessing...
processing finished
start to summarize...
Generating intra-procedural summaries...
Processing callees...
Preprocessing...
processing finished
start to summarize...
Generating intra-procedural summaries...
Processing callees...
Preprocessing...
processing finished
start to summarize...
Generating intra-procedural summaries...
Processing callees...
Validating......
Applying path checker with solver...
Constructing solving program...
Solver-aided path checker succeeded...
finish validate
Reporting......
Report generated!

finish report
===================================================
574  /  666 

CWE80_XSS__Servlet_getQueryString_Servlet_73 

{'input_token_cost': 7071, 'output_token_cost': 822, 'analysis_result': {'TPs': 1, 'FPs': 0}, 'ground_truth': {'TPs': 1, 'FPs': 1}, 'single time cost': 10.649164199829102} 

===================================================


Start to analyze the case  575 out of  666
/scratch/local/w.nimit/1853/LLMDFA/benchmark/juliet-test-suite-XSS_simplified/CWE80_XSS/s01/CWE80_XSS__Servlet_getQueryString_Servlet_74.java
Analyzing......
Preprocessing...
processing finished
start to summarize...
Generating intra-procedural summaries...
Processing callees...
Preprocessing...
processing finished
start to summarize...
Generating intra-procedural summaries...
Processing callees...
Preprocessing...
processing finished
start to summarize...
Generating intra-procedural summaries...
Processing callees...
Preprocessing...
processing finished
start to summarize...
Generating intra-procedural summaries...
Processing callees...
Preprocessing...
processing finished
start to summarize...
Generating intra-procedural summaries...
Processing callees...
Validating......
Applying path checker with solver...
Constructing solving program...
Solver-aided path checker succeeded...
Applying path checker with solver...
Constructing solving program...
Solver-aided path checker succeeded...
finish validate
Reporting......
Report generated!

finish report
===================================================
575  /  666 

CWE80_XSS__Servlet_getQueryString_Servlet_74 

{'input_token_cost': 7610, 'output_token_cost': 926, 'analysis_result': {'TPs': 1, 'FPs': 0}, 'ground_truth': {'TPs': 1, 'FPs': 1}, 'single time cost': 12.153136014938354} 

===================================================


Start to analyze the case  576 out of  666
/scratch/local/w.nimit/1853/LLMDFA/benchmark/juliet-test-suite-XSS_simplified/CWE80_XSS/s01/CWE80_XSS__Servlet_getQueryString_Servlet_75.java
Analyzing......
Preprocessing...
processing finished
start to summarize...
Generating intra-procedural summaries...
Processing callees...
Preprocessing...
processing finished
start to summarize...
Generating intra-procedural summaries...
Processing callees...
Preprocessing...
processing finished
start to summarize...
Generating intra-procedural summaries...
Processing callees...
Preprocessing...
processing finished
start to summarize...
Generating intra-procedural summaries...
Processing callees...
Preprocessing...
processing finished
start to summarize...
Generating intra-procedural summaries...
Processing callees...
Validating......
Applying path checker with solver...
Constructing solving program...
Solver-aided path checker succeeded...
finish validate
Reporting......
Report generated!

finish report
===================================================
576  /  666 

CWE80_XSS__Servlet_getQueryString_Servlet_75 

{'input_token_cost': 7554, 'output_token_cost': 700, 'analysis_result': {'TPs': 1, 'FPs': 0}, 'ground_truth': {'TPs': 1, 'FPs': 1}, 'single time cost': 9.158556699752808} 

===================================================


Start to analyze the case  577 out of  666
/scratch/local/w.nimit/1853/LLMDFA/benchmark/juliet-test-suite-XSS_simplified/CWE80_XSS/s01/CWE80_XSS__Servlet_getQueryString_Servlet_81.java
Analyzing......
Preprocessing...
processing finished
start to summarize...
Generating intra-procedural summaries...
Processing callees...
Preprocessing...
processing finished
start to summarize...
Generating intra-procedural summaries...
Processing callees...
Preprocessing...
processing finished
start to summarize...
Generating intra-procedural summaries...
Processing callees...
Preprocessing...
processing finished
start to summarize...
Generating intra-procedural summaries...
Processing callees...
Preprocessing...
processing finished
start to summarize...
Generating intra-procedural summaries...
Processing callees...
Validating......
Applying path checker with solver...
Constructing solving program...
Solver-aided path checker succeeded...
finish validate
Reporting......
Report generated!

finish report
===================================================
577  /  666 

CWE80_XSS__Servlet_getQueryString_Servlet_81 

{'input_token_cost': 4820, 'output_token_cost': 519, 'analysis_result': {'TPs': 1, 'FPs': 0}, 'ground_truth': {'TPs': 1, 'FPs': 1}, 'single time cost': 6.843634605407715} 

===================================================


Start to analyze the case  578 out of  666
/scratch/local/w.nimit/1853/LLMDFA/benchmark/juliet-test-suite-XSS_simplified/CWE80_XSS/s01/CWE80_XSS__Servlet_listen_tcp_22.java
Analyzing......
Preprocessing...
processing finished
start to summarize...
Generating intra-procedural summaries...
Processing callees...
Preprocessing...
processing finished
start to summarize...
Generating intra-procedural summaries...
Processing callees...
Preprocessing...
processing finished
start to summarize...
Generating intra-procedural summaries...
Processing callees...
Preprocessing...
processing finished
start to summarize...
Generating intra-procedural summaries...
Processing callees...
Preprocessing...
processing finished
start to summarize...
Generating intra-procedural summaries...
Processing callees...
Preprocessing...
processing finished
start to summarize...
Generating intra-procedural summaries...
Processing callees...
Preprocessing...
processing finished
start to summarize...
Generating intra-procedural summaries...
Processing callees...
Validating......
Applying path checker with solver...
Constructing solving program...
Constructing solving program...
Solver-aided path checker succeeded...
finish validate
Reporting......
Report generated!

finish report
===================================================
578  /  666 

CWE80_XSS__Servlet_listen_tcp_22 

{'input_token_cost': 16500, 'output_token_cost': 1763, 'analysis_result': {'TPs': 0, 'FPs': 0}, 'ground_truth': {'TPs': 1, 'FPs': 2}, 'single time cost': 22.883262872695923} 

===================================================


Start to analyze the case  579 out of  666
/scratch/local/w.nimit/1853/LLMDFA/benchmark/juliet-test-suite-XSS_simplified/CWE80_XSS/s01/CWE80_XSS__Servlet_listen_tcp_51.java
Analyzing......
Preprocessing...
processing finished
start to summarize...
Generating intra-procedural summaries...
Processing callees...
Preprocessing...
processing finished
start to summarize...
Generating intra-procedural summaries...
Processing callees...
Preprocessing...
processing finished
start to summarize...
Generating intra-procedural summaries...
Processing callees...
Preprocessing...
processing finished
start to summarize...
Generating intra-procedural summaries...
Processing callees...
Preprocessing...
processing finished
start to summarize...
Generating intra-procedural summaries...
Processing callees...
Validating......
Applying path checker with solver...
Constructing solving program...
Solver-aided path checker succeeded...
finish validate
Reporting......
Report generated!

finish report
===================================================
579  /  666 

CWE80_XSS__Servlet_listen_tcp_51 

{'input_token_cost': 8260, 'output_token_cost': 735, 'analysis_result': {'TPs': 1, 'FPs': 0}, 'ground_truth': {'TPs': 1, 'FPs': 1}, 'single time cost': 9.560582399368286} 

===================================================


Start to analyze the case  580 out of  666
/scratch/local/w.nimit/1853/LLMDFA/benchmark/juliet-test-suite-XSS_simplified/CWE80_XSS/s01/CWE80_XSS__Servlet_listen_tcp_52.java
Analyzing......
Preprocessing...
processing finished
start to summarize...
Generating intra-procedural summaries...
Processing callees...
Preprocessing...
processing finished
start to summarize...
Generating intra-procedural summaries...
Processing callees...
Preprocessing...
processing finished
start to summarize...
Generating intra-procedural summaries...
Processing callees...
Preprocessing...
processing finished
start to summarize...
Generating intra-procedural summaries...
Processing callees...
Preprocessing...
processing finished
start to summarize...
Generating intra-procedural summaries...
Processing callees...
Preprocessing...
processing finished
start to summarize...
Generating intra-procedural summaries...
Processing callees...
Preprocessing...
processing finished
start to summarize...
Generating intra-procedural summaries...
Processing callees...
Validating......
Applying path checker with solver...
Constructing solving program...
Solver-aided path checker succeeded...
finish validate
Reporting......
Report generated!

finish report
===================================================
580  /  666 

CWE80_XSS__Servlet_listen_tcp_52 

{'input_token_cost': 17119, 'output_token_cost': 1574, 'analysis_result': {'TPs': 1, 'FPs': 0}, 'ground_truth': {'TPs': 1, 'FPs': 1}, 'single time cost': 20.35598874092102} 

===================================================


Start to analyze the case  581 out of  666
/scratch/local/w.nimit/1853/LLMDFA/benchmark/juliet-test-suite-XSS_simplified/CWE80_XSS/s01/CWE80_XSS__Servlet_listen_tcp_53.java
Analyzing......
Preprocessing...
processing finished
start to summarize...
Generating intra-procedural summaries...
Processing callees...
Preprocessing...
processing finished
start to summarize...
Generating intra-procedural summaries...
Processing callees...
Preprocessing...
processing finished
start to summarize...
Generating intra-procedural summaries...
Processing callees...
Preprocessing...
processing finished
start to summarize...
Generating intra-procedural summaries...
Processing callees...
Preprocessing...
processing finished
start to summarize...
Generating intra-procedural summaries...
Processing callees...
Preprocessing...
processing finished
start to summarize...
Generating intra-procedural summaries...
Processing callees...
Preprocessing...
processing finished
start to summarize...
Generating intra-procedural summaries...
Processing callees...
Preprocessing...
processing finished
start to summarize...
Generating intra-procedural summaries...
Processing callees...
Preprocessing...
processing finished
start to summarize...
Generating intra-procedural summaries...
Processing callees...
Validating......
Applying path checker with solver...
Constructing solving program...
Solver-aided path checker succeeded...
finish validate
Reporting......
Report generated!

finish report
===================================================
581  /  666 

CWE80_XSS__Servlet_listen_tcp_53 

{'input_token_cost': 25978, 'output_token_cost': 2385, 'analysis_result': {'TPs': 1, 'FPs': 0}, 'ground_truth': {'TPs': 1, 'FPs': 1}, 'single time cost': 30.76299214363098} 

===================================================


Start to analyze the case  582 out of  666
/scratch/local/w.nimit/1853/LLMDFA/benchmark/juliet-test-suite-XSS_simplified/CWE80_XSS/s01/CWE80_XSS__Servlet_listen_tcp_54.java
Analyzing......
Preprocessing...
processing finished
start to summarize...
Generating intra-procedural summaries...
Processing callees...
Preprocessing...
processing finished
start to summarize...
Generating intra-procedural summaries...
Processing callees...
Preprocessing...
processing finished
start to summarize...
Generating intra-procedural summaries...
Processing callees...
Preprocessing...
processing finished
start to summarize...
Generating intra-procedural summaries...
Processing callees...
Preprocessing...
processing finished
start to summarize...
Generating intra-procedural summaries...
Processing callees...
Preprocessing...
processing finished
start to summarize...
Generating intra-procedural summaries...
Processing callees...
Preprocessing...
processing finished
start to summarize...
Generating intra-procedural summaries...
Processing callees...
Preprocessing...
processing finished
start to summarize...
Generating intra-procedural summaries...
Processing callees...
Preprocessing...
processing finished
start to summarize...
Generating intra-procedural summaries...
Processing callees...
Preprocessing...
processing finished
start to summarize...
Generating intra-procedural summaries...
Processing callees...
Preprocessing...
processing finished
start to summarize...
Generating intra-procedural summaries...
Processing callees...
Validating......
Applying path checker with solver...
Constructing solving program...
Solver-aided path checker succeeded...
finish validate
Reporting......
Report generated!

finish report
===================================================
582  /  666 

CWE80_XSS__Servlet_listen_tcp_54 

{'input_token_cost': 24962, 'output_token_cost': 2372, 'analysis_result': {'TPs': 1, 'FPs': 0}, 'ground_truth': {'TPs': 1, 'FPs': 1}, 'single time cost': 30.728936195373535} 

===================================================


Start to analyze the case  583 out of  666
/scratch/local/w.nimit/1853/LLMDFA/benchmark/juliet-test-suite-XSS_simplified/CWE80_XSS/s01/CWE80_XSS__Servlet_listen_tcp_61.java
Analyzing......
Preprocessing...
processing finished
start to summarize...
Generating intra-procedural summaries...
Processing callees...
Preprocessing...
processing finished
start to summarize...
Generating intra-procedural summaries...
Processing callees...
Preprocessing...
processing finished
start to summarize...
Generating intra-procedural summaries...
Processing callees...
Preprocessing...
processing finished
start to summarize...
Generating intra-procedural summaries...
Processing callees...
Preprocessing...
processing finished
start to summarize...
Generating intra-procedural summaries...
Processing callees...
Validating......
Applying path checker with solver...
Constructing solving program...
Solver-aided path checker succeeded...
finish validate
Reporting......
Report generated!

finish report
===================================================
583  /  666 

CWE80_XSS__Servlet_listen_tcp_61 

{'input_token_cost': 9100, 'output_token_cost': 692, 'analysis_result': {'TPs': 1, 'FPs': 0}, 'ground_truth': {'TPs': 1, 'FPs': 1}, 'single time cost': 9.09819507598877} 

===================================================


Start to analyze the case  584 out of  666
/scratch/local/w.nimit/1853/LLMDFA/benchmark/juliet-test-suite-XSS_simplified/CWE80_XSS/s01/CWE80_XSS__Servlet_listen_tcp_66.java
Analyzing......
Preprocessing...
processing finished
start to summarize...
Generating intra-procedural summaries...
Processing callees...
Preprocessing...
processing finished
start to summarize...
Generating intra-procedural summaries...
Processing callees...
Preprocessing...
processing finished
start to summarize...
Generating intra-procedural summaries...
Processing callees...
Preprocessing...
processing finished
start to summarize...
Generating intra-procedural summaries...
Processing callees...
Preprocessing...
processing finished
start to summarize...
Generating intra-procedural summaries...
Processing callees...
Validating......
Applying path checker with solver...
Constructing solving program...
Solver-aided path checker succeeded...
finish validate
Reporting......
Report generated!

finish report
===================================================
584  /  666 

CWE80_XSS__Servlet_listen_tcp_66 

{'input_token_cost': 8367, 'output_token_cost': 944, 'analysis_result': {'TPs': 1, 'FPs': 0}, 'ground_truth': {'TPs': 1, 'FPs': 1}, 'single time cost': 12.205639123916626} 

===================================================


Start to analyze the case  585 out of  666
/scratch/local/w.nimit/1853/LLMDFA/benchmark/juliet-test-suite-XSS_simplified/CWE80_XSS/s01/CWE80_XSS__Servlet_listen_tcp_67.java
Analyzing......
Preprocessing...
processing finished
start to summarize...
Generating intra-procedural summaries...
Processing callees...
Preprocessing...
processing finished
start to summarize...
Generating intra-procedural summaries...
Processing callees...
Preprocessing...
processing finished
start to summarize...
Generating intra-procedural summaries...
Processing callees...
Preprocessing...
processing finished
start to summarize...
Generating intra-procedural summaries...
Processing callees...
Preprocessing...
processing finished
start to summarize...
Generating intra-procedural summaries...
Processing callees...
Validating......
Applying path checker with solver...
Constructing solving program...
Solver-aided path checker succeeded...
finish validate
Reporting......
Report generated!

finish report
===================================================
585  /  666 

CWE80_XSS__Servlet_listen_tcp_67 

{'input_token_cost': 8410, 'output_token_cost': 1036, 'analysis_result': {'TPs': 1, 'FPs': 0}, 'ground_truth': {'TPs': 1, 'FPs': 1}, 'single time cost': 13.332410335540771} 

===================================================


Start to analyze the case  586 out of  666
/scratch/local/w.nimit/1853/LLMDFA/benchmark/juliet-test-suite-XSS_simplified/CWE80_XSS/s01/CWE80_XSS__Servlet_listen_tcp_68.java
Analyzing......
Preprocessing...
processing finished
start to summarize...
Generating intra-procedural summaries...
Processing callees...
Preprocessing...
processing finished
start to summarize...
Generating intra-procedural summaries...
Processing callees...
Preprocessing...
processing finished
start to summarize...
Generating intra-procedural summaries...
Processing callees...
Preprocessing...
processing finished
start to summarize...
Generating intra-procedural summaries...
Processing callees...
Preprocessing...
processing finished
start to summarize...
Generating intra-procedural summaries...
Processing callees...
Validating......
Applying path checker with solver...
Constructing solving program...
Solver-aided path checker succeeded...
Applying path checker with solver...
Constructing solving program...
Solver-aided path checker succeeded...
Applying path checker with solver...
Constructing solving program...
Solver-aided path checker succeeded...
finish validate
Reporting......
Report generated!

finish report
===================================================
586  /  666 

CWE80_XSS__Servlet_listen_tcp_68 

{'input_token_cost': 11228, 'output_token_cost': 1013, 'analysis_result': {'TPs': 1, 'FPs': 0}, 'ground_truth': {'TPs': 1, 'FPs': 1}, 'single time cost': 13.415739059448242} 

===================================================


Start to analyze the case  587 out of  666
/scratch/local/w.nimit/1853/LLMDFA/benchmark/juliet-test-suite-XSS_simplified/CWE80_XSS/s01/CWE80_XSS__Servlet_listen_tcp_71.java
Analyzing......
Preprocessing...
processing finished
start to summarize...
Generating intra-procedural summaries...
Processing callees...
Preprocessing...
processing finished
start to summarize...
Generating intra-procedural summaries...
Processing callees...
Preprocessing...
processing finished
start to summarize...
Generating intra-procedural summaries...
Processing callees...
Preprocessing...
processing finished
start to summarize...
Generating intra-procedural summaries...
Processing callees...
Preprocessing...
processing finished
start to summarize...
Generating intra-procedural summaries...
Processing callees...
Validating......
finish validate
Reporting......
Report generated!

finish report
===================================================
587  /  666 

CWE80_XSS__Servlet_listen_tcp_71 

{'input_token_cost': 4154, 'output_token_cost': 395, 'analysis_result': {'TPs': 0, 'FPs': 0}, 'ground_truth': {'TPs': 1, 'FPs': 1}, 'single time cost': 5.057501316070557} 

===================================================


Start to analyze the case  588 out of  666
/scratch/local/w.nimit/1853/LLMDFA/benchmark/juliet-test-suite-XSS_simplified/CWE80_XSS/s01/CWE80_XSS__Servlet_listen_tcp_72.java
Analyzing......
Preprocessing...
processing finished
start to summarize...
Generating intra-procedural summaries...
Processing callees...
Preprocessing...
processing finished
start to summarize...
Generating intra-procedural summaries...
Processing callees...
Preprocessing...
processing finished
start to summarize...
Generating intra-procedural summaries...
Processing callees...
Preprocessing...
processing finished
start to summarize...
Generating intra-procedural summaries...
Processing callees...
Preprocessing...
processing finished
start to summarize...
Generating intra-procedural summaries...
Processing callees...
Validating......
Applying path checker with solver...
Constructing solving program...
Solver-aided path checker succeeded...
finish validate
Reporting......
Report generated!

finish report
===================================================
588  /  666 

CWE80_XSS__Servlet_listen_tcp_72 

{'input_token_cost': 7436, 'output_token_cost': 755, 'analysis_result': {'TPs': 1, 'FPs': 0}, 'ground_truth': {'TPs': 1, 'FPs': 1}, 'single time cost': 9.871356010437012} 

===================================================


Start to analyze the case  589 out of  666
/scratch/local/w.nimit/1853/LLMDFA/benchmark/juliet-test-suite-XSS_simplified/CWE80_XSS/s01/CWE80_XSS__Servlet_listen_tcp_73.java
Analyzing......
Preprocessing...
processing finished
start to summarize...
Generating intra-procedural summaries...
Processing callees...
Preprocessing...
processing finished
start to summarize...
Generating intra-procedural summaries...
Processing callees...
Preprocessing...
processing finished
start to summarize...
Generating intra-procedural summaries...
Processing callees...
Preprocessing...
processing finished
start to summarize...
Generating intra-procedural summaries...
Processing callees...
Preprocessing...
processing finished
start to summarize...
Generating intra-procedural summaries...
Processing callees...
Validating......
Applying path checker with solver...
Constructing solving program...
Solver-aided path checker succeeded...
Applying path checker with solver...
Constructing solving program...
Solver-aided path checker succeeded...
finish validate
Reporting......
Report generated!

finish report
===================================================
589  /  666 

CWE80_XSS__Servlet_listen_tcp_73 

{'input_token_cost': 7960, 'output_token_cost': 889, 'analysis_result': {'TPs': 1, 'FPs': 0}, 'ground_truth': {'TPs': 1, 'FPs': 1}, 'single time cost': 11.599639892578125} 

===================================================


Start to analyze the case  590 out of  666
/scratch/local/w.nimit/1853/LLMDFA/benchmark/juliet-test-suite-XSS_simplified/CWE80_XSS/s01/CWE80_XSS__Servlet_listen_tcp_74.java
Analyzing......
Preprocessing...
processing finished
start to summarize...
Generating intra-procedural summaries...
Processing callees...
Preprocessing...
processing finished
start to summarize...
Generating intra-procedural summaries...
Processing callees...
Preprocessing...
processing finished
start to summarize...
Generating intra-procedural summaries...
Processing callees...
Preprocessing...
processing finished
start to summarize...
Generating intra-procedural summaries...
Processing callees...
Preprocessing...
processing finished
start to summarize...
Generating intra-procedural summaries...
Processing callees...
Validating......
Applying path checker with solver...
Constructing solving program...
Solver-aided path checker succeeded...
finish validate
Reporting......
Report generated!

finish report
===================================================
590  /  666 

CWE80_XSS__Servlet_listen_tcp_74 

{'input_token_cost': 8473, 'output_token_cost': 872, 'analysis_result': {'TPs': 1, 'FPs': 0}, 'ground_truth': {'TPs': 1, 'FPs': 1}, 'single time cost': 11.271561861038208} 

===================================================


Start to analyze the case  591 out of  666
/scratch/local/w.nimit/1853/LLMDFA/benchmark/juliet-test-suite-XSS_simplified/CWE80_XSS/s01/CWE80_XSS__Servlet_listen_tcp_75.java
Analyzing......
Preprocessing...
processing finished
start to summarize...
Generating intra-procedural summaries...
Processing callees...
Preprocessing...
processing finished
start to summarize...
Generating intra-procedural summaries...
Processing callees...
Preprocessing...
processing finished
start to summarize...
Generating intra-procedural summaries...
Processing callees...
Preprocessing...
processing finished
start to summarize...
Generating intra-procedural summaries...
Processing callees...
Preprocessing...
processing finished
start to summarize...
Generating intra-procedural summaries...
Processing callees...
Validating......
Applying path checker with solver...
Constructing solving program...
Solver-aided path checker succeeded...
Applying path checker with solver...
Constructing solving program...
Solver-aided path checker succeeded...
finish validate
Reporting......
Report generated!

finish report
===================================================
591  /  666 

CWE80_XSS__Servlet_listen_tcp_75 

{'input_token_cost': 10947, 'output_token_cost': 1021, 'analysis_result': {'TPs': 1, 'FPs': 0}, 'ground_truth': {'TPs': 1, 'FPs': 1}, 'single time cost': 13.434545516967773} 

===================================================


Start to analyze the case  592 out of  666
/scratch/local/w.nimit/1853/LLMDFA/benchmark/juliet-test-suite-XSS_simplified/CWE80_XSS/s01/CWE80_XSS__Servlet_listen_tcp_81.java
Analyzing......
Preprocessing...
processing finished
start to summarize...
Generating intra-procedural summaries...
Processing callees...
Preprocessing...
processing finished
start to summarize...
Generating intra-procedural summaries...
Processing callees...
Preprocessing...
processing finished
start to summarize...
Generating intra-procedural summaries...
Processing callees...
Preprocessing...
processing finished
start to summarize...
Generating intra-procedural summaries...
Processing callees...
Preprocessing...
processing finished
start to summarize...
Generating intra-procedural summaries...
Processing callees...
Validating......
Applying path checker with solver...
Constructing solving program...
Solver-aided path checker succeeded...
finish validate
Reporting......
Report generated!

finish report
===================================================
592  /  666 

CWE80_XSS__Servlet_listen_tcp_81 

{'input_token_cost': 7232, 'output_token_cost': 670, 'analysis_result': {'TPs': 1, 'FPs': 0}, 'ground_truth': {'TPs': 1, 'FPs': 1}, 'single time cost': 8.738142967224121} 

===================================================


Start to analyze the case  593 out of  666
/scratch/local/w.nimit/1853/LLMDFA/benchmark/juliet-test-suite-XSS_simplified/CWE80_XSS/s02/CWE80_XSS__Servlet_PropertiesFile_01.java
Analyzing......
Preprocessing...
processing finished
start to summarize...
Generating intra-procedural summaries...
Processing callees...
Preprocessing...
processing finished
start to summarize...
Generating intra-procedural summaries...
Processing callees...
Preprocessing...
processing finished
start to summarize...
Generating intra-procedural summaries...
Processing callees...
Validating......
Applying path checker with solver...
Constructing solving program...
Solver-aided path checker succeeded...
finish validate
Reporting......
Report generated!

finish report
===================================================
593  /  666 

CWE80_XSS__Servlet_PropertiesFile_01 

{'input_token_cost': 1792, 'output_token_cost': 202, 'analysis_result': {'TPs': 1, 'FPs': 0}, 'ground_truth': {'TPs': 1, 'FPs': 1}, 'single time cost': 2.7843692302703857} 

===================================================


Start to analyze the case  594 out of  666
/scratch/local/w.nimit/1853/LLMDFA/benchmark/juliet-test-suite-XSS_simplified/CWE80_XSS/s02/CWE80_XSS__Servlet_PropertiesFile_02.java
Analyzing......
Preprocessing...
processing finished
start to summarize...
Generating intra-procedural summaries...
Processing callees...
Preprocessing...
processing finished
start to summarize...
Generating intra-procedural summaries...
Processing callees...
Preprocessing...
processing finished
start to summarize...
Generating intra-procedural summaries...
Processing callees...
Preprocessing...
processing finished
start to summarize...
Generating intra-procedural summaries...
Processing callees...
Validating......
Applying path checker with solver...
Constructing solving program...
Solver-aided path checker succeeded...
finish validate
Reporting......
Report generated!

finish report
===================================================
594  /  666 

CWE80_XSS__Servlet_PropertiesFile_02 

{'input_token_cost': 1826, 'output_token_cost': 211, 'analysis_result': {'TPs': 1, 'FPs': 0}, 'ground_truth': {'TPs': 1, 'FPs': 2}, 'single time cost': 2.8683393001556396} 

===================================================


Start to analyze the case  595 out of  666
/scratch/local/w.nimit/1853/LLMDFA/benchmark/juliet-test-suite-XSS_simplified/CWE80_XSS/s02/CWE80_XSS__Servlet_PropertiesFile_03.java
Analyzing......
Preprocessing...
processing finished
start to summarize...
Generating intra-procedural summaries...
Processing callees...
Preprocessing...
processing finished
start to summarize...
Generating intra-procedural summaries...
Processing callees...
Preprocessing...
processing finished
start to summarize...
Generating intra-procedural summaries...
Processing callees...
Preprocessing...
processing finished
start to summarize...
Generating intra-procedural summaries...
Processing callees...
Validating......
Applying path checker with solver...
Constructing solving program...
Constructing solving program...
Solver-aided path checker succeeded...
finish validate
Reporting......
Report generated!

finish report
===================================================
595  /  666 

CWE80_XSS__Servlet_PropertiesFile_03 

{'input_token_cost': 2351, 'output_token_cost': 335, 'analysis_result': {'TPs': 1, 'FPs': 0}, 'ground_truth': {'TPs': 1, 'FPs': 2}, 'single time cost': 4.552608013153076} 

===================================================


Start to analyze the case  596 out of  666
/scratch/local/w.nimit/1853/LLMDFA/benchmark/juliet-test-suite-XSS_simplified/CWE80_XSS/s02/CWE80_XSS__Servlet_PropertiesFile_04.java
Analyzing......
Preprocessing...
processing finished
start to summarize...
Generating intra-procedural summaries...
Processing callees...
Preprocessing...
processing finished
start to summarize...
Generating intra-procedural summaries...
Processing callees...
Preprocessing...
processing finished
start to summarize...
Generating intra-procedural summaries...
Processing callees...
Preprocessing...
processing finished
start to summarize...
Generating intra-procedural summaries...
Processing callees...
Validating......
Applying path checker with solver...
Constructing solving program...
Constructing solving program...
Solver-aided path checker succeeded...
finish validate
Reporting......
Report generated!

finish report
===================================================
596  /  666 

CWE80_XSS__Servlet_PropertiesFile_04 

{'input_token_cost': 2465, 'output_token_cost': 381, 'analysis_result': {'TPs': 1, 'FPs': 0}, 'ground_truth': {'TPs': 1, 'FPs': 2}, 'single time cost': 5.203197240829468} 

===================================================


Start to analyze the case  597 out of  666
/scratch/local/w.nimit/1853/LLMDFA/benchmark/juliet-test-suite-XSS_simplified/CWE80_XSS/s02/CWE80_XSS__Servlet_PropertiesFile_05.java
Analyzing......
Preprocessing...
processing finished
start to summarize...
Generating intra-procedural summaries...
Processing callees...
Preprocessing...
processing finished
start to summarize...
Generating intra-procedural summaries...
Processing callees...
Preprocessing...
processing finished
start to summarize...
Generating intra-procedural summaries...
Processing callees...
Preprocessing...
processing finished
start to summarize...
Generating intra-procedural summaries...
Processing callees...
Validating......
Applying path checker with solver...
Constructing solving program...
Constructing solving program...
Solver-aided path checker succeeded...
finish validate
Reporting......
Report generated!

finish report
===================================================
597  /  666 

CWE80_XSS__Servlet_PropertiesFile_05 

{'input_token_cost': 2455, 'output_token_cost': 397, 'analysis_result': {'TPs': 1, 'FPs': 0}, 'ground_truth': {'TPs': 1, 'FPs': 2}, 'single time cost': 5.372972249984741} 

===================================================


Start to analyze the case  598 out of  666
/scratch/local/w.nimit/1853/LLMDFA/benchmark/juliet-test-suite-XSS_simplified/CWE80_XSS/s02/CWE80_XSS__Servlet_PropertiesFile_06.java
Analyzing......
Preprocessing...
processing finished
start to summarize...
Generating intra-procedural summaries...
Processing callees...
Preprocessing...
processing finished
start to summarize...
Generating intra-procedural summaries...
Processing callees...
Preprocessing...
processing finished
start to summarize...
Generating intra-procedural summaries...
Processing callees...
Preprocessing...
processing finished
start to summarize...
Generating intra-procedural summaries...
Processing callees...
Validating......
Applying path checker with solver...
Constructing solving program...
Constructing solving program...
Solver-aided path checker succeeded...
finish validate
Reporting......
Report generated!

finish report
===================================================
598  /  666 

CWE80_XSS__Servlet_PropertiesFile_06 

{'input_token_cost': 2483, 'output_token_cost': 377, 'analysis_result': {'TPs': 1, 'FPs': 0}, 'ground_truth': {'TPs': 1, 'FPs': 2}, 'single time cost': 5.085406064987183} 

===================================================


Start to analyze the case  599 out of  666
/scratch/local/w.nimit/1853/LLMDFA/benchmark/juliet-test-suite-XSS_simplified/CWE80_XSS/s02/CWE80_XSS__Servlet_PropertiesFile_07.java
Analyzing......
Preprocessing...
processing finished
start to summarize...
Generating intra-procedural summaries...
Processing callees...
Preprocessing...
processing finished
start to summarize...
Generating intra-procedural summaries...
Processing callees...
Preprocessing...
processing finished
start to summarize...
Generating intra-procedural summaries...
Processing callees...
Preprocessing...
processing finished
start to summarize...
Generating intra-procedural summaries...
Processing callees...
Validating......
Applying path checker with solver...
Constructing solving program...
Constructing solving program...
Solver-aided path checker succeeded...
finish validate
Reporting......
Report generated!

finish report
===================================================
599  /  666 

CWE80_XSS__Servlet_PropertiesFile_07 

{'input_token_cost': 2468, 'output_token_cost': 360, 'analysis_result': {'TPs': 1, 'FPs': 0}, 'ground_truth': {'TPs': 1, 'FPs': 2}, 'single time cost': 4.9171154499053955} 

===================================================


Start to analyze the case  600 out of  666
/scratch/local/w.nimit/1853/LLMDFA/benchmark/juliet-test-suite-XSS_simplified/CWE80_XSS/s02/CWE80_XSS__Servlet_PropertiesFile_08.java
Analyzing......
Preprocessing...
processing finished
start to summarize...
Generating intra-procedural summaries...
Processing callees...
Preprocessing...
processing finished
start to summarize...
Generating intra-procedural summaries...
Processing callees...
Preprocessing...
processing finished
start to summarize...
Generating intra-procedural summaries...
Processing callees...
Preprocessing...
processing finished
start to summarize...
Generating intra-procedural summaries...
Processing callees...
Preprocessing...
processing finished
start to summarize...
Generating intra-procedural summaries...
Processing callees...
Preprocessing...
processing finished
start to summarize...
Generating intra-procedural summaries...
Processing callees...
start to summarize...
Generating intra-procedural summaries...
Processing callees...
Validating......
Applying path checker with solver...
Constructing solving program...
Constructing solving program...
Solver-aided path checker succeeded...
finish validate
Reporting......
Report generated!

finish report
===================================================
600  /  666 

CWE80_XSS__Servlet_PropertiesFile_08 

{'input_token_cost': 2348, 'output_token_cost': 329, 'analysis_result': {'TPs': 1, 'FPs': 0}, 'ground_truth': {'TPs': 1, 'FPs': 2}, 'single time cost': 4.485887765884399} 

===================================================


Start to analyze the case  601 out of  666
/scratch/local/w.nimit/1853/LLMDFA/benchmark/juliet-test-suite-XSS_simplified/CWE80_XSS/s02/CWE80_XSS__Servlet_PropertiesFile_09.java
Analyzing......
Preprocessing...
processing finished
start to summarize...
Generating intra-procedural summaries...
Processing callees...
Preprocessing...
processing finished
start to summarize...
Generating intra-procedural summaries...
Processing callees...
Preprocessing...
processing finished
start to summarize...
Generating intra-procedural summaries...
Processing callees...
Preprocessing...
processing finished
start to summarize...
Generating intra-procedural summaries...
Processing callees...
Validating......
Applying path checker with solver...
Constructing solving program...
Constructing solving program...
Solver-aided path checker succeeded...
finish validate
Reporting......
Report generated!

finish report
===================================================
601  /  666 

CWE80_XSS__Servlet_PropertiesFile_09 

{'input_token_cost': 2470, 'output_token_cost': 415, 'analysis_result': {'TPs': 1, 'FPs': 0}, 'ground_truth': {'TPs': 1, 'FPs': 2}, 'single time cost': 5.6636011600494385} 

===================================================


Start to analyze the case  602 out of  666
/scratch/local/w.nimit/1853/LLMDFA/benchmark/juliet-test-suite-XSS_simplified/CWE80_XSS/s02/CWE80_XSS__Servlet_PropertiesFile_10.java
Analyzing......
Preprocessing...
processing finished
start to summarize...
Generating intra-procedural summaries...
Processing callees...
Preprocessing...
processing finished
start to summarize...
Generating intra-procedural summaries...
Processing callees...
Preprocessing...
processing finished
start to summarize...
Generating intra-procedural summaries...
Processing callees...
Preprocessing...
processing finished
start to summarize...
Generating intra-procedural summaries...
Processing callees...
Validating......
Applying path checker with solver...
Constructing solving program...
Constructing solving program...
Solver-aided path checker succeeded...
finish validate
Reporting......
Report generated!

finish report
===================================================
602  /  666 

CWE80_XSS__Servlet_PropertiesFile_10 

{'input_token_cost': 2460, 'output_token_cost': 392, 'analysis_result': {'TPs': 1, 'FPs': 0}, 'ground_truth': {'TPs': 1, 'FPs': 2}, 'single time cost': 5.290720701217651} 

===================================================


Start to analyze the case  603 out of  666
/scratch/local/w.nimit/1853/LLMDFA/benchmark/juliet-test-suite-XSS_simplified/CWE80_XSS/s02/CWE80_XSS__Servlet_PropertiesFile_11.java
Analyzing......
Preprocessing...
processing finished
start to summarize...
Generating intra-procedural summaries...
Processing callees...
Preprocessing...
processing finished
start to summarize...
Generating intra-procedural summaries...
Processing callees...
Preprocessing...
processing finished
start to summarize...
Generating intra-procedural summaries...
Processing callees...
Preprocessing...
processing finished
start to summarize...
Generating intra-procedural summaries...
Processing callees...
Validating......
Applying path checker with solver...
Constructing solving program...
Refining solving program...
Constructing solving program...
Solver-aided path checker succeeded...
finish validate
Reporting......
Report generated!

finish report
===================================================
603  /  666 

CWE80_XSS__Servlet_PropertiesFile_11 

{'input_token_cost': 2621, 'output_token_cost': 483, 'analysis_result': {'TPs': 1, 'FPs': 0}, 'ground_truth': {'TPs': 1, 'FPs': 2}, 'single time cost': 6.584243297576904} 

===================================================


Start to analyze the case  604 out of  666
/scratch/local/w.nimit/1853/LLMDFA/benchmark/juliet-test-suite-XSS_simplified/CWE80_XSS/s02/CWE80_XSS__Servlet_PropertiesFile_12.java
Analyzing......
Preprocessing...
processing finished
start to summarize...
Generating intra-procedural summaries...
Processing callees...
Preprocessing...
processing finished
start to summarize...
Generating intra-procedural summaries...
Processing callees...
Preprocessing...
processing finished
start to summarize...
Generating intra-procedural summaries...
Processing callees...
Validating......
Applying path checker with solver...
Constructing solving program...
Refining solving program...
Constructing solving program...
Solver-aided path checker succeeded...
finish validate
Reporting......
Report generated!

finish report
===================================================
604  /  666 

CWE80_XSS__Servlet_PropertiesFile_12 

{'input_token_cost': 2641, 'output_token_cost': 538, 'analysis_result': {'TPs': 1, 'FPs': 0}, 'ground_truth': {'TPs': 1, 'FPs': 1}, 'single time cost': 7.23156213760376} 

===================================================


Start to analyze the case  605 out of  666
/scratch/local/w.nimit/1853/LLMDFA/benchmark/juliet-test-suite-XSS_simplified/CWE80_XSS/s02/CWE80_XSS__Servlet_PropertiesFile_13.java
Analyzing......
Preprocessing...
processing finished
start to summarize...
Generating intra-procedural summaries...
Processing callees...
Preprocessing...
processing finished
start to summarize...
Generating intra-procedural summaries...
Processing callees...
Preprocessing...
processing finished
start to summarize...
Generating intra-procedural summaries...
Processing callees...
Preprocessing...
processing finished
start to summarize...
Generating intra-procedural summaries...
Processing callees...
Validating......
Applying path checker with solver...
Constructing solving program...
Constructing solving program...
Solver-aided path checker succeeded...
finish validate
Reporting......
Report generated!

finish report
===================================================
605  /  666 

CWE80_XSS__Servlet_PropertiesFile_13 

{'input_token_cost': 2488, 'output_token_cost': 376, 'analysis_result': {'TPs': 1, 'FPs': 0}, 'ground_truth': {'TPs': 1, 'FPs': 2}, 'single time cost': 5.086151361465454} 

===================================================


Start to analyze the case  606 out of  666
/scratch/local/w.nimit/1853/LLMDFA/benchmark/juliet-test-suite-XSS_simplified/CWE80_XSS/s02/CWE80_XSS__Servlet_PropertiesFile_14.java
Analyzing......
Preprocessing...
processing finished
start to summarize...
Generating intra-procedural summaries...
Processing callees...
Preprocessing...
processing finished
start to summarize...
Generating intra-procedural summaries...
Processing callees...
Preprocessing...
processing finished
start to summarize...
Generating intra-procedural summaries...
Processing callees...
Preprocessing...
processing finished
start to summarize...
Generating intra-procedural summaries...
Processing callees...
Validating......
Applying path checker with solver...
Constructing solving program...
Constructing solving program...
Solver-aided path checker succeeded...
finish validate
Reporting......
Report generated!

finish report
===================================================
606  /  666 

CWE80_XSS__Servlet_PropertiesFile_14 

{'input_token_cost': 2473, 'output_token_cost': 355, 'analysis_result': {'TPs': 1, 'FPs': 0}, 'ground_truth': {'TPs': 1, 'FPs': 2}, 'single time cost': 4.948256254196167} 

===================================================


Start to analyze the case  607 out of  666
/scratch/local/w.nimit/1853/LLMDFA/benchmark/juliet-test-suite-XSS_simplified/CWE80_XSS/s02/CWE80_XSS__Servlet_PropertiesFile_15.java
Analyzing......
Preprocessing...
processing finished
start to summarize...
Generating intra-procedural summaries...
Processing callees...
Preprocessing...
processing finished
start to summarize...
Generating intra-procedural summaries...
Processing callees...
Preprocessing...
processing finished
start to summarize...
Generating intra-procedural summaries...
Processing callees...
Preprocessing...
processing finished
start to summarize...
Generating intra-procedural summaries...
Processing callees...
Validating......
Applying path checker with solver...
Constructing solving program...
Solver-aided path checker succeeded...
finish validate
Reporting......
Report generated!

finish report
===================================================
607  /  666 

CWE80_XSS__Servlet_PropertiesFile_15 

{'input_token_cost': 1842, 'output_token_cost': 213, 'analysis_result': {'TPs': 1, 'FPs': 0}, 'ground_truth': {'TPs': 1, 'FPs': 2}, 'single time cost': 2.901747465133667} 

===================================================


Start to analyze the case  608 out of  666
/scratch/local/w.nimit/1853/LLMDFA/benchmark/juliet-test-suite-XSS_simplified/CWE80_XSS/s02/CWE80_XSS__Servlet_PropertiesFile_16.java
Analyzing......
Preprocessing...
processing finished
start to summarize...
Generating intra-procedural summaries...
Processing callees...
Preprocessing...
processing finished
start to summarize...
Generating intra-procedural summaries...
Processing callees...
Preprocessing...
processing finished
start to summarize...
Generating intra-procedural summaries...
Processing callees...
Validating......
Applying path checker with solver...
Constructing solving program...
Solver-aided path checker succeeded...
finish validate
Reporting......
Report generated!

finish report
===================================================
608  /  666 

CWE80_XSS__Servlet_PropertiesFile_16 

{'input_token_cost': 1804, 'output_token_cost': 202, 'analysis_result': {'TPs': 1, 'FPs': 0}, 'ground_truth': {'TPs': 1, 'FPs': 1}, 'single time cost': 2.7786219120025635} 

===================================================


Start to analyze the case  609 out of  666
/scratch/local/w.nimit/1853/LLMDFA/benchmark/juliet-test-suite-XSS_simplified/CWE80_XSS/s02/CWE80_XSS__Servlet_PropertiesFile_17.java
Analyzing......
Preprocessing...
processing finished
start to summarize...
Generating intra-procedural summaries...
Processing callees...
Preprocessing...
processing finished
start to summarize...
Generating intra-procedural summaries...
Processing callees...
Preprocessing...
processing finished
start to summarize...
Generating intra-procedural summaries...
Processing callees...
Validating......
Applying path checker with solver...
Constructing solving program...
Solver-aided path checker succeeded...
finish validate
Reporting......
Report generated!

finish report
===================================================
609  /  666 

CWE80_XSS__Servlet_PropertiesFile_17 

{'input_token_cost': 1817, 'output_token_cost': 203, 'analysis_result': {'TPs': 1, 'FPs': 0}, 'ground_truth': {'TPs': 1, 'FPs': 1}, 'single time cost': 2.7749011516571045} 

===================================================


Start to analyze the case  610 out of  666
/scratch/local/w.nimit/1853/LLMDFA/benchmark/juliet-test-suite-XSS_simplified/CWE80_XSS/s02/CWE80_XSS__Servlet_PropertiesFile_21.java
Analyzing......
Preprocessing...
processing finished
start to summarize...
Generating intra-procedural summaries...
Processing callees...
Preprocessing...
processing finished
start to summarize...
Generating intra-procedural summaries...
Processing callees...
Preprocessing...
processing finished
start to summarize...
Generating intra-procedural summaries...
Processing callees...
Preprocessing...
processing finished
start to summarize...
Generating intra-procedural summaries...
Processing callees...
Preprocessing...
processing finished
start to summarize...
Generating intra-procedural summaries...
Processing callees...
Preprocessing...
processing finished
start to summarize...
Generating intra-procedural summaries...
Processing callees...
Preprocessing...
processing finished
start to summarize...
Generating intra-procedural summaries...
Processing callees...
Validating......
Applying path checker with solver...
Constructing solving program...
Constructing solving program...
Solver-aided path checker succeeded...
finish validate
Reporting......
Report generated!

finish report
===================================================
610  /  666 

CWE80_XSS__Servlet_PropertiesFile_21 

{'input_token_cost': 15316, 'output_token_cost': 1585, 'analysis_result': {'TPs': 0, 'FPs': 0}, 'ground_truth': {'TPs': 1, 'FPs': 2}, 'single time cost': 20.618601322174072} 

===================================================


Start to analyze the case  611 out of  666
/scratch/local/w.nimit/1853/LLMDFA/benchmark/juliet-test-suite-XSS_simplified/CWE80_XSS/s02/CWE80_XSS__Servlet_PropertiesFile_31.java
Analyzing......
Preprocessing...
processing finished
start to summarize...
Generating intra-procedural summaries...
Processing callees...
Preprocessing...
processing finished
start to summarize...
Generating intra-procedural summaries...
Processing callees...
Preprocessing...
processing finished
start to summarize...
Generating intra-procedural summaries...
Processing callees...
Validating......
Applying path checker with solver...
Constructing solving program...
Solver-aided path checker succeeded...
finish validate
Reporting......
Report generated!

finish report
===================================================
611  /  666 

CWE80_XSS__Servlet_PropertiesFile_31 

{'input_token_cost': 1843, 'output_token_cost': 248, 'analysis_result': {'TPs': 1, 'FPs': 0}, 'ground_truth': {'TPs': 1, 'FPs': 1}, 'single time cost': 3.2930784225463867} 

===================================================


Start to analyze the case  612 out of  666
/scratch/local/w.nimit/1853/LLMDFA/benchmark/juliet-test-suite-XSS_simplified/CWE80_XSS/s02/CWE80_XSS__Servlet_PropertiesFile_41.java
Analyzing......
Preprocessing...
processing finished
start to summarize...
Generating intra-procedural summaries...
Processing callees...
Preprocessing...
processing finished
start to summarize...
Generating intra-procedural summaries...
Processing callees...
Preprocessing...
processing finished
start to summarize...
Generating intra-procedural summaries...
Processing callees...
Preprocessing...
processing finished
start to summarize...
Generating intra-procedural summaries...
Processing callees...
Preprocessing...
processing finished
start to summarize...
Generating intra-procedural summaries...
Processing callees...
Validating......
Applying path checker with solver...
Constructing solving program...
Solver-aided path checker succeeded...
finish validate
Reporting......
Report generated!

finish report
===================================================
612  /  666 

CWE80_XSS__Servlet_PropertiesFile_41 

{'input_token_cost': 5189, 'output_token_cost': 580, 'analysis_result': {'TPs': 1, 'FPs': 0}, 'ground_truth': {'TPs': 1, 'FPs': 1}, 'single time cost': 7.547588348388672} 

===================================================


Start to analyze the case  613 out of  666
/scratch/local/w.nimit/1853/LLMDFA/benchmark/juliet-test-suite-XSS_simplified/CWE80_XSS/s02/CWE80_XSS__Servlet_PropertiesFile_42.java
Analyzing......
Preprocessing...
processing finished
start to summarize...
Generating intra-procedural summaries...
Processing callees...
Preprocessing...
processing finished
start to summarize...
Generating intra-procedural summaries...
Processing callees...
Preprocessing...
processing finished
start to summarize...
Generating intra-procedural summaries...
Processing callees...
Preprocessing...
processing finished
start to summarize...
Generating intra-procedural summaries...
Processing callees...
Preprocessing...
processing finished
start to summarize...
Generating intra-procedural summaries...
Processing callees...
Validating......
Applying path checker with solver...
Constructing solving program...
Solver-aided path checker succeeded...
finish validate
Reporting......
Report generated!

finish report
===================================================
613  /  666 

CWE80_XSS__Servlet_PropertiesFile_42 

{'input_token_cost': 8160, 'output_token_cost': 721, 'analysis_result': {'TPs': 1, 'FPs': 0}, 'ground_truth': {'TPs': 1, 'FPs': 1}, 'single time cost': 9.412488222122192} 

===================================================


Start to analyze the case  614 out of  666
/scratch/local/w.nimit/1853/LLMDFA/benchmark/juliet-test-suite-XSS_simplified/CWE80_XSS/s02/CWE80_XSS__Servlet_PropertiesFile_45.java
Analyzing......
Preprocessing...
processing finished
start to summarize...
Generating intra-procedural summaries...
Processing callees...
Preprocessing...
processing finished
start to summarize...
Generating intra-procedural summaries...
Processing callees...
Preprocessing...
processing finished
start to summarize...
Generating intra-procedural summaries...
Processing callees...
Preprocessing...
processing finished
start to summarize...
Generating intra-procedural summaries...
Processing callees...
Preprocessing...
processing finished
start to summarize...
Generating intra-procedural summaries...
Processing callees...
Validating......
Applying path checker with solver...
Constructing solving program...
Solver-aided path checker succeeded...
finish validate
Reporting......
Report generated!

finish report
===================================================
614  /  666 

CWE80_XSS__Servlet_PropertiesFile_45 

{'input_token_cost': 6251, 'output_token_cost': 563, 'analysis_result': {'TPs': 1, 'FPs': 0}, 'ground_truth': {'TPs': 1, 'FPs': 1}, 'single time cost': 7.44767689704895} 

===================================================


Start to analyze the case  615 out of  666
/scratch/local/w.nimit/1853/LLMDFA/benchmark/juliet-test-suite-XSS_simplified/CWE80_XSS/s02/CWE80_XSS__Servlet_URLConnection_01.java
Analyzing......
Preprocessing...
processing finished
start to summarize...
Generating intra-procedural summaries...
Processing callees...
Preprocessing...
processing finished
start to summarize...
Generating intra-procedural summaries...
Processing callees...
Preprocessing...
processing finished
start to summarize...
Generating intra-procedural summaries...
Processing callees...
Validating......
Applying path checker with solver...
Constructing solving program...
Solver-aided path checker succeeded...
finish validate
Reporting......
Report generated!

finish report
===================================================
615  /  666 

CWE80_XSS__Servlet_URLConnection_01 

{'input_token_cost': 1916, 'output_token_cost': 217, 'analysis_result': {'TPs': 1, 'FPs': 0}, 'ground_truth': {'TPs': 1, 'FPs': 1}, 'single time cost': 2.9266653060913086} 

===================================================


Start to analyze the case  616 out of  666
/scratch/local/w.nimit/1853/LLMDFA/benchmark/juliet-test-suite-XSS_simplified/CWE80_XSS/s02/CWE80_XSS__Servlet_URLConnection_02.java
Analyzing......
Preprocessing...
processing finished
start to summarize...
Generating intra-procedural summaries...
Processing callees...
Preprocessing...
processing finished
start to summarize...
Generating intra-procedural summaries...
Processing callees...
Preprocessing...
processing finished
start to summarize...
Generating intra-procedural summaries...
Processing callees...
Preprocessing...
processing finished
start to summarize...
Generating intra-procedural summaries...
Processing callees...
Validating......
Applying path checker with solver...
Constructing solving program...
Solver-aided path checker succeeded...
finish validate
Reporting......
Report generated!

finish report
===================================================
616  /  666 

CWE80_XSS__Servlet_URLConnection_02 

{'input_token_cost': 1950, 'output_token_cost': 218, 'analysis_result': {'TPs': 1, 'FPs': 0}, 'ground_truth': {'TPs': 1, 'FPs': 2}, 'single time cost': 2.9577581882476807} 

===================================================


Start to analyze the case  617 out of  666
/scratch/local/w.nimit/1853/LLMDFA/benchmark/juliet-test-suite-XSS_simplified/CWE80_XSS/s02/CWE80_XSS__Servlet_URLConnection_03.java
Analyzing......
Preprocessing...
processing finished
start to summarize...
Generating intra-procedural summaries...
Processing callees...
Preprocessing...
processing finished
start to summarize...
Generating intra-procedural summaries...
Processing callees...
Preprocessing...
processing finished
start to summarize...
Generating intra-procedural summaries...
Processing callees...
Preprocessing...
processing finished
start to summarize...
Generating intra-procedural summaries...
Processing callees...
Validating......
Applying path checker with solver...
Constructing solving program...
Constructing solving program...
Solver-aided path checker succeeded...
finish validate
Reporting......
Report generated!

finish report
===================================================
617  /  666 

CWE80_XSS__Servlet_URLConnection_03 

{'input_token_cost': 2475, 'output_token_cost': 341, 'analysis_result': {'TPs': 1, 'FPs': 0}, 'ground_truth': {'TPs': 1, 'FPs': 2}, 'single time cost': 4.659350872039795} 

===================================================


Start to analyze the case  618 out of  666
/scratch/local/w.nimit/1853/LLMDFA/benchmark/juliet-test-suite-XSS_simplified/CWE80_XSS/s02/CWE80_XSS__Servlet_URLConnection_04.java
Analyzing......
Preprocessing...
processing finished
start to summarize...
Generating intra-procedural summaries...
Processing callees...
Preprocessing...
processing finished
start to summarize...
Generating intra-procedural summaries...
Processing callees...
Preprocessing...
processing finished
start to summarize...
Generating intra-procedural summaries...
Processing callees...
Preprocessing...
processing finished
start to summarize...
Generating intra-procedural summaries...
Processing callees...
Validating......
Applying path checker with solver...
Constructing solving program...
Constructing solving program...
Solver-aided path checker succeeded...
finish validate
Reporting......
Report generated!

finish report
===================================================
618  /  666 

CWE80_XSS__Servlet_URLConnection_04 

{'input_token_cost': 2589, 'output_token_cost': 325, 'analysis_result': {'TPs': 1, 'FPs': 0}, 'ground_truth': {'TPs': 1, 'FPs': 2}, 'single time cost': 4.503690719604492} 

===================================================


Start to analyze the case  619 out of  666
/scratch/local/w.nimit/1853/LLMDFA/benchmark/juliet-test-suite-XSS_simplified/CWE80_XSS/s02/CWE80_XSS__Servlet_URLConnection_05.java
Analyzing......
Preprocessing...
processing finished
start to summarize...
Generating intra-procedural summaries...
Processing callees...
Preprocessing...
processing finished
start to summarize...
Generating intra-procedural summaries...
Processing callees...
Preprocessing...
processing finished
start to summarize...
Generating intra-procedural summaries...
Processing callees...
Preprocessing...
processing finished
start to summarize...
Generating intra-procedural summaries...
Processing callees...
Validating......
Applying path checker with solver...
Constructing solving program...
Constructing solving program...
Solver-aided path checker succeeded...
finish validate
Reporting......
Report generated!

finish report
===================================================
619  /  666 

CWE80_XSS__Servlet_URLConnection_05 

{'input_token_cost': 2579, 'output_token_cost': 331, 'analysis_result': {'TPs': 1, 'FPs': 0}, 'ground_truth': {'TPs': 1, 'FPs': 2}, 'single time cost': 4.510025978088379} 

===================================================


Start to analyze the case  620 out of  666
/scratch/local/w.nimit/1853/LLMDFA/benchmark/juliet-test-suite-XSS_simplified/CWE80_XSS/s02/CWE80_XSS__Servlet_URLConnection_06.java
Analyzing......
Preprocessing...
processing finished
start to summarize...
Generating intra-procedural summaries...
Processing callees...
Preprocessing...
processing finished
start to summarize...
Generating intra-procedural summaries...
Processing callees...
Preprocessing...
processing finished
start to summarize...
Generating intra-procedural summaries...
Processing callees...
Preprocessing...
processing finished
start to summarize...
Generating intra-procedural summaries...
Processing callees...
Validating......
Applying path checker with solver...
Constructing solving program...
Constructing solving program...
Solver-aided path checker succeeded...
finish validate
Reporting......
Report generated!

finish report
===================================================
620  /  666 

CWE80_XSS__Servlet_URLConnection_06 

{'input_token_cost': 2607, 'output_token_cost': 383, 'analysis_result': {'TPs': 1, 'FPs': 0}, 'ground_truth': {'TPs': 1, 'FPs': 2}, 'single time cost': 5.174275636672974} 

===================================================


Start to analyze the case  621 out of  666
/scratch/local/w.nimit/1853/LLMDFA/benchmark/juliet-test-suite-XSS_simplified/CWE80_XSS/s02/CWE80_XSS__Servlet_URLConnection_07.java
Analyzing......
Preprocessing...
processing finished
start to summarize...
Generating intra-procedural summaries...
Processing callees...
Preprocessing...
processing finished
start to summarize...
Generating intra-procedural summaries...
Processing callees...
Preprocessing...
processing finished
start to summarize...
Generating intra-procedural summaries...
Processing callees...
Preprocessing...
processing finished
start to summarize...
Generating intra-procedural summaries...
Processing callees...
Validating......
Applying path checker with solver...
Constructing solving program...
Constructing solving program...
Solver-aided path checker succeeded...
finish validate
Reporting......
Report generated!

finish report
===================================================
621  /  666 

CWE80_XSS__Servlet_URLConnection_07 

{'input_token_cost': 2592, 'output_token_cost': 366, 'analysis_result': {'TPs': 1, 'FPs': 0}, 'ground_truth': {'TPs': 1, 'FPs': 2}, 'single time cost': 4.9450201988220215} 

===================================================


Start to analyze the case  622 out of  666
/scratch/local/w.nimit/1853/LLMDFA/benchmark/juliet-test-suite-XSS_simplified/CWE80_XSS/s02/CWE80_XSS__Servlet_URLConnection_08.java
Analyzing......
Preprocessing...
processing finished
start to summarize...
Generating intra-procedural summaries...
Processing callees...
Preprocessing...
processing finished
start to summarize...
Generating intra-procedural summaries...
Processing callees...
Preprocessing...
processing finished
start to summarize...
Generating intra-procedural summaries...
Processing callees...
Preprocessing...
processing finished
start to summarize...
Generating intra-procedural summaries...
Processing callees...
Preprocessing...
processing finished
start to summarize...
Generating intra-procedural summaries...
Processing callees...
Preprocessing...
processing finished
start to summarize...
Generating intra-procedural summaries...
Processing callees...
start to summarize...
Generating intra-procedural summaries...
Processing callees...
Validating......
Applying path checker with solver...
Constructing solving program...
Constructing solving program...
Solver-aided path checker succeeded...
finish validate
Reporting......
Report generated!

finish report
===================================================
622  /  666 

CWE80_XSS__Servlet_URLConnection_08 

{'input_token_cost': 2472, 'output_token_cost': 406, 'analysis_result': {'TPs': 1, 'FPs': 0}, 'ground_truth': {'TPs': 1, 'FPs': 2}, 'single time cost': 5.44459080696106} 

===================================================


Start to analyze the case  623 out of  666
/scratch/local/w.nimit/1853/LLMDFA/benchmark/juliet-test-suite-XSS_simplified/CWE80_XSS/s02/CWE80_XSS__Servlet_URLConnection_09.java
Analyzing......
Preprocessing...
processing finished
start to summarize...
Generating intra-procedural summaries...
Processing callees...
Preprocessing...
processing finished
start to summarize...
Generating intra-procedural summaries...
Processing callees...
Preprocessing...
processing finished
start to summarize...
Generating intra-procedural summaries...
Processing callees...
Preprocessing...
processing finished
start to summarize...
Generating intra-procedural summaries...
Processing callees...
Validating......
Applying path checker with solver...
Constructing solving program...
Constructing solving program...
Solver-aided path checker succeeded...
finish validate
Reporting......
Report generated!

finish report
===================================================
623  /  666 

CWE80_XSS__Servlet_URLConnection_09 

{'input_token_cost': 2594, 'output_token_cost': 325, 'analysis_result': {'TPs': 1, 'FPs': 0}, 'ground_truth': {'TPs': 1, 'FPs': 2}, 'single time cost': 4.459661960601807} 

===================================================


Start to analyze the case  624 out of  666
/scratch/local/w.nimit/1853/LLMDFA/benchmark/juliet-test-suite-XSS_simplified/CWE80_XSS/s02/CWE80_XSS__Servlet_URLConnection_10.java
Analyzing......
Preprocessing...
processing finished
start to summarize...
Generating intra-procedural summaries...
Processing callees...
Preprocessing...
processing finished
start to summarize...
Generating intra-procedural summaries...
Processing callees...
Preprocessing...
processing finished
start to summarize...
Generating intra-procedural summaries...
Processing callees...
Preprocessing...
processing finished
start to summarize...
Generating intra-procedural summaries...
Processing callees...
Validating......
Applying path checker with solver...
Constructing solving program...
Constructing solving program...
Solver-aided path checker succeeded...
finish validate
Reporting......
Report generated!

finish report
===================================================
624  /  666 

CWE80_XSS__Servlet_URLConnection_10 

{'input_token_cost': 2584, 'output_token_cost': 398, 'analysis_result': {'TPs': 1, 'FPs': 0}, 'ground_truth': {'TPs': 1, 'FPs': 2}, 'single time cost': 5.3712029457092285} 

===================================================


Start to analyze the case  625 out of  666
/scratch/local/w.nimit/1853/LLMDFA/benchmark/juliet-test-suite-XSS_simplified/CWE80_XSS/s02/CWE80_XSS__Servlet_URLConnection_11.java
Analyzing......
Preprocessing...
processing finished
start to summarize...
Generating intra-procedural summaries...
Processing callees...
Preprocessing...
processing finished
start to summarize...
Generating intra-procedural summaries...
Processing callees...
Preprocessing...
processing finished
start to summarize...
Generating intra-procedural summaries...
Processing callees...
Preprocessing...
processing finished
start to summarize...
Generating intra-procedural summaries...
Processing callees...
Validating......
Applying path checker with solver...
Constructing solving program...
Refining solving program...
Constructing solving program...
Solver-aided path checker succeeded...
finish validate
Reporting......
Report generated!

finish report
===================================================
625  /  666 

CWE80_XSS__Servlet_URLConnection_11 

{'input_token_cost': 2745, 'output_token_cost': 489, 'analysis_result': {'TPs': 1, 'FPs': 0}, 'ground_truth': {'TPs': 1, 'FPs': 2}, 'single time cost': 6.636562347412109} 

===================================================


Start to analyze the case  626 out of  666
/scratch/local/w.nimit/1853/LLMDFA/benchmark/juliet-test-suite-XSS_simplified/CWE80_XSS/s02/CWE80_XSS__Servlet_URLConnection_12.java
Analyzing......
Preprocessing...
processing finished
start to summarize...
Generating intra-procedural summaries...
Processing callees...
Preprocessing...
processing finished
start to summarize...
Generating intra-procedural summaries...
Processing callees...
Preprocessing...
processing finished
start to summarize...
Generating intra-procedural summaries...
Processing callees...
Validating......
Applying path checker with solver...
Constructing solving program...
Refining solving program...
Constructing solving program...
Solver-aided path checker succeeded...
finish validate
Reporting......
Report generated!

finish report
===================================================
626  /  666 

CWE80_XSS__Servlet_URLConnection_12 

{'input_token_cost': 2765, 'output_token_cost': 526, 'analysis_result': {'TPs': 1, 'FPs': 0}, 'ground_truth': {'TPs': 1, 'FPs': 1}, 'single time cost': 7.091767311096191} 

===================================================


Start to analyze the case  627 out of  666
/scratch/local/w.nimit/1853/LLMDFA/benchmark/juliet-test-suite-XSS_simplified/CWE80_XSS/s02/CWE80_XSS__Servlet_URLConnection_13.java
Analyzing......
Preprocessing...
processing finished
start to summarize...
Generating intra-procedural summaries...
Processing callees...
Preprocessing...
processing finished
start to summarize...
Generating intra-procedural summaries...
Processing callees...
Preprocessing...
processing finished
start to summarize...
Generating intra-procedural summaries...
Processing callees...
Preprocessing...
processing finished
start to summarize...
Generating intra-procedural summaries...
Processing callees...
Validating......
Applying path checker with solver...
Constructing solving program...
Constructing solving program...
Solver-aided path checker succeeded...
finish validate
Reporting......
Report generated!

finish report
===================================================
627  /  666 

CWE80_XSS__Servlet_URLConnection_13 

{'input_token_cost': 2612, 'output_token_cost': 382, 'analysis_result': {'TPs': 1, 'FPs': 0}, 'ground_truth': {'TPs': 1, 'FPs': 2}, 'single time cost': 5.152327060699463} 

===================================================


Start to analyze the case  628 out of  666
/scratch/local/w.nimit/1853/LLMDFA/benchmark/juliet-test-suite-XSS_simplified/CWE80_XSS/s02/CWE80_XSS__Servlet_URLConnection_14.java
Analyzing......
Preprocessing...
processing finished
start to summarize...
Generating intra-procedural summaries...
Processing callees...
Preprocessing...
processing finished
start to summarize...
Generating intra-procedural summaries...
Processing callees...
Preprocessing...
processing finished
start to summarize...
Generating intra-procedural summaries...
Processing callees...
Preprocessing...
processing finished
start to summarize...
Generating intra-procedural summaries...
Processing callees...
Validating......
Applying path checker with solver...
Constructing solving program...
Constructing solving program...
Solver-aided path checker succeeded...
finish validate
Reporting......
Report generated!

finish report
===================================================
628  /  666 

CWE80_XSS__Servlet_URLConnection_14 

{'input_token_cost': 2597, 'output_token_cost': 358, 'analysis_result': {'TPs': 1, 'FPs': 0}, 'ground_truth': {'TPs': 1, 'FPs': 2}, 'single time cost': 4.870638608932495} 

===================================================


Start to analyze the case  629 out of  666
/scratch/local/w.nimit/1853/LLMDFA/benchmark/juliet-test-suite-XSS_simplified/CWE80_XSS/s02/CWE80_XSS__Servlet_URLConnection_15.java
Analyzing......
Preprocessing...
processing finished
start to summarize...
Generating intra-procedural summaries...
Processing callees...
Preprocessing...
processing finished
start to summarize...
Generating intra-procedural summaries...
Processing callees...
Preprocessing...
processing finished
start to summarize...
Generating intra-procedural summaries...
Processing callees...
Preprocessing...
processing finished
start to summarize...
Generating intra-procedural summaries...
Processing callees...
Validating......
Applying path checker with solver...
Constructing solving program...
Solver-aided path checker succeeded...
finish validate
Reporting......
Report generated!

finish report
===================================================
629  /  666 

CWE80_XSS__Servlet_URLConnection_15 

{'input_token_cost': 1966, 'output_token_cost': 215, 'analysis_result': {'TPs': 1, 'FPs': 0}, 'ground_truth': {'TPs': 1, 'FPs': 2}, 'single time cost': 2.922069549560547} 

===================================================


Start to analyze the case  630 out of  666
/scratch/local/w.nimit/1853/LLMDFA/benchmark/juliet-test-suite-XSS_simplified/CWE80_XSS/s02/CWE80_XSS__Servlet_URLConnection_16.java
Analyzing......
Preprocessing...
processing finished
start to summarize...
Generating intra-procedural summaries...
Processing callees...
Preprocessing...
processing finished
start to summarize...
Generating intra-procedural summaries...
Processing callees...
Preprocessing...
processing finished
start to summarize...
Generating intra-procedural summaries...
Processing callees...
Validating......
Applying path checker with solver...
Constructing solving program...
Solver-aided path checker succeeded...
finish validate
Reporting......
Report generated!

finish report
===================================================
630  /  666 

CWE80_XSS__Servlet_URLConnection_16 

{'input_token_cost': 1928, 'output_token_cost': 215, 'analysis_result': {'TPs': 1, 'FPs': 0}, 'ground_truth': {'TPs': 1, 'FPs': 1}, 'single time cost': 2.916762351989746} 

===================================================


Start to analyze the case  631 out of  666
/scratch/local/w.nimit/1853/LLMDFA/benchmark/juliet-test-suite-XSS_simplified/CWE80_XSS/s02/CWE80_XSS__Servlet_URLConnection_17.java
Analyzing......
Preprocessing...
processing finished
start to summarize...
Generating intra-procedural summaries...
Processing callees...
Preprocessing...
processing finished
start to summarize...
Generating intra-procedural summaries...
Processing callees...
Preprocessing...
processing finished
start to summarize...
Generating intra-procedural summaries...
Processing callees...
Validating......
Applying path checker with solver...
Constructing solving program...
Solver-aided path checker succeeded...
finish validate
Reporting......
Report generated!

finish report
===================================================
631  /  666 

CWE80_XSS__Servlet_URLConnection_17 

{'input_token_cost': 1941, 'output_token_cost': 218, 'analysis_result': {'TPs': 1, 'FPs': 0}, 'ground_truth': {'TPs': 1, 'FPs': 1}, 'single time cost': 2.9440863132476807} 

===================================================


Start to analyze the case  632 out of  666
/scratch/local/w.nimit/1853/LLMDFA/benchmark/juliet-test-suite-XSS_simplified/CWE80_XSS/s02/CWE80_XSS__Servlet_URLConnection_21.java
Analyzing......
Preprocessing...
processing finished
start to summarize...
Generating intra-procedural summaries...
Processing callees...
Preprocessing...
processing finished
start to summarize...
Generating intra-procedural summaries...
Processing callees...
Preprocessing...
processing finished
start to summarize...
Generating intra-procedural summaries...
Processing callees...
Preprocessing...
processing finished
start to summarize...
Generating intra-procedural summaries...
Processing callees...
Preprocessing...
processing finished
start to summarize...
Generating intra-procedural summaries...
Processing callees...
Preprocessing...
processing finished
start to summarize...
Generating intra-procedural summaries...
Processing callees...
Preprocessing...
processing finished
start to summarize...
Generating intra-procedural summaries...
Processing callees...
Validating......
Applying path checker with solver...
Constructing solving program...
Constructing solving program...
Solver-aided path checker succeeded...
finish validate
Reporting......
Report generated!

finish report
===================================================
632  /  666 

CWE80_XSS__Servlet_URLConnection_21 

{'input_token_cost': 15688, 'output_token_cost': 1486, 'analysis_result': {'TPs': 0, 'FPs': 0}, 'ground_truth': {'TPs': 1, 'FPs': 2}, 'single time cost': 19.33035945892334} 

===================================================


Start to analyze the case  633 out of  666
/scratch/local/w.nimit/1853/LLMDFA/benchmark/juliet-test-suite-XSS_simplified/CWE80_XSS/s02/CWE80_XSS__Servlet_URLConnection_31.java
Analyzing......
Preprocessing...
processing finished
start to summarize...
Generating intra-procedural summaries...
Processing callees...
Preprocessing...
processing finished
start to summarize...
Generating intra-procedural summaries...
Processing callees...
Preprocessing...
processing finished
start to summarize...
Generating intra-procedural summaries...
Processing callees...
Validating......
Applying path checker with solver...
Constructing solving program...
Solver-aided path checker succeeded...
finish validate
Reporting......
Report generated!

finish report
===================================================
633  /  666 

CWE80_XSS__Servlet_URLConnection_31 

{'input_token_cost': 1967, 'output_token_cost': 201, 'analysis_result': {'TPs': 1, 'FPs': 0}, 'ground_truth': {'TPs': 1, 'FPs': 1}, 'single time cost': 2.7519187927246094} 

===================================================


Start to analyze the case  634 out of  666
/scratch/local/w.nimit/1853/LLMDFA/benchmark/juliet-test-suite-XSS_simplified/CWE80_XSS/s02/CWE80_XSS__Servlet_URLConnection_41.java
Analyzing......
Preprocessing...
processing finished
start to summarize...
Generating intra-procedural summaries...
Processing callees...
Preprocessing...
processing finished
start to summarize...
Generating intra-procedural summaries...
Processing callees...
Preprocessing...
processing finished
start to summarize...
Generating intra-procedural summaries...
Processing callees...
Preprocessing...
processing finished
start to summarize...
Generating intra-procedural summaries...
Processing callees...
Preprocessing...
processing finished
start to summarize...
Generating intra-procedural summaries...
Processing callees...
Validating......
Applying path checker with solver...
Constructing solving program...
Solver-aided path checker succeeded...
finish validate
Reporting......
Report generated!

finish report
===================================================
634  /  666 

CWE80_XSS__Servlet_URLConnection_41 

{'input_token_cost': 5561, 'output_token_cost': 497, 'analysis_result': {'TPs': 1, 'FPs': 0}, 'ground_truth': {'TPs': 1, 'FPs': 1}, 'single time cost': 6.479161024093628} 

===================================================


Start to analyze the case  635 out of  666
/scratch/local/w.nimit/1853/LLMDFA/benchmark/juliet-test-suite-XSS_simplified/CWE80_XSS/s02/CWE80_XSS__Servlet_URLConnection_42.java
Analyzing......
Preprocessing...
processing finished
start to summarize...
Generating intra-procedural summaries...
Processing callees...
Preprocessing...
processing finished
start to summarize...
Generating intra-procedural summaries...
Processing callees...
Preprocessing...
processing finished
start to summarize...
Generating intra-procedural summaries...
Processing callees...
Preprocessing...
processing finished
start to summarize...
Generating intra-procedural summaries...
Processing callees...
Preprocessing...
processing finished
start to summarize...
Generating intra-procedural summaries...
Processing callees...
Validating......
Applying path checker with solver...
Constructing solving program...
Solver-aided path checker succeeded...
finish validate
Reporting......
Report generated!

finish report
===================================================
635  /  666 

CWE80_XSS__Servlet_URLConnection_42 

{'input_token_cost': 8532, 'output_token_cost': 736, 'analysis_result': {'TPs': 1, 'FPs': 0}, 'ground_truth': {'TPs': 1, 'FPs': 1}, 'single time cost': 9.552818775177002} 

===================================================


Start to analyze the case  636 out of  666
/scratch/local/w.nimit/1853/LLMDFA/benchmark/juliet-test-suite-XSS_simplified/CWE80_XSS/s02/CWE80_XSS__Servlet_URLConnection_45.java
Analyzing......
Preprocessing...
processing finished
start to summarize...
Generating intra-procedural summaries...
Processing callees...
Preprocessing...
processing finished
start to summarize...
Generating intra-procedural summaries...
Processing callees...
Preprocessing...
processing finished
start to summarize...
Generating intra-procedural summaries...
Processing callees...
Preprocessing...
processing finished
start to summarize...
Generating intra-procedural summaries...
Processing callees...
Preprocessing...
processing finished
start to summarize...
Generating intra-procedural summaries...
Processing callees...
Validating......
Applying path checker with solver...
Constructing solving program...
Solver-aided path checker succeeded...
finish validate
Reporting......
Report generated!

finish report
===================================================
636  /  666 

CWE80_XSS__Servlet_URLConnection_45 

{'input_token_cost': 6623, 'output_token_cost': 623, 'analysis_result': {'TPs': 1, 'FPs': 0}, 'ground_truth': {'TPs': 1, 'FPs': 1}, 'single time cost': 8.098822832107544} 

===================================================


Start to analyze the case  637 out of  666
/scratch/local/w.nimit/1853/LLMDFA/benchmark/juliet-test-suite-XSS_simplified/CWE80_XSS/s02/CWE80_XSS__Servlet_PropertiesFile_22.java
Analyzing......
Preprocessing...
processing finished
start to summarize...
Generating intra-procedural summaries...
Processing callees...
Preprocessing...
processing finished
start to summarize...
Generating intra-procedural summaries...
Processing callees...
Preprocessing...
processing finished
start to summarize...
Generating intra-procedural summaries...
Processing callees...
Preprocessing...
processing finished
start to summarize...
Generating intra-procedural summaries...
Processing callees...
Preprocessing...
processing finished
start to summarize...
Generating intra-procedural summaries...
Processing callees...
Preprocessing...
processing finished
start to summarize...
Generating intra-procedural summaries...
Processing callees...
Preprocessing...
processing finished
start to summarize...
Generating intra-procedural summaries...
Processing callees...
Validating......
Applying path checker with solver...
Constructing solving program...
Constructing solving program...
Solver-aided path checker succeeded...
finish validate
Reporting......
Report generated!

finish report
===================================================
637  /  666 

CWE80_XSS__Servlet_PropertiesFile_22 

{'input_token_cost': 15603, 'output_token_cost': 1633, 'analysis_result': {'TPs': 0, 'FPs': 0}, 'ground_truth': {'TPs': 1, 'FPs': 2}, 'single time cost': 21.284056425094604} 

===================================================


Start to analyze the case  638 out of  666
/scratch/local/w.nimit/1853/LLMDFA/benchmark/juliet-test-suite-XSS_simplified/CWE80_XSS/s02/CWE80_XSS__Servlet_PropertiesFile_51.java
Analyzing......
Preprocessing...
processing finished
start to summarize...
Generating intra-procedural summaries...
Processing callees...
Preprocessing...
processing finished
start to summarize...
Generating intra-procedural summaries...
Processing callees...
Preprocessing...
processing finished
start to summarize...
Generating intra-procedural summaries...
Processing callees...
Preprocessing...
processing finished
start to summarize...
Generating intra-procedural summaries...
Processing callees...
Preprocessing...
processing finished
start to summarize...
Generating intra-procedural summaries...
Processing callees...
Validating......
Applying path checker with solver...
Constructing solving program...
Solver-aided path checker succeeded...
finish validate
Reporting......
Report generated!

finish report
===================================================
638  /  666 

CWE80_XSS__Servlet_PropertiesFile_51 

{'input_token_cost': 5252, 'output_token_cost': 560, 'analysis_result': {'TPs': 1, 'FPs': 0}, 'ground_truth': {'TPs': 1, 'FPs': 1}, 'single time cost': 7.316669702529907} 

===================================================


Start to analyze the case  639 out of  666
/scratch/local/w.nimit/1853/LLMDFA/benchmark/juliet-test-suite-XSS_simplified/CWE80_XSS/s02/CWE80_XSS__Servlet_PropertiesFile_52.java
Analyzing......
Preprocessing...
processing finished
start to summarize...
Generating intra-procedural summaries...
Processing callees...
Preprocessing...
processing finished
start to summarize...
Generating intra-procedural summaries...
Processing callees...
Preprocessing...
processing finished
start to summarize...
Generating intra-procedural summaries...
Processing callees...
Preprocessing...
processing finished
start to summarize...
Generating intra-procedural summaries...
Processing callees...
Preprocessing...
processing finished
start to summarize...
Generating intra-procedural summaries...
Processing callees...
Preprocessing...
processing finished
start to summarize...
Generating intra-procedural summaries...
Processing callees...
Preprocessing...
processing finished
start to summarize...
Generating intra-procedural summaries...
Processing callees...
Validating......
Applying path checker with solver...
Constructing solving program...
Solver-aided path checker succeeded...
finish validate
Reporting......
Report generated!

finish report
===================================================
639  /  666 

CWE80_XSS__Servlet_PropertiesFile_52 

{'input_token_cost': 8211, 'output_token_cost': 968, 'analysis_result': {'TPs': 1, 'FPs': 0}, 'ground_truth': {'TPs': 1, 'FPs': 1}, 'single time cost': 12.477458477020264} 

===================================================


Start to analyze the case  640 out of  666
/scratch/local/w.nimit/1853/LLMDFA/benchmark/juliet-test-suite-XSS_simplified/CWE80_XSS/s02/CWE80_XSS__Servlet_PropertiesFile_53.java
Analyzing......
Preprocessing...
processing finished
start to summarize...
Generating intra-procedural summaries...
Processing callees...
Preprocessing...
processing finished
start to summarize...
Generating intra-procedural summaries...
Processing callees...
Preprocessing...
processing finished
start to summarize...
Generating intra-procedural summaries...
Processing callees...
Preprocessing...
processing finished
start to summarize...
Generating intra-procedural summaries...
Processing callees...
Preprocessing...
processing finished
start to summarize...
Generating intra-procedural summaries...
Processing callees...
Preprocessing...
processing finished
start to summarize...
Generating intra-procedural summaries...
Processing callees...
Preprocessing...
processing finished
start to summarize...
Generating intra-procedural summaries...
Processing callees...
Preprocessing...
processing finished
start to summarize...
Generating intra-procedural summaries...
Processing callees...
Preprocessing...
processing finished
start to summarize...
Generating intra-procedural summaries...
Processing callees...
Validating......
Applying path checker with solver...
Constructing solving program...
Solver-aided path checker succeeded...
finish validate
Reporting......
Report generated!

finish report
===================================================
640  /  666 

CWE80_XSS__Servlet_PropertiesFile_53 

{'input_token_cost': 12187, 'output_token_cost': 1388, 'analysis_result': {'TPs': 1, 'FPs': 0}, 'ground_truth': {'TPs': 1, 'FPs': 1}, 'single time cost': 17.85975933074951} 

===================================================


Start to analyze the case  641 out of  666
/scratch/local/w.nimit/1853/LLMDFA/benchmark/juliet-test-suite-XSS_simplified/CWE80_XSS/s02/CWE80_XSS__Servlet_PropertiesFile_54.java
Analyzing......
Preprocessing...
processing finished
start to summarize...
Generating intra-procedural summaries...
Processing callees...
Preprocessing...
processing finished
start to summarize...
Generating intra-procedural summaries...
Processing callees...
Preprocessing...
processing finished
start to summarize...
Generating intra-procedural summaries...
Processing callees...
Preprocessing...
processing finished
start to summarize...
Generating intra-procedural summaries...
Processing callees...
Preprocessing...
processing finished
start to summarize...
Generating intra-procedural summaries...
Processing callees...
Preprocessing...
processing finished
start to summarize...
Generating intra-procedural summaries...
Processing callees...
Preprocessing...
processing finished
start to summarize...
Generating intra-procedural summaries...
Processing callees...
Preprocessing...
processing finished
start to summarize...
Generating intra-procedural summaries...
Processing callees...
Preprocessing...
processing finished
start to summarize...
Generating intra-procedural summaries...
Processing callees...
Preprocessing...
processing finished
start to summarize...
Generating intra-procedural summaries...
Processing callees...
Preprocessing...
processing finished
start to summarize...
Generating intra-procedural summaries...
Processing callees...
Validating......
Applying path checker with solver...
Constructing solving program...
Solver-aided path checker succeeded...
finish validate
Reporting......
Report generated!

finish report
===================================================
641  /  666 

CWE80_XSS__Servlet_PropertiesFile_54 

{'input_token_cost': 14129, 'output_token_cost': 1681, 'analysis_result': {'TPs': 1, 'FPs': 0}, 'ground_truth': {'TPs': 1, 'FPs': 1}, 'single time cost': 21.608734130859375} 

===================================================


Start to analyze the case  642 out of  666
/scratch/local/w.nimit/1853/LLMDFA/benchmark/juliet-test-suite-XSS_simplified/CWE80_XSS/s02/CWE80_XSS__Servlet_PropertiesFile_61.java
Analyzing......
Preprocessing...
processing finished
start to summarize...
Generating intra-procedural summaries...
Processing callees...
Preprocessing...
processing finished
start to summarize...
Generating intra-procedural summaries...
Processing callees...
Preprocessing...
processing finished
start to summarize...
Generating intra-procedural summaries...
Processing callees...
Preprocessing...
processing finished
start to summarize...
Generating intra-procedural summaries...
Processing callees...
Preprocessing...
processing finished
start to summarize...
Generating intra-procedural summaries...
Processing callees...
Validating......
Applying path checker with solver...
Constructing solving program...
Solver-aided path checker succeeded...
finish validate
Reporting......
Report generated!

finish report
===================================================
642  /  666 

CWE80_XSS__Servlet_PropertiesFile_61 

{'input_token_cost': 8186, 'output_token_cost': 727, 'analysis_result': {'TPs': 1, 'FPs': 0}, 'ground_truth': {'TPs': 1, 'FPs': 1}, 'single time cost': 9.53800368309021} 

===================================================


Start to analyze the case  643 out of  666
/scratch/local/w.nimit/1853/LLMDFA/benchmark/juliet-test-suite-XSS_simplified/CWE80_XSS/s02/CWE80_XSS__Servlet_PropertiesFile_66.java
Analyzing......
Preprocessing...
processing finished
start to summarize...
Generating intra-procedural summaries...
Processing callees...
Preprocessing...
processing finished
start to summarize...
Generating intra-procedural summaries...
Processing callees...
Preprocessing...
processing finished
start to summarize...
Generating intra-procedural summaries...
Processing callees...
Preprocessing...
processing finished
start to summarize...
Generating intra-procedural summaries...
Processing callees...
Preprocessing...
processing finished
start to summarize...
Generating intra-procedural summaries...
Processing callees...
Validating......
Applying path checker with solver...
Constructing solving program...
Solver-aided path checker succeeded...
Applying path checker with solver...
Constructing solving program...
Solver-aided path checker succeeded...
finish validate
Reporting......
Report generated!

finish report
===================================================
643  /  666 

CWE80_XSS__Servlet_PropertiesFile_66 

{'input_token_cost': 6894, 'output_token_cost': 859, 'analysis_result': {'TPs': 1, 'FPs': 0}, 'ground_truth': {'TPs': 1, 'FPs': 1}, 'single time cost': 11.385801315307617} 

===================================================


Start to analyze the case  644 out of  666
/scratch/local/w.nimit/1853/LLMDFA/benchmark/juliet-test-suite-XSS_simplified/CWE80_XSS/s02/CWE80_XSS__Servlet_PropertiesFile_67.java
Analyzing......
Preprocessing...
processing finished
start to summarize...
Generating intra-procedural summaries...
Processing callees...
Preprocessing...
processing finished
start to summarize...
Generating intra-procedural summaries...
Processing callees...
Preprocessing...
processing finished
start to summarize...
Generating intra-procedural summaries...
Processing callees...
Preprocessing...
processing finished
start to summarize...
Generating intra-procedural summaries...
Processing callees...
Preprocessing...
processing finished
start to summarize...
Generating intra-procedural summaries...
Processing callees...
Validating......
Applying path checker with solver...
Constructing solving program...
Solver-aided path checker succeeded...
finish validate
Reporting......
Report generated!

finish report
===================================================
644  /  666 

CWE80_XSS__Servlet_PropertiesFile_67 

{'input_token_cost': 7439, 'output_token_cost': 922, 'analysis_result': {'TPs': 1, 'FPs': 0}, 'ground_truth': {'TPs': 1, 'FPs': 1}, 'single time cost': 11.929405689239502} 

===================================================


Start to analyze the case  645 out of  666
/scratch/local/w.nimit/1853/LLMDFA/benchmark/juliet-test-suite-XSS_simplified/CWE80_XSS/s02/CWE80_XSS__Servlet_PropertiesFile_68.java
Analyzing......
Preprocessing...
processing finished
start to summarize...
Generating intra-procedural summaries...
Processing callees...
Preprocessing...
processing finished
start to summarize...
Generating intra-procedural summaries...
Processing callees...
Preprocessing...
processing finished
start to summarize...
Generating intra-procedural summaries...
Processing callees...
Preprocessing...
processing finished
start to summarize...
Generating intra-procedural summaries...
Processing callees...
Preprocessing...
processing finished
start to summarize...
Generating intra-procedural summaries...
Processing callees...
Validating......
Applying path checker with solver...
Constructing solving program...
Solver-aided path checker succeeded...
Applying path checker with solver...
Constructing solving program...
Solver-aided path checker succeeded...
Applying path checker with solver...
Constructing solving program...
Solver-aided path checker succeeded...
finish validate
Reporting......
Report generated!

finish report
===================================================
645  /  666 

CWE80_XSS__Servlet_PropertiesFile_68 

{'input_token_cost': 10969, 'output_token_cost': 1249, 'analysis_result': {'TPs': 1, 'FPs': 0}, 'ground_truth': {'TPs': 1, 'FPs': 1}, 'single time cost': 16.426751613616943} 

===================================================


Start to analyze the case  646 out of  666
/scratch/local/w.nimit/1853/LLMDFA/benchmark/juliet-test-suite-XSS_simplified/CWE80_XSS/s02/CWE80_XSS__Servlet_PropertiesFile_71.java
Analyzing......
Preprocessing...
processing finished
start to summarize...
Generating intra-procedural summaries...
Processing callees...
Preprocessing...
processing finished
start to summarize...
Generating intra-procedural summaries...
Processing callees...
Preprocessing...
processing finished
start to summarize...
Generating intra-procedural summaries...
Processing callees...
Preprocessing...
processing finished
start to summarize...
Generating intra-procedural summaries...
Processing callees...
Preprocessing...
processing finished
start to summarize...
Generating intra-procedural summaries...
Processing callees...
Validating......
finish validate
Reporting......
Report generated!

finish report
===================================================
646  /  666 

CWE80_XSS__Servlet_PropertiesFile_71 

{'input_token_cost': 3503, 'output_token_cost': 420, 'analysis_result': {'TPs': 0, 'FPs': 0}, 'ground_truth': {'TPs': 1, 'FPs': 1}, 'single time cost': 5.341444492340088} 

===================================================


Start to analyze the case  647 out of  666
/scratch/local/w.nimit/1853/LLMDFA/benchmark/juliet-test-suite-XSS_simplified/CWE80_XSS/s02/CWE80_XSS__Servlet_PropertiesFile_72.java
Analyzing......
Preprocessing...
processing finished
start to summarize...
Generating intra-procedural summaries...
Processing callees...
Preprocessing...
processing finished
start to summarize...
Generating intra-procedural summaries...
Processing callees...
Preprocessing...
processing finished
start to summarize...
Generating intra-procedural summaries...
Processing callees...
Preprocessing...
processing finished
start to summarize...
Generating intra-procedural summaries...
Processing callees...
Preprocessing...
processing finished
start to summarize...
Generating intra-procedural summaries...
Processing callees...
Validating......
Applying path checker with solver...
Constructing solving program...
Solver-aided path checker succeeded...
finish validate
Reporting......
Report generated!

finish report
===================================================
647  /  666 

CWE80_XSS__Servlet_PropertiesFile_72 

{'input_token_cost': 5429, 'output_token_cost': 572, 'analysis_result': {'TPs': 1, 'FPs': 0}, 'ground_truth': {'TPs': 1, 'FPs': 1}, 'single time cost': 7.508323669433594} 

===================================================


Start to analyze the case  648 out of  666
/scratch/local/w.nimit/1853/LLMDFA/benchmark/juliet-test-suite-XSS_simplified/CWE80_XSS/s02/CWE80_XSS__Servlet_PropertiesFile_73.java
Analyzing......
Preprocessing...
processing finished
start to summarize...
Generating intra-procedural summaries...
Processing callees...
Preprocessing...
processing finished
start to summarize...
Generating intra-procedural summaries...
Processing callees...
Preprocessing...
processing finished
start to summarize...
Generating intra-procedural summaries...
Processing callees...
Preprocessing...
processing finished
start to summarize...
Generating intra-procedural summaries...
Processing callees...
Preprocessing...
processing finished
start to summarize...
Generating intra-procedural summaries...
Processing callees...
Validating......
Applying path checker with solver...
Constructing solving program...
Solver-aided path checker succeeded...
Applying path checker with solver...
Constructing solving program...
Solver-aided path checker succeeded...
finish validate
Reporting......
Report generated!

finish report
===================================================
648  /  666 

CWE80_XSS__Servlet_PropertiesFile_73 

{'input_token_cost': 6986, 'output_token_cost': 852, 'analysis_result': {'TPs': 1, 'FPs': 0}, 'ground_truth': {'TPs': 1, 'FPs': 1}, 'single time cost': 11.143730401992798} 

===================================================


Start to analyze the case  649 out of  666
/scratch/local/w.nimit/1853/LLMDFA/benchmark/juliet-test-suite-XSS_simplified/CWE80_XSS/s02/CWE80_XSS__Servlet_PropertiesFile_74.java
Analyzing......
Preprocessing...
processing finished
start to summarize...
Generating intra-procedural summaries...
Processing callees...
Preprocessing...
processing finished
start to summarize...
Generating intra-procedural summaries...
Processing callees...
Preprocessing...
processing finished
start to summarize...
Generating intra-procedural summaries...
Processing callees...
Preprocessing...
processing finished
start to summarize...
Generating intra-procedural summaries...
Processing callees...
Preprocessing...
processing finished
start to summarize...
Generating intra-procedural summaries...
Processing callees...
Validating......
Applying path checker with solver...
Constructing solving program...
Solver-aided path checker succeeded...
finish validate
Reporting......
Report generated!

finish report
===================================================
649  /  666 

CWE80_XSS__Servlet_PropertiesFile_74 

{'input_token_cost': 7499, 'output_token_cost': 839, 'analysis_result': {'TPs': 1, 'FPs': 0}, 'ground_truth': {'TPs': 1, 'FPs': 1}, 'single time cost': 10.89058542251587} 

===================================================


Start to analyze the case  650 out of  666
/scratch/local/w.nimit/1853/LLMDFA/benchmark/juliet-test-suite-XSS_simplified/CWE80_XSS/s02/CWE80_XSS__Servlet_PropertiesFile_75.java
Analyzing......
Preprocessing...
processing finished
start to summarize...
Generating intra-procedural summaries...
Processing callees...
Preprocessing...
processing finished
start to summarize...
Generating intra-procedural summaries...
Processing callees...
Preprocessing...
processing finished
start to summarize...
Generating intra-procedural summaries...
Processing callees...
Preprocessing...
processing finished
start to summarize...
Generating intra-procedural summaries...
Processing callees...
Preprocessing...
processing finished
start to summarize...
Generating intra-procedural summaries...
Processing callees...
Validating......
Applying path checker with solver...
Constructing solving program...
Solver-aided path checker succeeded...
Applying path checker with solver...
Constructing solving program...
Solver-aided path checker succeeded...
finish validate
Reporting......
Report generated!

finish report
===================================================
650  /  666 

CWE80_XSS__Servlet_PropertiesFile_75 

{'input_token_cost': 9884, 'output_token_cost': 1001, 'analysis_result': {'TPs': 1, 'FPs': 0}, 'ground_truth': {'TPs': 1, 'FPs': 1}, 'single time cost': 13.2174551486969} 

===================================================


Start to analyze the case  651 out of  666
/scratch/local/w.nimit/1853/LLMDFA/benchmark/juliet-test-suite-XSS_simplified/CWE80_XSS/s02/CWE80_XSS__Servlet_PropertiesFile_81.java
Analyzing......
Preprocessing...
processing finished
start to summarize...
Generating intra-procedural summaries...
Processing callees...
Preprocessing...
processing finished
start to summarize...
Generating intra-procedural summaries...
Processing callees...
Preprocessing...
processing finished
start to summarize...
Generating intra-procedural summaries...
Processing callees...
Preprocessing...
processing finished
start to summarize...
Generating intra-procedural summaries...
Processing callees...
Preprocessing...
processing finished
start to summarize...
Generating intra-procedural summaries...
Processing callees...
Validating......
Applying path checker with solver...
Constructing solving program...
Solver-aided path checker succeeded...
finish validate
Reporting......
Report generated!

finish report
===================================================
651  /  666 

CWE80_XSS__Servlet_PropertiesFile_81 

{'input_token_cost': 5242, 'output_token_cost': 636, 'analysis_result': {'TPs': 1, 'FPs': 0}, 'ground_truth': {'TPs': 1, 'FPs': 1}, 'single time cost': 8.265389442443848} 

===================================================


Start to analyze the case  652 out of  666
/scratch/local/w.nimit/1853/LLMDFA/benchmark/juliet-test-suite-XSS_simplified/CWE80_XSS/s02/CWE80_XSS__Servlet_URLConnection_22.java
Analyzing......
Preprocessing...
processing finished
start to summarize...
Generating intra-procedural summaries...
Processing callees...
Preprocessing...
processing finished
start to summarize...
Generating intra-procedural summaries...
Processing callees...
Preprocessing...
processing finished
start to summarize...
Generating intra-procedural summaries...
Processing callees...
Preprocessing...
processing finished
start to summarize...
Generating intra-procedural summaries...
Processing callees...
Preprocessing...
processing finished
start to summarize...
Generating intra-procedural summaries...
Processing callees...
Preprocessing...
processing finished
start to summarize...
Generating intra-procedural summaries...
Processing callees...
Preprocessing...
processing finished
start to summarize...
Generating intra-procedural summaries...
Processing callees...
Validating......
Applying path checker with solver...
Constructing solving program...
Constructing solving program...
Solver-aided path checker succeeded...
finish validate
Reporting......
Report generated!

finish report
===================================================
652  /  666 

CWE80_XSS__Servlet_URLConnection_22 

{'input_token_cost': 15939, 'output_token_cost': 1849, 'analysis_result': {'TPs': 0, 'FPs': 0}, 'ground_truth': {'TPs': 1, 'FPs': 2}, 'single time cost': 23.98059868812561} 

===================================================


Start to analyze the case  653 out of  666
/scratch/local/w.nimit/1853/LLMDFA/benchmark/juliet-test-suite-XSS_simplified/CWE80_XSS/s02/CWE80_XSS__Servlet_URLConnection_51.java
Analyzing......
Preprocessing...
processing finished
start to summarize...
Generating intra-procedural summaries...
Processing callees...
Preprocessing...
processing finished
start to summarize...
Generating intra-procedural summaries...
Processing callees...
Preprocessing...
processing finished
start to summarize...
Generating intra-procedural summaries...
Processing callees...
Preprocessing...
processing finished
start to summarize...
Generating intra-procedural summaries...
Processing callees...
Preprocessing...
processing finished
start to summarize...
Generating intra-procedural summaries...
Processing callees...
Validating......
Applying path checker with solver...
Constructing solving program...
Solver-aided path checker succeeded...
finish validate
Reporting......
Report generated!

finish report
===================================================
653  /  666 

CWE80_XSS__Servlet_URLConnection_51 

{'input_token_cost': 7651, 'output_token_cost': 805, 'analysis_result': {'TPs': 1, 'FPs': 0}, 'ground_truth': {'TPs': 1, 'FPs': 1}, 'single time cost': 10.4935302734375} 

===================================================


Start to analyze the case  654 out of  666
/scratch/local/w.nimit/1853/LLMDFA/benchmark/juliet-test-suite-XSS_simplified/CWE80_XSS/s02/CWE80_XSS__Servlet_URLConnection_52.java
Analyzing......
Preprocessing...
processing finished
start to summarize...
Generating intra-procedural summaries...
Processing callees...
Preprocessing...
processing finished
start to summarize...
Generating intra-procedural summaries...
Processing callees...
Preprocessing...
processing finished
start to summarize...
Generating intra-procedural summaries...
Processing callees...
Preprocessing...
processing finished
start to summarize...
Generating intra-procedural summaries...
Processing callees...
Preprocessing...
processing finished
start to summarize...
Generating intra-procedural summaries...
Processing callees...
Preprocessing...
processing finished
start to summarize...
Generating intra-procedural summaries...
Processing callees...
Preprocessing...
processing finished
start to summarize...
Generating intra-procedural summaries...
Processing callees...
Validating......
Applying path checker with solver...
Constructing solving program...
Solver-aided path checker succeeded...
finish validate
Reporting......
Report generated!

finish report
===================================================
654  /  666 

CWE80_XSS__Servlet_URLConnection_52 

{'input_token_cost': 12541, 'output_token_cost': 1321, 'analysis_result': {'TPs': 1, 'FPs': 0}, 'ground_truth': {'TPs': 1, 'FPs': 1}, 'single time cost': 17.05546474456787} 

===================================================


Start to analyze the case  655 out of  666
/scratch/local/w.nimit/1853/LLMDFA/benchmark/juliet-test-suite-XSS_simplified/CWE80_XSS/s02/CWE80_XSS__Servlet_URLConnection_53.java
Analyzing......
Preprocessing...
processing finished
start to summarize...
Generating intra-procedural summaries...
Processing callees...
Preprocessing...
processing finished
start to summarize...
Generating intra-procedural summaries...
Processing callees...
Preprocessing...
processing finished
start to summarize...
Generating intra-procedural summaries...
Processing callees...
Preprocessing...
processing finished
start to summarize...
Generating intra-procedural summaries...
Processing callees...
Preprocessing...
processing finished
start to summarize...
Generating intra-procedural summaries...
Processing callees...
Preprocessing...
processing finished
start to summarize...
Generating intra-procedural summaries...
Processing callees...
Preprocessing...
processing finished
start to summarize...
Generating intra-procedural summaries...
Processing callees...
Preprocessing...
processing finished
start to summarize...
Generating intra-procedural summaries...
Processing callees...
Preprocessing...
processing finished
start to summarize...
Generating intra-procedural summaries...
Processing callees...
Validating......
Applying path checker with solver...
Constructing solving program...
Solver-aided path checker succeeded...
finish validate
Reporting......
Report generated!

finish report
===================================================
655  /  666 

CWE80_XSS__Servlet_URLConnection_53 

{'input_token_cost': 19463, 'output_token_cost': 1854, 'analysis_result': {'TPs': 1, 'FPs': 0}, 'ground_truth': {'TPs': 1, 'FPs': 1}, 'single time cost': 23.93347930908203} 

===================================================


Start to analyze the case  656 out of  666
/scratch/local/w.nimit/1853/LLMDFA/benchmark/juliet-test-suite-XSS_simplified/CWE80_XSS/s02/CWE80_XSS__Servlet_URLConnection_54.java
Analyzing......
Preprocessing...
processing finished
start to summarize...
Generating intra-procedural summaries...
Processing callees...
Preprocessing...
processing finished
start to summarize...
Generating intra-procedural summaries...
Processing callees...
Preprocessing...
processing finished
start to summarize...
Generating intra-procedural summaries...
Processing callees...
Preprocessing...
processing finished
start to summarize...
Generating intra-procedural summaries...
Processing callees...
Preprocessing...
processing finished
start to summarize...
Generating intra-procedural summaries...
Processing callees...
Preprocessing...
processing finished
start to summarize...
Generating intra-procedural summaries...
Processing callees...
Preprocessing...
processing finished
start to summarize...
Generating intra-procedural summaries...
Processing callees...
Preprocessing...
processing finished
start to summarize...
Generating intra-procedural summaries...
Processing callees...
Preprocessing...
processing finished
start to summarize...
Generating intra-procedural summaries...
Processing callees...
Preprocessing...
processing finished
start to summarize...
Generating intra-procedural summaries...
Processing callees...
Preprocessing...
processing finished
start to summarize...
Generating intra-procedural summaries...
Processing callees...
Validating......
Applying path checker with solver...
Constructing solving program...
Solver-aided path checker succeeded...
finish validate
Reporting......
Report generated!

finish report
===================================================
656  /  666 

CWE80_XSS__Servlet_URLConnection_54 

{'input_token_cost': 14478, 'output_token_cost': 1717, 'analysis_result': {'TPs': 1, 'FPs': 0}, 'ground_truth': {'TPs': 1, 'FPs': 1}, 'single time cost': 22.13586664199829} 

===================================================


Start to analyze the case  657 out of  666
/scratch/local/w.nimit/1853/LLMDFA/benchmark/juliet-test-suite-XSS_simplified/CWE80_XSS/s02/CWE80_XSS__Servlet_URLConnection_61.java
Analyzing......
Preprocessing...
processing finished
start to summarize...
Generating intra-procedural summaries...
Processing callees...
Preprocessing...
processing finished
start to summarize...
Generating intra-procedural summaries...
Processing callees...
Preprocessing...
processing finished
start to summarize...
Generating intra-procedural summaries...
Processing callees...
Preprocessing...
processing finished
start to summarize...
Generating intra-procedural summaries...
Processing callees...
Preprocessing...
processing finished
start to summarize...
Generating intra-procedural summaries...
Processing callees...
Validating......
Applying path checker with solver...
Constructing solving program...
Solver-aided path checker succeeded...
finish validate
Reporting......
Report generated!

finish report
===================================================
657  /  666 

CWE80_XSS__Servlet_URLConnection_61 

{'input_token_cost': 8539, 'output_token_cost': 659, 'analysis_result': {'TPs': 1, 'FPs': 0}, 'ground_truth': {'TPs': 1, 'FPs': 1}, 'single time cost': 8.662139415740967} 

===================================================


Start to analyze the case  658 out of  666
/scratch/local/w.nimit/1853/LLMDFA/benchmark/juliet-test-suite-XSS_simplified/CWE80_XSS/s02/CWE80_XSS__Servlet_URLConnection_66.java
Analyzing......
Preprocessing...
processing finished
start to summarize...
Generating intra-procedural summaries...
Processing callees...
Preprocessing...
processing finished
start to summarize...
Generating intra-procedural summaries...
Processing callees...
Preprocessing...
processing finished
start to summarize...
Generating intra-procedural summaries...
Processing callees...
Preprocessing...
processing finished
start to summarize...
Generating intra-procedural summaries...
Processing callees...
Preprocessing...
processing finished
start to summarize...
Generating intra-procedural summaries...
Processing callees...
Validating......
Applying path checker with solver...
Constructing solving program...
Solver-aided path checker succeeded...
finish validate
Reporting......
Report generated!

finish report
===================================================
658  /  666 

CWE80_XSS__Servlet_URLConnection_66 

{'input_token_cost': 7758, 'output_token_cost': 931, 'analysis_result': {'TPs': 1, 'FPs': 0}, 'ground_truth': {'TPs': 1, 'FPs': 1}, 'single time cost': 12.009429931640625} 

===================================================


Start to analyze the case  659 out of  666
/scratch/local/w.nimit/1853/LLMDFA/benchmark/juliet-test-suite-XSS_simplified/CWE80_XSS/s02/CWE80_XSS__Servlet_URLConnection_67.java
Analyzing......
Preprocessing...
processing finished
start to summarize...
Generating intra-procedural summaries...
Processing callees...
Preprocessing...
processing finished
start to summarize...
Generating intra-procedural summaries...
Processing callees...
Preprocessing...
processing finished
start to summarize...
Generating intra-procedural summaries...
Processing callees...
Preprocessing...
processing finished
start to summarize...
Generating intra-procedural summaries...
Processing callees...
Preprocessing...
processing finished
start to summarize...
Generating intra-procedural summaries...
Processing callees...
Validating......
Applying path checker with solver...
Constructing solving program...
Solver-aided path checker succeeded...
finish validate
Reporting......
Report generated!

finish report
===================================================
659  /  666 

CWE80_XSS__Servlet_URLConnection_67 

{'input_token_cost': 6759, 'output_token_cost': 855, 'analysis_result': {'TPs': 1, 'FPs': 0}, 'ground_truth': {'TPs': 1, 'FPs': 1}, 'single time cost': 11.109016180038452} 

===================================================


Start to analyze the case  660 out of  666
/scratch/local/w.nimit/1853/LLMDFA/benchmark/juliet-test-suite-XSS_simplified/CWE80_XSS/s02/CWE80_XSS__Servlet_URLConnection_68.java
Analyzing......
Preprocessing...
processing finished
start to summarize...
Generating intra-procedural summaries...
Processing callees...
Preprocessing...
processing finished
start to summarize...
Generating intra-procedural summaries...
Processing callees...
Preprocessing...
processing finished
start to summarize...
Generating intra-procedural summaries...
Processing callees...
Preprocessing...
processing finished
start to summarize...
Generating intra-procedural summaries...
Processing callees...
Preprocessing...
processing finished
start to summarize...
Generating intra-procedural summaries...
Processing callees...
Validating......
Applying path checker with solver...
Constructing solving program...
Solver-aided path checker succeeded...
finish validate
Reporting......
Report generated!

finish report
===================================================
660  /  666 

CWE80_XSS__Servlet_URLConnection_68 

{'input_token_cost': 8106, 'output_token_cost': 764, 'analysis_result': {'TPs': 1, 'FPs': 0}, 'ground_truth': {'TPs': 1, 'FPs': 1}, 'single time cost': 9.994356632232666} 

===================================================


Start to analyze the case  661 out of  666
/scratch/local/w.nimit/1853/LLMDFA/benchmark/juliet-test-suite-XSS_simplified/CWE80_XSS/s02/CWE80_XSS__Servlet_URLConnection_71.java
Analyzing......
Preprocessing...
processing finished
start to summarize...
Generating intra-procedural summaries...
Processing callees...
Preprocessing...
processing finished
start to summarize...
Generating intra-procedural summaries...
Processing callees...
Preprocessing...
processing finished
start to summarize...
Generating intra-procedural summaries...
Processing callees...
Preprocessing...
processing finished
start to summarize...
Generating intra-procedural summaries...
Processing callees...
Preprocessing...
processing finished
start to summarize...
Generating intra-procedural summaries...
Processing callees...
Validating......
finish validate
Reporting......
Report generated!

finish report
===================================================
661  /  666 

CWE80_XSS__Servlet_URLConnection_71 

{'input_token_cost': 2720, 'output_token_cost': 262, 'analysis_result': {'TPs': 0, 'FPs': 0}, 'ground_truth': {'TPs': 1, 'FPs': 1}, 'single time cost': 3.357356309890747} 

===================================================


Start to analyze the case  662 out of  666
/scratch/local/w.nimit/1853/LLMDFA/benchmark/juliet-test-suite-XSS_simplified/CWE80_XSS/s02/CWE80_XSS__Servlet_URLConnection_72.java
Analyzing......
Preprocessing...
processing finished
start to summarize...
Generating intra-procedural summaries...
Processing callees...
Preprocessing...
processing finished
start to summarize...
Generating intra-procedural summaries...
Processing callees...
Preprocessing...
processing finished
start to summarize...
Generating intra-procedural summaries...
Processing callees...
Preprocessing...
processing finished
start to summarize...
Generating intra-procedural summaries...
Processing callees...
Preprocessing...
processing finished
start to summarize...
Generating intra-procedural summaries...
Processing callees...
Validating......
Applying path checker with solver...
Constructing solving program...
Solver-aided path checker succeeded...
finish validate
Reporting......
Report generated!

finish report
===================================================
662  /  666 

CWE80_XSS__Servlet_URLConnection_72 

{'input_token_cost': 7858, 'output_token_cost': 871, 'analysis_result': {'TPs': 1, 'FPs': 0}, 'ground_truth': {'TPs': 1, 'FPs': 1}, 'single time cost': 11.29682993888855} 

===================================================


Start to analyze the case  663 out of  666
/scratch/local/w.nimit/1853/LLMDFA/benchmark/juliet-test-suite-XSS_simplified/CWE80_XSS/s02/CWE80_XSS__Servlet_URLConnection_73.java
Analyzing......
Preprocessing...
processing finished
start to summarize...
Generating intra-procedural summaries...
Processing callees...
Preprocessing...
processing finished
start to summarize...
Generating intra-procedural summaries...
Processing callees...
Preprocessing...
processing finished
start to summarize...
Generating intra-procedural summaries...
Processing callees...
Preprocessing...
processing finished
start to summarize...
Generating intra-procedural summaries...
Processing callees...
Preprocessing...
processing finished
start to summarize...
Generating intra-procedural summaries...
Processing callees...
Validating......
Applying path checker with solver...
Constructing solving program...
Solver-aided path checker succeeded...
Applying path checker with solver...
Constructing solving program...
Solver-aided path checker succeeded...
finish validate
Reporting......
Report generated!

finish report
===================================================
663  /  666 

CWE80_XSS__Servlet_URLConnection_73 

{'input_token_cost': 8383, 'output_token_cost': 970, 'analysis_result': {'TPs': 1, 'FPs': 0}, 'ground_truth': {'TPs': 1, 'FPs': 1}, 'single time cost': 12.71639633178711} 

===================================================


Start to analyze the case  664 out of  666
/scratch/local/w.nimit/1853/LLMDFA/benchmark/juliet-test-suite-XSS_simplified/CWE80_XSS/s02/CWE80_XSS__Servlet_URLConnection_74.java
Analyzing......
Preprocessing...
processing finished
start to summarize...
Generating intra-procedural summaries...
Processing callees...
Preprocessing...
processing finished
start to summarize...
Generating intra-procedural summaries...
Processing callees...
Preprocessing...
processing finished
start to summarize...
Generating intra-procedural summaries...
Processing callees...
Preprocessing...
processing finished
start to summarize...
Generating intra-procedural summaries...
Processing callees...
Preprocessing...
processing finished
start to summarize...
Generating intra-procedural summaries...
Processing callees...
Validating......
Applying path checker with solver...
Constructing solving program...
Solver-aided path checker succeeded...
finish validate
Reporting......
Report generated!

finish report
===================================================
664  /  666 

CWE80_XSS__Servlet_URLConnection_74 

{'input_token_cost': 6831, 'output_token_cost': 724, 'analysis_result': {'TPs': 1, 'FPs': 0}, 'ground_truth': {'TPs': 1, 'FPs': 1}, 'single time cost': 9.436222791671753} 

===================================================


Start to analyze the case  665 out of  666
/scratch/local/w.nimit/1853/LLMDFA/benchmark/juliet-test-suite-XSS_simplified/CWE80_XSS/s02/CWE80_XSS__Servlet_URLConnection_75.java
Analyzing......
Preprocessing...
processing finished
start to summarize...
Generating intra-procedural summaries...
Processing callees...
Preprocessing...
processing finished
start to summarize...
Generating intra-procedural summaries...
Processing callees...
Preprocessing...
processing finished
start to summarize...
Generating intra-procedural summaries...
Processing callees...
Preprocessing...
processing finished
start to summarize...
Generating intra-procedural summaries...
Processing callees...
Preprocessing...
processing finished
start to summarize...
Generating intra-procedural summaries...
Processing callees...
Validating......
Applying path checker with solver...
Constructing solving program...
Solver-aided path checker succeeded...
finish validate
Reporting......
Report generated!

finish report
===================================================
665  /  666 

CWE80_XSS__Servlet_URLConnection_75 

{'input_token_cost': 6962, 'output_token_cost': 599, 'analysis_result': {'TPs': 1, 'FPs': 0}, 'ground_truth': {'TPs': 1, 'FPs': 1}, 'single time cost': 7.890254974365234} 

===================================================


Start to analyze the case  666 out of  666
/scratch/local/w.nimit/1853/LLMDFA/benchmark/juliet-test-suite-XSS_simplified/CWE80_XSS/s02/CWE80_XSS__Servlet_URLConnection_81.java
Analyzing......
Preprocessing...
processing finished
start to summarize...
Generating intra-procedural summaries...
Processing callees...
Preprocessing...
processing finished
start to summarize...
Generating intra-procedural summaries...
Processing callees...
Preprocessing...
processing finished
start to summarize...
Generating intra-procedural summaries...
Processing callees...
Preprocessing...
processing finished
start to summarize...
Generating intra-procedural summaries...
Processing callees...
Preprocessing...
processing finished
start to summarize...
Generating intra-procedural summaries...
Processing callees...
Validating......
Applying path checker with solver...
Constructing solving program...
Solver-aided path checker succeeded...
finish validate
Reporting......
Report generated!

finish report
===================================================
666  /  666 

CWE80_XSS__Servlet_URLConnection_81 

{'input_token_cost': 5609, 'output_token_cost': 565, 'analysis_result': {'TPs': 1, 'FPs': 0}, 'ground_truth': {'TPs': 1, 'FPs': 1}, 'single time cost': 7.3924031257629395} 

===================================================


empty_responses=0
failed_calls=0
Job completed at Thu Aug 20 10:08:02 PM IST 2026. Results -> ~/job_results/1853/
