Job 2292 on gpu-A100-01
model=ibm-granite/granite-3.1-8b-instruct bug=xss mode=all tp=1 cases=10 seed=none shard=0+all
NVIDIA A100-PCIE-40GB, 40960 MiB
NVIDIA A100-PCIE-40GB, 40960 MiB
client deps ok
waiting for vLLM...
vLLM up after ~345s
Start to analyze the case  1 out of  666
/scratch/local/w.nimit/2292/LLMDFA/benchmark/juliet-test-suite-XSS_simplified/CWE80_XSS/s01/CWE80_XSS__CWE182_Servlet_File_01.java
Analyzing......
Preprocessing...
processing finished
start to summarize...
Generating intra-procedural summaries...
Processing callees...
Preprocessing...
processing finished
start to summarize...
Generating intra-procedural summaries...
Processing callees...
Preprocessing...
processing finished
start to summarize...
Generating intra-procedural summaries...
Processing callees...
Validating......
Applying path checker with solver...
Constructing solving program...
Solver-aided path checker succeeded...
finish validate
Reporting......
Report generated!

finish report
===================================================
1  /  666 

CWE80_XSS__CWE182_Servlet_File_01 

{'input_token_cost': 2257, 'output_token_cost': 228, 'analysis_result': {'TPs': 1, 'FPs': 0}, 'ground_truth': {'TPs': 1, 'FPs': 1}, 'single time cost': 4.252326488494873} 

===================================================


Start to analyze the case  2 out of  666
/scratch/local/w.nimit/2292/LLMDFA/benchmark/juliet-test-suite-XSS_simplified/CWE80_XSS/s01/CWE80_XSS__CWE182_Servlet_File_02.java
Analyzing......
Preprocessing...
processing finished
start to summarize...
Generating intra-procedural summaries...
Processing callees...
Preprocessing...
processing finished
start to summarize...
Generating intra-procedural summaries...
Processing callees...
Preprocessing...
processing finished
start to summarize...
Generating intra-procedural summaries...
Processing callees...
Preprocessing...
processing finished
start to summarize...
Generating intra-procedural summaries...
Processing callees...
Validating......
Applying path checker with solver...
Constructing solving program...
Solver-aided path checker succeeded...
finish validate
Reporting......
Report generated!

finish report
===================================================
2  /  666 

CWE80_XSS__CWE182_Servlet_File_02 

{'input_token_cost': 2300, 'output_token_cost': 227, 'analysis_result': {'TPs': 1, 'FPs': 0}, 'ground_truth': {'TPs': 1, 'FPs': 2}, 'single time cost': 3.5798332691192627} 

===================================================


Start to analyze the case  3 out of  666
/scratch/local/w.nimit/2292/LLMDFA/benchmark/juliet-test-suite-XSS_simplified/CWE80_XSS/s01/CWE80_XSS__CWE182_Servlet_File_03.java
Analyzing......
Preprocessing...
processing finished
start to summarize...
Generating intra-procedural summaries...
Processing callees...
Preprocessing...
processing finished
start to summarize...
Generating intra-procedural summaries...
Processing callees...
Preprocessing...
processing finished
start to summarize...
Generating intra-procedural summaries...
Processing callees...
Preprocessing...
processing finished
start to summarize...
Generating intra-procedural summaries...
Processing callees...
Validating......
Applying path checker with solver...
Constructing solving program...
Constructing solving program...
Solver-aided path checker succeeded...
finish validate
Reporting......
Report generated!

finish report
===================================================
3  /  666 

CWE80_XSS__CWE182_Servlet_File_03 

{'input_token_cost': 2854, 'output_token_cost': 392, 'analysis_result': {'TPs': 1, 'FPs': 0}, 'ground_truth': {'TPs': 1, 'FPs': 2}, 'single time cost': 6.091296672821045} 

===================================================


Start to analyze the case  4 out of  666
/scratch/local/w.nimit/2292/LLMDFA/benchmark/juliet-test-suite-XSS_simplified/CWE80_XSS/s01/CWE80_XSS__CWE182_Servlet_File_04.java
Analyzing......
Preprocessing...
processing finished
start to summarize...
Generating intra-procedural summaries...
Processing callees...
Preprocessing...
processing finished
start to summarize...
Generating intra-procedural summaries...
Processing callees...
Preprocessing...
processing finished
start to summarize...
Generating intra-procedural summaries...
Processing callees...
Preprocessing...
processing finished
start to summarize...
Generating intra-procedural summaries...
Processing callees...
Validating......
Applying path checker with solver...
Constructing solving program...
Constructing solving program...
Solver-aided path checker succeeded...
finish validate
Reporting......
Report generated!

finish report
===================================================
4  /  666 

CWE80_XSS__CWE182_Servlet_File_04 

{'input_token_cost': 2985, 'output_token_cost': 405, 'analysis_result': {'TPs': 1, 'FPs': 0}, 'ground_truth': {'TPs': 1, 'FPs': 2}, 'single time cost': 6.327714920043945} 

===================================================


Start to analyze the case  5 out of  666
/scratch/local/w.nimit/2292/LLMDFA/benchmark/juliet-test-suite-XSS_simplified/CWE80_XSS/s01/CWE80_XSS__CWE182_Servlet_File_05.java
Analyzing......
Preprocessing...
processing finished
start to summarize...
Generating intra-procedural summaries...
Processing callees...
Preprocessing...
processing finished
start to summarize...
Generating intra-procedural summaries...
Processing callees...
Preprocessing...
processing finished
start to summarize...
Generating intra-procedural summaries...
Processing callees...
Preprocessing...
processing finished
start to summarize...
Generating intra-procedural summaries...
Processing callees...
Validating......
Applying path checker with solver...
Constructing solving program...
Constructing solving program...
Solver-aided path checker succeeded...
finish validate
Reporting......
Report generated!

finish report
===================================================
5  /  666 

CWE80_XSS__CWE182_Servlet_File_05 

{'input_token_cost': 2960, 'output_token_cost': 390, 'analysis_result': {'TPs': 1, 'FPs': 0}, 'ground_truth': {'TPs': 1, 'FPs': 2}, 'single time cost': 6.096156358718872} 

===================================================


Start to analyze the case  6 out of  666
/scratch/local/w.nimit/2292/LLMDFA/benchmark/juliet-test-suite-XSS_simplified/CWE80_XSS/s01/CWE80_XSS__CWE182_Servlet_File_06.java
Analyzing......
Preprocessing...
processing finished
start to summarize...
Generating intra-procedural summaries...
Processing callees...
Preprocessing...
processing finished
start to summarize...
Generating intra-procedural summaries...
Processing callees...
Preprocessing...
processing finished
start to summarize...
Generating intra-procedural summaries...
Processing callees...
Preprocessing...
processing finished
start to summarize...
Generating intra-procedural summaries...
Processing callees...
Validating......
Applying path checker with solver...
Constructing solving program...
Constructing solving program...
Solver-aided path checker succeeded...
finish validate
Reporting......
Report generated!

finish report
===================================================
6  /  666 

CWE80_XSS__CWE182_Servlet_File_06 

{'input_token_cost': 3003, 'output_token_cost': 377, 'analysis_result': {'TPs': 1, 'FPs': 0}, 'ground_truth': {'TPs': 1, 'FPs': 2}, 'single time cost': 6.086464166641235} 

===================================================


Start to analyze the case  7 out of  666
/scratch/local/w.nimit/2292/LLMDFA/benchmark/juliet-test-suite-XSS_simplified/CWE80_XSS/s01/CWE80_XSS__CWE182_Servlet_File_07.java
Analyzing......
Preprocessing...
processing finished
start to summarize...
Generating intra-procedural summaries...
Processing callees...
Preprocessing...
processing finished
start to summarize...
Generating intra-procedural summaries...
Processing callees...
Preprocessing...
processing finished
start to summarize...
Generating intra-procedural summaries...
Processing callees...
Preprocessing...
processing finished
start to summarize...
Generating intra-procedural summaries...
Processing callees...
Validating......
Applying path checker with solver...
Constructing solving program...
Constructing solving program...
Solver-aided path checker succeeded...
finish validate
Reporting......
Report generated!

finish report
===================================================
7  /  666 

CWE80_XSS__CWE182_Servlet_File_07 

{'input_token_cost': 2973, 'output_token_cost': 496, 'analysis_result': {'TPs': 1, 'FPs': 0}, 'ground_truth': {'TPs': 1, 'FPs': 2}, 'single time cost': 7.647747278213501} 

===================================================


Start to analyze the case  8 out of  666
/scratch/local/w.nimit/2292/LLMDFA/benchmark/juliet-test-suite-XSS_simplified/CWE80_XSS/s01/CWE80_XSS__CWE182_Servlet_File_08.java
Analyzing......
Preprocessing...
processing finished
start to summarize...
Generating intra-procedural summaries...
Processing callees...
Preprocessing...
processing finished
start to summarize...
Generating intra-procedural summaries...
Processing callees...
Preprocessing...
processing finished
start to summarize...
Generating intra-procedural summaries...
Processing callees...
Preprocessing...
processing finished
start to summarize...
Generating intra-procedural summaries...
Processing callees...
Preprocessing...
processing finished
start to summarize...
Generating intra-procedural summaries...
Processing callees...
Preprocessing...
processing finished
start to summarize...
Generating intra-procedural summaries...
Processing callees...
start to summarize...
Generating intra-procedural summaries...
Processing callees...
Validating......
Applying path checker with solver...
Constructing solving program...
Constructing solving program...
Solver-aided path checker succeeded...
finish validate
Reporting......
Report generated!

finish report
===================================================
8  /  666 

CWE80_XSS__CWE182_Servlet_File_08 

{'input_token_cost': 2851, 'output_token_cost': 414, 'analysis_result': {'TPs': 1, 'FPs': 0}, 'ground_truth': {'TPs': 1, 'FPs': 2}, 'single time cost': 6.466509819030762} 

===================================================


Start to analyze the case  9 out of  666
/scratch/local/w.nimit/2292/LLMDFA/benchmark/juliet-test-suite-XSS_simplified/CWE80_XSS/s01/CWE80_XSS__CWE182_Servlet_File_09.java
Analyzing......
Preprocessing...
processing finished
start to summarize...
Generating intra-procedural summaries...
Processing callees...
Preprocessing...
processing finished
start to summarize...
Generating intra-procedural summaries...
Processing callees...
Preprocessing...
processing finished
start to summarize...
Generating intra-procedural summaries...
Processing callees...
Preprocessing...
processing finished
start to summarize...
Generating intra-procedural summaries...
Processing callees...
Validating......
Applying path checker with solver...
Constructing solving program...
Constructing solving program...
Solver-aided path checker succeeded...
finish validate
Reporting......
Report generated!

finish report
===================================================
9  /  666 

CWE80_XSS__CWE182_Servlet_File_09 

{'input_token_cost': 2985, 'output_token_cost': 373, 'analysis_result': {'TPs': 1, 'FPs': 0}, 'ground_truth': {'TPs': 1, 'FPs': 2}, 'single time cost': 5.875882625579834} 

===================================================


Start to analyze the case  10 out of  666
/scratch/local/w.nimit/2292/LLMDFA/benchmark/juliet-test-suite-XSS_simplified/CWE80_XSS/s01/CWE80_XSS__CWE182_Servlet_File_10.java
Analyzing......
Preprocessing...
processing finished
start to summarize...
Generating intra-procedural summaries...
Processing callees...
Preprocessing...
processing finished
start to summarize...
Generating intra-procedural summaries...
Processing callees...
Preprocessing...
processing finished
start to summarize...
Generating intra-procedural summaries...
Processing callees...
Preprocessing...
processing finished
start to summarize...
Generating intra-procedural summaries...
Processing callees...
Validating......
Applying path checker with solver...
Constructing solving program...
Constructing solving program...
Solver-aided path checker succeeded...
finish validate
Reporting......
Report generated!

finish report
===================================================
10  /  666 

CWE80_XSS__CWE182_Servlet_File_10 

{'input_token_cost': 2970, 'output_token_cost': 422, 'analysis_result': {'TPs': 1, 'FPs': 0}, 'ground_truth': {'TPs': 1, 'FPs': 2}, 'single time cost': 6.589892148971558} 

===================================================


Start to analyze the case  11 out of  666
/scratch/local/w.nimit/2292/LLMDFA/benchmark/juliet-test-suite-XSS_simplified/CWE80_XSS/s01/CWE80_XSS__CWE182_Servlet_File_11.java
Analyzing......
Preprocessing...
processing finished
start to summarize...
Generating intra-procedural summaries...
Processing callees...
Preprocessing...
processing finished
start to summarize...
Generating intra-procedural summaries...
Processing callees...
Preprocessing...
processing finished
start to summarize...
Generating intra-procedural summaries...
Processing callees...
Preprocessing...
processing finished
start to summarize...
Generating intra-procedural summaries...
Processing callees...
Validating......
Applying path checker with solver...
Constructing solving program...
Constructing solving program...
Solver-aided path checker succeeded...
finish validate
Reporting......
Report generated!

finish report
===================================================
11  /  666 

CWE80_XSS__CWE182_Servlet_File_11 

{'input_token_cost': 2859, 'output_token_cost': 393, 'analysis_result': {'TPs': 1, 'FPs': 0}, 'ground_truth': {'TPs': 1, 'FPs': 2}, 'single time cost': 6.176457643508911} 

===================================================


Start to analyze the case  12 out of  666
/scratch/local/w.nimit/2292/LLMDFA/benchmark/juliet-test-suite-XSS_simplified/CWE80_XSS/s01/CWE80_XSS__CWE182_Servlet_File_12.java
Analyzing......
Preprocessing...
processing finished
start to summarize...
Generating intra-procedural summaries...
Processing callees...
Preprocessing...
processing finished
start to summarize...
Generating intra-procedural summaries...
Processing callees...
Preprocessing...
processing finished
start to summarize...
Generating intra-procedural summaries...
Processing callees...
Validating......
Applying path checker with solver...
Constructing solving program...
Constructing solving program...
Solver-aided path checker succeeded...
finish validate
Reporting......
Report generated!

finish report
===================================================
12  /  666 

CWE80_XSS__CWE182_Servlet_File_12 

{'input_token_cost': 2873, 'output_token_cost': 398, 'analysis_result': {'TPs': 1, 'FPs': 0}, 'ground_truth': {'TPs': 1, 'FPs': 1}, 'single time cost': 6.296260356903076} 

===================================================


Start to analyze the case  13 out of  666
/scratch/local/w.nimit/2292/LLMDFA/benchmark/juliet-test-suite-XSS_simplified/CWE80_XSS/s01/CWE80_XSS__CWE182_Servlet_File_13.java
Analyzing......
Preprocessing...
processing finished
start to summarize...
Generating intra-procedural summaries...
Processing callees...
Preprocessing...
processing finished
start to summarize...
Generating intra-procedural summaries...
Processing callees...
Preprocessing...
processing finished
start to summarize...
Generating intra-procedural summaries...
Processing callees...
Preprocessing...
processing finished
start to summarize...
Generating intra-procedural summaries...
Processing callees...
Validating......
Applying path checker with solver...
Constructing solving program...
Constructing solving program...
Solver-aided path checker succeeded...
finish validate
Reporting......
Report generated!

finish report
===================================================
13  /  666 

CWE80_XSS__CWE182_Servlet_File_13 

{'input_token_cost': 3003, 'output_token_cost': 382, 'analysis_result': {'TPs': 1, 'FPs': 0}, 'ground_truth': {'TPs': 1, 'FPs': 2}, 'single time cost': 6.045910120010376} 

===================================================


Start to analyze the case  14 out of  666
/scratch/local/w.nimit/2292/LLMDFA/benchmark/juliet-test-suite-XSS_simplified/CWE80_XSS/s01/CWE80_XSS__CWE182_Servlet_File_14.java
Analyzing......
Preprocessing...
processing finished
start to summarize...
Generating intra-procedural summaries...
Processing callees...
Preprocessing...
processing finished
start to summarize...
Generating intra-procedural summaries...
Processing callees...
Preprocessing...
processing finished
start to summarize...
Generating intra-procedural summaries...
Processing callees...
Preprocessing...
processing finished
start to summarize...
Generating intra-procedural summaries...
Processing callees...
Validating......
Applying path checker with solver...
Constructing solving program...
Constructing solving program...
Solver-aided path checker succeeded...
finish validate
Reporting......
Report generated!

finish report
===================================================
14  /  666 

CWE80_XSS__CWE182_Servlet_File_14 

{'input_token_cost': 2983, 'output_token_cost': 453, 'analysis_result': {'TPs': 1, 'FPs': 0}, 'ground_truth': {'TPs': 1, 'FPs': 2}, 'single time cost': 7.066668272018433} 

===================================================


Start to analyze the case  15 out of  666
/scratch/local/w.nimit/2292/LLMDFA/benchmark/juliet-test-suite-XSS_simplified/CWE80_XSS/s01/CWE80_XSS__CWE182_Servlet_File_15.java
Analyzing......
Preprocessing...
processing finished
start to summarize...
Generating intra-procedural summaries...
Processing callees...
Preprocessing...
processing finished
start to summarize...
Generating intra-procedural summaries...
Processing callees...
Preprocessing...
processing finished
start to summarize...
Generating intra-procedural summaries...
Processing callees...
Preprocessing...
processing finished
start to summarize...
Generating intra-procedural summaries...
Processing callees...
Validating......
Applying path checker with solver...
Constructing solving program...
Solver-aided path checker succeeded...
finish validate
Reporting......
Report generated!

finish report
===================================================
15  /  666 

CWE80_XSS__CWE182_Servlet_File_15 

{'input_token_cost': 2319, 'output_token_cost': 230, 'analysis_result': {'TPs': 1, 'FPs': 0}, 'ground_truth': {'TPs': 1, 'FPs': 2}, 'single time cost': 3.658690929412842} 

===================================================


Start to analyze the case  16 out of  666
/scratch/local/w.nimit/2292/LLMDFA/benchmark/juliet-test-suite-XSS_simplified/CWE80_XSS/s01/CWE80_XSS__CWE182_Servlet_File_16.java
Analyzing......
Preprocessing...
processing finished
start to summarize...
Generating intra-procedural summaries...
Processing callees...
Preprocessing...
processing finished
start to summarize...
Generating intra-procedural summaries...
Processing callees...
Preprocessing...
processing finished
start to summarize...
Generating intra-procedural summaries...
Processing callees...
Validating......
Applying path checker with solver...
Constructing solving program...
Solver-aided path checker succeeded...
finish validate
Reporting......
Report generated!

finish report
===================================================
16  /  666 

CWE80_XSS__CWE182_Servlet_File_16 

{'input_token_cost': 2275, 'output_token_cost': 252, 'analysis_result': {'TPs': 1, 'FPs': 0}, 'ground_truth': {'TPs': 1, 'FPs': 1}, 'single time cost': 3.982635736465454} 

===================================================


Start to analyze the case  17 out of  666
/scratch/local/w.nimit/2292/LLMDFA/benchmark/juliet-test-suite-XSS_simplified/CWE80_XSS/s01/CWE80_XSS__CWE182_Servlet_File_17.java
Analyzing......
Preprocessing...
processing finished
start to summarize...
Generating intra-procedural summaries...
Processing callees...
Preprocessing...
processing finished
start to summarize...
Generating intra-procedural summaries...
Processing callees...
Preprocessing...
processing finished
start to summarize...
Generating intra-procedural summaries...
Processing callees...
Validating......
Applying path checker with solver...
Constructing solving program...
Solver-aided path checker succeeded...
finish validate
Reporting......
Report generated!

finish report
===================================================
17  /  666 

CWE80_XSS__CWE182_Servlet_File_17 

{'input_token_cost': 2284, 'output_token_cost': 217, 'analysis_result': {'TPs': 1, 'FPs': 0}, 'ground_truth': {'TPs': 1, 'FPs': 1}, 'single time cost': 3.3847262859344482} 

===================================================


Start to analyze the case  18 out of  666
/scratch/local/w.nimit/2292/LLMDFA/benchmark/juliet-test-suite-XSS_simplified/CWE80_XSS/s01/CWE80_XSS__CWE182_Servlet_File_21.java
Analyzing......
Preprocessing...
processing finished
start to summarize...
Generating intra-procedural summaries...
Processing callees...
Preprocessing...
processing finished
start to summarize...
Generating intra-procedural summaries...
Processing callees...
Preprocessing...
processing finished
start to summarize...
Generating intra-procedural summaries...
Processing callees...
Preprocessing...
processing finished
start to summarize...
Generating intra-procedural summaries...
Processing callees...
Preprocessing...
processing finished
start to summarize...
Generating intra-procedural summaries...
Processing callees...
Preprocessing...
processing finished
start to summarize...
Generating intra-procedural summaries...
Processing callees...
Preprocessing...
processing finished
start to summarize...
Generating intra-procedural summaries...
Processing callees...
Validating......
Applying path checker with solver...
Constructing solving program...
Constructing solving program...
Solver-aided path checker succeeded...
finish validate
Reporting......
Report generated!

finish report
===================================================
18  /  666 

CWE80_XSS__CWE182_Servlet_File_21 

{'input_token_cost': 17894, 'output_token_cost': 1620, 'analysis_result': {'TPs': 1, 'FPs': 0}, 'ground_truth': {'TPs': 1, 'FPs': 2}, 'single time cost': 24.726423501968384} 

===================================================


Start to analyze the case  19 out of  666
/scratch/local/w.nimit/2292/LLMDFA/benchmark/juliet-test-suite-XSS_simplified/CWE80_XSS/s01/CWE80_XSS__CWE182_Servlet_File_31.java
Analyzing......
Preprocessing...
processing finished
start to summarize...
Generating intra-procedural summaries...
Processing callees...
Preprocessing...
processing finished
start to summarize...
Generating intra-procedural summaries...
Processing callees...
Preprocessing...
processing finished
start to summarize...
Generating intra-procedural summaries...
Processing callees...
Validating......
Applying path checker with solver...
Constructing solving program...
Solver-aided path checker succeeded...
finish validate
Reporting......
Report generated!

finish report
===================================================
19  /  666 

CWE80_XSS__CWE182_Servlet_File_31 

{'input_token_cost': 2316, 'output_token_cost': 255, 'analysis_result': {'TPs': 1, 'FPs': 0}, 'ground_truth': {'TPs': 1, 'FPs': 1}, 'single time cost': 4.013203859329224} 

===================================================


Start to analyze the case  20 out of  666
/scratch/local/w.nimit/2292/LLMDFA/benchmark/juliet-test-suite-XSS_simplified/CWE80_XSS/s01/CWE80_XSS__CWE182_Servlet_File_41.java
Analyzing......
Preprocessing...
processing finished
start to summarize...
Generating intra-procedural summaries...
Processing callees...
Preprocessing...
processing finished
start to summarize...
Generating intra-procedural summaries...
Processing callees...
Preprocessing...
processing finished
start to summarize...
Generating intra-procedural summaries...
Processing callees...
Preprocessing...
processing finished
start to summarize...
Generating intra-procedural summaries...
Processing callees...
Preprocessing...
processing finished
start to summarize...
Generating intra-procedural summaries...
Processing callees...
Validating......
Applying path checker with solver...
Constructing solving program...
Solver-aided path checker succeeded...
finish validate
Reporting......
Report generated!

finish report
===================================================
20  /  666 

CWE80_XSS__CWE182_Servlet_File_41 

{'input_token_cost': 6572, 'output_token_cost': 689, 'analysis_result': {'TPs': 1, 'FPs': 0}, 'ground_truth': {'TPs': 1, 'FPs': 1}, 'single time cost': 10.463149309158325} 

===================================================


Start to analyze the case  21 out of  666
/scratch/local/w.nimit/2292/LLMDFA/benchmark/juliet-test-suite-XSS_simplified/CWE80_XSS/s01/CWE80_XSS__CWE182_Servlet_File_42.java
Analyzing......
Preprocessing...
processing finished
start to summarize...
Generating intra-procedural summaries...
Processing callees...
Preprocessing...
processing finished
start to summarize...
Generating intra-procedural summaries...
Processing callees...
Preprocessing...
processing finished
start to summarize...
Generating intra-procedural summaries...
Processing callees...
Preprocessing...
processing finished
start to summarize...
Generating intra-procedural summaries...
Processing callees...
Preprocessing...
processing finished
start to summarize...
Generating intra-procedural summaries...
Processing callees...
Validating......
Applying path checker with solver...
Constructing solving program...
Solver-aided path checker succeeded...
finish validate
Reporting......
Report generated!

finish report
===================================================
21  /  666 

CWE80_XSS__CWE182_Servlet_File_42 

{'input_token_cost': 9891, 'output_token_cost': 824, 'analysis_result': {'TPs': 1, 'FPs': 0}, 'ground_truth': {'TPs': 1, 'FPs': 1}, 'single time cost': 12.679251194000244} 

===================================================


Start to analyze the case  22 out of  666
/scratch/local/w.nimit/2292/LLMDFA/benchmark/juliet-test-suite-XSS_simplified/CWE80_XSS/s01/CWE80_XSS__CWE182_Servlet_File_45.java
Analyzing......
Preprocessing...
processing finished
start to summarize...
Generating intra-procedural summaries...
Processing callees...
Preprocessing...
processing finished
start to summarize...
Generating intra-procedural summaries...
Processing callees...
Preprocessing...
processing finished
start to summarize...
Generating intra-procedural summaries...
Processing callees...
Preprocessing...
processing finished
start to summarize...
Generating intra-procedural summaries...
Processing callees...
Preprocessing...
processing finished
start to summarize...
Generating intra-procedural summaries...
Processing callees...
Validating......
Applying path checker with solver...
Constructing solving program...
Solver-aided path checker succeeded...
finish validate
Reporting......
Report generated!

finish report
===================================================
22  /  666 

CWE80_XSS__CWE182_Servlet_File_45 

{'input_token_cost': 7772, 'output_token_cost': 702, 'analysis_result': {'TPs': 1, 'FPs': 0}, 'ground_truth': {'TPs': 1, 'FPs': 1}, 'single time cost': 10.723505020141602} 

===================================================


Start to analyze the case  23 out of  666
/scratch/local/w.nimit/2292/LLMDFA/benchmark/juliet-test-suite-XSS_simplified/CWE80_XSS/s01/CWE80_XSS__CWE182_Servlet_PropertiesFile_01.java
Analyzing......
Preprocessing...
processing finished
start to summarize...
Generating intra-procedural summaries...
Processing callees...
Preprocessing...
processing finished
start to summarize...
Generating intra-procedural summaries...
Processing callees...
Preprocessing...
processing finished
start to summarize...
Generating intra-procedural summaries...
Processing callees...
Validating......
Applying path checker with solver...
Constructing solving program...
Solver-aided path checker succeeded...
finish validate
Reporting......
Report generated!

finish report
===================================================
23  /  666 

CWE80_XSS__CWE182_Servlet_PropertiesFile_01 

{'input_token_cost': 2002, 'output_token_cost': 273, 'analysis_result': {'TPs': 1, 'FPs': 0}, 'ground_truth': {'TPs': 1, 'FPs': 1}, 'single time cost': 4.254763841629028} 

===================================================


Start to analyze the case  24 out of  666
/scratch/local/w.nimit/2292/LLMDFA/benchmark/juliet-test-suite-XSS_simplified/CWE80_XSS/s01/CWE80_XSS__CWE182_Servlet_PropertiesFile_02.java
Analyzing......
Preprocessing...
processing finished
start to summarize...
Generating intra-procedural summaries...
Processing callees...
Preprocessing...
processing finished
start to summarize...
Generating intra-procedural summaries...
Processing callees...
Preprocessing...
processing finished
start to summarize...
Generating intra-procedural summaries...
Processing callees...
Preprocessing...
processing finished
start to summarize...
Generating intra-procedural summaries...
Processing callees...
Validating......
Applying path checker with solver...
Constructing solving program...
Solver-aided path checker succeeded...
finish validate
Reporting......
Report generated!

finish report
===================================================
24  /  666 

CWE80_XSS__CWE182_Servlet_PropertiesFile_02 

{'input_token_cost': 2040, 'output_token_cost': 262, 'analysis_result': {'TPs': 1, 'FPs': 0}, 'ground_truth': {'TPs': 1, 'FPs': 2}, 'single time cost': 4.1011598110198975} 

===================================================


Start to analyze the case  25 out of  666
/scratch/local/w.nimit/2292/LLMDFA/benchmark/juliet-test-suite-XSS_simplified/CWE80_XSS/s01/CWE80_XSS__CWE182_Servlet_PropertiesFile_03.java
Analyzing......
Preprocessing...
processing finished
start to summarize...
Generating intra-procedural summaries...
Processing callees...
Preprocessing...
processing finished
start to summarize...
Generating intra-procedural summaries...
Processing callees...
Preprocessing...
processing finished
start to summarize...
Generating intra-procedural summaries...
Processing callees...
Preprocessing...
processing finished
start to summarize...
Generating intra-procedural summaries...
Processing callees...
Validating......
Applying path checker with solver...
Constructing solving program...
Constructing solving program...
Solver-aided path checker succeeded...
finish validate
Reporting......
Report generated!

finish report
===================================================
25  /  666 

CWE80_XSS__CWE182_Servlet_PropertiesFile_03 

{'input_token_cost': 2594, 'output_token_cost': 386, 'analysis_result': {'TPs': 1, 'FPs': 0}, 'ground_truth': {'TPs': 1, 'FPs': 2}, 'single time cost': 6.065041780471802} 

===================================================


Start to analyze the case  26 out of  666
/scratch/local/w.nimit/2292/LLMDFA/benchmark/juliet-test-suite-XSS_simplified/CWE80_XSS/s01/CWE80_XSS__CWE182_Servlet_PropertiesFile_04.java
Analyzing......
Preprocessing...
processing finished
start to summarize...
Generating intra-procedural summaries...
Processing callees...
Preprocessing...
processing finished
start to summarize...
Generating intra-procedural summaries...
Processing callees...
Preprocessing...
processing finished
start to summarize...
Generating intra-procedural summaries...
Processing callees...
Preprocessing...
processing finished
start to summarize...
Generating intra-procedural summaries...
Processing callees...
Validating......
Applying path checker with solver...
Constructing solving program...
Constructing solving program...
Solver-aided path checker succeeded...
finish validate
Reporting......
Report generated!

finish report
===================================================
26  /  666 

CWE80_XSS__CWE182_Servlet_PropertiesFile_04 

{'input_token_cost': 2725, 'output_token_cost': 435, 'analysis_result': {'TPs': 1, 'FPs': 0}, 'ground_truth': {'TPs': 1, 'FPs': 2}, 'single time cost': 6.800264835357666} 

===================================================


Start to analyze the case  27 out of  666
/scratch/local/w.nimit/2292/LLMDFA/benchmark/juliet-test-suite-XSS_simplified/CWE80_XSS/s01/CWE80_XSS__CWE182_Servlet_PropertiesFile_05.java
Analyzing......
Preprocessing...
processing finished
start to summarize...
Generating intra-procedural summaries...
Processing callees...
Preprocessing...
processing finished
start to summarize...
Generating intra-procedural summaries...
Processing callees...
Preprocessing...
processing finished
start to summarize...
Generating intra-procedural summaries...
Processing callees...
Preprocessing...
processing finished
start to summarize...
Generating intra-procedural summaries...
Processing callees...
Validating......
Applying path checker with solver...
Constructing solving program...
Constructing solving program...
Solver-aided path checker succeeded...
finish validate
Reporting......
Report generated!

finish report
===================================================
27  /  666 

CWE80_XSS__CWE182_Servlet_PropertiesFile_05 

{'input_token_cost': 2700, 'output_token_cost': 366, 'analysis_result': {'TPs': 1, 'FPs': 0}, 'ground_truth': {'TPs': 1, 'FPs': 2}, 'single time cost': 5.785177946090698} 

===================================================


Start to analyze the case  28 out of  666
/scratch/local/w.nimit/2292/LLMDFA/benchmark/juliet-test-suite-XSS_simplified/CWE80_XSS/s01/CWE80_XSS__CWE182_Servlet_PropertiesFile_06.java
Analyzing......
Preprocessing...
processing finished
start to summarize...
Generating intra-procedural summaries...
Processing callees...
Preprocessing...
processing finished
start to summarize...
Generating intra-procedural summaries...
Processing callees...
Preprocessing...
processing finished
start to summarize...
Generating intra-procedural summaries...
Processing callees...
Preprocessing...
processing finished
start to summarize...
Generating intra-procedural summaries...
Processing callees...
Validating......
Applying path checker with solver...
Constructing solving program...
Constructing solving program...
Solver-aided path checker succeeded...
finish validate
Reporting......
Report generated!

finish report
===================================================
28  /  666 

CWE80_XSS__CWE182_Servlet_PropertiesFile_06 

{'input_token_cost': 2743, 'output_token_cost': 385, 'analysis_result': {'TPs': 1, 'FPs': 0}, 'ground_truth': {'TPs': 1, 'FPs': 2}, 'single time cost': 6.057407379150391} 

===================================================


Start to analyze the case  29 out of  666
/scratch/local/w.nimit/2292/LLMDFA/benchmark/juliet-test-suite-XSS_simplified/CWE80_XSS/s01/CWE80_XSS__CWE182_Servlet_PropertiesFile_07.java
Analyzing......
Preprocessing...
processing finished
start to summarize...
Generating intra-procedural summaries...
Processing callees...
Preprocessing...
processing finished
start to summarize...
Generating intra-procedural summaries...
Processing callees...
Preprocessing...
processing finished
start to summarize...
Generating intra-procedural summaries...
Processing callees...
Preprocessing...
processing finished
start to summarize...
Generating intra-procedural summaries...
Processing callees...
Validating......
Applying path checker with solver...
Constructing solving program...
Constructing solving program...
Solver-aided path checker succeeded...
finish validate
Reporting......
Report generated!

finish report
===================================================
29  /  666 

CWE80_XSS__CWE182_Servlet_PropertiesFile_07 

{'input_token_cost': 2713, 'output_token_cost': 356, 'analysis_result': {'TPs': 1, 'FPs': 0}, 'ground_truth': {'TPs': 1, 'FPs': 2}, 'single time cost': 5.6217052936553955} 

===================================================


Start to analyze the case  30 out of  666
/scratch/local/w.nimit/2292/LLMDFA/benchmark/juliet-test-suite-XSS_simplified/CWE80_XSS/s01/CWE80_XSS__CWE182_Servlet_PropertiesFile_08.java
Analyzing......
Preprocessing...
processing finished
start to summarize...
Generating intra-procedural summaries...
Processing callees...
Preprocessing...
processing finished
start to summarize...
Generating intra-procedural summaries...
Processing callees...
Preprocessing...
processing finished
start to summarize...
Generating intra-procedural summaries...
Processing callees...
Preprocessing...
processing finished
start to summarize...
Generating intra-procedural summaries...
Processing callees...
Preprocessing...
processing finished
start to summarize...
Generating intra-procedural summaries...
Processing callees...
Preprocessing...
processing finished
start to summarize...
Generating intra-procedural summaries...
Processing callees...
start to summarize...
Generating intra-procedural summaries...
Processing callees...
Validating......
Applying path checker with solver...
Constructing solving program...
Constructing solving program...
Solver-aided path checker succeeded...
finish validate
Reporting......
Report generated!

finish report
===================================================
30  /  666 

CWE80_XSS__CWE182_Servlet_PropertiesFile_08 

{'input_token_cost': 2591, 'output_token_cost': 379, 'analysis_result': {'TPs': 1, 'FPs': 0}, 'ground_truth': {'TPs': 1, 'FPs': 2}, 'single time cost': 5.940793514251709} 

===================================================


Start to analyze the case  31 out of  666
/scratch/local/w.nimit/2292/LLMDFA/benchmark/juliet-test-suite-XSS_simplified/CWE80_XSS/s01/CWE80_XSS__CWE182_Servlet_PropertiesFile_09.java
Analyzing......
Preprocessing...
processing finished
start to summarize...
Generating intra-procedural summaries...
Processing callees...
Preprocessing...
processing finished
start to summarize...
Generating intra-procedural summaries...
Processing callees...
Preprocessing...
processing finished
start to summarize...
Generating intra-procedural summaries...
Processing callees...
Preprocessing...
processing finished
start to summarize...
Generating intra-procedural summaries...
Processing callees...
Validating......
Applying path checker with solver...
Constructing solving program...
Constructing solving program...
Solver-aided path checker succeeded...
finish validate
Reporting......
Report generated!

finish report
===================================================
31  /  666 

CWE80_XSS__CWE182_Servlet_PropertiesFile_09 

{'input_token_cost': 2725, 'output_token_cost': 374, 'analysis_result': {'TPs': 1, 'FPs': 0}, 'ground_truth': {'TPs': 1, 'FPs': 2}, 'single time cost': 5.893562078475952} 

===================================================


Start to analyze the case  32 out of  666
/scratch/local/w.nimit/2292/LLMDFA/benchmark/juliet-test-suite-XSS_simplified/CWE80_XSS/s01/CWE80_XSS__CWE182_Servlet_PropertiesFile_10.java
Analyzing......
Preprocessing...
processing finished
start to summarize...
Generating intra-procedural summaries...
Processing callees...
Preprocessing...
processing finished
start to summarize...
Generating intra-procedural summaries...
Processing callees...
Preprocessing...
processing finished
start to summarize...
Generating intra-procedural summaries...
Processing callees...
Preprocessing...
processing finished
start to summarize...
Generating intra-procedural summaries...
Processing callees...
Validating......
Applying path checker with solver...
Constructing solving program...
Constructing solving program...
Solver-aided path checker succeeded...
finish validate
Reporting......
Report generated!

finish report
===================================================
32  /  666 

CWE80_XSS__CWE182_Servlet_PropertiesFile_10 

{'input_token_cost': 2710, 'output_token_cost': 409, 'analysis_result': {'TPs': 1, 'FPs': 0}, 'ground_truth': {'TPs': 1, 'FPs': 2}, 'single time cost': 6.389707326889038} 

===================================================


Start to analyze the case  33 out of  666
/scratch/local/w.nimit/2292/LLMDFA/benchmark/juliet-test-suite-XSS_simplified/CWE80_XSS/s01/CWE80_XSS__CWE182_Servlet_PropertiesFile_11.java
Analyzing......
Preprocessing...
processing finished
start to summarize...
Generating intra-procedural summaries...
Processing callees...
Preprocessing...
processing finished
start to summarize...
Generating intra-procedural summaries...
Processing callees...
Preprocessing...
processing finished
start to summarize...
Generating intra-procedural summaries...
Processing callees...
Preprocessing...
processing finished
start to summarize...
Generating intra-procedural summaries...
Processing callees...
Validating......
Applying path checker with solver...
Constructing solving program...
Constructing solving program...
Solver-aided path checker succeeded...
finish validate
Reporting......
Report generated!

finish report
===================================================
33  /  666 

CWE80_XSS__CWE182_Servlet_PropertiesFile_11 

{'input_token_cost': 2599, 'output_token_cost': 454, 'analysis_result': {'TPs': 1, 'FPs': 0}, 'ground_truth': {'TPs': 1, 'FPs': 2}, 'single time cost': 7.046833515167236} 

===================================================


Start to analyze the case  34 out of  666
/scratch/local/w.nimit/2292/LLMDFA/benchmark/juliet-test-suite-XSS_simplified/CWE80_XSS/s01/CWE80_XSS__CWE182_Servlet_PropertiesFile_12.java
Analyzing......
Preprocessing...
processing finished
start to summarize...
Generating intra-procedural summaries...
Processing callees...
Preprocessing...
processing finished
start to summarize...
Generating intra-procedural summaries...
Processing callees...
Preprocessing...
processing finished
start to summarize...
Generating intra-procedural summaries...
Processing callees...
Validating......
Applying path checker with solver...
Constructing solving program...
Constructing solving program...
Solver-aided path checker succeeded...
finish validate
Reporting......
Report generated!

finish report
===================================================
34  /  666 

CWE80_XSS__CWE182_Servlet_PropertiesFile_12 

{'input_token_cost': 2613, 'output_token_cost': 351, 'analysis_result': {'TPs': 1, 'FPs': 0}, 'ground_truth': {'TPs': 1, 'FPs': 1}, 'single time cost': 5.5614495277404785} 

===================================================


Start to analyze the case  35 out of  666
/scratch/local/w.nimit/2292/LLMDFA/benchmark/juliet-test-suite-XSS_simplified/CWE80_XSS/s01/CWE80_XSS__CWE182_Servlet_PropertiesFile_13.java
Analyzing......
Preprocessing...
processing finished
start to summarize...
Generating intra-procedural summaries...
Processing callees...
Preprocessing...
processing finished
start to summarize...
Generating intra-procedural summaries...
Processing callees...
Preprocessing...
processing finished
start to summarize...
Generating intra-procedural summaries...
Processing callees...
Preprocessing...
processing finished
start to summarize...
Generating intra-procedural summaries...
Processing callees...
Validating......
Applying path checker with solver...
Constructing solving program...
Constructing solving program...
Solver-aided path checker succeeded...
finish validate
Reporting......
Report generated!

finish report
===================================================
35  /  666 

CWE80_XSS__CWE182_Servlet_PropertiesFile_13 

{'input_token_cost': 2743, 'output_token_cost': 397, 'analysis_result': {'TPs': 1, 'FPs': 0}, 'ground_truth': {'TPs': 1, 'FPs': 2}, 'single time cost': 6.227618932723999} 

===================================================


Start to analyze the case  36 out of  666
/scratch/local/w.nimit/2292/LLMDFA/benchmark/juliet-test-suite-XSS_simplified/CWE80_XSS/s01/CWE80_XSS__CWE182_Servlet_PropertiesFile_14.java
Analyzing......
Preprocessing...
processing finished
start to summarize...
Generating intra-procedural summaries...
Processing callees...
Preprocessing...
processing finished
start to summarize...
Generating intra-procedural summaries...
Processing callees...
Preprocessing...
processing finished
start to summarize...
Generating intra-procedural summaries...
Processing callees...
Preprocessing...
processing finished
start to summarize...
Generating intra-procedural summaries...
Processing callees...
Validating......
Applying path checker with solver...
Constructing solving program...
Constructing solving program...
Solver-aided path checker succeeded...
finish validate
Reporting......
Report generated!

finish report
===================================================
36  /  666 

CWE80_XSS__CWE182_Servlet_PropertiesFile_14 

{'input_token_cost': 2723, 'output_token_cost': 467, 'analysis_result': {'TPs': 1, 'FPs': 0}, 'ground_truth': {'TPs': 1, 'FPs': 2}, 'single time cost': 7.254692792892456} 

===================================================


Start to analyze the case  37 out of  666
/scratch/local/w.nimit/2292/LLMDFA/benchmark/juliet-test-suite-XSS_simplified/CWE80_XSS/s01/CWE80_XSS__CWE182_Servlet_PropertiesFile_15.java
Analyzing......
Preprocessing...
processing finished
start to summarize...
Generating intra-procedural summaries...
Processing callees...
Preprocessing...
processing finished
start to summarize...
Generating intra-procedural summaries...
Processing callees...
Preprocessing...
processing finished
start to summarize...
Generating intra-procedural summaries...
Processing callees...
Preprocessing...
processing finished
start to summarize...
Generating intra-procedural summaries...
Processing callees...
Validating......
Applying path checker with solver...
Constructing solving program...
Solver-aided path checker succeeded...
finish validate
Reporting......
Report generated!

finish report
===================================================
37  /  666 

CWE80_XSS__CWE182_Servlet_PropertiesFile_15 

{'input_token_cost': 2059, 'output_token_cost': 229, 'analysis_result': {'TPs': 1, 'FPs': 0}, 'ground_truth': {'TPs': 1, 'FPs': 2}, 'single time cost': 3.6267688274383545} 

===================================================


Start to analyze the case  38 out of  666
/scratch/local/w.nimit/2292/LLMDFA/benchmark/juliet-test-suite-XSS_simplified/CWE80_XSS/s01/CWE80_XSS__CWE182_Servlet_PropertiesFile_16.java
Analyzing......
Preprocessing...
processing finished
start to summarize...
Generating intra-procedural summaries...
Processing callees...
Preprocessing...
processing finished
start to summarize...
Generating intra-procedural summaries...
Processing callees...
Preprocessing...
processing finished
start to summarize...
Generating intra-procedural summaries...
Processing callees...
Validating......
Applying path checker with solver...
Constructing solving program...
Solver-aided path checker succeeded...
finish validate
Reporting......
Report generated!

finish report
===================================================
38  /  666 

CWE80_XSS__CWE182_Servlet_PropertiesFile_16 

{'input_token_cost': 2015, 'output_token_cost': 243, 'analysis_result': {'TPs': 1, 'FPs': 0}, 'ground_truth': {'TPs': 1, 'FPs': 1}, 'single time cost': 3.8212544918060303} 

===================================================


Start to analyze the case  39 out of  666
/scratch/local/w.nimit/2292/LLMDFA/benchmark/juliet-test-suite-XSS_simplified/CWE80_XSS/s01/CWE80_XSS__CWE182_Servlet_PropertiesFile_17.java
Analyzing......
Preprocessing...
processing finished
start to summarize...
Generating intra-procedural summaries...
Processing callees...
Preprocessing...
processing finished
start to summarize...
Generating intra-procedural summaries...
Processing callees...
Preprocessing...
processing finished
start to summarize...
Generating intra-procedural summaries...
Processing callees...
Validating......
Applying path checker with solver...
Constructing solving program...
Solver-aided path checker succeeded...
finish validate
Reporting......
Report generated!

finish report
===================================================
39  /  666 

CWE80_XSS__CWE182_Servlet_PropertiesFile_17 

{'input_token_cost': 2029, 'output_token_cost': 244, 'analysis_result': {'TPs': 1, 'FPs': 0}, 'ground_truth': {'TPs': 1, 'FPs': 1}, 'single time cost': 3.7973291873931885} 

===================================================


Start to analyze the case  40 out of  666
/scratch/local/w.nimit/2292/LLMDFA/benchmark/juliet-test-suite-XSS_simplified/CWE80_XSS/s01/CWE80_XSS__CWE182_Servlet_PropertiesFile_21.java
Analyzing......
Preprocessing...
processing finished
start to summarize...
Generating intra-procedural summaries...
Processing callees...
Preprocessing...
processing finished
start to summarize...
Generating intra-procedural summaries...
Processing callees...
Preprocessing...
processing finished
start to summarize...
Generating intra-procedural summaries...
Processing callees...
Preprocessing...
processing finished
start to summarize...
Generating intra-procedural summaries...
Processing callees...
Preprocessing...
processing finished
start to summarize...
Generating intra-procedural summaries...
Processing callees...
Preprocessing...
processing finished
start to summarize...
Generating intra-procedural summaries...
Processing callees...
Preprocessing...
processing finished
start to summarize...
Generating intra-procedural summaries...
Processing callees...
Validating......
Applying path checker with solver...
Constructing solving program...
Constructing solving program...
Solver-aided path checker succeeded...
finish validate
Reporting......
Report generated!

finish report
===================================================
40  /  666 

CWE80_XSS__CWE182_Servlet_PropertiesFile_21 

{'input_token_cost': 17114, 'output_token_cost': 1695, 'analysis_result': {'TPs': 1, 'FPs': 0}, 'ground_truth': {'TPs': 1, 'FPs': 2}, 'single time cost': 25.656147003173828} 

===================================================


Start to analyze the case  41 out of  666
/scratch/local/w.nimit/2292/LLMDFA/benchmark/juliet-test-suite-XSS_simplified/CWE80_XSS/s01/CWE80_XSS__CWE182_Servlet_PropertiesFile_31.java
Analyzing......
Preprocessing...
processing finished
start to summarize...
Generating intra-procedural summaries...
Processing callees...
Preprocessing...
processing finished
start to summarize...
Generating intra-procedural summaries...
Processing callees...
Preprocessing...
processing finished
start to summarize...
Generating intra-procedural summaries...
Processing callees...
Validating......
Applying path checker with solver...
Constructing solving program...
Solver-aided path checker succeeded...
finish validate
Reporting......
Report generated!

finish report
===================================================
41  /  666 

CWE80_XSS__CWE182_Servlet_PropertiesFile_31 

{'input_token_cost': 2061, 'output_token_cost': 283, 'analysis_result': {'TPs': 1, 'FPs': 0}, 'ground_truth': {'TPs': 1, 'FPs': 1}, 'single time cost': 4.382331371307373} 

===================================================


Start to analyze the case  42 out of  666
/scratch/local/w.nimit/2292/LLMDFA/benchmark/juliet-test-suite-XSS_simplified/CWE80_XSS/s01/CWE80_XSS__CWE182_Servlet_PropertiesFile_41.java
Analyzing......
Preprocessing...
processing finished
start to summarize...
Generating intra-procedural summaries...
Processing callees...
Preprocessing...
processing finished
start to summarize...
Generating intra-procedural summaries...
Processing callees...
Preprocessing...
processing finished
start to summarize...
Generating intra-procedural summaries...
Processing callees...
Preprocessing...
processing finished
start to summarize...
Generating intra-procedural summaries...
Processing callees...
Preprocessing...
processing finished
start to summarize...
Generating intra-procedural summaries...
Processing callees...
Validating......
Applying path checker with solver...
Constructing solving program...
Solver-aided path checker succeeded...
finish validate
Reporting......
Report generated!

finish report
===================================================
42  /  666 

CWE80_XSS__CWE182_Servlet_PropertiesFile_41 

{'input_token_cost': 5807, 'output_token_cost': 838, 'analysis_result': {'TPs': 1, 'FPs': 0}, 'ground_truth': {'TPs': 1, 'FPs': 1}, 'single time cost': 12.571940183639526} 

===================================================


Start to analyze the case  43 out of  666
/scratch/local/w.nimit/2292/LLMDFA/benchmark/juliet-test-suite-XSS_simplified/CWE80_XSS/s01/CWE80_XSS__CWE182_Servlet_PropertiesFile_42.java
Analyzing......
Preprocessing...
processing finished
start to summarize...
Generating intra-procedural summaries...
Processing callees...
Preprocessing...
processing finished
start to summarize...
Generating intra-procedural summaries...
Processing callees...
Preprocessing...
processing finished
start to summarize...
Generating intra-procedural summaries...
Processing callees...
Preprocessing...
processing finished
start to summarize...
Generating intra-procedural summaries...
Processing callees...
Preprocessing...
processing finished
start to summarize...
Generating intra-procedural summaries...
Processing callees...
Validating......
Applying path checker with solver...
Constructing solving program...
Solver-aided path checker succeeded...
finish validate
Reporting......
Report generated!

finish report
===================================================
43  /  666 

CWE80_XSS__CWE182_Servlet_PropertiesFile_42 

{'input_token_cost': 9126, 'output_token_cost': 771, 'analysis_result': {'TPs': 1, 'FPs': 0}, 'ground_truth': {'TPs': 1, 'FPs': 1}, 'single time cost': 11.713050365447998} 

===================================================


Start to analyze the case  44 out of  666
/scratch/local/w.nimit/2292/LLMDFA/benchmark/juliet-test-suite-XSS_simplified/CWE80_XSS/s01/CWE80_XSS__CWE182_Servlet_PropertiesFile_45.java
Analyzing......
Preprocessing...
processing finished
start to summarize...
Generating intra-procedural summaries...
Processing callees...
Preprocessing...
processing finished
start to summarize...
Generating intra-procedural summaries...
Processing callees...
Preprocessing...
processing finished
start to summarize...
Generating intra-procedural summaries...
Processing callees...
Preprocessing...
processing finished
start to summarize...
Generating intra-procedural summaries...
Processing callees...
Preprocessing...
processing finished
start to summarize...
Generating intra-procedural summaries...
Processing callees...
Validating......
Applying path checker with solver...
Constructing solving program...
Solver-aided path checker succeeded...
finish validate
Reporting......
Report generated!

finish report
===================================================
44  /  666 

CWE80_XSS__CWE182_Servlet_PropertiesFile_45 

{'input_token_cost': 8158, 'output_token_cost': 955, 'analysis_result': {'TPs': 1, 'FPs': 0}, 'ground_truth': {'TPs': 1, 'FPs': 1}, 'single time cost': 14.367164134979248} 

===================================================


Start to analyze the case  45 out of  666
/scratch/local/w.nimit/2292/LLMDFA/benchmark/juliet-test-suite-XSS_simplified/CWE80_XSS/s01/CWE80_XSS__CWE182_Servlet_URLConnection_01.java
Analyzing......
Preprocessing...
processing finished
start to summarize...
Generating intra-procedural summaries...
Processing callees...
Preprocessing...
processing finished
start to summarize...
Generating intra-procedural summaries...
Processing callees...
Preprocessing...
processing finished
start to summarize...
Generating intra-procedural summaries...
Processing callees...
Validating......
Applying path checker with solver...
Constructing solving program...
Solver-aided path checker succeeded...
finish validate
Reporting......
Report generated!

finish report
===================================================
45  /  666 

CWE80_XSS__CWE182_Servlet_URLConnection_01 

{'input_token_cost': 2141, 'output_token_cost': 232, 'analysis_result': {'TPs': 1, 'FPs': 0}, 'ground_truth': {'TPs': 1, 'FPs': 1}, 'single time cost': 3.6597824096679688} 

===================================================


Start to analyze the case  46 out of  666
/scratch/local/w.nimit/2292/LLMDFA/benchmark/juliet-test-suite-XSS_simplified/CWE80_XSS/s01/CWE80_XSS__CWE182_Servlet_URLConnection_02.java
Analyzing......
Preprocessing...
processing finished
start to summarize...
Generating intra-procedural summaries...
Processing callees...
Preprocessing...
processing finished
start to summarize...
Generating intra-procedural summaries...
Processing callees...
Preprocessing...
processing finished
start to summarize...
Generating intra-procedural summaries...
Processing callees...
Preprocessing...
processing finished
start to summarize...
Generating intra-procedural summaries...
Processing callees...
Validating......
Applying path checker with solver...
Constructing solving program...
Solver-aided path checker succeeded...
finish validate
Reporting......
Report generated!

finish report
===================================================
46  /  666 

CWE80_XSS__CWE182_Servlet_URLConnection_02 

{'input_token_cost': 2179, 'output_token_cost': 272, 'analysis_result': {'TPs': 1, 'FPs': 0}, 'ground_truth': {'TPs': 1, 'FPs': 2}, 'single time cost': 4.24857234954834} 

===================================================


Start to analyze the case  47 out of  666
/scratch/local/w.nimit/2292/LLMDFA/benchmark/juliet-test-suite-XSS_simplified/CWE80_XSS/s01/CWE80_XSS__CWE182_Servlet_URLConnection_03.java
Analyzing......
Preprocessing...
processing finished
start to summarize...
Generating intra-procedural summaries...
Processing callees...
Preprocessing...
processing finished
start to summarize...
Generating intra-procedural summaries...
Processing callees...
Preprocessing...
processing finished
start to summarize...
Generating intra-procedural summaries...
Processing callees...
Preprocessing...
processing finished
start to summarize...
Generating intra-procedural summaries...
Processing callees...
Validating......
Applying path checker with solver...
Constructing solving program...
Constructing solving program...
Solver-aided path checker succeeded...
finish validate
Reporting......
Report generated!

finish report
===================================================
47  /  666 

CWE80_XSS__CWE182_Servlet_URLConnection_03 

{'input_token_cost': 2733, 'output_token_cost': 393, 'analysis_result': {'TPs': 1, 'FPs': 0}, 'ground_truth': {'TPs': 1, 'FPs': 2}, 'single time cost': 6.274810552597046} 

===================================================


Start to analyze the case  48 out of  666
/scratch/local/w.nimit/2292/LLMDFA/benchmark/juliet-test-suite-XSS_simplified/CWE80_XSS/s01/CWE80_XSS__CWE182_Servlet_URLConnection_04.java
Analyzing......
Preprocessing...
processing finished
start to summarize...
Generating intra-procedural summaries...
Processing callees...
Preprocessing...
processing finished
start to summarize...
Generating intra-procedural summaries...
Processing callees...
Preprocessing...
processing finished
start to summarize...
Generating intra-procedural summaries...
Processing callees...
Preprocessing...
processing finished
start to summarize...
Generating intra-procedural summaries...
Processing callees...
Validating......
Applying path checker with solver...
Constructing solving program...
Constructing solving program...
Solver-aided path checker succeeded...
finish validate
Reporting......
Report generated!

finish report
===================================================
48  /  666 

CWE80_XSS__CWE182_Servlet_URLConnection_04 

{'input_token_cost': 2864, 'output_token_cost': 425, 'analysis_result': {'TPs': 1, 'FPs': 0}, 'ground_truth': {'TPs': 1, 'FPs': 2}, 'single time cost': 6.637903213500977} 

===================================================


Start to analyze the case  49 out of  666
/scratch/local/w.nimit/2292/LLMDFA/benchmark/juliet-test-suite-XSS_simplified/CWE80_XSS/s01/CWE80_XSS__CWE182_Servlet_URLConnection_05.java
Analyzing......
Preprocessing...
processing finished
start to summarize...
Generating intra-procedural summaries...
Processing callees...
Preprocessing...
processing finished
start to summarize...
Generating intra-procedural summaries...
Processing callees...
Preprocessing...
processing finished
start to summarize...
Generating intra-procedural summaries...
Processing callees...
Preprocessing...
processing finished
start to summarize...
Generating intra-procedural summaries...
Processing callees...
Validating......
Applying path checker with solver...
Constructing solving program...
Constructing solving program...
Solver-aided path checker succeeded...
finish validate
Reporting......
Report generated!

finish report
===================================================
49  /  666 

CWE80_XSS__CWE182_Servlet_URLConnection_05 

{'input_token_cost': 2839, 'output_token_cost': 391, 'analysis_result': {'TPs': 1, 'FPs': 0}, 'ground_truth': {'TPs': 1, 'FPs': 2}, 'single time cost': 6.152389049530029} 

===================================================


Start to analyze the case  50 out of  666
/scratch/local/w.nimit/2292/LLMDFA/benchmark/juliet-test-suite-XSS_simplified/CWE80_XSS/s01/CWE80_XSS__CWE182_Servlet_URLConnection_06.java
Analyzing......
Preprocessing...
processing finished
start to summarize...
Generating intra-procedural summaries...
Processing callees...
Preprocessing...
processing finished
start to summarize...
Generating intra-procedural summaries...
Processing callees...
Preprocessing...
processing finished
start to summarize...
Generating intra-procedural summaries...
Processing callees...
Preprocessing...
processing finished
start to summarize...
Generating intra-procedural summaries...
Processing callees...
Validating......
Applying path checker with solver...
Constructing solving program...
Constructing solving program...
Solver-aided path checker succeeded...
finish validate
Reporting......
Report generated!

finish report
===================================================
50  /  666 

CWE80_XSS__CWE182_Servlet_URLConnection_06 

{'input_token_cost': 2882, 'output_token_cost': 419, 'analysis_result': {'TPs': 1, 'FPs': 0}, 'ground_truth': {'TPs': 1, 'FPs': 2}, 'single time cost': 6.559865474700928} 

===================================================


Start to analyze the case  51 out of  666
/scratch/local/w.nimit/2292/LLMDFA/benchmark/juliet-test-suite-XSS_simplified/CWE80_XSS/s01/CWE80_XSS__CWE182_Servlet_URLConnection_07.java
Analyzing......
Preprocessing...
processing finished
start to summarize...
Generating intra-procedural summaries...
Processing callees...
Preprocessing...
processing finished
start to summarize...
Generating intra-procedural summaries...
Processing callees...
Preprocessing...
processing finished
start to summarize...
Generating intra-procedural summaries...
Processing callees...
Preprocessing...
processing finished
start to summarize...
Generating intra-procedural summaries...
Processing callees...
Validating......
Applying path checker with solver...
Constructing solving program...
Constructing solving program...
Solver-aided path checker succeeded...
finish validate
Reporting......
Report generated!

finish report
===================================================
51  /  666 

CWE80_XSS__CWE182_Servlet_URLConnection_07 

{'input_token_cost': 2852, 'output_token_cost': 350, 'analysis_result': {'TPs': 1, 'FPs': 0}, 'ground_truth': {'TPs': 1, 'FPs': 2}, 'single time cost': 5.5337958335876465} 

===================================================


Start to analyze the case  52 out of  666
/scratch/local/w.nimit/2292/LLMDFA/benchmark/juliet-test-suite-XSS_simplified/CWE80_XSS/s01/CWE80_XSS__CWE182_Servlet_URLConnection_08.java
Analyzing......
Preprocessing...
processing finished
start to summarize...
Generating intra-procedural summaries...
Processing callees...
Preprocessing...
processing finished
start to summarize...
Generating intra-procedural summaries...
Processing callees...
Preprocessing...
processing finished
start to summarize...
Generating intra-procedural summaries...
Processing callees...
Preprocessing...
processing finished
start to summarize...
Generating intra-procedural summaries...
Processing callees...
Preprocessing...
processing finished
start to summarize...
Generating intra-procedural summaries...
Processing callees...
Preprocessing...
processing finished
start to summarize...
Generating intra-procedural summaries...
Processing callees...
start to summarize...
Generating intra-procedural summaries...
Processing callees...
Validating......
Applying path checker with solver...
Constructing solving program...
Constructing solving program...
Solver-aided path checker succeeded...
finish validate
Reporting......
Report generated!

finish report
===================================================
52  /  666 

CWE80_XSS__CWE182_Servlet_URLConnection_08 

{'input_token_cost': 2730, 'output_token_cost': 415, 'analysis_result': {'TPs': 1, 'FPs': 0}, 'ground_truth': {'TPs': 1, 'FPs': 2}, 'single time cost': 6.478650331497192} 

===================================================


Start to analyze the case  53 out of  666
/scratch/local/w.nimit/2292/LLMDFA/benchmark/juliet-test-suite-XSS_simplified/CWE80_XSS/s01/CWE80_XSS__CWE182_Servlet_URLConnection_09.java
Analyzing......
Preprocessing...
processing finished
start to summarize...
Generating intra-procedural summaries...
Processing callees...
Preprocessing...
processing finished
start to summarize...
Generating intra-procedural summaries...
Processing callees...
Preprocessing...
processing finished
start to summarize...
Generating intra-procedural summaries...
Processing callees...
Preprocessing...
processing finished
start to summarize...
Generating intra-procedural summaries...
Processing callees...
Validating......
Applying path checker with solver...
Constructing solving program...
Constructing solving program...
Solver-aided path checker succeeded...
finish validate
Reporting......
Report generated!

finish report
===================================================
53  /  666 

CWE80_XSS__CWE182_Servlet_URLConnection_09 

{'input_token_cost': 2864, 'output_token_cost': 418, 'analysis_result': {'TPs': 1, 'FPs': 0}, 'ground_truth': {'TPs': 1, 'FPs': 2}, 'single time cost': 6.5309998989105225} 

===================================================


Start to analyze the case  54 out of  666
/scratch/local/w.nimit/2292/LLMDFA/benchmark/juliet-test-suite-XSS_simplified/CWE80_XSS/s01/CWE80_XSS__CWE182_Servlet_URLConnection_10.java
Analyzing......
Preprocessing...
processing finished
start to summarize...
Generating intra-procedural summaries...
Processing callees...
Preprocessing...
processing finished
start to summarize...
Generating intra-procedural summaries...
Processing callees...
Preprocessing...
processing finished
start to summarize...
Generating intra-procedural summaries...
Processing callees...
Preprocessing...
processing finished
start to summarize...
Generating intra-procedural summaries...
Processing callees...
Validating......
Applying path checker with solver...
Constructing solving program...
Constructing solving program...
Solver-aided path checker succeeded...
finish validate
Reporting......
Report generated!

finish report
===================================================
54  /  666 

CWE80_XSS__CWE182_Servlet_URLConnection_10 

{'input_token_cost': 2849, 'output_token_cost': 423, 'analysis_result': {'TPs': 1, 'FPs': 0}, 'ground_truth': {'TPs': 1, 'FPs': 2}, 'single time cost': 6.61017632484436} 

===================================================


Start to analyze the case  55 out of  666
/scratch/local/w.nimit/2292/LLMDFA/benchmark/juliet-test-suite-XSS_simplified/CWE80_XSS/s01/CWE80_XSS__CWE182_Servlet_URLConnection_11.java
Analyzing......
Preprocessing...
processing finished
start to summarize...
Generating intra-procedural summaries...
Processing callees...
Preprocessing...
processing finished
start to summarize...
Generating intra-procedural summaries...
Processing callees...
Preprocessing...
processing finished
start to summarize...
Generating intra-procedural summaries...
Processing callees...
Preprocessing...
processing finished
start to summarize...
Generating intra-procedural summaries...
Processing callees...
Validating......
Applying path checker with solver...
Constructing solving program...
Constructing solving program...
Solver-aided path checker succeeded...
finish validate
Reporting......
Report generated!

finish report
===================================================
55  /  666 

CWE80_XSS__CWE182_Servlet_URLConnection_11 

{'input_token_cost': 2738, 'output_token_cost': 433, 'analysis_result': {'TPs': 1, 'FPs': 0}, 'ground_truth': {'TPs': 1, 'FPs': 2}, 'single time cost': 6.727096319198608} 

===================================================


Start to analyze the case  56 out of  666
/scratch/local/w.nimit/2292/LLMDFA/benchmark/juliet-test-suite-XSS_simplified/CWE80_XSS/s01/CWE80_XSS__CWE182_Servlet_URLConnection_12.java
Analyzing......
Preprocessing...
processing finished
start to summarize...
Generating intra-procedural summaries...
Processing callees...
Preprocessing...
processing finished
start to summarize...
Generating intra-procedural summaries...
Processing callees...
Preprocessing...
processing finished
start to summarize...
Generating intra-procedural summaries...
Processing callees...
Validating......
Applying path checker with solver...
Constructing solving program...
Constructing solving program...
Solver-aided path checker succeeded...
finish validate
Reporting......
Report generated!

finish report
===================================================
56  /  666 

CWE80_XSS__CWE182_Servlet_URLConnection_12 

{'input_token_cost': 2752, 'output_token_cost': 411, 'analysis_result': {'TPs': 1, 'FPs': 0}, 'ground_truth': {'TPs': 1, 'FPs': 1}, 'single time cost': 6.441529035568237} 

===================================================


Start to analyze the case  57 out of  666
/scratch/local/w.nimit/2292/LLMDFA/benchmark/juliet-test-suite-XSS_simplified/CWE80_XSS/s01/CWE80_XSS__CWE182_Servlet_URLConnection_13.java
Analyzing......
Preprocessing...
processing finished
start to summarize...
Generating intra-procedural summaries...
Processing callees...
Preprocessing...
processing finished
start to summarize...
Generating intra-procedural summaries...
Processing callees...
Preprocessing...
processing finished
start to summarize...
Generating intra-procedural summaries...
Processing callees...
Preprocessing...
processing finished
start to summarize...
Generating intra-procedural summaries...
Processing callees...
Validating......
Applying path checker with solver...
Constructing solving program...
Constructing solving program...
Solver-aided path checker succeeded...
finish validate
Reporting......
Report generated!

finish report
===================================================
57  /  666 

CWE80_XSS__CWE182_Servlet_URLConnection_13 

{'input_token_cost': 2882, 'output_token_cost': 424, 'analysis_result': {'TPs': 1, 'FPs': 0}, 'ground_truth': {'TPs': 1, 'FPs': 2}, 'single time cost': 6.620442867279053} 

===================================================


Start to analyze the case  58 out of  666
/scratch/local/w.nimit/2292/LLMDFA/benchmark/juliet-test-suite-XSS_simplified/CWE80_XSS/s01/CWE80_XSS__CWE182_Servlet_URLConnection_14.java
Analyzing......
Preprocessing...
processing finished
start to summarize...
Generating intra-procedural summaries...
Processing callees...
Preprocessing...
processing finished
start to summarize...
Generating intra-procedural summaries...
Processing callees...
Preprocessing...
processing finished
start to summarize...
Generating intra-procedural summaries...
Processing callees...
Preprocessing...
processing finished
start to summarize...
Generating intra-procedural summaries...
Processing callees...
Validating......
Applying path checker with solver...
Constructing solving program...
Constructing solving program...
Solver-aided path checker succeeded...
finish validate
Reporting......
Report generated!

finish report
===================================================
58  /  666 

CWE80_XSS__CWE182_Servlet_URLConnection_14 

{'input_token_cost': 2862, 'output_token_cost': 492, 'analysis_result': {'TPs': 1, 'FPs': 0}, 'ground_truth': {'TPs': 1, 'FPs': 2}, 'single time cost': 7.620372772216797} 

===================================================


Start to analyze the case  59 out of  666
/scratch/local/w.nimit/2292/LLMDFA/benchmark/juliet-test-suite-XSS_simplified/CWE80_XSS/s01/CWE80_XSS__CWE182_Servlet_URLConnection_15.java
Analyzing......
Preprocessing...
processing finished
start to summarize...
Generating intra-procedural summaries...
Processing callees...
Preprocessing...
processing finished
start to summarize...
Generating intra-procedural summaries...
Processing callees...
Preprocessing...
processing finished
start to summarize...
Generating intra-procedural summaries...
Processing callees...
Preprocessing...
processing finished
start to summarize...
Generating intra-procedural summaries...
Processing callees...
Validating......
Applying path checker with solver...
Constructing solving program...
Solver-aided path checker succeeded...
finish validate
Reporting......
Report generated!

finish report
===================================================
59  /  666 

CWE80_XSS__CWE182_Servlet_URLConnection_15 

{'input_token_cost': 2198, 'output_token_cost': 259, 'analysis_result': {'TPs': 1, 'FPs': 0}, 'ground_truth': {'TPs': 1, 'FPs': 2}, 'single time cost': 4.077749729156494} 

===================================================


Start to analyze the case  60 out of  666
/scratch/local/w.nimit/2292/LLMDFA/benchmark/juliet-test-suite-XSS_simplified/CWE80_XSS/s01/CWE80_XSS__CWE182_Servlet_URLConnection_16.java
Analyzing......
Preprocessing...
processing finished
start to summarize...
Generating intra-procedural summaries...
Processing callees...
Preprocessing...
processing finished
start to summarize...
Generating intra-procedural summaries...
Processing callees...
Preprocessing...
processing finished
start to summarize...
Generating intra-procedural summaries...
Processing callees...
Validating......
Applying path checker with solver...
Constructing solving program...
Solver-aided path checker succeeded...
finish validate
Reporting......
Report generated!

finish report
===================================================
60  /  666 

CWE80_XSS__CWE182_Servlet_URLConnection_16 

{'input_token_cost': 2154, 'output_token_cost': 269, 'analysis_result': {'TPs': 1, 'FPs': 0}, 'ground_truth': {'TPs': 1, 'FPs': 1}, 'single time cost': 4.206485271453857} 

===================================================


Start to analyze the case  61 out of  666
/scratch/local/w.nimit/2292/LLMDFA/benchmark/juliet-test-suite-XSS_simplified/CWE80_XSS/s01/CWE80_XSS__CWE182_Servlet_URLConnection_17.java
Analyzing......
Preprocessing...
processing finished
start to summarize...
Generating intra-procedural summaries...
Processing callees...
Preprocessing...
processing finished
start to summarize...
Generating intra-procedural summaries...
Processing callees...
Preprocessing...
processing finished
start to summarize...
Generating intra-procedural summaries...
Processing callees...
Validating......
Applying path checker with solver...
Constructing solving program...
Solver-aided path checker succeeded...
finish validate
Reporting......
Report generated!

finish report
===================================================
61  /  666 

CWE80_XSS__CWE182_Servlet_URLConnection_17 

{'input_token_cost': 2168, 'output_token_cost': 255, 'analysis_result': {'TPs': 1, 'FPs': 0}, 'ground_truth': {'TPs': 1, 'FPs': 1}, 'single time cost': 3.965510129928589} 

===================================================


Start to analyze the case  62 out of  666
/scratch/local/w.nimit/2292/LLMDFA/benchmark/juliet-test-suite-XSS_simplified/CWE80_XSS/s01/CWE80_XSS__CWE182_Servlet_URLConnection_21.java
Analyzing......
Preprocessing...
processing finished
start to summarize...
Generating intra-procedural summaries...
Processing callees...
Preprocessing...
processing finished
start to summarize...
Generating intra-procedural summaries...
Processing callees...
Preprocessing...
processing finished
start to summarize...
Generating intra-procedural summaries...
Processing callees...
Preprocessing...
processing finished
start to summarize...
Generating intra-procedural summaries...
Processing callees...
Preprocessing...
processing finished
start to summarize...
Generating intra-procedural summaries...
Processing callees...
Preprocessing...
processing finished
start to summarize...
Generating intra-procedural summaries...
Processing callees...
Preprocessing...
processing finished
start to summarize...
Generating intra-procedural summaries...
Processing callees...
Validating......
Applying path checker with solver...
Constructing solving program...
Constructing solving program...
Solver-aided path checker succeeded...
finish validate
Reporting......
Report generated!

finish report
===================================================
62  /  666 

CWE80_XSS__CWE182_Servlet_URLConnection_21 

{'input_token_cost': 17531, 'output_token_cost': 1742, 'analysis_result': {'TPs': 1, 'FPs': 0}, 'ground_truth': {'TPs': 1, 'FPs': 2}, 'single time cost': 26.335813760757446} 

===================================================


Start to analyze the case  63 out of  666
/scratch/local/w.nimit/2292/LLMDFA/benchmark/juliet-test-suite-XSS_simplified/CWE80_XSS/s01/CWE80_XSS__CWE182_Servlet_URLConnection_31.java
Analyzing......
Preprocessing...
processing finished
start to summarize...
Generating intra-procedural summaries...
Processing callees...
Preprocessing...
processing finished
start to summarize...
Generating intra-procedural summaries...
Processing callees...
Preprocessing...
processing finished
start to summarize...
Generating intra-procedural summaries...
Processing callees...
Validating......
Applying path checker with solver...
Constructing solving program...
Solver-aided path checker succeeded...
finish validate
Reporting......
Report generated!

finish report
===================================================
63  /  666 

CWE80_XSS__CWE182_Servlet_URLConnection_31 

{'input_token_cost': 2200, 'output_token_cost': 239, 'analysis_result': {'TPs': 1, 'FPs': 0}, 'ground_truth': {'TPs': 1, 'FPs': 1}, 'single time cost': 3.749657154083252} 

===================================================


Start to analyze the case  64 out of  666
/scratch/local/w.nimit/2292/LLMDFA/benchmark/juliet-test-suite-XSS_simplified/CWE80_XSS/s01/CWE80_XSS__CWE182_Servlet_URLConnection_41.java
Analyzing......
Preprocessing...
processing finished
start to summarize...
Generating intra-procedural summaries...
Processing callees...
Preprocessing...
processing finished
start to summarize...
Generating intra-procedural summaries...
Processing callees...
Preprocessing...
processing finished
start to summarize...
Generating intra-procedural summaries...
Processing callees...
Preprocessing...
processing finished
start to summarize...
Generating intra-procedural summaries...
Processing callees...
Preprocessing...
processing finished
start to summarize...
Generating intra-procedural summaries...
Processing callees...
Validating......
Applying path checker with solver...
Constructing solving program...
Solver-aided path checker succeeded...
finish validate
Reporting......
Report generated!

finish report
===================================================
64  /  666 

CWE80_XSS__CWE182_Servlet_URLConnection_41 

{'input_token_cost': 6224, 'output_token_cost': 597, 'analysis_result': {'TPs': 1, 'FPs': 0}, 'ground_truth': {'TPs': 1, 'FPs': 1}, 'single time cost': 9.027207851409912} 

===================================================


Start to analyze the case  65 out of  666
/scratch/local/w.nimit/2292/LLMDFA/benchmark/juliet-test-suite-XSS_simplified/CWE80_XSS/s01/CWE80_XSS__CWE182_Servlet_URLConnection_42.java
Analyzing......
Preprocessing...
processing finished
start to summarize...
Generating intra-procedural summaries...
Processing callees...
Preprocessing...
processing finished
start to summarize...
Generating intra-procedural summaries...
Processing callees...
Preprocessing...
processing finished
start to summarize...
Generating intra-procedural summaries...
Processing callees...
Preprocessing...
processing finished
start to summarize...
Generating intra-procedural summaries...
Processing callees...
Preprocessing...
processing finished
start to summarize...
Generating intra-procedural summaries...
Processing callees...
Validating......
Applying path checker with solver...
Constructing solving program...
Solver-aided path checker succeeded...
finish validate
Reporting......
Report generated!

finish report
===================================================
65  /  666 

CWE80_XSS__CWE182_Servlet_URLConnection_42 

{'input_token_cost': 9543, 'output_token_cost': 738, 'analysis_result': {'TPs': 1, 'FPs': 0}, 'ground_truth': {'TPs': 1, 'FPs': 1}, 'single time cost': 11.221255540847778} 

===================================================


Start to analyze the case  66 out of  666
/scratch/local/w.nimit/2292/LLMDFA/benchmark/juliet-test-suite-XSS_simplified/CWE80_XSS/s01/CWE80_XSS__CWE182_Servlet_URLConnection_45.java
Analyzing......
Preprocessing...
processing finished
start to summarize...
Generating intra-procedural summaries...
Processing callees...
Preprocessing...
processing finished
start to summarize...
Generating intra-procedural summaries...
Processing callees...
Preprocessing...
processing finished
start to summarize...
Generating intra-procedural summaries...
Processing callees...
Preprocessing...
processing finished
start to summarize...
Generating intra-procedural summaries...
Processing callees...
Preprocessing...
processing finished
start to summarize...
Generating intra-procedural summaries...
Processing callees...
Validating......
Applying path checker with solver...
Constructing solving program...
Solver-aided path checker succeeded...
finish validate
Reporting......
Report generated!

finish report
===================================================
66  /  666 

CWE80_XSS__CWE182_Servlet_URLConnection_45 

{'input_token_cost': 7424, 'output_token_cost': 827, 'analysis_result': {'TPs': 1, 'FPs': 0}, 'ground_truth': {'TPs': 1, 'FPs': 1}, 'single time cost': 12.443970203399658} 

===================================================


Start to analyze the case  67 out of  666
/scratch/local/w.nimit/2292/LLMDFA/benchmark/juliet-test-suite-XSS_simplified/CWE80_XSS/s01/CWE80_XSS__CWE182_Servlet_connect_tcp_01.java
Analyzing......
Preprocessing...
processing finished
start to summarize...
Generating intra-procedural summaries...
Processing callees...
Preprocessing...
processing finished
start to summarize...
Generating intra-procedural summaries...
Processing callees...
Preprocessing...
processing finished
start to summarize...
Generating intra-procedural summaries...
Processing callees...
Validating......
Applying path checker with solver...
Constructing solving program...
Solver-aided path checker succeeded...
finish validate
Reporting......
Report generated!

finish report
===================================================
67  /  666 

CWE80_XSS__CWE182_Servlet_connect_tcp_01 

{'input_token_cost': 2263, 'output_token_cost': 265, 'analysis_result': {'TPs': 1, 'FPs': 0}, 'ground_truth': {'TPs': 1, 'FPs': 1}, 'single time cost': 4.1676788330078125} 

===================================================


Start to analyze the case  68 out of  666
/scratch/local/w.nimit/2292/LLMDFA/benchmark/juliet-test-suite-XSS_simplified/CWE80_XSS/s01/CWE80_XSS__CWE182_Servlet_connect_tcp_02.java
Analyzing......
Preprocessing...
processing finished
start to summarize...
Generating intra-procedural summaries...
Processing callees...
Preprocessing...
processing finished
start to summarize...
Generating intra-procedural summaries...
Processing callees...
Preprocessing...
processing finished
start to summarize...
Generating intra-procedural summaries...
Processing callees...
Preprocessing...
processing finished
start to summarize...
Generating intra-procedural summaries...
Processing callees...
Validating......
Applying path checker with solver...
Constructing solving program...
Solver-aided path checker succeeded...
finish validate
Reporting......
Report generated!

finish report
===================================================
68  /  666 

CWE80_XSS__CWE182_Servlet_connect_tcp_02 

{'input_token_cost': 2291, 'output_token_cost': 222, 'analysis_result': {'TPs': 1, 'FPs': 0}, 'ground_truth': {'TPs': 1, 'FPs': 2}, 'single time cost': 3.509854793548584} 

===================================================


Start to analyze the case  69 out of  666
/scratch/local/w.nimit/2292/LLMDFA/benchmark/juliet-test-suite-XSS_simplified/CWE80_XSS/s01/CWE80_XSS__CWE182_Servlet_connect_tcp_03.java
Analyzing......
Preprocessing...
processing finished
start to summarize...
Generating intra-procedural summaries...
Processing callees...
Preprocessing...
processing finished
start to summarize...
Generating intra-procedural summaries...
Processing callees...
Preprocessing...
processing finished
start to summarize...
Generating intra-procedural summaries...
Processing callees...
Preprocessing...
processing finished
start to summarize...
Generating intra-procedural summaries...
Processing callees...
Validating......
Applying path checker with solver...
Constructing solving program...
Constructing solving program...
Solver-aided path checker succeeded...
finish validate
Reporting......
Report generated!

finish report
===================================================
69  /  666 

CWE80_XSS__CWE182_Servlet_connect_tcp_03 

{'input_token_cost': 2845, 'output_token_cost': 369, 'analysis_result': {'TPs': 1, 'FPs': 0}, 'ground_truth': {'TPs': 1, 'FPs': 2}, 'single time cost': 5.819409370422363} 

===================================================


Start to analyze the case  70 out of  666
/scratch/local/w.nimit/2292/LLMDFA/benchmark/juliet-test-suite-XSS_simplified/CWE80_XSS/s01/CWE80_XSS__CWE182_Servlet_connect_tcp_04.java
Analyzing......
Preprocessing...
processing finished
start to summarize...
Generating intra-procedural summaries...
Processing callees...
Preprocessing...
processing finished
start to summarize...
Generating intra-procedural summaries...
Processing callees...
Preprocessing...
processing finished
start to summarize...
Generating intra-procedural summaries...
Processing callees...
Preprocessing...
processing finished
start to summarize...
Generating intra-procedural summaries...
Processing callees...
Validating......
Applying path checker with solver...
Constructing solving program...
Constructing solving program...
Solver-aided path checker succeeded...
finish validate
Reporting......
Report generated!

finish report
===================================================
70  /  666 

CWE80_XSS__CWE182_Servlet_connect_tcp_04 

{'input_token_cost': 2976, 'output_token_cost': 408, 'analysis_result': {'TPs': 1, 'FPs': 0}, 'ground_truth': {'TPs': 1, 'FPs': 2}, 'single time cost': 6.415800094604492} 

===================================================


Start to analyze the case  71 out of  666
/scratch/local/w.nimit/2292/LLMDFA/benchmark/juliet-test-suite-XSS_simplified/CWE80_XSS/s01/CWE80_XSS__CWE182_Servlet_connect_tcp_05.java
Analyzing......
Preprocessing...
processing finished
start to summarize...
Generating intra-procedural summaries...
Processing callees...
Preprocessing...
processing finished
start to summarize...
Generating intra-procedural summaries...
Processing callees...
Preprocessing...
processing finished
start to summarize...
Generating intra-procedural summaries...
Processing callees...
Preprocessing...
processing finished
start to summarize...
Generating intra-procedural summaries...
Processing callees...
Validating......
Applying path checker with solver...
Constructing solving program...
Constructing solving program...
Solver-aided path checker succeeded...
finish validate
Reporting......
Report generated!

finish report
===================================================
71  /  666 

CWE80_XSS__CWE182_Servlet_connect_tcp_05 

{'input_token_cost': 2951, 'output_token_cost': 345, 'analysis_result': {'TPs': 1, 'FPs': 0}, 'ground_truth': {'TPs': 1, 'FPs': 2}, 'single time cost': 5.489765167236328} 

===================================================


Start to analyze the case  72 out of  666
/scratch/local/w.nimit/2292/LLMDFA/benchmark/juliet-test-suite-XSS_simplified/CWE80_XSS/s01/CWE80_XSS__CWE182_Servlet_connect_tcp_06.java
Analyzing......
Preprocessing...
processing finished
start to summarize...
Generating intra-procedural summaries...
Processing callees...
Preprocessing...
processing finished
start to summarize...
Generating intra-procedural summaries...
Processing callees...
Preprocessing...
processing finished
start to summarize...
Generating intra-procedural summaries...
Processing callees...
Preprocessing...
processing finished
start to summarize...
Generating intra-procedural summaries...
Processing callees...
Validating......
Applying path checker with solver...
Constructing solving program...
Constructing solving program...
Solver-aided path checker succeeded...
finish validate
Reporting......
Report generated!

finish report
===================================================
72  /  666 

CWE80_XSS__CWE182_Servlet_connect_tcp_06 

{'input_token_cost': 2994, 'output_token_cost': 378, 'analysis_result': {'TPs': 1, 'FPs': 0}, 'ground_truth': {'TPs': 1, 'FPs': 2}, 'single time cost': 5.965921401977539} 

===================================================


Start to analyze the case  73 out of  666
/scratch/local/w.nimit/2292/LLMDFA/benchmark/juliet-test-suite-XSS_simplified/CWE80_XSS/s01/CWE80_XSS__CWE182_Servlet_connect_tcp_07.java
Analyzing......
Preprocessing...
processing finished
start to summarize...
Generating intra-procedural summaries...
Processing callees...
Preprocessing...
processing finished
start to summarize...
Generating intra-procedural summaries...
Processing callees...
Preprocessing...
processing finished
start to summarize...
Generating intra-procedural summaries...
Processing callees...
Preprocessing...
processing finished
start to summarize...
Generating intra-procedural summaries...
Processing callees...
Validating......
Applying path checker with solver...
Constructing solving program...
Constructing solving program...
Solver-aided path checker succeeded...
finish validate
Reporting......
Report generated!

finish report
===================================================
73  /  666 

CWE80_XSS__CWE182_Servlet_connect_tcp_07 

{'input_token_cost': 2964, 'output_token_cost': 343, 'analysis_result': {'TPs': 1, 'FPs': 0}, 'ground_truth': {'TPs': 1, 'FPs': 2}, 'single time cost': 5.451162338256836} 

===================================================


Start to analyze the case  74 out of  666
/scratch/local/w.nimit/2292/LLMDFA/benchmark/juliet-test-suite-XSS_simplified/CWE80_XSS/s01/CWE80_XSS__CWE182_Servlet_connect_tcp_08.java
Analyzing......
Preprocessing...
processing finished
start to summarize...
Generating intra-procedural summaries...
Processing callees...
Preprocessing...
processing finished
start to summarize...
Generating intra-procedural summaries...
Processing callees...
Preprocessing...
processing finished
start to summarize...
Generating intra-procedural summaries...
Processing callees...
Preprocessing...
processing finished
start to summarize...
Generating intra-procedural summaries...
Processing callees...
Preprocessing...
processing finished
start to summarize...
Generating intra-procedural summaries...
Processing callees...
Preprocessing...
processing finished
start to summarize...
Generating intra-procedural summaries...
Processing callees...
start to summarize...
Generating intra-procedural summaries...
Processing callees...
Validating......
Applying path checker with solver...
Constructing solving program...
Constructing solving program...
Solver-aided path checker succeeded...
finish validate
Reporting......
Report generated!

finish report
===================================================
74  /  666 

CWE80_XSS__CWE182_Servlet_connect_tcp_08 

{'input_token_cost': 2842, 'output_token_cost': 368, 'analysis_result': {'TPs': 1, 'FPs': 0}, 'ground_truth': {'TPs': 1, 'FPs': 2}, 'single time cost': 5.8030641078948975} 

===================================================


Start to analyze the case  75 out of  666
/scratch/local/w.nimit/2292/LLMDFA/benchmark/juliet-test-suite-XSS_simplified/CWE80_XSS/s01/CWE80_XSS__CWE182_Servlet_connect_tcp_09.java
Analyzing......
Preprocessing...
processing finished
start to summarize...
Generating intra-procedural summaries...
Processing callees...
Preprocessing...
processing finished
start to summarize...
Generating intra-procedural summaries...
Processing callees...
Preprocessing...
processing finished
start to summarize...
Generating intra-procedural summaries...
Processing callees...
Preprocessing...
processing finished
start to summarize...
Generating intra-procedural summaries...
Processing callees...
Validating......
Applying path checker with solver...
Constructing solving program...
Constructing solving program...
Solver-aided path checker succeeded...
finish validate
Reporting......
Report generated!

finish report
===================================================
75  /  666 

CWE80_XSS__CWE182_Servlet_connect_tcp_09 

{'input_token_cost': 2976, 'output_token_cost': 375, 'analysis_result': {'TPs': 1, 'FPs': 0}, 'ground_truth': {'TPs': 1, 'FPs': 2}, 'single time cost': 5.912284851074219} 

===================================================


Start to analyze the case  76 out of  666
/scratch/local/w.nimit/2292/LLMDFA/benchmark/juliet-test-suite-XSS_simplified/CWE80_XSS/s01/CWE80_XSS__CWE182_Servlet_connect_tcp_10.java
Analyzing......
Preprocessing...
processing finished
start to summarize...
Generating intra-procedural summaries...
Processing callees...
Preprocessing...
processing finished
start to summarize...
Generating intra-procedural summaries...
Processing callees...
Preprocessing...
processing finished
start to summarize...
Generating intra-procedural summaries...
Processing callees...
Preprocessing...
processing finished
start to summarize...
Generating intra-procedural summaries...
Processing callees...
Validating......
Applying path checker with solver...
Constructing solving program...
Constructing solving program...
Solver-aided path checker succeeded...
finish validate
Reporting......
Report generated!

finish report
===================================================
76  /  666 

CWE80_XSS__CWE182_Servlet_connect_tcp_10 

{'input_token_cost': 2961, 'output_token_cost': 377, 'analysis_result': {'TPs': 1, 'FPs': 0}, 'ground_truth': {'TPs': 1, 'FPs': 2}, 'single time cost': 5.94801664352417} 

===================================================


Start to analyze the case  77 out of  666
/scratch/local/w.nimit/2292/LLMDFA/benchmark/juliet-test-suite-XSS_simplified/CWE80_XSS/s01/CWE80_XSS__CWE182_Servlet_connect_tcp_11.java
Analyzing......
Preprocessing...
processing finished
start to summarize...
Generating intra-procedural summaries...
Processing callees...
Preprocessing...
processing finished
start to summarize...
Generating intra-procedural summaries...
Processing callees...
Preprocessing...
processing finished
start to summarize...
Generating intra-procedural summaries...
Processing callees...
Preprocessing...
processing finished
start to summarize...
Generating intra-procedural summaries...
Processing callees...
Validating......
Applying path checker with solver...
Constructing solving program...
Constructing solving program...
Solver-aided path checker succeeded...
finish validate
Reporting......
Report generated!

finish report
===================================================
77  /  666 

CWE80_XSS__CWE182_Servlet_connect_tcp_11 

{'input_token_cost': 2850, 'output_token_cost': 435, 'analysis_result': {'TPs': 1, 'FPs': 0}, 'ground_truth': {'TPs': 1, 'FPs': 2}, 'single time cost': 6.785217761993408} 

===================================================


Start to analyze the case  78 out of  666
/scratch/local/w.nimit/2292/LLMDFA/benchmark/juliet-test-suite-XSS_simplified/CWE80_XSS/s01/CWE80_XSS__CWE182_Servlet_connect_tcp_12.java
Analyzing......
Preprocessing...
processing finished
start to summarize...
Generating intra-procedural summaries...
Processing callees...
Preprocessing...
processing finished
start to summarize...
Generating intra-procedural summaries...
Processing callees...
Preprocessing...
processing finished
start to summarize...
Generating intra-procedural summaries...
Processing callees...
Validating......
Applying path checker with solver...
Constructing solving program...
Constructing solving program...
Solver-aided path checker succeeded...
finish validate
Reporting......
Report generated!

finish report
===================================================
78  /  666 

CWE80_XSS__CWE182_Servlet_connect_tcp_12 

{'input_token_cost': 2864, 'output_token_cost': 390, 'analysis_result': {'TPs': 1, 'FPs': 0}, 'ground_truth': {'TPs': 1, 'FPs': 1}, 'single time cost': 6.138540267944336} 

===================================================


Start to analyze the case  79 out of  666
/scratch/local/w.nimit/2292/LLMDFA/benchmark/juliet-test-suite-XSS_simplified/CWE80_XSS/s01/CWE80_XSS__CWE182_Servlet_connect_tcp_13.java
Analyzing......
Preprocessing...
processing finished
start to summarize...
Generating intra-procedural summaries...
Processing callees...
Preprocessing...
processing finished
start to summarize...
Generating intra-procedural summaries...
Processing callees...
Preprocessing...
processing finished
start to summarize...
Generating intra-procedural summaries...
Processing callees...
Preprocessing...
processing finished
start to summarize...
Generating intra-procedural summaries...
Processing callees...
Validating......
Applying path checker with solver...
Constructing solving program...
Constructing solving program...
Solver-aided path checker succeeded...
finish validate
Reporting......
Report generated!

finish report
===================================================
79  /  666 

CWE80_XSS__CWE182_Servlet_connect_tcp_13 

{'input_token_cost': 2994, 'output_token_cost': 383, 'analysis_result': {'TPs': 1, 'FPs': 0}, 'ground_truth': {'TPs': 1, 'FPs': 2}, 'single time cost': 6.049243927001953} 

===================================================


Start to analyze the case  80 out of  666
/scratch/local/w.nimit/2292/LLMDFA/benchmark/juliet-test-suite-XSS_simplified/CWE80_XSS/s01/CWE80_XSS__CWE182_Servlet_connect_tcp_14.java
Analyzing......
Preprocessing...
processing finished
start to summarize...
Generating intra-procedural summaries...
Processing callees...
Preprocessing...
processing finished
start to summarize...
Generating intra-procedural summaries...
Processing callees...
Preprocessing...
processing finished
start to summarize...
Generating intra-procedural summaries...
Processing callees...
Preprocessing...
processing finished
start to summarize...
Generating intra-procedural summaries...
Processing callees...
Validating......
Applying path checker with solver...
Constructing solving program...
Constructing solving program...
Solver-aided path checker succeeded...
finish validate
Reporting......
Report generated!

finish report
===================================================
80  /  666 

CWE80_XSS__CWE182_Servlet_connect_tcp_14 

{'input_token_cost': 2974, 'output_token_cost': 361, 'analysis_result': {'TPs': 1, 'FPs': 0}, 'ground_truth': {'TPs': 1, 'FPs': 2}, 'single time cost': 5.718045473098755} 

===================================================


Start to analyze the case  81 out of  666
/scratch/local/w.nimit/2292/LLMDFA/benchmark/juliet-test-suite-XSS_simplified/CWE80_XSS/s01/CWE80_XSS__CWE182_Servlet_connect_tcp_15.java
Analyzing......
Preprocessing...
processing finished
start to summarize...
Generating intra-procedural summaries...
Processing callees...
Preprocessing...
processing finished
start to summarize...
Generating intra-procedural summaries...
Processing callees...
Preprocessing...
processing finished
start to summarize...
Generating intra-procedural summaries...
Processing callees...
Preprocessing...
processing finished
start to summarize...
Generating intra-procedural summaries...
Processing callees...
Validating......
Applying path checker with solver...
Constructing solving program...
Solver-aided path checker succeeded...
finish validate
Reporting......
Report generated!

finish report
===================================================
81  /  666 

CWE80_XSS__CWE182_Servlet_connect_tcp_15 

{'input_token_cost': 2310, 'output_token_cost': 279, 'analysis_result': {'TPs': 1, 'FPs': 0}, 'ground_truth': {'TPs': 1, 'FPs': 2}, 'single time cost': 4.352890491485596} 

===================================================


Start to analyze the case  82 out of  666
/scratch/local/w.nimit/2292/LLMDFA/benchmark/juliet-test-suite-XSS_simplified/CWE80_XSS/s01/CWE80_XSS__CWE182_Servlet_database_01.java
Analyzing......
Preprocessing...
processing finished
start to summarize...
Generating intra-procedural summaries...
Processing callees...
Preprocessing...
processing finished
start to summarize...
Generating intra-procedural summaries...
Processing callees...
Preprocessing...
processing finished
start to summarize...
Generating intra-procedural summaries...
Processing callees...
Validating......
Applying path checker with solver...
Constructing solving program...
Solver-aided path checker succeeded...
finish validate
Reporting......
Report generated!

finish report
===================================================
82  /  666 

CWE80_XSS__CWE182_Servlet_database_01 

{'input_token_cost': 2240, 'output_token_cost': 265, 'analysis_result': {'TPs': 1, 'FPs': 0}, 'ground_truth': {'TPs': 1, 'FPs': 1}, 'single time cost': 4.166506767272949} 

===================================================


Start to analyze the case  83 out of  666
/scratch/local/w.nimit/2292/LLMDFA/benchmark/juliet-test-suite-XSS_simplified/CWE80_XSS/s01/CWE80_XSS__CWE182_Servlet_connect_tcp_16.java
Analyzing......
Preprocessing...
processing finished
start to summarize...
Generating intra-procedural summaries...
Processing callees...
Preprocessing...
processing finished
start to summarize...
Generating intra-procedural summaries...
Processing callees...
Preprocessing...
processing finished
start to summarize...
Generating intra-procedural summaries...
Processing callees...
Validating......
Applying path checker with solver...
Constructing solving program...
Solver-aided path checker succeeded...
finish validate
Reporting......
Report generated!

finish report
===================================================
83  /  666 

CWE80_XSS__CWE182_Servlet_connect_tcp_16 

{'input_token_cost': 2266, 'output_token_cost': 235, 'analysis_result': {'TPs': 1, 'FPs': 0}, 'ground_truth': {'TPs': 1, 'FPs': 1}, 'single time cost': 3.7209270000457764} 

===================================================


Start to analyze the case  84 out of  666
/scratch/local/w.nimit/2292/LLMDFA/benchmark/juliet-test-suite-XSS_simplified/CWE80_XSS/s01/CWE80_XSS__CWE182_Servlet_connect_tcp_17.java
Analyzing......
Preprocessing...
processing finished
start to summarize...
Generating intra-procedural summaries...
Processing callees...
Preprocessing...
processing finished
start to summarize...
Generating intra-procedural summaries...
Processing callees...
Preprocessing...
processing finished
start to summarize...
Generating intra-procedural summaries...
Processing callees...
Validating......
Applying path checker with solver...
Constructing solving program...
Solver-aided path checker succeeded...
finish validate
Reporting......
Report generated!

finish report
===================================================
84  /  666 

CWE80_XSS__CWE182_Servlet_connect_tcp_17 

{'input_token_cost': 2290, 'output_token_cost': 237, 'analysis_result': {'TPs': 1, 'FPs': 0}, 'ground_truth': {'TPs': 1, 'FPs': 1}, 'single time cost': 3.6990911960601807} 

===================================================


Start to analyze the case  85 out of  666
/scratch/local/w.nimit/2292/LLMDFA/benchmark/juliet-test-suite-XSS_simplified/CWE80_XSS/s01/CWE80_XSS__CWE182_Servlet_connect_tcp_21.java
Analyzing......
Preprocessing...
processing finished
start to summarize...
Generating intra-procedural summaries...
Processing callees...
Preprocessing...
processing finished
start to summarize...
Generating intra-procedural summaries...
Processing callees...
Preprocessing...
processing finished
start to summarize...
Generating intra-procedural summaries...
Processing callees...
Preprocessing...
processing finished
start to summarize...
Generating intra-procedural summaries...
Processing callees...
Preprocessing...
processing finished
start to summarize...
Generating intra-procedural summaries...
Processing callees...
Preprocessing...
processing finished
start to summarize...
Generating intra-procedural summaries...
Processing callees...
Preprocessing...
processing finished
start to summarize...
Generating intra-procedural summaries...
Processing callees...
Validating......
Applying path checker with solver...
Constructing solving program...
Constructing solving program...
Solver-aided path checker succeeded...
finish validate
Reporting......
Report generated!

finish report
===================================================
85  /  666 

CWE80_XSS__CWE182_Servlet_connect_tcp_21 

{'input_token_cost': 17867, 'output_token_cost': 1593, 'analysis_result': {'TPs': 1, 'FPs': 0}, 'ground_truth': {'TPs': 1, 'FPs': 2}, 'single time cost': 24.14845633506775} 

===================================================


Start to analyze the case  86 out of  666
/scratch/local/w.nimit/2292/LLMDFA/benchmark/juliet-test-suite-XSS_simplified/CWE80_XSS/s01/CWE80_XSS__CWE182_Servlet_connect_tcp_31.java
Analyzing......
Preprocessing...
processing finished
start to summarize...
Generating intra-procedural summaries...
Processing callees...
Preprocessing...
processing finished
start to summarize...
Generating intra-procedural summaries...
Processing callees...
Preprocessing...
processing finished
start to summarize...
Generating intra-procedural summaries...
Processing callees...
Validating......
Applying path checker with solver...
Constructing solving program...
Solver-aided path checker succeeded...
finish validate
Reporting......
Report generated!

finish report
===================================================
86  /  666 

CWE80_XSS__CWE182_Servlet_connect_tcp_31 

{'input_token_cost': 2322, 'output_token_cost': 284, 'analysis_result': {'TPs': 1, 'FPs': 0}, 'ground_truth': {'TPs': 1, 'FPs': 1}, 'single time cost': 4.445780038833618} 

===================================================


Start to analyze the case  87 out of  666
/scratch/local/w.nimit/2292/LLMDFA/benchmark/juliet-test-suite-XSS_simplified/CWE80_XSS/s01/CWE80_XSS__CWE182_Servlet_connect_tcp_41.java
Analyzing......
Preprocessing...
processing finished
start to summarize...
Generating intra-procedural summaries...
Processing callees...
Preprocessing...
processing finished
start to summarize...
Generating intra-procedural summaries...
Processing callees...
Preprocessing...
processing finished
start to summarize...
Generating intra-procedural summaries...
Processing callees...
Preprocessing...
processing finished
start to summarize...
Generating intra-procedural summaries...
Processing callees...
Preprocessing...
processing finished
start to summarize...
Generating intra-procedural summaries...
Processing callees...
Validating......
Applying path checker with solver...
Constructing solving program...
Solver-aided path checker succeeded...
finish validate
Reporting......
Report generated!

finish report
===================================================
87  /  666 

CWE80_XSS__CWE182_Servlet_connect_tcp_41 

{'input_token_cost': 6590, 'output_token_cost': 801, 'analysis_result': {'TPs': 1, 'FPs': 0}, 'ground_truth': {'TPs': 1, 'FPs': 1}, 'single time cost': 12.056808233261108} 

===================================================


Start to analyze the case  88 out of  666
/scratch/local/w.nimit/2292/LLMDFA/benchmark/juliet-test-suite-XSS_simplified/CWE80_XSS/s01/CWE80_XSS__CWE182_Servlet_connect_tcp_42.java
Analyzing......
Preprocessing...
processing finished
start to summarize...
Generating intra-procedural summaries...
Processing callees...
Preprocessing...
processing finished
start to summarize...
Generating intra-procedural summaries...
Processing callees...
Preprocessing...
processing finished
start to summarize...
Generating intra-procedural summaries...
Processing callees...
Preprocessing...
processing finished
start to summarize...
Generating intra-procedural summaries...
Processing callees...
Preprocessing...
processing finished
start to summarize...
Generating intra-procedural summaries...
Processing callees...
Validating......
Applying path checker with solver...
Constructing solving program...
Solver-aided path checker succeeded...
finish validate
Reporting......
Report generated!

finish report
===================================================
88  /  666 

CWE80_XSS__CWE182_Servlet_connect_tcp_42 

{'input_token_cost': 9909, 'output_token_cost': 794, 'analysis_result': {'TPs': 1, 'FPs': 0}, 'ground_truth': {'TPs': 1, 'FPs': 1}, 'single time cost': 12.091926574707031} 

===================================================


Start to analyze the case  89 out of  666
/scratch/local/w.nimit/2292/LLMDFA/benchmark/juliet-test-suite-XSS_simplified/CWE80_XSS/s01/CWE80_XSS__CWE182_Servlet_connect_tcp_45.java
Analyzing......
Preprocessing...
processing finished
start to summarize...
Generating intra-procedural summaries...
Processing callees...
Preprocessing...
processing finished
start to summarize...
Generating intra-procedural summaries...
Processing callees...
Preprocessing...
processing finished
start to summarize...
Generating intra-procedural summaries...
Processing callees...
Preprocessing...
processing finished
start to summarize...
Generating intra-procedural summaries...
Processing callees...
Preprocessing...
processing finished
start to summarize...
Generating intra-procedural summaries...
Processing callees...
Validating......
Applying path checker with solver...
Constructing solving program...
Solver-aided path checker succeeded...
finish validate
Reporting......
Report generated!

finish report
===================================================
89  /  666 

CWE80_XSS__CWE182_Servlet_connect_tcp_45 

{'input_token_cost': 7790, 'output_token_cost': 996, 'analysis_result': {'TPs': 1, 'FPs': 0}, 'ground_truth': {'TPs': 1, 'FPs': 1}, 'single time cost': 14.93871521949768} 

===================================================


Start to analyze the case  90 out of  666
/scratch/local/w.nimit/2292/LLMDFA/benchmark/juliet-test-suite-XSS_simplified/CWE80_XSS/s01/CWE80_XSS__CWE182_Servlet_database_02.java
Analyzing......
Preprocessing...
processing finished
start to summarize...
Generating intra-procedural summaries...
Processing callees...
Preprocessing...
processing finished
start to summarize...
Generating intra-procedural summaries...
Processing callees...
Preprocessing...
processing finished
start to summarize...
Generating intra-procedural summaries...
Processing callees...
Preprocessing...
processing finished
start to summarize...
Generating intra-procedural summaries...
Processing callees...
Validating......
Applying path checker with solver...
Constructing solving program...
Solver-aided path checker succeeded...
finish validate
Reporting......
Report generated!

finish report
===================================================
90  /  666 

CWE80_XSS__CWE182_Servlet_database_02 

{'input_token_cost': 2273, 'output_token_cost': 252, 'analysis_result': {'TPs': 1, 'FPs': 0}, 'ground_truth': {'TPs': 1, 'FPs': 2}, 'single time cost': 3.94057559967041} 

===================================================


Start to analyze the case  91 out of  666
/scratch/local/w.nimit/2292/LLMDFA/benchmark/juliet-test-suite-XSS_simplified/CWE80_XSS/s01/CWE80_XSS__CWE182_Servlet_database_03.java
Analyzing......
Preprocessing...
processing finished
start to summarize...
Generating intra-procedural summaries...
Processing callees...
Preprocessing...
processing finished
start to summarize...
Generating intra-procedural summaries...
Processing callees...
Preprocessing...
processing finished
start to summarize...
Generating intra-procedural summaries...
Processing callees...
Preprocessing...
processing finished
start to summarize...
Generating intra-procedural summaries...
Processing callees...
Validating......
Applying path checker with solver...
Constructing solving program...
Constructing solving program...
Solver-aided path checker succeeded...
finish validate
Reporting......
Report generated!

finish report
===================================================
91  /  666 

CWE80_XSS__CWE182_Servlet_database_03 

{'input_token_cost': 2827, 'output_token_cost': 343, 'analysis_result': {'TPs': 1, 'FPs': 0}, 'ground_truth': {'TPs': 1, 'FPs': 2}, 'single time cost': 5.429229259490967} 

===================================================


Start to analyze the case  92 out of  666
/scratch/local/w.nimit/2292/LLMDFA/benchmark/juliet-test-suite-XSS_simplified/CWE80_XSS/s01/CWE80_XSS__CWE182_Servlet_database_04.java
Analyzing......
Preprocessing...
processing finished
start to summarize...
Generating intra-procedural summaries...
Processing callees...
Preprocessing...
processing finished
start to summarize...
Generating intra-procedural summaries...
Processing callees...
Preprocessing...
processing finished
start to summarize...
Generating intra-procedural summaries...
Processing callees...
Preprocessing...
processing finished
start to summarize...
Generating intra-procedural summaries...
Processing callees...
Validating......
Applying path checker with solver...
Constructing solving program...
Constructing solving program...
Solver-aided path checker succeeded...
finish validate
Reporting......
Report generated!

finish report
===================================================
92  /  666 

CWE80_XSS__CWE182_Servlet_database_04 

{'input_token_cost': 2958, 'output_token_cost': 416, 'analysis_result': {'TPs': 1, 'FPs': 0}, 'ground_truth': {'TPs': 1, 'FPs': 2}, 'single time cost': 6.5264763832092285} 

===================================================


Start to analyze the case  93 out of  666
/scratch/local/w.nimit/2292/LLMDFA/benchmark/juliet-test-suite-XSS_simplified/CWE80_XSS/s01/CWE80_XSS__CWE182_Servlet_database_05.java
Analyzing......
Preprocessing...
processing finished
start to summarize...
Generating intra-procedural summaries...
Processing callees...
Preprocessing...
processing finished
start to summarize...
Generating intra-procedural summaries...
Processing callees...
Preprocessing...
processing finished
start to summarize...
Generating intra-procedural summaries...
Processing callees...
Preprocessing...
processing finished
start to summarize...
Generating intra-procedural summaries...
Processing callees...
Validating......
Applying path checker with solver...
Constructing solving program...
Constructing solving program...
Solver-aided path checker succeeded...
finish validate
Reporting......
Report generated!

finish report
===================================================
93  /  666 

CWE80_XSS__CWE182_Servlet_database_05 

{'input_token_cost': 2933, 'output_token_cost': 351, 'analysis_result': {'TPs': 1, 'FPs': 0}, 'ground_truth': {'TPs': 1, 'FPs': 2}, 'single time cost': 5.587163686752319} 

===================================================


Start to analyze the case  94 out of  666
/scratch/local/w.nimit/2292/LLMDFA/benchmark/juliet-test-suite-XSS_simplified/CWE80_XSS/s01/CWE80_XSS__CWE182_Servlet_database_06.java
Analyzing......
Preprocessing...
processing finished
start to summarize...
Generating intra-procedural summaries...
Processing callees...
Preprocessing...
processing finished
start to summarize...
Generating intra-procedural summaries...
Processing callees...
Preprocessing...
processing finished
start to summarize...
Generating intra-procedural summaries...
Processing callees...
Preprocessing...
processing finished
start to summarize...
Generating intra-procedural summaries...
Processing callees...
Validating......
Applying path checker with solver...
Constructing solving program...
Constructing solving program...
Solver-aided path checker succeeded...
finish validate
Reporting......
Report generated!

finish report
===================================================
94  /  666 

CWE80_XSS__CWE182_Servlet_database_06 

{'input_token_cost': 2976, 'output_token_cost': 388, 'analysis_result': {'TPs': 1, 'FPs': 0}, 'ground_truth': {'TPs': 1, 'FPs': 2}, 'single time cost': 6.121288299560547} 

===================================================


Start to analyze the case  95 out of  666
/scratch/local/w.nimit/2292/LLMDFA/benchmark/juliet-test-suite-XSS_simplified/CWE80_XSS/s01/CWE80_XSS__CWE182_Servlet_database_07.java
Analyzing......
Preprocessing...
processing finished
start to summarize...
Generating intra-procedural summaries...
Processing callees...
Preprocessing...
processing finished
start to summarize...
Generating intra-procedural summaries...
Processing callees...
Preprocessing...
processing finished
start to summarize...
Generating intra-procedural summaries...
Processing callees...
Preprocessing...
processing finished
start to summarize...
Generating intra-procedural summaries...
Processing callees...
Validating......
Applying path checker with solver...
Constructing solving program...
Constructing solving program...
Solver-aided path checker succeeded...
finish validate
Reporting......
Report generated!

finish report
===================================================
95  /  666 

CWE80_XSS__CWE182_Servlet_database_07 

{'input_token_cost': 2946, 'output_token_cost': 364, 'analysis_result': {'TPs': 1, 'FPs': 0}, 'ground_truth': {'TPs': 1, 'FPs': 2}, 'single time cost': 5.76250147819519} 

===================================================


Start to analyze the case  96 out of  666
/scratch/local/w.nimit/2292/LLMDFA/benchmark/juliet-test-suite-XSS_simplified/CWE80_XSS/s01/CWE80_XSS__CWE182_Servlet_database_08.java
Analyzing......
Preprocessing...
processing finished
start to summarize...
Generating intra-procedural summaries...
Processing callees...
Preprocessing...
processing finished
start to summarize...
Generating intra-procedural summaries...
Processing callees...
Preprocessing...
processing finished
start to summarize...
Generating intra-procedural summaries...
Processing callees...
Preprocessing...
processing finished
start to summarize...
Generating intra-procedural summaries...
Processing callees...
Preprocessing...
processing finished
start to summarize...
Generating intra-procedural summaries...
Processing callees...
Preprocessing...
processing finished
start to summarize...
Generating intra-procedural summaries...
Processing callees...
start to summarize...
Generating intra-procedural summaries...
Processing callees...
Validating......
Applying path checker with solver...
Constructing solving program...
Constructing solving program...
Solver-aided path checker succeeded...
finish validate
Reporting......
Report generated!

finish report
===================================================
96  /  666 

CWE80_XSS__CWE182_Servlet_database_08 

{'input_token_cost': 2824, 'output_token_cost': 375, 'analysis_result': {'TPs': 1, 'FPs': 0}, 'ground_truth': {'TPs': 1, 'FPs': 2}, 'single time cost': 5.910508632659912} 

===================================================


Start to analyze the case  97 out of  666
/scratch/local/w.nimit/2292/LLMDFA/benchmark/juliet-test-suite-XSS_simplified/CWE80_XSS/s01/CWE80_XSS__CWE182_Servlet_database_09.java
Analyzing......
Preprocessing...
processing finished
start to summarize...
Generating intra-procedural summaries...
Processing callees...
Preprocessing...
processing finished
start to summarize...
Generating intra-procedural summaries...
Processing callees...
Preprocessing...
processing finished
start to summarize...
Generating intra-procedural summaries...
Processing callees...
Preprocessing...
processing finished
start to summarize...
Generating intra-procedural summaries...
Processing callees...
Validating......
Applying path checker with solver...
Constructing solving program...
Constructing solving program...
Solver-aided path checker succeeded...
finish validate
Reporting......
Report generated!

finish report
===================================================
97  /  666 

CWE80_XSS__CWE182_Servlet_database_09 

{'input_token_cost': 2958, 'output_token_cost': 388, 'analysis_result': {'TPs': 1, 'FPs': 0}, 'ground_truth': {'TPs': 1, 'FPs': 2}, 'single time cost': 6.158031702041626} 

===================================================


Start to analyze the case  98 out of  666
/scratch/local/w.nimit/2292/LLMDFA/benchmark/juliet-test-suite-XSS_simplified/CWE80_XSS/s01/CWE80_XSS__CWE182_Servlet_database_10.java
Analyzing......
Preprocessing...
processing finished
start to summarize...
Generating intra-procedural summaries...
Processing callees...
Preprocessing...
processing finished
start to summarize...
Generating intra-procedural summaries...
Processing callees...
Preprocessing...
processing finished
start to summarize...
Generating intra-procedural summaries...
Processing callees...
Preprocessing...
processing finished
start to summarize...
Generating intra-procedural summaries...
Processing callees...
Validating......
Applying path checker with solver...
Constructing solving program...
Constructing solving program...
Solver-aided path checker succeeded...
finish validate
Reporting......
Report generated!

finish report
===================================================
98  /  666 

CWE80_XSS__CWE182_Servlet_database_10 

{'input_token_cost': 2943, 'output_token_cost': 403, 'analysis_result': {'TPs': 1, 'FPs': 0}, 'ground_truth': {'TPs': 1, 'FPs': 2}, 'single time cost': 6.33502721786499} 

===================================================


Start to analyze the case  99 out of  666
/scratch/local/w.nimit/2292/LLMDFA/benchmark/juliet-test-suite-XSS_simplified/CWE80_XSS/s01/CWE80_XSS__CWE182_Servlet_database_11.java
Analyzing......
Preprocessing...
processing finished
start to summarize...
Generating intra-procedural summaries...
Processing callees...
Preprocessing...
processing finished
start to summarize...
Generating intra-procedural summaries...
Processing callees...
Preprocessing...
processing finished
start to summarize...
Generating intra-procedural summaries...
Processing callees...
Preprocessing...
processing finished
start to summarize...
Generating intra-procedural summaries...
Processing callees...
Validating......
Applying path checker with solver...
Constructing solving program...
Constructing solving program...
Solver-aided path checker succeeded...
finish validate
Reporting......
Report generated!

finish report
===================================================
99  /  666 

CWE80_XSS__CWE182_Servlet_database_11 

{'input_token_cost': 2832, 'output_token_cost': 393, 'analysis_result': {'TPs': 1, 'FPs': 0}, 'ground_truth': {'TPs': 1, 'FPs': 2}, 'single time cost': 6.165733575820923} 

===================================================


Start to analyze the case  100 out of  666
/scratch/local/w.nimit/2292/LLMDFA/benchmark/juliet-test-suite-XSS_simplified/CWE80_XSS/s01/CWE80_XSS__CWE182_Servlet_database_12.java
Analyzing......
Preprocessing...
processing finished
start to summarize...
Generating intra-procedural summaries...
Processing callees...
Preprocessing...
processing finished
start to summarize...
Generating intra-procedural summaries...
Processing callees...
Preprocessing...
processing finished
start to summarize...
Generating intra-procedural summaries...
Processing callees...
Validating......
Applying path checker with solver...
Constructing solving program...
Constructing solving program...
Solver-aided path checker succeeded...
finish validate
Reporting......
Report generated!

finish report
===================================================
100  /  666 

CWE80_XSS__CWE182_Servlet_database_12 

{'input_token_cost': 2846, 'output_token_cost': 359, 'analysis_result': {'TPs': 1, 'FPs': 0}, 'ground_truth': {'TPs': 1, 'FPs': 1}, 'single time cost': 5.664137601852417} 

===================================================


Start to analyze the case  101 out of  666
/scratch/local/w.nimit/2292/LLMDFA/benchmark/juliet-test-suite-XSS_simplified/CWE80_XSS/s01/CWE80_XSS__CWE182_Servlet_database_13.java
Analyzing......
Preprocessing...
processing finished
start to summarize...
Generating intra-procedural summaries...
Processing callees...
Preprocessing...
processing finished
start to summarize...
Generating intra-procedural summaries...
Processing callees...
Preprocessing...
processing finished
start to summarize...
Generating intra-procedural summaries...
Processing callees...
Preprocessing...
processing finished
start to summarize...
Generating intra-procedural summaries...
Processing callees...
Validating......
Applying path checker with solver...
Constructing solving program...
Constructing solving program...
Solver-aided path checker succeeded...
finish validate
Reporting......
Report generated!

finish report
===================================================
101  /  666 

CWE80_XSS__CWE182_Servlet_database_13 

{'input_token_cost': 2976, 'output_token_cost': 400, 'analysis_result': {'TPs': 1, 'FPs': 0}, 'ground_truth': {'TPs': 1, 'FPs': 2}, 'single time cost': 6.2746076583862305} 

===================================================


Start to analyze the case  102 out of  666
/scratch/local/w.nimit/2292/LLMDFA/benchmark/juliet-test-suite-XSS_simplified/CWE80_XSS/s01/CWE80_XSS__CWE182_Servlet_database_14.java
Analyzing......
Preprocessing...
processing finished
start to summarize...
Generating intra-procedural summaries...
Processing callees...
Preprocessing...
processing finished
start to summarize...
Generating intra-procedural summaries...
Processing callees...
Preprocessing...
processing finished
start to summarize...
Generating intra-procedural summaries...
Processing callees...
Preprocessing...
processing finished
start to summarize...
Generating intra-procedural summaries...
Processing callees...
Validating......
Applying path checker with solver...
Constructing solving program...
Constructing solving program...
Solver-aided path checker succeeded...
finish validate
Reporting......
Report generated!

finish report
===================================================
102  /  666 

CWE80_XSS__CWE182_Servlet_database_14 

{'input_token_cost': 2956, 'output_token_cost': 380, 'analysis_result': {'TPs': 1, 'FPs': 0}, 'ground_truth': {'TPs': 1, 'FPs': 2}, 'single time cost': 5.98248028755188} 

===================================================


Start to analyze the case  103 out of  666
/scratch/local/w.nimit/2292/LLMDFA/benchmark/juliet-test-suite-XSS_simplified/CWE80_XSS/s01/CWE80_XSS__CWE182_Servlet_database_15.java
Analyzing......
Preprocessing...
processing finished
start to summarize...
Generating intra-procedural summaries...
Processing callees...
Preprocessing...
processing finished
start to summarize...
Generating intra-procedural summaries...
Processing callees...
Preprocessing...
processing finished
start to summarize...
Generating intra-procedural summaries...
Processing callees...
Preprocessing...
processing finished
start to summarize...
Generating intra-procedural summaries...
Processing callees...
Validating......
Applying path checker with solver...
Constructing solving program...
Solver-aided path checker succeeded...
finish validate
Reporting......
Report generated!

finish report
===================================================
103  /  666 

CWE80_XSS__CWE182_Servlet_database_15 

{'input_token_cost': 2292, 'output_token_cost': 250, 'analysis_result': {'TPs': 1, 'FPs': 0}, 'ground_truth': {'TPs': 1, 'FPs': 2}, 'single time cost': 3.9150211811065674} 

===================================================


Start to analyze the case  104 out of  666
/scratch/local/w.nimit/2292/LLMDFA/benchmark/juliet-test-suite-XSS_simplified/CWE80_XSS/s01/CWE80_XSS__CWE182_Servlet_database_16.java
Analyzing......
Preprocessing...
processing finished
start to summarize...
Generating intra-procedural summaries...
Processing callees...
Preprocessing...
processing finished
start to summarize...
Generating intra-procedural summaries...
Processing callees...
Preprocessing...
processing finished
start to summarize...
Generating intra-procedural summaries...
Processing callees...
Validating......
Applying path checker with solver...
Constructing solving program...
Solver-aided path checker succeeded...
finish validate
Reporting......
Report generated!

finish report
===================================================
104  /  666 

CWE80_XSS__CWE182_Servlet_database_16 

{'input_token_cost': 2248, 'output_token_cost': 244, 'analysis_result': {'TPs': 1, 'FPs': 0}, 'ground_truth': {'TPs': 1, 'FPs': 1}, 'single time cost': 3.809951066970825} 

===================================================


Start to analyze the case  105 out of  666
/scratch/local/w.nimit/2292/LLMDFA/benchmark/juliet-test-suite-XSS_simplified/CWE80_XSS/s01/CWE80_XSS__CWE182_Servlet_database_17.java
Analyzing......
Preprocessing...
processing finished
start to summarize...
Generating intra-procedural summaries...
Processing callees...
Preprocessing...
processing finished
start to summarize...
Generating intra-procedural summaries...
Processing callees...
Preprocessing...
processing finished
start to summarize...
Generating intra-procedural summaries...
Processing callees...
Validating......
Applying path checker with solver...
Constructing solving program...
Solver-aided path checker succeeded...
finish validate
Reporting......
Report generated!

finish report
===================================================
105  /  666 

CWE80_XSS__CWE182_Servlet_database_17 

{'input_token_cost': 2267, 'output_token_cost': 241, 'analysis_result': {'TPs': 1, 'FPs': 0}, 'ground_truth': {'TPs': 1, 'FPs': 1}, 'single time cost': 3.720564603805542} 

===================================================


Start to analyze the case  106 out of  666
/scratch/local/w.nimit/2292/LLMDFA/benchmark/juliet-test-suite-XSS_simplified/CWE80_XSS/s01/CWE80_XSS__CWE182_Servlet_database_21.java
Analyzing......
Preprocessing...
processing finished
start to summarize...
Generating intra-procedural summaries...
Processing callees...
Preprocessing...
processing finished
start to summarize...
Generating intra-procedural summaries...
Processing callees...
Preprocessing...
processing finished
start to summarize...
Generating intra-procedural summaries...
Processing callees...
Preprocessing...
processing finished
start to summarize...
Generating intra-procedural summaries...
Processing callees...
Preprocessing...
processing finished
start to summarize...
Generating intra-procedural summaries...
Processing callees...
Preprocessing...
processing finished
start to summarize...
Generating intra-procedural summaries...
Processing callees...
Preprocessing...
processing finished
start to summarize...
Generating intra-procedural summaries...
Processing callees...
Validating......
Applying path checker with solver...
Constructing solving program...
Constructing solving program...
Solver-aided path checker succeeded...
finish validate
Reporting......
Report generated!

finish report
===================================================
106  /  666 

CWE80_XSS__CWE182_Servlet_database_21 

{'input_token_cost': 17812, 'output_token_cost': 1592, 'analysis_result': {'TPs': 0, 'FPs': 0}, 'ground_truth': {'TPs': 1, 'FPs': 2}, 'single time cost': 24.072389364242554} 

===================================================


Start to analyze the case  107 out of  666
/scratch/local/w.nimit/2292/LLMDFA/benchmark/juliet-test-suite-XSS_simplified/CWE80_XSS/s01/CWE80_XSS__CWE182_Servlet_database_31.java
Analyzing......
Preprocessing...
processing finished
start to summarize...
Generating intra-procedural summaries...
Processing callees...
Preprocessing...
processing finished
start to summarize...
Generating intra-procedural summaries...
Processing callees...
Preprocessing...
processing finished
start to summarize...
Generating intra-procedural summaries...
Processing callees...
Validating......
Applying path checker with solver...
Constructing solving program...
Solver-aided path checker succeeded...
finish validate
Reporting......
Report generated!

finish report
===================================================
107  /  666 

CWE80_XSS__CWE182_Servlet_database_31 

{'input_token_cost': 2299, 'output_token_cost': 336, 'analysis_result': {'TPs': 1, 'FPs': 0}, 'ground_truth': {'TPs': 1, 'FPs': 1}, 'single time cost': 5.170663595199585} 

===================================================


Start to analyze the case  108 out of  666
/scratch/local/w.nimit/2292/LLMDFA/benchmark/juliet-test-suite-XSS_simplified/CWE80_XSS/s01/CWE80_XSS__CWE182_Servlet_database_41.java
Analyzing......
Preprocessing...
processing finished
start to summarize...
Generating intra-procedural summaries...
Processing callees...
Preprocessing...
processing finished
start to summarize...
Generating intra-procedural summaries...
Processing callees...
Preprocessing...
processing finished
start to summarize...
Generating intra-procedural summaries...
Processing callees...
Preprocessing...
processing finished
start to summarize...
Generating intra-procedural summaries...
Processing callees...
Preprocessing...
processing finished
start to summarize...
Generating intra-procedural summaries...
Processing callees...
Validating......
Applying path checker with solver...
Constructing solving program...
Solver-aided path checker succeeded...
Applying path checker with solver...
Constructing solving program...
Solver-aided path checker succeeded...
finish validate
Reporting......
Report generated!

finish report
===================================================
108  /  666 

CWE80_XSS__CWE182_Servlet_database_41 

{'input_token_cost': 8207, 'output_token_cost': 878, 'analysis_result': {'TPs': 1, 'FPs': 0}, 'ground_truth': {'TPs': 1, 'FPs': 1}, 'single time cost': 13.343547344207764} 

===================================================


Start to analyze the case  109 out of  666
/scratch/local/w.nimit/2292/LLMDFA/benchmark/juliet-test-suite-XSS_simplified/CWE80_XSS/s01/CWE80_XSS__CWE182_Servlet_database_42.java
Analyzing......
Preprocessing...
processing finished
start to summarize...
Generating intra-procedural summaries...
Processing callees...
Preprocessing...
processing finished
start to summarize...
Generating intra-procedural summaries...
Processing callees...
Preprocessing...
processing finished
start to summarize...
Generating intra-procedural summaries...
Processing callees...
Preprocessing...
processing finished
start to summarize...
Generating intra-procedural summaries...
Processing callees...
Preprocessing...
processing finished
start to summarize...
Generating intra-procedural summaries...
Processing callees...
Validating......
Applying path checker with solver...
Constructing solving program...
Solver-aided path checker succeeded...
finish validate
Reporting......
Report generated!

finish report
===================================================
109  /  666 

CWE80_XSS__CWE182_Servlet_database_42 

{'input_token_cost': 9839, 'output_token_cost': 713, 'analysis_result': {'TPs': 1, 'FPs': 0}, 'ground_truth': {'TPs': 1, 'FPs': 1}, 'single time cost': 10.908949375152588} 

===================================================


Start to analyze the case  110 out of  666
/scratch/local/w.nimit/2292/LLMDFA/benchmark/juliet-test-suite-XSS_simplified/CWE80_XSS/s01/CWE80_XSS__CWE182_Servlet_database_45.java
Analyzing......
Preprocessing...
processing finished
start to summarize...
Generating intra-procedural summaries...
Processing callees...
Preprocessing...
processing finished
start to summarize...
Generating intra-procedural summaries...
Processing callees...
Preprocessing...
processing finished
start to summarize...
Generating intra-procedural summaries...
Processing callees...
Preprocessing...
processing finished
start to summarize...
Generating intra-procedural summaries...
Processing callees...
Preprocessing...
processing finished
start to summarize...
Generating intra-procedural summaries...
Processing callees...
Validating......
Applying path checker with solver...
Constructing solving program...
Solver-aided path checker succeeded...
finish validate
Reporting......
Report generated!

finish report
===================================================
110  /  666 

CWE80_XSS__CWE182_Servlet_database_45 

{'input_token_cost': 7721, 'output_token_cost': 900, 'analysis_result': {'TPs': 1, 'FPs': 0}, 'ground_truth': {'TPs': 1, 'FPs': 1}, 'single time cost': 13.533445596694946} 

===================================================


Start to analyze the case  111 out of  666
/scratch/local/w.nimit/2292/LLMDFA/benchmark/juliet-test-suite-XSS_simplified/CWE80_XSS/s01/CWE80_XSS__CWE182_Servlet_getCookies_Servlet_01.java
Analyzing......
Preprocessing...
processing finished
start to summarize...
Generating intra-procedural summaries...
Processing callees...
Preprocessing...
processing finished
start to summarize...
Generating intra-procedural summaries...
Processing callees...
Preprocessing...
processing finished
start to summarize...
Generating intra-procedural summaries...
Processing callees...
Validating......
Applying path checker with solver...
Constructing solving program...
Solver-aided path checker succeeded...
finish validate
Reporting......
Report generated!

finish report
===================================================
111  /  666 

CWE80_XSS__CWE182_Servlet_getCookies_Servlet_01 

{'input_token_cost': 1793, 'output_token_cost': 276, 'analysis_result': {'TPs': 1, 'FPs': 0}, 'ground_truth': {'TPs': 1, 'FPs': 1}, 'single time cost': 4.259125471115112} 

===================================================


Start to analyze the case  112 out of  666
/scratch/local/w.nimit/2292/LLMDFA/benchmark/juliet-test-suite-XSS_simplified/CWE80_XSS/s01/CWE80_XSS__CWE182_Servlet_getCookies_Servlet_02.java
Analyzing......
Preprocessing...
processing finished
start to summarize...
Generating intra-procedural summaries...
Processing callees...
Preprocessing...
processing finished
start to summarize...
Generating intra-procedural summaries...
Processing callees...
Preprocessing...
processing finished
start to summarize...
Generating intra-procedural summaries...
Processing callees...
Preprocessing...
processing finished
start to summarize...
Generating intra-procedural summaries...
Processing callees...
Validating......
Applying path checker with solver...
Constructing solving program...
Solver-aided path checker succeeded...
finish validate
Reporting......
Report generated!

finish report
===================================================
112  /  666 

CWE80_XSS__CWE182_Servlet_getCookies_Servlet_02 

{'input_token_cost': 1841, 'output_token_cost': 275, 'analysis_result': {'TPs': 1, 'FPs': 0}, 'ground_truth': {'TPs': 1, 'FPs': 2}, 'single time cost': 4.2665300369262695} 

===================================================


Start to analyze the case  113 out of  666
/scratch/local/w.nimit/2292/LLMDFA/benchmark/juliet-test-suite-XSS_simplified/CWE80_XSS/s01/CWE80_XSS__CWE182_Servlet_getCookies_Servlet_03.java
Analyzing......
Preprocessing...
processing finished
start to summarize...
Generating intra-procedural summaries...
Processing callees...
Preprocessing...
processing finished
start to summarize...
Generating intra-procedural summaries...
Processing callees...
Preprocessing...
processing finished
start to summarize...
Generating intra-procedural summaries...
Processing callees...
Preprocessing...
processing finished
start to summarize...
Generating intra-procedural summaries...
Processing callees...
Validating......
Applying path checker with solver...
Constructing solving program...
Constructing solving program...
Solver-aided path checker succeeded...
finish validate
Reporting......
Report generated!

finish report
===================================================
113  /  666 

CWE80_XSS__CWE182_Servlet_getCookies_Servlet_03 

{'input_token_cost': 2392, 'output_token_cost': 385, 'analysis_result': {'TPs': 1, 'FPs': 0}, 'ground_truth': {'TPs': 1, 'FPs': 2}, 'single time cost': 6.018274784088135} 

===================================================


Start to analyze the case  114 out of  666
/scratch/local/w.nimit/2292/LLMDFA/benchmark/juliet-test-suite-XSS_simplified/CWE80_XSS/s01/CWE80_XSS__CWE182_Servlet_getCookies_Servlet_04.java
Analyzing......
Preprocessing...
processing finished
start to summarize...
Generating intra-procedural summaries...
Processing callees...
Preprocessing...
processing finished
start to summarize...
Generating intra-procedural summaries...
Processing callees...
Preprocessing...
processing finished
start to summarize...
Generating intra-procedural summaries...
Processing callees...
Preprocessing...
processing finished
start to summarize...
Generating intra-procedural summaries...
Processing callees...
Validating......
Applying path checker with solver...
Constructing solving program...
Constructing solving program...
Solver-aided path checker succeeded...
finish validate
Reporting......
Report generated!

finish report
===================================================
114  /  666 

CWE80_XSS__CWE182_Servlet_getCookies_Servlet_04 

{'input_token_cost': 2522, 'output_token_cost': 459, 'analysis_result': {'TPs': 1, 'FPs': 0}, 'ground_truth': {'TPs': 1, 'FPs': 2}, 'single time cost': 7.103944540023804} 

===================================================


Start to analyze the case  115 out of  666
/scratch/local/w.nimit/2292/LLMDFA/benchmark/juliet-test-suite-XSS_simplified/CWE80_XSS/s01/CWE80_XSS__CWE182_Servlet_getCookies_Servlet_05.java
Analyzing......
Preprocessing...
processing finished
start to summarize...
Generating intra-procedural summaries...
Processing callees...
Preprocessing...
processing finished
start to summarize...
Generating intra-procedural summaries...
Processing callees...
Preprocessing...
processing finished
start to summarize...
Generating intra-procedural summaries...
Processing callees...
Preprocessing...
processing finished
start to summarize...
Generating intra-procedural summaries...
Processing callees...
Validating......
Applying path checker with solver...
Constructing solving program...
Constructing solving program...
Solver-aided path checker succeeded...
finish validate
Reporting......
Report generated!

finish report
===================================================
115  /  666 

CWE80_XSS__CWE182_Servlet_getCookies_Servlet_05 

{'input_token_cost': 2497, 'output_token_cost': 390, 'analysis_result': {'TPs': 1, 'FPs': 0}, 'ground_truth': {'TPs': 1, 'FPs': 2}, 'single time cost': 6.105468273162842} 

===================================================


Start to analyze the case  116 out of  666
/scratch/local/w.nimit/2292/LLMDFA/benchmark/juliet-test-suite-XSS_simplified/CWE80_XSS/s01/CWE80_XSS__CWE182_Servlet_getCookies_Servlet_06.java
Analyzing......
Preprocessing...
processing finished
start to summarize...
Generating intra-procedural summaries...
Processing callees...
Preprocessing...
processing finished
start to summarize...
Generating intra-procedural summaries...
Processing callees...
Preprocessing...
processing finished
start to summarize...
Generating intra-procedural summaries...
Processing callees...
Preprocessing...
processing finished
start to summarize...
Generating intra-procedural summaries...
Processing callees...
Validating......
Applying path checker with solver...
Constructing solving program...
Constructing solving program...
Solver-aided path checker succeeded...
finish validate
Reporting......
Report generated!

finish report
===================================================
116  /  666 

CWE80_XSS__CWE182_Servlet_getCookies_Servlet_06 

{'input_token_cost': 2540, 'output_token_cost': 399, 'analysis_result': {'TPs': 1, 'FPs': 0}, 'ground_truth': {'TPs': 1, 'FPs': 2}, 'single time cost': 6.215944528579712} 

===================================================


Start to analyze the case  117 out of  666
/scratch/local/w.nimit/2292/LLMDFA/benchmark/juliet-test-suite-XSS_simplified/CWE80_XSS/s01/CWE80_XSS__CWE182_Servlet_getCookies_Servlet_07.java
Analyzing......
Preprocessing...
processing finished
start to summarize...
Generating intra-procedural summaries...
Processing callees...
Preprocessing...
processing finished
start to summarize...
Generating intra-procedural summaries...
Processing callees...
Preprocessing...
processing finished
start to summarize...
Generating intra-procedural summaries...
Processing callees...
Preprocessing...
processing finished
start to summarize...
Generating intra-procedural summaries...
Processing callees...
Validating......
Applying path checker with solver...
Constructing solving program...
Constructing solving program...
Solver-aided path checker succeeded...
finish validate
Reporting......
Report generated!

finish report
===================================================
117  /  666 

CWE80_XSS__CWE182_Servlet_getCookies_Servlet_07 

{'input_token_cost': 2510, 'output_token_cost': 380, 'analysis_result': {'TPs': 1, 'FPs': 0}, 'ground_truth': {'TPs': 1, 'FPs': 2}, 'single time cost': 5.931290864944458} 

===================================================


Start to analyze the case  118 out of  666
/scratch/local/w.nimit/2292/LLMDFA/benchmark/juliet-test-suite-XSS_simplified/CWE80_XSS/s01/CWE80_XSS__CWE182_Servlet_getCookies_Servlet_08.java
Analyzing......
Preprocessing...
processing finished
start to summarize...
Generating intra-procedural summaries...
Processing callees...
Preprocessing...
processing finished
start to summarize...
Generating intra-procedural summaries...
Processing callees...
Preprocessing...
processing finished
start to summarize...
Generating intra-procedural summaries...
Processing callees...
Preprocessing...
processing finished
start to summarize...
Generating intra-procedural summaries...
Processing callees...
Preprocessing...
processing finished
start to summarize...
Generating intra-procedural summaries...
Processing callees...
Preprocessing...
processing finished
start to summarize...
Generating intra-procedural summaries...
Processing callees...
start to summarize...
Generating intra-procedural summaries...
Processing callees...
Validating......
Applying path checker with solver...
Constructing solving program...
Constructing solving program...
Solver-aided path checker succeeded...
finish validate
Reporting......
Report generated!

finish report
===================================================
118  /  666 

CWE80_XSS__CWE182_Servlet_getCookies_Servlet_08 

{'input_token_cost': 2389, 'output_token_cost': 414, 'analysis_result': {'TPs': 1, 'FPs': 0}, 'ground_truth': {'TPs': 1, 'FPs': 2}, 'single time cost': 6.420146226882935} 

===================================================


Start to analyze the case  119 out of  666
/scratch/local/w.nimit/2292/LLMDFA/benchmark/juliet-test-suite-XSS_simplified/CWE80_XSS/s01/CWE80_XSS__CWE182_Servlet_getCookies_Servlet_09.java
Analyzing......
Preprocessing...
processing finished
start to summarize...
Generating intra-procedural summaries...
Processing callees...
Preprocessing...
processing finished
start to summarize...
Generating intra-procedural summaries...
Processing callees...
Preprocessing...
processing finished
start to summarize...
Generating intra-procedural summaries...
Processing callees...
Preprocessing...
processing finished
start to summarize...
Generating intra-procedural summaries...
Processing callees...
Validating......
Applying path checker with solver...
Constructing solving program...
Constructing solving program...
Solver-aided path checker succeeded...
finish validate
Reporting......
Report generated!

finish report
===================================================
119  /  666 

CWE80_XSS__CWE182_Servlet_getCookies_Servlet_09 

{'input_token_cost': 2522, 'output_token_cost': 396, 'analysis_result': {'TPs': 1, 'FPs': 0}, 'ground_truth': {'TPs': 1, 'FPs': 2}, 'single time cost': 6.1755452156066895} 

===================================================


Start to analyze the case  120 out of  666
/scratch/local/w.nimit/2292/LLMDFA/benchmark/juliet-test-suite-XSS_simplified/CWE80_XSS/s01/CWE80_XSS__CWE182_Servlet_getCookies_Servlet_10.java
Analyzing......
Preprocessing...
processing finished
start to summarize...
Generating intra-procedural summaries...
Processing callees...
Preprocessing...
processing finished
start to summarize...
Generating intra-procedural summaries...
Processing callees...
Preprocessing...
processing finished
start to summarize...
Generating intra-procedural summaries...
Processing callees...
Preprocessing...
processing finished
start to summarize...
Generating intra-procedural summaries...
Processing callees...
Validating......
Applying path checker with solver...
Constructing solving program...
Constructing solving program...
Solver-aided path checker succeeded...
finish validate
Reporting......
Report generated!

finish report
===================================================
120  /  666 

CWE80_XSS__CWE182_Servlet_getCookies_Servlet_10 

{'input_token_cost': 2507, 'output_token_cost': 408, 'analysis_result': {'TPs': 1, 'FPs': 0}, 'ground_truth': {'TPs': 1, 'FPs': 2}, 'single time cost': 6.349635601043701} 

===================================================


Start to analyze the case  121 out of  666
/scratch/local/w.nimit/2292/LLMDFA/benchmark/juliet-test-suite-XSS_simplified/CWE80_XSS/s01/CWE80_XSS__CWE182_Servlet_getCookies_Servlet_11.java
Analyzing......
Preprocessing...
processing finished
start to summarize...
Generating intra-procedural summaries...
Processing callees...
Preprocessing...
processing finished
start to summarize...
Generating intra-procedural summaries...
Processing callees...
Preprocessing...
processing finished
start to summarize...
Generating intra-procedural summaries...
Processing callees...
Preprocessing...
processing finished
start to summarize...
Generating intra-procedural summaries...
Processing callees...
Validating......
Applying path checker with solver...
Constructing solving program...
Constructing solving program...
Refining solving program...
Solver-aided path checker succeeded...
finish validate
Reporting......
Report generated!

finish report
===================================================
121  /  666 

CWE80_XSS__CWE182_Servlet_getCookies_Servlet_11 

{'input_token_cost': 2714, 'output_token_cost': 641, 'analysis_result': {'TPs': 1, 'FPs': 0}, 'ground_truth': {'TPs': 1, 'FPs': 2}, 'single time cost': 9.853237867355347} 

===================================================


Start to analyze the case  122 out of  666
/scratch/local/w.nimit/2292/LLMDFA/benchmark/juliet-test-suite-XSS_simplified/CWE80_XSS/s01/CWE80_XSS__CWE182_Servlet_getCookies_Servlet_12.java
Analyzing......
Preprocessing...
processing finished
start to summarize...
Generating intra-procedural summaries...
Processing callees...
Preprocessing...
processing finished
start to summarize...
Generating intra-procedural summaries...
Processing callees...
Preprocessing...
processing finished
start to summarize...
Generating intra-procedural summaries...
Processing callees...
Validating......
Applying path checker with solver...
Constructing solving program...
Constructing solving program...
Solver-aided path checker succeeded...
finish validate
Reporting......
Report generated!

finish report
===================================================
122  /  666 

CWE80_XSS__CWE182_Servlet_getCookies_Servlet_12 

{'input_token_cost': 2411, 'output_token_cost': 443, 'analysis_result': {'TPs': 1, 'FPs': 0}, 'ground_truth': {'TPs': 1, 'FPs': 1}, 'single time cost': 6.877619743347168} 

===================================================


Start to analyze the case  123 out of  666
/scratch/local/w.nimit/2292/LLMDFA/benchmark/juliet-test-suite-XSS_simplified/CWE80_XSS/s01/CWE80_XSS__CWE182_Servlet_getCookies_Servlet_13.java
Analyzing......
Preprocessing...
processing finished
start to summarize...
Generating intra-procedural summaries...
Processing callees...
Preprocessing...
processing finished
start to summarize...
Generating intra-procedural summaries...
Processing callees...
Preprocessing...
processing finished
start to summarize...
Generating intra-procedural summaries...
Processing callees...
Preprocessing...
processing finished
start to summarize...
Generating intra-procedural summaries...
Processing callees...
Validating......
Applying path checker with solver...
Constructing solving program...
Constructing solving program...
Solver-aided path checker succeeded...
finish validate
Reporting......
Report generated!

finish report
===================================================
123  /  666 

CWE80_XSS__CWE182_Servlet_getCookies_Servlet_13 

{'input_token_cost': 2540, 'output_token_cost': 400, 'analysis_result': {'TPs': 1, 'FPs': 0}, 'ground_truth': {'TPs': 1, 'FPs': 2}, 'single time cost': 6.232088088989258} 

===================================================


Start to analyze the case  124 out of  666
/scratch/local/w.nimit/2292/LLMDFA/benchmark/juliet-test-suite-XSS_simplified/CWE80_XSS/s01/CWE80_XSS__CWE182_Servlet_getCookies_Servlet_14.java
Analyzing......
Preprocessing...
processing finished
start to summarize...
Generating intra-procedural summaries...
Processing callees...
Preprocessing...
processing finished
start to summarize...
Generating intra-procedural summaries...
Processing callees...
Preprocessing...
processing finished
start to summarize...
Generating intra-procedural summaries...
Processing callees...
Preprocessing...
processing finished
start to summarize...
Generating intra-procedural summaries...
Processing callees...
Validating......
Applying path checker with solver...
Constructing solving program...
Constructing solving program...
Solver-aided path checker succeeded...
finish validate
Reporting......
Report generated!

finish report
===================================================
124  /  666 

CWE80_XSS__CWE182_Servlet_getCookies_Servlet_14 

{'input_token_cost': 2520, 'output_token_cost': 491, 'analysis_result': {'TPs': 1, 'FPs': 0}, 'ground_truth': {'TPs': 1, 'FPs': 2}, 'single time cost': 7.563372611999512} 

===================================================


Start to analyze the case  125 out of  666
/scratch/local/w.nimit/2292/LLMDFA/benchmark/juliet-test-suite-XSS_simplified/CWE80_XSS/s01/CWE80_XSS__CWE182_Servlet_getCookies_Servlet_15.java
Analyzing......
Preprocessing...
processing finished
start to summarize...
Generating intra-procedural summaries...
Processing callees...
Preprocessing...
processing finished
start to summarize...
Generating intra-procedural summaries...
Processing callees...
Preprocessing...
processing finished
start to summarize...
Generating intra-procedural summaries...
Processing callees...
Preprocessing...
processing finished
start to summarize...
Generating intra-procedural summaries...
Processing callees...
Validating......
Applying path checker with solver...
Constructing solving program...
Solver-aided path checker succeeded...
finish validate
Reporting......
Report generated!

finish report
===================================================
125  /  666 

CWE80_XSS__CWE182_Servlet_getCookies_Servlet_15 

{'input_token_cost': 1861, 'output_token_cost': 245, 'analysis_result': {'TPs': 1, 'FPs': 0}, 'ground_truth': {'TPs': 1, 'FPs': 2}, 'single time cost': 3.826319694519043} 

===================================================


Start to analyze the case  126 out of  666
/scratch/local/w.nimit/2292/LLMDFA/benchmark/juliet-test-suite-XSS_simplified/CWE80_XSS/s01/CWE80_XSS__CWE182_Servlet_getCookies_Servlet_16.java
Analyzing......
Preprocessing...
processing finished
start to summarize...
Generating intra-procedural summaries...
Processing callees...
Preprocessing...
processing finished
start to summarize...
Generating intra-procedural summaries...
Processing callees...
Preprocessing...
processing finished
start to summarize...
Generating intra-procedural summaries...
Processing callees...
Validating......
Applying path checker with solver...
Constructing solving program...
Solver-aided path checker succeeded...
finish validate
Reporting......
Report generated!

finish report
===================================================
126  /  666 

CWE80_XSS__CWE182_Servlet_getCookies_Servlet_16 

{'input_token_cost': 1817, 'output_token_cost': 207, 'analysis_result': {'TPs': 1, 'FPs': 0}, 'ground_truth': {'TPs': 1, 'FPs': 1}, 'single time cost': 3.2555556297302246} 

===================================================


Start to analyze the case  127 out of  666
/scratch/local/w.nimit/2292/LLMDFA/benchmark/juliet-test-suite-XSS_simplified/CWE80_XSS/s01/CWE80_XSS__CWE182_Servlet_getCookies_Servlet_17.java
Analyzing......
Preprocessing...
processing finished
start to summarize...
Generating intra-procedural summaries...
Processing callees...
Preprocessing...
processing finished
start to summarize...
Generating intra-procedural summaries...
Processing callees...
Preprocessing...
processing finished
start to summarize...
Generating intra-procedural summaries...
Processing callees...
Validating......
Applying path checker with solver...
Constructing solving program...
Solver-aided path checker succeeded...
finish validate
Reporting......
Report generated!

finish report
===================================================
127  /  666 

CWE80_XSS__CWE182_Servlet_getCookies_Servlet_17 

{'input_token_cost': 1820, 'output_token_cost': 265, 'analysis_result': {'TPs': 1, 'FPs': 0}, 'ground_truth': {'TPs': 1, 'FPs': 1}, 'single time cost': 4.096534252166748} 

===================================================


Start to analyze the case  128 out of  666
/scratch/local/w.nimit/2292/LLMDFA/benchmark/juliet-test-suite-XSS_simplified/CWE80_XSS/s01/CWE80_XSS__CWE182_Servlet_getCookies_Servlet_21.java
Analyzing......
Preprocessing...
processing finished
start to summarize...
Generating intra-procedural summaries...
Processing callees...
Preprocessing...
processing finished
start to summarize...
Generating intra-procedural summaries...
Processing callees...
Preprocessing...
processing finished
start to summarize...
Generating intra-procedural summaries...
Processing callees...
Preprocessing...
processing finished
start to summarize...
Generating intra-procedural summaries...
Processing callees...
Preprocessing...
processing finished
start to summarize...
Generating intra-procedural summaries...
Processing callees...
Preprocessing...
processing finished
start to summarize...
Generating intra-procedural summaries...
Processing callees...
Preprocessing...
processing finished
start to summarize...
Generating intra-procedural summaries...
Processing callees...
Validating......
Applying path checker with solver...
Constructing solving program...
Constructing solving program...
Solver-aided path checker succeeded...
finish validate
Reporting......
Report generated!

finish report
===================================================
128  /  666 

CWE80_XSS__CWE182_Servlet_getCookies_Servlet_21 

{'input_token_cost': 16511, 'output_token_cost': 1574, 'analysis_result': {'TPs': 1, 'FPs': 0}, 'ground_truth': {'TPs': 1, 'FPs': 2}, 'single time cost': 23.822227716445923} 

===================================================


Start to analyze the case  129 out of  666
/scratch/local/w.nimit/2292/LLMDFA/benchmark/juliet-test-suite-XSS_simplified/CWE80_XSS/s01/CWE80_XSS__CWE182_Servlet_getCookies_Servlet_31.java
Analyzing......
Preprocessing...
processing finished
start to summarize...
Generating intra-procedural summaries...
Processing callees...
Preprocessing...
processing finished
start to summarize...
Generating intra-procedural summaries...
Processing callees...
Preprocessing...
processing finished
start to summarize...
Generating intra-procedural summaries...
Processing callees...
Validating......
Applying path checker with solver...
Constructing solving program...
Solver-aided path checker succeeded...
finish validate
Reporting......
Report generated!

finish report
===================================================
129  /  666 

CWE80_XSS__CWE182_Servlet_getCookies_Servlet_31 

{'input_token_cost': 1853, 'output_token_cost': 205, 'analysis_result': {'TPs': 1, 'FPs': 0}, 'ground_truth': {'TPs': 1, 'FPs': 1}, 'single time cost': 3.1962218284606934} 

===================================================


Start to analyze the case  130 out of  666
/scratch/local/w.nimit/2292/LLMDFA/benchmark/juliet-test-suite-XSS_simplified/CWE80_XSS/s01/CWE80_XSS__CWE182_Servlet_getCookies_Servlet_41.java
Analyzing......
Preprocessing...
processing finished
start to summarize...
Generating intra-procedural summaries...
Processing callees...
Preprocessing...
processing finished
start to summarize...
Generating intra-procedural summaries...
Processing callees...
Preprocessing...
processing finished
start to summarize...
Generating intra-procedural summaries...
Processing callees...
Preprocessing...
processing finished
start to summarize...
Generating intra-procedural summaries...
Processing callees...
Preprocessing...
processing finished
start to summarize...
Generating intra-procedural summaries...
Processing callees...
Validating......
Applying path checker with solver...
Constructing solving program...
Solver-aided path checker succeeded...
finish validate
Reporting......
Report generated!

finish report
===================================================
130  /  666 

CWE80_XSS__CWE182_Servlet_getCookies_Servlet_41 

{'input_token_cost': 6322, 'output_token_cost': 800, 'analysis_result': {'TPs': 1, 'FPs': 0}, 'ground_truth': {'TPs': 1, 'FPs': 1}, 'single time cost': 12.032288312911987} 

===================================================


Start to analyze the case  131 out of  666
/scratch/local/w.nimit/2292/LLMDFA/benchmark/juliet-test-suite-XSS_simplified/CWE80_XSS/s01/CWE80_XSS__CWE182_Servlet_getCookies_Servlet_42.java
Analyzing......
Preprocessing...
processing finished
start to summarize...
Generating intra-procedural summaries...
Processing callees...
Preprocessing...
processing finished
start to summarize...
Generating intra-procedural summaries...
Processing callees...
Preprocessing...
processing finished
start to summarize...
Generating intra-procedural summaries...
Processing callees...
Preprocessing...
processing finished
start to summarize...
Generating intra-procedural summaries...
Processing callees...
Preprocessing...
processing finished
start to summarize...
Generating intra-procedural summaries...
Processing callees...
Validating......
Applying path checker with solver...
Constructing solving program...
Solver-aided path checker succeeded...
finish validate
Reporting......
Report generated!

finish report
===================================================
131  /  666 

CWE80_XSS__CWE182_Servlet_getCookies_Servlet_42 

{'input_token_cost': 8492, 'output_token_cost': 710, 'analysis_result': {'TPs': 1, 'FPs': 0}, 'ground_truth': {'TPs': 1, 'FPs': 1}, 'single time cost': 10.728766918182373} 

===================================================


Start to analyze the case  132 out of  666
/scratch/local/w.nimit/2292/LLMDFA/benchmark/juliet-test-suite-XSS_simplified/CWE80_XSS/s01/CWE80_XSS__CWE182_Servlet_getCookies_Servlet_45.java
Analyzing......
Preprocessing...
processing finished
start to summarize...
Generating intra-procedural summaries...
Processing callees...
Preprocessing...
processing finished
start to summarize...
Generating intra-procedural summaries...
Processing callees...
Preprocessing...
processing finished
start to summarize...
Generating intra-procedural summaries...
Processing callees...
Preprocessing...
processing finished
start to summarize...
Generating intra-procedural summaries...
Processing callees...
Preprocessing...
processing finished
start to summarize...
Generating intra-procedural summaries...
Processing callees...
Validating......
Applying path checker with solver...
Constructing solving program...
Solver-aided path checker succeeded...
finish validate
Reporting......
Report generated!

finish report
===================================================
132  /  666 

CWE80_XSS__CWE182_Servlet_getCookies_Servlet_45 

{'input_token_cost': 6380, 'output_token_cost': 796, 'analysis_result': {'TPs': 1, 'FPs': 0}, 'ground_truth': {'TPs': 1, 'FPs': 1}, 'single time cost': 11.972251176834106} 

===================================================


Start to analyze the case  133 out of  666
/scratch/local/w.nimit/2292/LLMDFA/benchmark/juliet-test-suite-XSS_simplified/CWE80_XSS/s01/CWE80_XSS__CWE182_Servlet_listen_tcp_01.java
Analyzing......
Preprocessing...
processing finished
start to summarize...
Generating intra-procedural summaries...
Processing callees...
Preprocessing...
processing finished
start to summarize...
Generating intra-procedural summaries...
Processing callees...
Preprocessing...
processing finished
start to summarize...
Generating intra-procedural summaries...
Processing callees...
Validating......
Applying path checker with solver...
Constructing solving program...
Solver-aided path checker succeeded...
finish validate
Reporting......
Report generated!

finish report
===================================================
133  /  666 

CWE80_XSS__CWE182_Servlet_listen_tcp_01 

{'input_token_cost': 2381, 'output_token_cost': 379, 'analysis_result': {'TPs': 1, 'FPs': 0}, 'ground_truth': {'TPs': 1, 'FPs': 1}, 'single time cost': 5.850125551223755} 

===================================================


Start to analyze the case  134 out of  666
/scratch/local/w.nimit/2292/LLMDFA/benchmark/juliet-test-suite-XSS_simplified/CWE80_XSS/s01/CWE80_XSS__CWE182_Servlet_getParameter_Servlet_01.java
Analyzing......
Preprocessing...
processing finished
start to summarize...
Generating intra-procedural summaries...
Processing callees...
Preprocessing...
processing finished
start to summarize...
Generating intra-procedural summaries...
Processing callees...
Preprocessing...
processing finished
start to summarize...
Generating intra-procedural summaries...
Processing callees...
Validating......
Applying path checker with solver...
Constructing solving program...
Solver-aided path checker succeeded...
finish validate
Reporting......
Report generated!

finish report
===================================================
134  /  666 

CWE80_XSS__CWE182_Servlet_getParameter_Servlet_01 

{'input_token_cost': 1717, 'output_token_cost': 212, 'analysis_result': {'TPs': 1, 'FPs': 0}, 'ground_truth': {'TPs': 1, 'FPs': 1}, 'single time cost': 3.281674861907959} 

===================================================


Start to analyze the case  135 out of  666
/scratch/local/w.nimit/2292/LLMDFA/benchmark/juliet-test-suite-XSS_simplified/CWE80_XSS/s01/CWE80_XSS__CWE182_Servlet_getParameter_Servlet_02.java
Analyzing......
Preprocessing...
processing finished
start to summarize...
Generating intra-procedural summaries...
Processing callees...
Preprocessing...
processing finished
start to summarize...
Generating intra-procedural summaries...
Processing callees...
Preprocessing...
processing finished
start to summarize...
Generating intra-procedural summaries...
Processing callees...
Preprocessing...
processing finished
start to summarize...
Generating intra-procedural summaries...
Processing callees...
Validating......
Applying path checker with solver...
Constructing solving program...
Solver-aided path checker succeeded...
finish validate
Reporting......
Report generated!

finish report
===================================================
135  /  666 

CWE80_XSS__CWE182_Servlet_getParameter_Servlet_02 

{'input_token_cost': 1771, 'output_token_cost': 216, 'analysis_result': {'TPs': 1, 'FPs': 0}, 'ground_truth': {'TPs': 1, 'FPs': 2}, 'single time cost': 3.3758280277252197} 

===================================================


Start to analyze the case  136 out of  666
/scratch/local/w.nimit/2292/LLMDFA/benchmark/juliet-test-suite-XSS_simplified/CWE80_XSS/s01/CWE80_XSS__CWE182_Servlet_getParameter_Servlet_03.java
Analyzing......
Preprocessing...
processing finished
start to summarize...
Generating intra-procedural summaries...
Processing callees...
Preprocessing...
processing finished
start to summarize...
Generating intra-procedural summaries...
Processing callees...
Preprocessing...
processing finished
start to summarize...
Generating intra-procedural summaries...
Processing callees...
Preprocessing...
processing finished
start to summarize...
Generating intra-procedural summaries...
Processing callees...
Validating......
Applying path checker with solver...
Constructing solving program...
Constructing solving program...
Solver-aided path checker succeeded...
finish validate
Reporting......
Report generated!

finish report
===================================================
136  /  666 

CWE80_XSS__CWE182_Servlet_getParameter_Servlet_03 

{'input_token_cost': 2322, 'output_token_cost': 366, 'analysis_result': {'TPs': 1, 'FPs': 0}, 'ground_truth': {'TPs': 1, 'FPs': 2}, 'single time cost': 5.704231262207031} 

===================================================


Start to analyze the case  137 out of  666
/scratch/local/w.nimit/2292/LLMDFA/benchmark/juliet-test-suite-XSS_simplified/CWE80_XSS/s01/CWE80_XSS__CWE182_Servlet_getParameter_Servlet_04.java
Analyzing......
Preprocessing...
processing finished
start to summarize...
Generating intra-procedural summaries...
Processing callees...
Preprocessing...
processing finished
start to summarize...
Generating intra-procedural summaries...
Processing callees...
Preprocessing...
processing finished
start to summarize...
Generating intra-procedural summaries...
Processing callees...
Preprocessing...
processing finished
start to summarize...
Generating intra-procedural summaries...
Processing callees...
Validating......
Applying path checker with solver...
Constructing solving program...
Constructing solving program...
Solver-aided path checker succeeded...
finish validate
Reporting......
Report generated!

finish report
===================================================
137  /  666 

CWE80_XSS__CWE182_Servlet_getParameter_Servlet_04 

{'input_token_cost': 2452, 'output_token_cost': 428, 'analysis_result': {'TPs': 1, 'FPs': 0}, 'ground_truth': {'TPs': 1, 'FPs': 2}, 'single time cost': 6.626639127731323} 

===================================================


Start to analyze the case  138 out of  666
/scratch/local/w.nimit/2292/LLMDFA/benchmark/juliet-test-suite-XSS_simplified/CWE80_XSS/s01/CWE80_XSS__CWE182_Servlet_getParameter_Servlet_05.java
Analyzing......
Preprocessing...
processing finished
start to summarize...
Generating intra-procedural summaries...
Processing callees...
Preprocessing...
processing finished
start to summarize...
Generating intra-procedural summaries...
Processing callees...
Preprocessing...
processing finished
start to summarize...
Generating intra-procedural summaries...
Processing callees...
Preprocessing...
processing finished
start to summarize...
Generating intra-procedural summaries...
Processing callees...
Validating......
Applying path checker with solver...
Constructing solving program...
Constructing solving program...
Solver-aided path checker succeeded...
finish validate
Reporting......
Report generated!

finish report
===================================================
138  /  666 

CWE80_XSS__CWE182_Servlet_getParameter_Servlet_05 

{'input_token_cost': 2427, 'output_token_cost': 355, 'analysis_result': {'TPs': 1, 'FPs': 0}, 'ground_truth': {'TPs': 1, 'FPs': 2}, 'single time cost': 5.579940319061279} 

===================================================


Start to analyze the case  139 out of  666
/scratch/local/w.nimit/2292/LLMDFA/benchmark/juliet-test-suite-XSS_simplified/CWE80_XSS/s01/CWE80_XSS__CWE182_Servlet_getParameter_Servlet_06.java
Analyzing......
Preprocessing...
processing finished
start to summarize...
Generating intra-procedural summaries...
Processing callees...
Preprocessing...
processing finished
start to summarize...
Generating intra-procedural summaries...
Processing callees...
Preprocessing...
processing finished
start to summarize...
Generating intra-procedural summaries...
Processing callees...
Preprocessing...
processing finished
start to summarize...
Generating intra-procedural summaries...
Processing callees...
Validating......
Applying path checker with solver...
Constructing solving program...
Constructing solving program...
Solver-aided path checker succeeded...
finish validate
Reporting......
Report generated!

finish report
===================================================
139  /  666 

CWE80_XSS__CWE182_Servlet_getParameter_Servlet_06 

{'input_token_cost': 2470, 'output_token_cost': 390, 'analysis_result': {'TPs': 1, 'FPs': 0}, 'ground_truth': {'TPs': 1, 'FPs': 2}, 'single time cost': 6.091834783554077} 

===================================================


Start to analyze the case  140 out of  666
/scratch/local/w.nimit/2292/LLMDFA/benchmark/juliet-test-suite-XSS_simplified/CWE80_XSS/s01/CWE80_XSS__CWE182_Servlet_getParameter_Servlet_07.java
Analyzing......
Preprocessing...
processing finished
start to summarize...
Generating intra-procedural summaries...
Processing callees...
Preprocessing...
processing finished
start to summarize...
Generating intra-procedural summaries...
Processing callees...
Preprocessing...
processing finished
start to summarize...
Generating intra-procedural summaries...
Processing callees...
Preprocessing...
processing finished
start to summarize...
Generating intra-procedural summaries...
Processing callees...
Validating......
Applying path checker with solver...
Constructing solving program...
Constructing solving program...
Solver-aided path checker succeeded...
finish validate
Reporting......
Report generated!

finish report
===================================================
140  /  666 

CWE80_XSS__CWE182_Servlet_getParameter_Servlet_07 

{'input_token_cost': 2440, 'output_token_cost': 356, 'analysis_result': {'TPs': 1, 'FPs': 0}, 'ground_truth': {'TPs': 1, 'FPs': 2}, 'single time cost': 5.5768232345581055} 

===================================================


Start to analyze the case  141 out of  666
/scratch/local/w.nimit/2292/LLMDFA/benchmark/juliet-test-suite-XSS_simplified/CWE80_XSS/s01/CWE80_XSS__CWE182_Servlet_getParameter_Servlet_08.java
Analyzing......
Preprocessing...
processing finished
start to summarize...
Generating intra-procedural summaries...
Processing callees...
Preprocessing...
processing finished
start to summarize...
Generating intra-procedural summaries...
Processing callees...
Preprocessing...
processing finished
start to summarize...
Generating intra-procedural summaries...
Processing callees...
Preprocessing...
processing finished
start to summarize...
Generating intra-procedural summaries...
Processing callees...
Preprocessing...
processing finished
start to summarize...
Generating intra-procedural summaries...
Processing callees...
Preprocessing...
processing finished
start to summarize...
Generating intra-procedural summaries...
Processing callees...
start to summarize...
Generating intra-procedural summaries...
Processing callees...
Validating......
Applying path checker with solver...
Constructing solving program...
Constructing solving program...
Solver-aided path checker succeeded...
finish validate
Reporting......
Report generated!

finish report
===================================================
141  /  666 

CWE80_XSS__CWE182_Servlet_getParameter_Servlet_08 

{'input_token_cost': 2319, 'output_token_cost': 361, 'analysis_result': {'TPs': 1, 'FPs': 0}, 'ground_truth': {'TPs': 1, 'FPs': 2}, 'single time cost': 5.626345634460449} 

===================================================


Start to analyze the case  142 out of  666
/scratch/local/w.nimit/2292/LLMDFA/benchmark/juliet-test-suite-XSS_simplified/CWE80_XSS/s01/CWE80_XSS__CWE182_Servlet_getParameter_Servlet_09.java
Analyzing......
Preprocessing...
processing finished
start to summarize...
Generating intra-procedural summaries...
Processing callees...
Preprocessing...
processing finished
start to summarize...
Generating intra-procedural summaries...
Processing callees...
Preprocessing...
processing finished
start to summarize...
Generating intra-procedural summaries...
Processing callees...
Preprocessing...
processing finished
start to summarize...
Generating intra-procedural summaries...
Processing callees...
Validating......
Applying path checker with solver...
Constructing solving program...
Constructing solving program...
Solver-aided path checker succeeded...
finish validate
Reporting......
Report generated!

finish report
===================================================
142  /  666 

CWE80_XSS__CWE182_Servlet_getParameter_Servlet_09 

{'input_token_cost': 2452, 'output_token_cost': 420, 'analysis_result': {'TPs': 1, 'FPs': 0}, 'ground_truth': {'TPs': 1, 'FPs': 2}, 'single time cost': 6.517624855041504} 

===================================================


Start to analyze the case  143 out of  666
/scratch/local/w.nimit/2292/LLMDFA/benchmark/juliet-test-suite-XSS_simplified/CWE80_XSS/s01/CWE80_XSS__CWE182_Servlet_getParameter_Servlet_10.java
Analyzing......
Preprocessing...
processing finished
start to summarize...
Generating intra-procedural summaries...
Processing callees...
Preprocessing...
processing finished
start to summarize...
Generating intra-procedural summaries...
Processing callees...
Preprocessing...
processing finished
start to summarize...
Generating intra-procedural summaries...
Processing callees...
Preprocessing...
processing finished
start to summarize...
Generating intra-procedural summaries...
Processing callees...
Validating......
Applying path checker with solver...
Constructing solving program...
Constructing solving program...
Solver-aided path checker succeeded...
finish validate
Reporting......
Report generated!

finish report
===================================================
143  /  666 

CWE80_XSS__CWE182_Servlet_getParameter_Servlet_10 

{'input_token_cost': 2437, 'output_token_cost': 387, 'analysis_result': {'TPs': 1, 'FPs': 0}, 'ground_truth': {'TPs': 1, 'FPs': 2}, 'single time cost': 6.038623571395874} 

===================================================


Start to analyze the case  144 out of  666
/scratch/local/w.nimit/2292/LLMDFA/benchmark/juliet-test-suite-XSS_simplified/CWE80_XSS/s01/CWE80_XSS__CWE182_Servlet_getParameter_Servlet_11.java
Analyzing......
Preprocessing...
processing finished
start to summarize...
Generating intra-procedural summaries...
Processing callees...
Preprocessing...
processing finished
start to summarize...
Generating intra-procedural summaries...
Processing callees...
Preprocessing...
processing finished
start to summarize...
Generating intra-procedural summaries...
Processing callees...
Preprocessing...
processing finished
start to summarize...
Generating intra-procedural summaries...
Processing callees...
Validating......
Applying path checker with solver...
Constructing solving program...
Constructing solving program...
Refining solving program...
Solver-aided path checker succeeded...
finish validate
Reporting......
Report generated!

finish report
===================================================
144  /  666 

CWE80_XSS__CWE182_Servlet_getParameter_Servlet_11 

{'input_token_cost': 2644, 'output_token_cost': 653, 'analysis_result': {'TPs': 1, 'FPs': 0}, 'ground_truth': {'TPs': 1, 'FPs': 2}, 'single time cost': 10.018577337265015} 

===================================================


Start to analyze the case  145 out of  666
/scratch/local/w.nimit/2292/LLMDFA/benchmark/juliet-test-suite-XSS_simplified/CWE80_XSS/s01/CWE80_XSS__CWE182_Servlet_getParameter_Servlet_12.java
Analyzing......
Preprocessing...
processing finished
start to summarize...
Generating intra-procedural summaries...
Processing callees...
Preprocessing...
processing finished
start to summarize...
Generating intra-procedural summaries...
Processing callees...
Preprocessing...
processing finished
start to summarize...
Generating intra-procedural summaries...
Processing callees...
Validating......
Applying path checker with solver...
Constructing solving program...
Constructing solving program...
Solver-aided path checker succeeded...
finish validate
Reporting......
Report generated!

finish report
===================================================
145  /  666 

CWE80_XSS__CWE182_Servlet_getParameter_Servlet_12 

{'input_token_cost': 2341, 'output_token_cost': 369, 'analysis_result': {'TPs': 1, 'FPs': 0}, 'ground_truth': {'TPs': 1, 'FPs': 1}, 'single time cost': 5.770292520523071} 

===================================================


Start to analyze the case  146 out of  666
/scratch/local/w.nimit/2292/LLMDFA/benchmark/juliet-test-suite-XSS_simplified/CWE80_XSS/s01/CWE80_XSS__CWE182_Servlet_getParameter_Servlet_13.java
Analyzing......
Preprocessing...
processing finished
start to summarize...
Generating intra-procedural summaries...
Processing callees...
Preprocessing...
processing finished
start to summarize...
Generating intra-procedural summaries...
Processing callees...
Preprocessing...
processing finished
start to summarize...
Generating intra-procedural summaries...
Processing callees...
Preprocessing...
processing finished
start to summarize...
Generating intra-procedural summaries...
Processing callees...
Validating......
Applying path checker with solver...
Constructing solving program...
Constructing solving program...
Solver-aided path checker succeeded...
finish validate
Reporting......
Report generated!

finish report
===================================================
146  /  666 

CWE80_XSS__CWE182_Servlet_getParameter_Servlet_13 

{'input_token_cost': 2470, 'output_token_cost': 429, 'analysis_result': {'TPs': 1, 'FPs': 0}, 'ground_truth': {'TPs': 1, 'FPs': 2}, 'single time cost': 6.668307304382324} 

===================================================


Start to analyze the case  147 out of  666
/scratch/local/w.nimit/2292/LLMDFA/benchmark/juliet-test-suite-XSS_simplified/CWE80_XSS/s01/CWE80_XSS__CWE182_Servlet_getParameter_Servlet_14.java
Analyzing......
Preprocessing...
processing finished
start to summarize...
Generating intra-procedural summaries...
Processing callees...
Preprocessing...
processing finished
start to summarize...
Generating intra-procedural summaries...
Processing callees...
Preprocessing...
processing finished
start to summarize...
Generating intra-procedural summaries...
Processing callees...
Preprocessing...
processing finished
start to summarize...
Generating intra-procedural summaries...
Processing callees...
Validating......
Applying path checker with solver...
Constructing solving program...
Constructing solving program...
Solver-aided path checker succeeded...
finish validate
Reporting......
Report generated!

finish report
===================================================
147  /  666 

CWE80_XSS__CWE182_Servlet_getParameter_Servlet_14 

{'input_token_cost': 2450, 'output_token_cost': 463, 'analysis_result': {'TPs': 1, 'FPs': 0}, 'ground_truth': {'TPs': 1, 'FPs': 2}, 'single time cost': 7.1417694091796875} 

===================================================


Start to analyze the case  148 out of  666
/scratch/local/w.nimit/2292/LLMDFA/benchmark/juliet-test-suite-XSS_simplified/CWE80_XSS/s01/CWE80_XSS__CWE182_Servlet_getParameter_Servlet_15.java
Analyzing......
Preprocessing...
processing finished
start to summarize...
Generating intra-procedural summaries...
Processing callees...
Preprocessing...
processing finished
start to summarize...
Generating intra-procedural summaries...
Processing callees...
Preprocessing...
processing finished
start to summarize...
Generating intra-procedural summaries...
Processing callees...
Preprocessing...
processing finished
start to summarize...
Generating intra-procedural summaries...
Processing callees...
Validating......
Applying path checker with solver...
Constructing solving program...
Solver-aided path checker succeeded...
finish validate
Reporting......
Report generated!

finish report
===================================================
148  /  666 

CWE80_XSS__CWE182_Servlet_getParameter_Servlet_15 

{'input_token_cost': 1790, 'output_token_cost': 281, 'analysis_result': {'TPs': 1, 'FPs': 0}, 'ground_truth': {'TPs': 1, 'FPs': 2}, 'single time cost': 4.334984302520752} 

===================================================


Start to analyze the case  149 out of  666
/scratch/local/w.nimit/2292/LLMDFA/benchmark/juliet-test-suite-XSS_simplified/CWE80_XSS/s01/CWE80_XSS__CWE182_Servlet_getParameter_Servlet_16.java
Analyzing......
Preprocessing...
processing finished
start to summarize...
Generating intra-procedural summaries...
Processing callees...
Preprocessing...
processing finished
start to summarize...
Generating intra-procedural summaries...
Processing callees...
Preprocessing...
processing finished
start to summarize...
Generating intra-procedural summaries...
Processing callees...
Validating......
Applying path checker with solver...
Constructing solving program...
Solver-aided path checker succeeded...
finish validate
Reporting......
Report generated!

finish report
===================================================
149  /  666 

CWE80_XSS__CWE182_Servlet_getParameter_Servlet_16 

{'input_token_cost': 1746, 'output_token_cost': 259, 'analysis_result': {'TPs': 1, 'FPs': 0}, 'ground_truth': {'TPs': 1, 'FPs': 1}, 'single time cost': 4.01419997215271} 

===================================================


Start to analyze the case  150 out of  666
/scratch/local/w.nimit/2292/LLMDFA/benchmark/juliet-test-suite-XSS_simplified/CWE80_XSS/s01/CWE80_XSS__CWE182_Servlet_getParameter_Servlet_17.java
Analyzing......
Preprocessing...
processing finished
start to summarize...
Generating intra-procedural summaries...
Processing callees...
Preprocessing...
processing finished
start to summarize...
Generating intra-procedural summaries...
Processing callees...
Preprocessing...
processing finished
start to summarize...
Generating intra-procedural summaries...
Processing callees...
Validating......
Applying path checker with solver...
Constructing solving program...
Solver-aided path checker succeeded...
finish validate
Reporting......
Report generated!

finish report
===================================================
150  /  666 

CWE80_XSS__CWE182_Servlet_getParameter_Servlet_17 

{'input_token_cost': 1745, 'output_token_cost': 273, 'analysis_result': {'TPs': 1, 'FPs': 0}, 'ground_truth': {'TPs': 1, 'FPs': 1}, 'single time cost': 4.208477973937988} 

===================================================


Start to analyze the case  151 out of  666
/scratch/local/w.nimit/2292/LLMDFA/benchmark/juliet-test-suite-XSS_simplified/CWE80_XSS/s01/CWE80_XSS__CWE182_Servlet_getParameter_Servlet_21.java
Analyzing......
Preprocessing...
processing finished
start to summarize...
Generating intra-procedural summaries...
Processing callees...
Preprocessing...
processing finished
start to summarize...
Generating intra-procedural summaries...
Processing callees...
Preprocessing...
processing finished
start to summarize...
Generating intra-procedural summaries...
Processing callees...
Preprocessing...
processing finished
start to summarize...
Generating intra-procedural summaries...
Processing callees...
Preprocessing...
processing finished
start to summarize...
Generating intra-procedural summaries...
Processing callees...
Preprocessing...
processing finished
start to summarize...
Generating intra-procedural summaries...
Processing callees...
Preprocessing...
processing finished
start to summarize...
Generating intra-procedural summaries...
Processing callees...
Validating......
Applying path checker with solver...
Constructing solving program...
Constructing solving program...
Solver-aided path checker succeeded...
finish validate
Reporting......
Report generated!

finish report
===================================================
151  /  666 

CWE80_XSS__CWE182_Servlet_getParameter_Servlet_21 

{'input_token_cost': 16305, 'output_token_cost': 1607, 'analysis_result': {'TPs': 1, 'FPs': 0}, 'ground_truth': {'TPs': 1, 'FPs': 2}, 'single time cost': 24.25513482093811} 

===================================================


Start to analyze the case  152 out of  666
/scratch/local/w.nimit/2292/LLMDFA/benchmark/juliet-test-suite-XSS_simplified/CWE80_XSS/s01/CWE80_XSS__CWE182_Servlet_getParameter_Servlet_31.java
Analyzing......
Preprocessing...
processing finished
start to summarize...
Generating intra-procedural summaries...
Processing callees...
Preprocessing...
processing finished
start to summarize...
Generating intra-procedural summaries...
Processing callees...
Preprocessing...
processing finished
start to summarize...
Generating intra-procedural summaries...
Processing callees...
Validating......
finish validate
Reporting......
Report generated!

finish report
===================================================
152  /  666 

CWE80_XSS__CWE182_Servlet_getParameter_Servlet_31 

{'input_token_cost': 1230, 'output_token_cost': 300, 'analysis_result': {'TPs': 0, 'FPs': 0}, 'ground_truth': {'TPs': 1, 'FPs': 1}, 'single time cost': 4.446564197540283} 

===================================================


Start to analyze the case  153 out of  666
/scratch/local/w.nimit/2292/LLMDFA/benchmark/juliet-test-suite-XSS_simplified/CWE80_XSS/s01/CWE80_XSS__CWE182_Servlet_getParameter_Servlet_41.java
Analyzing......
Preprocessing...
processing finished
start to summarize...
Generating intra-procedural summaries...
Processing callees...
Preprocessing...
processing finished
start to summarize...
Generating intra-procedural summaries...
Processing callees...
Preprocessing...
processing finished
start to summarize...
Generating intra-procedural summaries...
Processing callees...
Preprocessing...
processing finished
start to summarize...
Generating intra-procedural summaries...
Processing callees...
Preprocessing...
processing finished
start to summarize...
Generating intra-procedural summaries...
Processing callees...
Validating......
Applying path checker with solver...
Constructing solving program...
Solver-aided path checker succeeded...
finish validate
Reporting......
Report generated!

finish report
===================================================
153  /  666 

CWE80_XSS__CWE182_Servlet_getParameter_Servlet_41 

{'input_token_cost': 7238, 'output_token_cost': 662, 'analysis_result': {'TPs': 1, 'FPs': 0}, 'ground_truth': {'TPs': 1, 'FPs': 1}, 'single time cost': 10.023901462554932} 

===================================================


Start to analyze the case  154 out of  666
/scratch/local/w.nimit/2292/LLMDFA/benchmark/juliet-test-suite-XSS_simplified/CWE80_XSS/s01/CWE80_XSS__CWE182_Servlet_getParameter_Servlet_42.java
Analyzing......
Preprocessing...
processing finished
start to summarize...
Generating intra-procedural summaries...
Processing callees...
Preprocessing...
processing finished
start to summarize...
Generating intra-procedural summaries...
Processing callees...
Preprocessing...
processing finished
start to summarize...
Generating intra-procedural summaries...
Processing callees...
Preprocessing...
processing finished
start to summarize...
Generating intra-procedural summaries...
Processing callees...
Preprocessing...
processing finished
start to summarize...
Generating intra-procedural summaries...
Processing callees...
Validating......
Applying path checker with solver...
Constructing solving program...
Solver-aided path checker succeeded...
finish validate
Reporting......
Report generated!

finish report
===================================================
154  /  666 

CWE80_XSS__CWE182_Servlet_getParameter_Servlet_42 

{'input_token_cost': 8273, 'output_token_cost': 645, 'analysis_result': {'TPs': 1, 'FPs': 0}, 'ground_truth': {'TPs': 1, 'FPs': 1}, 'single time cost': 9.81587815284729} 

===================================================


Start to analyze the case  155 out of  666
/scratch/local/w.nimit/2292/LLMDFA/benchmark/juliet-test-suite-XSS_simplified/CWE80_XSS/s01/CWE80_XSS__CWE182_Servlet_getParameter_Servlet_45.java
Analyzing......
Preprocessing...
processing finished
start to summarize...
Generating intra-procedural summaries...
Processing callees...
Preprocessing...
processing finished
start to summarize...
Generating intra-procedural summaries...
Processing callees...
Preprocessing...
processing finished
start to summarize...
Generating intra-procedural summaries...
Processing callees...
Preprocessing...
processing finished
start to summarize...
Generating intra-procedural summaries...
Processing callees...
Preprocessing...
processing finished
start to summarize...
Generating intra-procedural summaries...
Processing callees...
Validating......
Applying path checker with solver...
Constructing solving program...
Solver-aided path checker succeeded...
finish validate
Reporting......
Report generated!

finish report
===================================================
155  /  666 

CWE80_XSS__CWE182_Servlet_getParameter_Servlet_45 

{'input_token_cost': 7303, 'output_token_cost': 744, 'analysis_result': {'TPs': 1, 'FPs': 0}, 'ground_truth': {'TPs': 1, 'FPs': 1}, 'single time cost': 11.210481405258179} 

===================================================


Start to analyze the case  156 out of  666
/scratch/local/w.nimit/2292/LLMDFA/benchmark/juliet-test-suite-XSS_simplified/CWE80_XSS/s01/CWE80_XSS__CWE182_Servlet_getQueryString_Servlet_01.java
Analyzing......
Preprocessing...
processing finished
start to summarize...
Generating intra-procedural summaries...
Processing callees...
Preprocessing...
processing finished
start to summarize...
Generating intra-procedural summaries...
Processing callees...
Preprocessing...
processing finished
start to summarize...
Generating intra-procedural summaries...
Processing callees...
Validating......
Applying path checker with solver...
Constructing solving program...
Solver-aided path checker succeeded...
finish validate
Reporting......
Report generated!

finish report
===================================================
156  /  666 

CWE80_XSS__CWE182_Servlet_getQueryString_Servlet_01 

{'input_token_cost': 1838, 'output_token_cost': 248, 'analysis_result': {'TPs': 1, 'FPs': 0}, 'ground_truth': {'TPs': 1, 'FPs': 1}, 'single time cost': 3.856699228286743} 

===================================================


Start to analyze the case  157 out of  666
/scratch/local/w.nimit/2292/LLMDFA/benchmark/juliet-test-suite-XSS_simplified/CWE80_XSS/s01/CWE80_XSS__CWE182_Servlet_getQueryString_Servlet_02.java
Analyzing......
Preprocessing...
processing finished
start to summarize...
Generating intra-procedural summaries...
Processing callees...
Preprocessing...
processing finished
start to summarize...
Generating intra-procedural summaries...
Processing callees...
Preprocessing...
processing finished
start to summarize...
Generating intra-procedural summaries...
Processing callees...
Preprocessing...
processing finished
start to summarize...
Generating intra-procedural summaries...
Processing callees...
Validating......
Applying path checker with solver...
Constructing solving program...
Solver-aided path checker succeeded...
finish validate
Reporting......
Report generated!

finish report
===================================================
157  /  666 

CWE80_XSS__CWE182_Servlet_getQueryString_Servlet_02 

{'input_token_cost': 1886, 'output_token_cost': 278, 'analysis_result': {'TPs': 1, 'FPs': 0}, 'ground_truth': {'TPs': 1, 'FPs': 2}, 'single time cost': 4.3109450340271} 

===================================================


Start to analyze the case  158 out of  666
/scratch/local/w.nimit/2292/LLMDFA/benchmark/juliet-test-suite-XSS_simplified/CWE80_XSS/s01/CWE80_XSS__CWE182_Servlet_getQueryString_Servlet_03.java
Analyzing......
Preprocessing...
processing finished
start to summarize...
Generating intra-procedural summaries...
Processing callees...
Preprocessing...
processing finished
start to summarize...
Generating intra-procedural summaries...
Processing callees...
Preprocessing...
processing finished
start to summarize...
Generating intra-procedural summaries...
Processing callees...
Preprocessing...
processing finished
start to summarize...
Generating intra-procedural summaries...
Processing callees...
Validating......
finish validate
Reporting......
Report generated!

finish report
===================================================
158  /  666 

CWE80_XSS__CWE182_Servlet_getQueryString_Servlet_03 

{'input_token_cost': 1342, 'output_token_cost': 246, 'analysis_result': {'TPs': 0, 'FPs': 0}, 'ground_truth': {'TPs': 1, 'FPs': 2}, 'single time cost': 3.668527603149414} 

===================================================


Start to analyze the case  159 out of  666
/scratch/local/w.nimit/2292/LLMDFA/benchmark/juliet-test-suite-XSS_simplified/CWE80_XSS/s01/CWE80_XSS__CWE182_Servlet_getQueryString_Servlet_04.java
Analyzing......
Preprocessing...
processing finished
start to summarize...
Generating intra-procedural summaries...
Processing callees...
Preprocessing...
processing finished
start to summarize...
Generating intra-procedural summaries...
Processing callees...
Preprocessing...
processing finished
start to summarize...
Generating intra-procedural summaries...
Processing callees...
Preprocessing...
processing finished
start to summarize...
Generating intra-procedural summaries...
Processing callees...
Validating......
Applying path checker with solver...
Constructing solving program...
Constructing solving program...
Solver-aided path checker succeeded...
finish validate
Reporting......
Report generated!

finish report
===================================================
159  /  666 

CWE80_XSS__CWE182_Servlet_getQueryString_Servlet_04 

{'input_token_cost': 2571, 'output_token_cost': 455, 'analysis_result': {'TPs': 1, 'FPs': 0}, 'ground_truth': {'TPs': 1, 'FPs': 2}, 'single time cost': 7.045036315917969} 

===================================================


Start to analyze the case  160 out of  666
/scratch/local/w.nimit/2292/LLMDFA/benchmark/juliet-test-suite-XSS_simplified/CWE80_XSS/s01/CWE80_XSS__CWE182_Servlet_getQueryString_Servlet_05.java
Analyzing......
Preprocessing...
processing finished
start to summarize...
Generating intra-procedural summaries...
Processing callees...
Preprocessing...
processing finished
start to summarize...
Generating intra-procedural summaries...
Processing callees...
Preprocessing...
processing finished
start to summarize...
Generating intra-procedural summaries...
Processing callees...
Preprocessing...
processing finished
start to summarize...
Generating intra-procedural summaries...
Processing callees...
Validating......
Applying path checker with solver...
Constructing solving program...
Constructing solving program...
Solver-aided path checker succeeded...
finish validate
Reporting......
Report generated!

finish report
===================================================
160  /  666 

CWE80_XSS__CWE182_Servlet_getQueryString_Servlet_05 

{'input_token_cost': 2546, 'output_token_cost': 379, 'analysis_result': {'TPs': 1, 'FPs': 0}, 'ground_truth': {'TPs': 1, 'FPs': 2}, 'single time cost': 5.936736345291138} 

===================================================


Start to analyze the case  161 out of  666
/scratch/local/w.nimit/2292/LLMDFA/benchmark/juliet-test-suite-XSS_simplified/CWE80_XSS/s01/CWE80_XSS__CWE182_Servlet_getQueryString_Servlet_06.java
Analyzing......
Preprocessing...
processing finished
start to summarize...
Generating intra-procedural summaries...
Processing callees...
Preprocessing...
processing finished
start to summarize...
Generating intra-procedural summaries...
Processing callees...
Preprocessing...
processing finished
start to summarize...
Generating intra-procedural summaries...
Processing callees...
Preprocessing...
processing finished
start to summarize...
Generating intra-procedural summaries...
Processing callees...
Validating......
Applying path checker with solver...
Constructing solving program...
Constructing solving program...
Solver-aided path checker succeeded...
finish validate
Reporting......
Report generated!

finish report
===================================================
161  /  666 

CWE80_XSS__CWE182_Servlet_getQueryString_Servlet_06 

{'input_token_cost': 2589, 'output_token_cost': 400, 'analysis_result': {'TPs': 1, 'FPs': 0}, 'ground_truth': {'TPs': 1, 'FPs': 2}, 'single time cost': 6.242696285247803} 

===================================================


Start to analyze the case  162 out of  666
/scratch/local/w.nimit/2292/LLMDFA/benchmark/juliet-test-suite-XSS_simplified/CWE80_XSS/s01/CWE80_XSS__CWE182_Servlet_getQueryString_Servlet_07.java
Analyzing......
Preprocessing...
processing finished
start to summarize...
Generating intra-procedural summaries...
Processing callees...
Preprocessing...
processing finished
start to summarize...
Generating intra-procedural summaries...
Processing callees...
Preprocessing...
processing finished
start to summarize...
Generating intra-procedural summaries...
Processing callees...
Preprocessing...
processing finished
start to summarize...
Generating intra-procedural summaries...
Processing callees...
Validating......
Applying path checker with solver...
Constructing solving program...
Refining solving program...
Refining solving program...
Refining solving program...
Constructing solving program...
Solver-aided path checker failed...
Applying path reachability check with LLM...
LLM-aided path checker succeeded...
finish validate
Reporting......
Report generated!

finish report
===================================================
162  /  666 

CWE80_XSS__CWE182_Servlet_getQueryString_Servlet_07 

{'input_token_cost': 6128, 'output_token_cost': 1137, 'analysis_result': {'TPs': 1, 'FPs': 0}, 'ground_truth': {'TPs': 1, 'FPs': 2}, 'single time cost': 17.669995307922363} 

===================================================


Start to analyze the case  163 out of  666
/scratch/local/w.nimit/2292/LLMDFA/benchmark/juliet-test-suite-XSS_simplified/CWE80_XSS/s01/CWE80_XSS__CWE182_Servlet_getQueryString_Servlet_08.java
Analyzing......
Preprocessing...
processing finished
start to summarize...
Generating intra-procedural summaries...
Processing callees...
Preprocessing...
processing finished
start to summarize...
Generating intra-procedural summaries...
Processing callees...
Preprocessing...
processing finished
start to summarize...
Generating intra-procedural summaries...
Processing callees...
Preprocessing...
processing finished
start to summarize...
Generating intra-procedural summaries...
Processing callees...
Preprocessing...
processing finished
start to summarize...
Generating intra-procedural summaries...
Processing callees...
Preprocessing...
processing finished
start to summarize...
Generating intra-procedural summaries...
Processing callees...
start to summarize...
Generating intra-procedural summaries...
Processing callees...
Validating......
Applying path checker with solver...
Constructing solving program...
Constructing solving program...
Solver-aided path checker succeeded...
finish validate
Reporting......
Report generated!

finish report
===================================================
163  /  666 

CWE80_XSS__CWE182_Servlet_getQueryString_Servlet_08 

{'input_token_cost': 2437, 'output_token_cost': 406, 'analysis_result': {'TPs': 1, 'FPs': 0}, 'ground_truth': {'TPs': 1, 'FPs': 2}, 'single time cost': 6.313671588897705} 

===================================================


Start to analyze the case  164 out of  666
/scratch/local/w.nimit/2292/LLMDFA/benchmark/juliet-test-suite-XSS_simplified/CWE80_XSS/s01/CWE80_XSS__CWE182_Servlet_getQueryString_Servlet_09.java
Analyzing......
Preprocessing...
processing finished
start to summarize...
Generating intra-procedural summaries...
Processing callees...
Preprocessing...
processing finished
start to summarize...
Generating intra-procedural summaries...
Processing callees...
Preprocessing...
processing finished
start to summarize...
Generating intra-procedural summaries...
Processing callees...
Preprocessing...
processing finished
start to summarize...
Generating intra-procedural summaries...
Processing callees...
Validating......
Applying path checker with solver...
Constructing solving program...
Constructing solving program...
Solver-aided path checker succeeded...
finish validate
Reporting......
Report generated!

finish report
===================================================
164  /  666 

CWE80_XSS__CWE182_Servlet_getQueryString_Servlet_09 

{'input_token_cost': 2571, 'output_token_cost': 404, 'analysis_result': {'TPs': 1, 'FPs': 0}, 'ground_truth': {'TPs': 1, 'FPs': 2}, 'single time cost': 6.297427654266357} 

===================================================


Start to analyze the case  165 out of  666
/scratch/local/w.nimit/2292/LLMDFA/benchmark/juliet-test-suite-XSS_simplified/CWE80_XSS/s01/CWE80_XSS__CWE182_Servlet_getQueryString_Servlet_10.java
Analyzing......
Preprocessing...
processing finished
start to summarize...
Generating intra-procedural summaries...
Processing callees...
Preprocessing...
processing finished
start to summarize...
Generating intra-procedural summaries...
Processing callees...
Preprocessing...
processing finished
start to summarize...
Generating intra-procedural summaries...
Processing callees...
Preprocessing...
processing finished
start to summarize...
Generating intra-procedural summaries...
Processing callees...
Validating......
Applying path checker with solver...
Constructing solving program...
Constructing solving program...
Solver-aided path checker succeeded...
finish validate
Reporting......
Report generated!

finish report
===================================================
165  /  666 

CWE80_XSS__CWE182_Servlet_getQueryString_Servlet_10 

{'input_token_cost': 2556, 'output_token_cost': 416, 'analysis_result': {'TPs': 1, 'FPs': 0}, 'ground_truth': {'TPs': 1, 'FPs': 2}, 'single time cost': 6.49634051322937} 

===================================================


Start to analyze the case  166 out of  666
/scratch/local/w.nimit/2292/LLMDFA/benchmark/juliet-test-suite-XSS_simplified/CWE80_XSS/s01/CWE80_XSS__CWE182_Servlet_getQueryString_Servlet_11.java
Analyzing......
Preprocessing...
processing finished
start to summarize...
Generating intra-procedural summaries...
Processing callees...
Preprocessing...
processing finished
start to summarize...
Generating intra-procedural summaries...
Processing callees...
Preprocessing...
processing finished
start to summarize...
Generating intra-procedural summaries...
Processing callees...
Preprocessing...
processing finished
start to summarize...
Generating intra-procedural summaries...
Processing callees...
Validating......
Applying path checker with solver...
Constructing solving program...
Constructing solving program...
Solver-aided path checker succeeded...
finish validate
Reporting......
Report generated!

finish report
===================================================
166  /  666 

CWE80_XSS__CWE182_Servlet_getQueryString_Servlet_11 

{'input_token_cost': 2445, 'output_token_cost': 479, 'analysis_result': {'TPs': 1, 'FPs': 0}, 'ground_truth': {'TPs': 1, 'FPs': 2}, 'single time cost': 7.390176773071289} 

===================================================


Start to analyze the case  167 out of  666
/scratch/local/w.nimit/2292/LLMDFA/benchmark/juliet-test-suite-XSS_simplified/CWE80_XSS/s01/CWE80_XSS__CWE182_Servlet_getQueryString_Servlet_12.java
Analyzing......
Preprocessing...
processing finished
start to summarize...
Generating intra-procedural summaries...
Processing callees...
Preprocessing...
processing finished
start to summarize...
Generating intra-procedural summaries...
Processing callees...
Preprocessing...
processing finished
start to summarize...
Generating intra-procedural summaries...
Processing callees...
Validating......
Applying path checker with solver...
Constructing solving program...
Constructing solving program...
Solver-aided path checker succeeded...
finish validate
Reporting......
Report generated!

finish report
===================================================
167  /  666 

CWE80_XSS__CWE182_Servlet_getQueryString_Servlet_12 

{'input_token_cost': 2459, 'output_token_cost': 410, 'analysis_result': {'TPs': 1, 'FPs': 0}, 'ground_truth': {'TPs': 1, 'FPs': 1}, 'single time cost': 6.3972487449646} 

===================================================


Start to analyze the case  168 out of  666
/scratch/local/w.nimit/2292/LLMDFA/benchmark/juliet-test-suite-XSS_simplified/CWE80_XSS/s01/CWE80_XSS__CWE182_Servlet_getQueryString_Servlet_13.java
Analyzing......
Preprocessing...
processing finished
start to summarize...
Generating intra-procedural summaries...
Processing callees...
Preprocessing...
processing finished
start to summarize...
Generating intra-procedural summaries...
Processing callees...
Preprocessing...
processing finished
start to summarize...
Generating intra-procedural summaries...
Processing callees...
Preprocessing...
processing finished
start to summarize...
Generating intra-procedural summaries...
Processing callees...
Validating......
Applying path checker with solver...
Constructing solving program...
Constructing solving program...
Solver-aided path checker succeeded...
finish validate
Reporting......
Report generated!

finish report
===================================================
168  /  666 

CWE80_XSS__CWE182_Servlet_getQueryString_Servlet_13 

{'input_token_cost': 2589, 'output_token_cost': 409, 'analysis_result': {'TPs': 1, 'FPs': 0}, 'ground_truth': {'TPs': 1, 'FPs': 2}, 'single time cost': 6.375848293304443} 

===================================================


Start to analyze the case  169 out of  666
/scratch/local/w.nimit/2292/LLMDFA/benchmark/juliet-test-suite-XSS_simplified/CWE80_XSS/s01/CWE80_XSS__CWE182_Servlet_getQueryString_Servlet_14.java
Analyzing......
Preprocessing...
processing finished
start to summarize...
Generating intra-procedural summaries...
Processing callees...
Preprocessing...
processing finished
start to summarize...
Generating intra-procedural summaries...
Processing callees...
Preprocessing...
processing finished
start to summarize...
Generating intra-procedural summaries...
Processing callees...
Preprocessing...
processing finished
start to summarize...
Generating intra-procedural summaries...
Processing callees...
Validating......
Applying path checker with solver...
Constructing solving program...
Constructing solving program...
Solver-aided path checker succeeded...
finish validate
Reporting......
Report generated!

finish report
===================================================
169  /  666 

CWE80_XSS__CWE182_Servlet_getQueryString_Servlet_14 

{'input_token_cost': 2569, 'output_token_cost': 390, 'analysis_result': {'TPs': 1, 'FPs': 0}, 'ground_truth': {'TPs': 1, 'FPs': 2}, 'single time cost': 6.100592374801636} 

===================================================


Start to analyze the case  170 out of  666
/scratch/local/w.nimit/2292/LLMDFA/benchmark/juliet-test-suite-XSS_simplified/CWE80_XSS/s01/CWE80_XSS__CWE182_Servlet_getQueryString_Servlet_15.java
Analyzing......
Preprocessing...
processing finished
start to summarize...
Generating intra-procedural summaries...
Processing callees...
Preprocessing...
processing finished
start to summarize...
Generating intra-procedural summaries...
Processing callees...
Preprocessing...
processing finished
start to summarize...
Generating intra-procedural summaries...
Processing callees...
Preprocessing...
processing finished
start to summarize...
Generating intra-procedural summaries...
Processing callees...
Validating......
Applying path checker with solver...
Constructing solving program...
Solver-aided path checker succeeded...
finish validate
Reporting......
Report generated!

finish report
===================================================
170  /  666 

CWE80_XSS__CWE182_Servlet_getQueryString_Servlet_15 

{'input_token_cost': 1905, 'output_token_cost': 240, 'analysis_result': {'TPs': 1, 'FPs': 0}, 'ground_truth': {'TPs': 1, 'FPs': 2}, 'single time cost': 3.750950336456299} 

===================================================


Start to analyze the case  171 out of  666
/scratch/local/w.nimit/2292/LLMDFA/benchmark/juliet-test-suite-XSS_simplified/CWE80_XSS/s01/CWE80_XSS__CWE182_Servlet_getQueryString_Servlet_16.java
Analyzing......
Preprocessing...
processing finished
start to summarize...
Generating intra-procedural summaries...
Processing callees...
Preprocessing...
processing finished
start to summarize...
Generating intra-procedural summaries...
Processing callees...
Preprocessing...
processing finished
start to summarize...
Generating intra-procedural summaries...
Processing callees...
Validating......
Applying path checker with solver...
Constructing solving program...
Solver-aided path checker succeeded...
finish validate
Reporting......
Report generated!

finish report
===================================================
171  /  666 

CWE80_XSS__CWE182_Servlet_getQueryString_Servlet_16 

{'input_token_cost': 1861, 'output_token_cost': 216, 'analysis_result': {'TPs': 1, 'FPs': 0}, 'ground_truth': {'TPs': 1, 'FPs': 1}, 'single time cost': 3.362910032272339} 

===================================================


Start to analyze the case  172 out of  666
/scratch/local/w.nimit/2292/LLMDFA/benchmark/juliet-test-suite-XSS_simplified/CWE80_XSS/s01/CWE80_XSS__CWE182_Servlet_getQueryString_Servlet_17.java
Analyzing......
Preprocessing...
processing finished
start to summarize...
Generating intra-procedural summaries...
Processing callees...
Preprocessing...
processing finished
start to summarize...
Generating intra-procedural summaries...
Processing callees...
Preprocessing...
processing finished
start to summarize...
Generating intra-procedural summaries...
Processing callees...
Validating......
Applying path checker with solver...
Constructing solving program...
Solver-aided path checker succeeded...
finish validate
Reporting......
Report generated!

finish report
===================================================
172  /  666 

CWE80_XSS__CWE182_Servlet_getQueryString_Servlet_17 

{'input_token_cost': 1865, 'output_token_cost': 231, 'analysis_result': {'TPs': 1, 'FPs': 0}, 'ground_truth': {'TPs': 1, 'FPs': 1}, 'single time cost': 3.6014394760131836} 

===================================================


Start to analyze the case  173 out of  666
/scratch/local/w.nimit/2292/LLMDFA/benchmark/juliet-test-suite-XSS_simplified/CWE80_XSS/s01/CWE80_XSS__CWE182_Servlet_getQueryString_Servlet_21.java
Analyzing......
Preprocessing...
processing finished
start to summarize...
Generating intra-procedural summaries...
Processing callees...
Preprocessing...
processing finished
start to summarize...
Generating intra-procedural summaries...
Processing callees...
Preprocessing...
processing finished
start to summarize...
Generating intra-procedural summaries...
Processing callees...
Preprocessing...
processing finished
start to summarize...
Generating intra-procedural summaries...
Processing callees...
Preprocessing...
processing finished
start to summarize...
Generating intra-procedural summaries...
Processing callees...
Preprocessing...
processing finished
start to summarize...
Generating intra-procedural summaries...
Processing callees...
Preprocessing...
processing finished
start to summarize...
Generating intra-procedural summaries...
Processing callees...
Validating......
Applying path checker with solver...
Constructing solving program...
Constructing solving program...
Solver-aided path checker succeeded...
finish validate
Reporting......
Report generated!

finish report
===================================================
173  /  666 

CWE80_XSS__CWE182_Servlet_getQueryString_Servlet_21 

{'input_token_cost': 16651, 'output_token_cost': 1665, 'analysis_result': {'TPs': 1, 'FPs': 0}, 'ground_truth': {'TPs': 1, 'FPs': 2}, 'single time cost': 25.14649987220764} 

===================================================


Start to analyze the case  174 out of  666
/scratch/local/w.nimit/2292/LLMDFA/benchmark/juliet-test-suite-XSS_simplified/CWE80_XSS/s01/CWE80_XSS__CWE182_Servlet_listen_tcp_02.java
Analyzing......
Preprocessing...
processing finished
start to summarize...
Generating intra-procedural summaries...
Processing callees...
Preprocessing...
processing finished
start to summarize...
Generating intra-procedural summaries...
Processing callees...
Preprocessing...
processing finished
start to summarize...
Generating intra-procedural summaries...
Processing callees...
Preprocessing...
processing finished
start to summarize...
Generating intra-procedural summaries...
Processing callees...
Validating......
Applying path checker with solver...
Constructing solving program...
Solver-aided path checker succeeded...
finish validate
Reporting......
Report generated!

finish report
===================================================
174  /  666 

CWE80_XSS__CWE182_Servlet_listen_tcp_02 

{'input_token_cost': 2409, 'output_token_cost': 238, 'analysis_result': {'TPs': 1, 'FPs': 0}, 'ground_truth': {'TPs': 1, 'FPs': 2}, 'single time cost': 3.788532257080078} 

===================================================


Start to analyze the case  175 out of  666
/scratch/local/w.nimit/2292/LLMDFA/benchmark/juliet-test-suite-XSS_simplified/CWE80_XSS/s01/CWE80_XSS__CWE182_Servlet_getQueryString_Servlet_31.java
Analyzing......
Preprocessing...
processing finished
start to summarize...
Generating intra-procedural summaries...
Processing callees...
Preprocessing...
processing finished
start to summarize...
Generating intra-procedural summaries...
Processing callees...
Preprocessing...
processing finished
start to summarize...
Generating intra-procedural summaries...
Processing callees...
Validating......
Applying path checker with solver...
Constructing solving program...
Solver-aided path checker succeeded...
finish validate
Reporting......
Report generated!

finish report
===================================================
175  /  666 

CWE80_XSS__CWE182_Servlet_getQueryString_Servlet_31 

{'input_token_cost': 1897, 'output_token_cost': 247, 'analysis_result': {'TPs': 1, 'FPs': 0}, 'ground_truth': {'TPs': 1, 'FPs': 1}, 'single time cost': 3.817267656326294} 

===================================================


Start to analyze the case  176 out of  666
/scratch/local/w.nimit/2292/LLMDFA/benchmark/juliet-test-suite-XSS_simplified/CWE80_XSS/s01/CWE80_XSS__CWE182_Servlet_getQueryString_Servlet_41.java
Analyzing......
Preprocessing...
processing finished
start to summarize...
Generating intra-procedural summaries...
Processing callees...
Preprocessing...
processing finished
start to summarize...
Generating intra-procedural summaries...
Processing callees...
Preprocessing...
processing finished
start to summarize...
Generating intra-procedural summaries...
Processing callees...
Preprocessing...
processing finished
start to summarize...
Generating intra-procedural summaries...
Processing callees...
Preprocessing...
processing finished
start to summarize...
Generating intra-procedural summaries...
Processing callees...
Validating......
Applying path checker with solver...
Constructing solving program...
Solver-aided path checker succeeded...
finish validate
Reporting......
Report generated!

finish report
===================================================
176  /  666 

CWE80_XSS__CWE182_Servlet_getQueryString_Servlet_41 

{'input_token_cost': 6457, 'output_token_cost': 663, 'analysis_result': {'TPs': 1, 'FPs': 0}, 'ground_truth': {'TPs': 1, 'FPs': 1}, 'single time cost': 10.019750833511353} 

===================================================


Start to analyze the case  177 out of  666
/scratch/local/w.nimit/2292/LLMDFA/benchmark/juliet-test-suite-XSS_simplified/CWE80_XSS/s01/CWE80_XSS__CWE182_Servlet_getQueryString_Servlet_42.java
Analyzing......
Preprocessing...
processing finished
start to summarize...
Generating intra-procedural summaries...
Processing callees...
Preprocessing...
processing finished
start to summarize...
Generating intra-procedural summaries...
Processing callees...
Preprocessing...
processing finished
start to summarize...
Generating intra-procedural summaries...
Processing callees...
Preprocessing...
processing finished
start to summarize...
Generating intra-procedural summaries...
Processing callees...
Preprocessing...
processing finished
start to summarize...
Generating intra-procedural summaries...
Processing callees...
Validating......
Applying path checker with solver...
Constructing solving program...
Solver-aided path checker succeeded...
finish validate
Reporting......
Report generated!

finish report
===================================================
177  /  666 

CWE80_XSS__CWE182_Servlet_getQueryString_Servlet_42 

{'input_token_cost': 8633, 'output_token_cost': 797, 'analysis_result': {'TPs': 1, 'FPs': 0}, 'ground_truth': {'TPs': 1, 'FPs': 1}, 'single time cost': 12.052718162536621} 

===================================================


Start to analyze the case  178 out of  666
/scratch/local/w.nimit/2292/LLMDFA/benchmark/juliet-test-suite-XSS_simplified/CWE80_XSS/s01/CWE80_XSS__CWE182_Servlet_getQueryString_Servlet_45.java
Analyzing......
Preprocessing...
processing finished
start to summarize...
Generating intra-procedural summaries...
Processing callees...
Preprocessing...
processing finished
start to summarize...
Generating intra-procedural summaries...
Processing callees...
Preprocessing...
processing finished
start to summarize...
Generating intra-procedural summaries...
Processing callees...
Preprocessing...
processing finished
start to summarize...
Generating intra-procedural summaries...
Processing callees...
Preprocessing...
processing finished
start to summarize...
Generating intra-procedural summaries...
Processing callees...
Validating......
Applying path checker with solver...
Constructing solving program...
Solver-aided path checker succeeded...
finish validate
Reporting......
Report generated!

finish report
===================================================
178  /  666 

CWE80_XSS__CWE182_Servlet_getQueryString_Servlet_45 

{'input_token_cost': 7666, 'output_token_cost': 824, 'analysis_result': {'TPs': 1, 'FPs': 0}, 'ground_truth': {'TPs': 1, 'FPs': 1}, 'single time cost': 12.402003765106201} 

===================================================


Start to analyze the case  179 out of  666
/scratch/local/w.nimit/2292/LLMDFA/benchmark/juliet-test-suite-XSS_simplified/CWE80_XSS/s01/CWE80_XSS__CWE182_Servlet_listen_tcp_03.java
Analyzing......
Preprocessing...
processing finished
start to summarize...
Generating intra-procedural summaries...
Processing callees...
Preprocessing...
processing finished
start to summarize...
Generating intra-procedural summaries...
Processing callees...
Preprocessing...
processing finished
start to summarize...
Generating intra-procedural summaries...
Processing callees...
Preprocessing...
processing finished
start to summarize...
Generating intra-procedural summaries...
Processing callees...
Validating......
Applying path checker with solver...
Constructing solving program...
Constructing solving program...
Solver-aided path checker succeeded...
finish validate
Reporting......
Report generated!

finish report
===================================================
179  /  666 

CWE80_XSS__CWE182_Servlet_listen_tcp_03 

{'input_token_cost': 2963, 'output_token_cost': 362, 'analysis_result': {'TPs': 1, 'FPs': 0}, 'ground_truth': {'TPs': 1, 'FPs': 2}, 'single time cost': 5.728937387466431} 

===================================================


Start to analyze the case  180 out of  666
/scratch/local/w.nimit/2292/LLMDFA/benchmark/juliet-test-suite-XSS_simplified/CWE80_XSS/s01/CWE80_XSS__CWE182_Servlet_listen_tcp_04.java
Analyzing......
Preprocessing...
processing finished
start to summarize...
Generating intra-procedural summaries...
Processing callees...
Preprocessing...
processing finished
start to summarize...
Generating intra-procedural summaries...
Processing callees...
Preprocessing...
processing finished
start to summarize...
Generating intra-procedural summaries...
Processing callees...
Preprocessing...
processing finished
start to summarize...
Generating intra-procedural summaries...
Processing callees...
Validating......
Applying path checker with solver...
Constructing solving program...
Constructing solving program...
Solver-aided path checker succeeded...
finish validate
Reporting......
Report generated!

finish report
===================================================
180  /  666 

CWE80_XSS__CWE182_Servlet_listen_tcp_04 

{'input_token_cost': 3094, 'output_token_cost': 416, 'analysis_result': {'TPs': 1, 'FPs': 0}, 'ground_truth': {'TPs': 1, 'FPs': 2}, 'single time cost': 6.5280773639678955} 

===================================================


Start to analyze the case  181 out of  666
/scratch/local/w.nimit/2292/LLMDFA/benchmark/juliet-test-suite-XSS_simplified/CWE80_XSS/s01/CWE80_XSS__CWE182_Servlet_listen_tcp_05.java
Analyzing......
Preprocessing...
processing finished
start to summarize...
Generating intra-procedural summaries...
Processing callees...
Preprocessing...
processing finished
start to summarize...
Generating intra-procedural summaries...
Processing callees...
Preprocessing...
processing finished
start to summarize...
Generating intra-procedural summaries...
Processing callees...
Preprocessing...
processing finished
start to summarize...
Generating intra-procedural summaries...
Processing callees...
Validating......
Applying path checker with solver...
Constructing solving program...
Constructing solving program...
Solver-aided path checker succeeded...
finish validate
Reporting......
Report generated!

finish report
===================================================
181  /  666 

CWE80_XSS__CWE182_Servlet_listen_tcp_05 

{'input_token_cost': 3069, 'output_token_cost': 360, 'analysis_result': {'TPs': 1, 'FPs': 0}, 'ground_truth': {'TPs': 1, 'FPs': 2}, 'single time cost': 5.7149107456207275} 

===================================================


Start to analyze the case  182 out of  666
/scratch/local/w.nimit/2292/LLMDFA/benchmark/juliet-test-suite-XSS_simplified/CWE80_XSS/s01/CWE80_XSS__CWE182_Servlet_listen_tcp_06.java
Analyzing......
Preprocessing...
processing finished
start to summarize...
Generating intra-procedural summaries...
Processing callees...
Preprocessing...
processing finished
start to summarize...
Generating intra-procedural summaries...
Processing callees...
Preprocessing...
processing finished
start to summarize...
Generating intra-procedural summaries...
Processing callees...
Preprocessing...
processing finished
start to summarize...
Generating intra-procedural summaries...
Processing callees...
Validating......
Applying path checker with solver...
Constructing solving program...
Constructing solving program...
Solver-aided path checker succeeded...
finish validate
Reporting......
Report generated!

finish report
===================================================
182  /  666 

CWE80_XSS__CWE182_Servlet_listen_tcp_06 

{'input_token_cost': 3112, 'output_token_cost': 388, 'analysis_result': {'TPs': 1, 'FPs': 0}, 'ground_truth': {'TPs': 1, 'FPs': 2}, 'single time cost': 6.133479356765747} 

===================================================


Start to analyze the case  183 out of  666
/scratch/local/w.nimit/2292/LLMDFA/benchmark/juliet-test-suite-XSS_simplified/CWE80_XSS/s01/CWE80_XSS__CWE182_Servlet_listen_tcp_07.java
Analyzing......
Preprocessing...
processing finished
start to summarize...
Generating intra-procedural summaries...
Processing callees...
Preprocessing...
processing finished
start to summarize...
Generating intra-procedural summaries...
Processing callees...
Preprocessing...
processing finished
start to summarize...
Generating intra-procedural summaries...
Processing callees...
Preprocessing...
processing finished
start to summarize...
Generating intra-procedural summaries...
Processing callees...
Validating......
Applying path checker with solver...
Constructing solving program...
Constructing solving program...
Solver-aided path checker succeeded...
finish validate
Reporting......
Report generated!

finish report
===================================================
183  /  666 

CWE80_XSS__CWE182_Servlet_listen_tcp_07 

{'input_token_cost': 3082, 'output_token_cost': 404, 'analysis_result': {'TPs': 1, 'FPs': 0}, 'ground_truth': {'TPs': 1, 'FPs': 2}, 'single time cost': 6.365064859390259} 

===================================================


Start to analyze the case  184 out of  666
/scratch/local/w.nimit/2292/LLMDFA/benchmark/juliet-test-suite-XSS_simplified/CWE80_XSS/s01/CWE80_XSS__CWE182_Servlet_listen_tcp_08.java
Analyzing......
Preprocessing...
processing finished
start to summarize...
Generating intra-procedural summaries...
Processing callees...
Preprocessing...
processing finished
start to summarize...
Generating intra-procedural summaries...
Processing callees...
Preprocessing...
processing finished
start to summarize...
Generating intra-procedural summaries...
Processing callees...
Preprocessing...
processing finished
start to summarize...
Generating intra-procedural summaries...
Processing callees...
Preprocessing...
processing finished
start to summarize...
Generating intra-procedural summaries...
Processing callees...
Preprocessing...
processing finished
start to summarize...
Generating intra-procedural summaries...
Processing callees...
start to summarize...
Generating intra-procedural summaries...
Processing callees...
Validating......
Applying path checker with solver...
Constructing solving program...
Constructing solving program...
Solver-aided path checker succeeded...
finish validate
Reporting......
Report generated!

finish report
===================================================
184  /  666 

CWE80_XSS__CWE182_Servlet_listen_tcp_08 

{'input_token_cost': 2960, 'output_token_cost': 382, 'analysis_result': {'TPs': 1, 'FPs': 0}, 'ground_truth': {'TPs': 1, 'FPs': 2}, 'single time cost': 6.019064664840698} 

===================================================


Start to analyze the case  185 out of  666
/scratch/local/w.nimit/2292/LLMDFA/benchmark/juliet-test-suite-XSS_simplified/CWE80_XSS/s01/CWE80_XSS__CWE182_Servlet_listen_tcp_09.java
Analyzing......
Preprocessing...
processing finished
start to summarize...
Generating intra-procedural summaries...
Processing callees...
Preprocessing...
processing finished
start to summarize...
Generating intra-procedural summaries...
Processing callees...
Preprocessing...
processing finished
start to summarize...
Generating intra-procedural summaries...
Processing callees...
Preprocessing...
processing finished
start to summarize...
Generating intra-procedural summaries...
Processing callees...
Validating......
Applying path checker with solver...
Constructing solving program...
Constructing solving program...
Solver-aided path checker succeeded...
finish validate
Reporting......
Report generated!

finish report
===================================================
185  /  666 

CWE80_XSS__CWE182_Servlet_listen_tcp_09 

{'input_token_cost': 3094, 'output_token_cost': 384, 'analysis_result': {'TPs': 1, 'FPs': 0}, 'ground_truth': {'TPs': 1, 'FPs': 2}, 'single time cost': 6.065217733383179} 

===================================================


Start to analyze the case  186 out of  666
/scratch/local/w.nimit/2292/LLMDFA/benchmark/juliet-test-suite-XSS_simplified/CWE80_XSS/s01/CWE80_XSS__CWE182_Servlet_listen_tcp_10.java
Analyzing......
Preprocessing...
processing finished
start to summarize...
Generating intra-procedural summaries...
Processing callees...
Preprocessing...
processing finished
start to summarize...
Generating intra-procedural summaries...
Processing callees...
Preprocessing...
processing finished
start to summarize...
Generating intra-procedural summaries...
Processing callees...
Preprocessing...
processing finished
start to summarize...
Generating intra-procedural summaries...
Processing callees...
Validating......
Applying path checker with solver...
Constructing solving program...
Constructing solving program...
Solver-aided path checker succeeded...
finish validate
Reporting......
Report generated!

finish report
===================================================
186  /  666 

CWE80_XSS__CWE182_Servlet_listen_tcp_10 

{'input_token_cost': 3079, 'output_token_cost': 392, 'analysis_result': {'TPs': 1, 'FPs': 0}, 'ground_truth': {'TPs': 1, 'FPs': 2}, 'single time cost': 6.184537172317505} 

===================================================


Start to analyze the case  187 out of  666
/scratch/local/w.nimit/2292/LLMDFA/benchmark/juliet-test-suite-XSS_simplified/CWE80_XSS/s01/CWE80_XSS__CWE182_Servlet_listen_tcp_11.java
Analyzing......
Preprocessing...
processing finished
start to summarize...
Generating intra-procedural summaries...
Processing callees...
Preprocessing...
processing finished
start to summarize...
Generating intra-procedural summaries...
Processing callees...
Preprocessing...
processing finished
start to summarize...
Generating intra-procedural summaries...
Processing callees...
Preprocessing...
processing finished
start to summarize...
Generating intra-procedural summaries...
Processing callees...
Validating......
Applying path checker with solver...
Constructing solving program...
Constructing solving program...
Solver-aided path checker succeeded...
finish validate
Reporting......
Report generated!

finish report
===================================================
187  /  666 

CWE80_XSS__CWE182_Servlet_listen_tcp_11 

{'input_token_cost': 2968, 'output_token_cost': 399, 'analysis_result': {'TPs': 1, 'FPs': 0}, 'ground_truth': {'TPs': 1, 'FPs': 2}, 'single time cost': 6.2666473388671875} 

===================================================


Start to analyze the case  188 out of  666
/scratch/local/w.nimit/2292/LLMDFA/benchmark/juliet-test-suite-XSS_simplified/CWE80_XSS/s01/CWE80_XSS__CWE182_Servlet_listen_tcp_12.java
Analyzing......
Preprocessing...
processing finished
start to summarize...
Generating intra-procedural summaries...
Processing callees...
Preprocessing...
processing finished
start to summarize...
Generating intra-procedural summaries...
Processing callees...
Preprocessing...
processing finished
start to summarize...
Generating intra-procedural summaries...
Processing callees...
Validating......
Applying path checker with solver...
Constructing solving program...
Constructing solving program...
Solver-aided path checker succeeded...
finish validate
Reporting......
Report generated!

finish report
===================================================
188  /  666 

CWE80_XSS__CWE182_Servlet_listen_tcp_12 

{'input_token_cost': 2982, 'output_token_cost': 404, 'analysis_result': {'TPs': 1, 'FPs': 0}, 'ground_truth': {'TPs': 1, 'FPs': 1}, 'single time cost': 6.381662368774414} 

===================================================


Start to analyze the case  189 out of  666
/scratch/local/w.nimit/2292/LLMDFA/benchmark/juliet-test-suite-XSS_simplified/CWE80_XSS/s01/CWE80_XSS__CWE182_Servlet_listen_tcp_13.java
Analyzing......
Preprocessing...
processing finished
start to summarize...
Generating intra-procedural summaries...
Processing callees...
Preprocessing...
processing finished
start to summarize...
Generating intra-procedural summaries...
Processing callees...
Preprocessing...
processing finished
start to summarize...
Generating intra-procedural summaries...
Processing callees...
Preprocessing...
processing finished
start to summarize...
Generating intra-procedural summaries...
Processing callees...
Validating......
Applying path checker with solver...
Constructing solving program...
Constructing solving program...
Solver-aided path checker succeeded...
finish validate
Reporting......
Report generated!

finish report
===================================================
189  /  666 

CWE80_XSS__CWE182_Servlet_listen_tcp_13 

{'input_token_cost': 3112, 'output_token_cost': 393, 'analysis_result': {'TPs': 1, 'FPs': 0}, 'ground_truth': {'TPs': 1, 'FPs': 2}, 'single time cost': 6.214288711547852} 

===================================================


Start to analyze the case  190 out of  666
/scratch/local/w.nimit/2292/LLMDFA/benchmark/juliet-test-suite-XSS_simplified/CWE80_XSS/s01/CWE80_XSS__CWE182_Servlet_listen_tcp_14.java
Analyzing......
Preprocessing...
processing finished
start to summarize...
Generating intra-procedural summaries...
Processing callees...
Preprocessing...
processing finished
start to summarize...
Generating intra-procedural summaries...
Processing callees...
Preprocessing...
processing finished
start to summarize...
Generating intra-procedural summaries...
Processing callees...
Preprocessing...
processing finished
start to summarize...
Generating intra-procedural summaries...
Processing callees...
Validating......
Applying path checker with solver...
Constructing solving program...
Constructing solving program...
Solver-aided path checker succeeded...
finish validate
Reporting......
Report generated!

finish report
===================================================
190  /  666 

CWE80_XSS__CWE182_Servlet_listen_tcp_14 

{'input_token_cost': 3092, 'output_token_cost': 525, 'analysis_result': {'TPs': 1, 'FPs': 0}, 'ground_truth': {'TPs': 1, 'FPs': 2}, 'single time cost': 8.141594886779785} 

===================================================


Start to analyze the case  191 out of  666
/scratch/local/w.nimit/2292/LLMDFA/benchmark/juliet-test-suite-XSS_simplified/CWE80_XSS/s01/CWE80_XSS__CWE182_Servlet_listen_tcp_15.java
Analyzing......
Preprocessing...
processing finished
start to summarize...
Generating intra-procedural summaries...
Processing callees...
Preprocessing...
processing finished
start to summarize...
Generating intra-procedural summaries...
Processing callees...
Preprocessing...
processing finished
start to summarize...
Generating intra-procedural summaries...
Processing callees...
Preprocessing...
processing finished
start to summarize...
Generating intra-procedural summaries...
Processing callees...
Validating......
Applying path checker with solver...
Constructing solving program...
Solver-aided path checker succeeded...
finish validate
Reporting......
Report generated!

finish report
===================================================
191  /  666 

CWE80_XSS__CWE182_Servlet_listen_tcp_15 

{'input_token_cost': 2428, 'output_token_cost': 230, 'analysis_result': {'TPs': 1, 'FPs': 0}, 'ground_truth': {'TPs': 1, 'FPs': 2}, 'single time cost': 3.663379669189453} 

===================================================


Start to analyze the case  192 out of  666
/scratch/local/w.nimit/2292/LLMDFA/benchmark/juliet-test-suite-XSS_simplified/CWE80_XSS/s01/CWE80_XSS__CWE182_Servlet_listen_tcp_16.java
Analyzing......
Preprocessing...
processing finished
start to summarize...
Generating intra-procedural summaries...
Processing callees...
Preprocessing...
processing finished
start to summarize...
Generating intra-procedural summaries...
Processing callees...
Preprocessing...
processing finished
start to summarize...
Generating intra-procedural summaries...
Processing callees...
Validating......
Applying path checker with solver...
Constructing solving program...
Solver-aided path checker succeeded...
finish validate
Reporting......
Report generated!

finish report
===================================================
192  /  666 

CWE80_XSS__CWE182_Servlet_listen_tcp_16 

{'input_token_cost': 2384, 'output_token_cost': 238, 'analysis_result': {'TPs': 1, 'FPs': 0}, 'ground_truth': {'TPs': 1, 'FPs': 1}, 'single time cost': 3.783376455307007} 

===================================================


Start to analyze the case  193 out of  666
/scratch/local/w.nimit/2292/LLMDFA/benchmark/juliet-test-suite-XSS_simplified/CWE80_XSS/s01/CWE80_XSS__CWE182_Servlet_listen_tcp_17.java
Analyzing......
Preprocessing...
processing finished
start to summarize...
Generating intra-procedural summaries...
Processing callees...
Preprocessing...
processing finished
start to summarize...
Generating intra-procedural summaries...
Processing callees...
Preprocessing...
processing finished
start to summarize...
Generating intra-procedural summaries...
Processing callees...
Validating......
Applying path checker with solver...
Constructing solving program...
Solver-aided path checker succeeded...
finish validate
Reporting......
Report generated!

finish report
===================================================
193  /  666 

CWE80_XSS__CWE182_Servlet_listen_tcp_17 

{'input_token_cost': 2408, 'output_token_cost': 218, 'analysis_result': {'TPs': 1, 'FPs': 0}, 'ground_truth': {'TPs': 1, 'FPs': 1}, 'single time cost': 3.4196817874908447} 

===================================================


Start to analyze the case  194 out of  666
/scratch/local/w.nimit/2292/LLMDFA/benchmark/juliet-test-suite-XSS_simplified/CWE80_XSS/s01/CWE80_XSS__CWE182_Servlet_listen_tcp_21.java
Analyzing......
Preprocessing...
processing finished
start to summarize...
Generating intra-procedural summaries...
Processing callees...
Preprocessing...
processing finished
start to summarize...
Generating intra-procedural summaries...
Processing callees...
Preprocessing...
processing finished
start to summarize...
Generating intra-procedural summaries...
Processing callees...
Preprocessing...
processing finished
start to summarize...
Generating intra-procedural summaries...
Processing callees...
Preprocessing...
processing finished
start to summarize...
Generating intra-procedural summaries...
Processing callees...
Preprocessing...
processing finished
start to summarize...
Generating intra-procedural summaries...
Processing callees...
Preprocessing...
processing finished
start to summarize...
Generating intra-procedural summaries...
Processing callees...
Validating......
Applying path checker with solver...
Constructing solving program...
Constructing solving program...
Solver-aided path checker succeeded...
finish validate
Reporting......
Report generated!

finish report
===================================================
194  /  666 

CWE80_XSS__CWE182_Servlet_listen_tcp_21 

{'input_token_cost': 18221, 'output_token_cost': 1575, 'analysis_result': {'TPs': 1, 'FPs': 0}, 'ground_truth': {'TPs': 1, 'FPs': 2}, 'single time cost': 23.910422325134277} 

===================================================


Start to analyze the case  195 out of  666
/scratch/local/w.nimit/2292/LLMDFA/benchmark/juliet-test-suite-XSS_simplified/CWE80_XSS/s01/CWE80_XSS__CWE182_Servlet_listen_tcp_31.java
Analyzing......
Preprocessing...
processing finished
start to summarize...
Generating intra-procedural summaries...
Processing callees...
Preprocessing...
processing finished
start to summarize...
Generating intra-procedural summaries...
Processing callees...
Preprocessing...
processing finished
start to summarize...
Generating intra-procedural summaries...
Processing callees...
Validating......
Applying path checker with solver...
Constructing solving program...
Solver-aided path checker succeeded...
finish validate
Reporting......
Report generated!

finish report
===================================================
195  /  666 

CWE80_XSS__CWE182_Servlet_listen_tcp_31 

{'input_token_cost': 2441, 'output_token_cost': 370, 'analysis_result': {'TPs': 1, 'FPs': 0}, 'ground_truth': {'TPs': 1, 'FPs': 1}, 'single time cost': 5.728243350982666} 

===================================================


Start to analyze the case  196 out of  666
/scratch/local/w.nimit/2292/LLMDFA/benchmark/juliet-test-suite-XSS_simplified/CWE80_XSS/s01/CWE80_XSS__CWE182_Servlet_listen_tcp_41.java
Analyzing......
Preprocessing...
processing finished
start to summarize...
Generating intra-procedural summaries...
Processing callees...
Preprocessing...
processing finished
start to summarize...
Generating intra-procedural summaries...
Processing callees...
Preprocessing...
processing finished
start to summarize...
Generating intra-procedural summaries...
Processing callees...
Preprocessing...
processing finished
start to summarize...
Generating intra-procedural summaries...
Processing callees...
Preprocessing...
processing finished
start to summarize...
Generating intra-procedural summaries...
Processing callees...
Validating......
Applying path checker with solver...
Constructing solving program...
Solver-aided path checker succeeded...
finish validate
Reporting......
Report generated!

finish report
===================================================
196  /  666 

CWE80_XSS__CWE182_Servlet_listen_tcp_41 

{'input_token_cost': 6944, 'output_token_cost': 1033, 'analysis_result': {'TPs': 1, 'FPs': 0}, 'ground_truth': {'TPs': 1, 'FPs': 1}, 'single time cost': 15.46414566040039} 

===================================================


Start to analyze the case  197 out of  666
/scratch/local/w.nimit/2292/LLMDFA/benchmark/juliet-test-suite-XSS_simplified/CWE80_XSS/s01/CWE80_XSS__CWE182_Servlet_listen_tcp_42.java
Analyzing......
Preprocessing...
processing finished
start to summarize...
Generating intra-procedural summaries...
Processing callees...
Preprocessing...
processing finished
start to summarize...
Generating intra-procedural summaries...
Processing callees...
Preprocessing...
processing finished
start to summarize...
Generating intra-procedural summaries...
Processing callees...
Preprocessing...
processing finished
start to summarize...
Generating intra-procedural summaries...
Processing callees...
Preprocessing...
processing finished
start to summarize...
Generating intra-procedural summaries...
Processing callees...
Validating......
finish validate
Reporting......
Report generated!

finish report
===================================================
197  /  666 

CWE80_XSS__CWE182_Servlet_listen_tcp_42 

{'input_token_cost': 9720, 'output_token_cost': 757, 'analysis_result': {'TPs': 0, 'FPs': 0}, 'ground_truth': {'TPs': 1, 'FPs': 1}, 'single time cost': 11.399239301681519} 

===================================================


Start to analyze the case  198 out of  666
/scratch/local/w.nimit/2292/LLMDFA/benchmark/juliet-test-suite-XSS_simplified/CWE80_XSS/s01/CWE80_XSS__CWE182_Servlet_listen_tcp_45.java
Analyzing......
Preprocessing...
processing finished
start to summarize...
Generating intra-procedural summaries...
Processing callees...
Preprocessing...
processing finished
start to summarize...
Generating intra-procedural summaries...
Processing callees...
Preprocessing...
processing finished
start to summarize...
Generating intra-procedural summaries...
Processing callees...
Preprocessing...
processing finished
start to summarize...
Generating intra-procedural summaries...
Processing callees...
Preprocessing...
processing finished
start to summarize...
Generating intra-procedural summaries...
Processing callees...
Validating......
Applying path checker with solver...
Constructing solving program...
Solver-aided path checker succeeded...
finish validate
Reporting......
Report generated!

finish report
===================================================
198  /  666 

CWE80_XSS__CWE182_Servlet_listen_tcp_45 

{'input_token_cost': 9295, 'output_token_cost': 1262, 'analysis_result': {'TPs': 1, 'FPs': 0}, 'ground_truth': {'TPs': 1, 'FPs': 1}, 'single time cost': 18.89869260787964} 

===================================================


Start to analyze the case  199 out of  666
/scratch/local/w.nimit/2292/LLMDFA/benchmark/juliet-test-suite-XSS_simplified/CWE80_XSS/s01/CWE80_XSS__Servlet_File_01.java
Analyzing......
Preprocessing...
processing finished
start to summarize...
Generating intra-procedural summaries...
Processing callees...
Preprocessing...
processing finished
start to summarize...
Generating intra-procedural summaries...
Processing callees...
Preprocessing...
processing finished
start to summarize...
Generating intra-procedural summaries...
Processing callees...
Validating......
Applying path checker with solver...
Constructing solving program...
Solver-aided path checker succeeded...
finish validate
Reporting......
Report generated!

finish report
===================================================
199  /  666 

CWE80_XSS__Servlet_File_01 

{'input_token_cost': 2234, 'output_token_cost': 218, 'analysis_result': {'TPs': 1, 'FPs': 0}, 'ground_truth': {'TPs': 1, 'FPs': 1}, 'single time cost': 3.4592647552490234} 

===================================================


Start to analyze the case  200 out of  666
/scratch/local/w.nimit/2292/LLMDFA/benchmark/juliet-test-suite-XSS_simplified/CWE80_XSS/s01/CWE80_XSS__Servlet_File_02.java
Analyzing......
Preprocessing...
processing finished
start to summarize...
Generating intra-procedural summaries...
Processing callees...
Preprocessing...
processing finished
start to summarize...
Generating intra-procedural summaries...
Processing callees...
Preprocessing...
processing finished
start to summarize...
Generating intra-procedural summaries...
Processing callees...
Preprocessing...
processing finished
start to summarize...
Generating intra-procedural summaries...
Processing callees...
Validating......
Applying path checker with solver...
Constructing solving program...
Solver-aided path checker succeeded...
finish validate
Reporting......
Report generated!

finish report
===================================================
200  /  666 

CWE80_XSS__Servlet_File_02 

{'input_token_cost': 2277, 'output_token_cost': 218, 'analysis_result': {'TPs': 1, 'FPs': 0}, 'ground_truth': {'TPs': 1, 'FPs': 2}, 'single time cost': 3.45983624458313} 

===================================================


Start to analyze the case  201 out of  666
/scratch/local/w.nimit/2292/LLMDFA/benchmark/juliet-test-suite-XSS_simplified/CWE80_XSS/s01/CWE80_XSS__Servlet_File_03.java
Analyzing......
Preprocessing...
processing finished
start to summarize...
Generating intra-procedural summaries...
Processing callees...
Preprocessing...
processing finished
start to summarize...
Generating intra-procedural summaries...
Processing callees...
Preprocessing...
processing finished
start to summarize...
Generating intra-procedural summaries...
Processing callees...
Preprocessing...
processing finished
start to summarize...
Generating intra-procedural summaries...
Processing callees...
Validating......
Applying path checker with solver...
Constructing solving program...
Constructing solving program...
Solver-aided path checker succeeded...
finish validate
Reporting......
Report generated!

finish report
===================================================
201  /  666 

CWE80_XSS__Servlet_File_03 

{'input_token_cost': 2831, 'output_token_cost': 369, 'analysis_result': {'TPs': 1, 'FPs': 0}, 'ground_truth': {'TPs': 1, 'FPs': 2}, 'single time cost': 5.80649733543396} 

===================================================


Start to analyze the case  202 out of  666
/scratch/local/w.nimit/2292/LLMDFA/benchmark/juliet-test-suite-XSS_simplified/CWE80_XSS/s01/CWE80_XSS__Servlet_File_04.java
Analyzing......
Preprocessing...
processing finished
start to summarize...
Generating intra-procedural summaries...
Processing callees...
Preprocessing...
processing finished
start to summarize...
Generating intra-procedural summaries...
Processing callees...
Preprocessing...
processing finished
start to summarize...
Generating intra-procedural summaries...
Processing callees...
Preprocessing...
processing finished
start to summarize...
Generating intra-procedural summaries...
Processing callees...
Validating......
Applying path checker with solver...
Constructing solving program...
Constructing solving program...
Solver-aided path checker succeeded...
finish validate
Reporting......
Report generated!

finish report
===================================================
202  /  666 

CWE80_XSS__Servlet_File_04 

{'input_token_cost': 2962, 'output_token_cost': 396, 'analysis_result': {'TPs': 1, 'FPs': 0}, 'ground_truth': {'TPs': 1, 'FPs': 2}, 'single time cost': 6.211766719818115} 

===================================================


Start to analyze the case  203 out of  666
/scratch/local/w.nimit/2292/LLMDFA/benchmark/juliet-test-suite-XSS_simplified/CWE80_XSS/s01/CWE80_XSS__Servlet_File_05.java
Analyzing......
Preprocessing...
processing finished
start to summarize...
Generating intra-procedural summaries...
Processing callees...
Preprocessing...
processing finished
start to summarize...
Generating intra-procedural summaries...
Processing callees...
Preprocessing...
processing finished
start to summarize...
Generating intra-procedural summaries...
Processing callees...
Preprocessing...
processing finished
start to summarize...
Generating intra-procedural summaries...
Processing callees...
Validating......
Applying path checker with solver...
Constructing solving program...
Constructing solving program...
Solver-aided path checker succeeded...
finish validate
Reporting......
Report generated!

finish report
===================================================
203  /  666 

CWE80_XSS__Servlet_File_05 

{'input_token_cost': 2937, 'output_token_cost': 340, 'analysis_result': {'TPs': 1, 'FPs': 0}, 'ground_truth': {'TPs': 1, 'FPs': 2}, 'single time cost': 5.412238597869873} 

===================================================


Start to analyze the case  204 out of  666
/scratch/local/w.nimit/2292/LLMDFA/benchmark/juliet-test-suite-XSS_simplified/CWE80_XSS/s01/CWE80_XSS__Servlet_File_06.java
Analyzing......
Preprocessing...
processing finished
start to summarize...
Generating intra-procedural summaries...
Processing callees...
Preprocessing...
processing finished
start to summarize...
Generating intra-procedural summaries...
Processing callees...
Preprocessing...
processing finished
start to summarize...
Generating intra-procedural summaries...
Processing callees...
Preprocessing...
processing finished
start to summarize...
Generating intra-procedural summaries...
Processing callees...
Validating......
Applying path checker with solver...
Constructing solving program...
Constructing solving program...
Solver-aided path checker succeeded...
finish validate
Reporting......
Report generated!

finish report
===================================================
204  /  666 

CWE80_XSS__Servlet_File_06 

{'input_token_cost': 2980, 'output_token_cost': 397, 'analysis_result': {'TPs': 1, 'FPs': 0}, 'ground_truth': {'TPs': 1, 'FPs': 2}, 'single time cost': 6.2276246547698975} 

===================================================


Start to analyze the case  205 out of  666
/scratch/local/w.nimit/2292/LLMDFA/benchmark/juliet-test-suite-XSS_simplified/CWE80_XSS/s01/CWE80_XSS__Servlet_File_07.java
Analyzing......
Preprocessing...
processing finished
start to summarize...
Generating intra-procedural summaries...
Processing callees...
Preprocessing...
processing finished
start to summarize...
Generating intra-procedural summaries...
Processing callees...
Preprocessing...
processing finished
start to summarize...
Generating intra-procedural summaries...
Processing callees...
Preprocessing...
processing finished
start to summarize...
Generating intra-procedural summaries...
Processing callees...
Validating......
Applying path checker with solver...
Constructing solving program...
Constructing solving program...
Solver-aided path checker succeeded...
finish validate
Reporting......
Report generated!

finish report
===================================================
205  /  666 

CWE80_XSS__Servlet_File_07 

{'input_token_cost': 2950, 'output_token_cost': 446, 'analysis_result': {'TPs': 1, 'FPs': 0}, 'ground_truth': {'TPs': 1, 'FPs': 2}, 'single time cost': 6.946403741836548} 

===================================================


Start to analyze the case  206 out of  666
/scratch/local/w.nimit/2292/LLMDFA/benchmark/juliet-test-suite-XSS_simplified/CWE80_XSS/s01/CWE80_XSS__Servlet_File_08.java
Analyzing......
Preprocessing...
processing finished
start to summarize...
Generating intra-procedural summaries...
Processing callees...
Preprocessing...
processing finished
start to summarize...
Generating intra-procedural summaries...
Processing callees...
Preprocessing...
processing finished
start to summarize...
Generating intra-procedural summaries...
Processing callees...
Preprocessing...
processing finished
start to summarize...
Generating intra-procedural summaries...
Processing callees...
Preprocessing...
processing finished
start to summarize...
Generating intra-procedural summaries...
Processing callees...
Preprocessing...
processing finished
start to summarize...
Generating intra-procedural summaries...
Processing callees...
start to summarize...
Generating intra-procedural summaries...
Processing callees...
Validating......
Applying path checker with solver...
Constructing solving program...
Constructing solving program...
Solver-aided path checker succeeded...
finish validate
Reporting......
Report generated!

finish report
===================================================
206  /  666 

CWE80_XSS__Servlet_File_08 

{'input_token_cost': 2828, 'output_token_cost': 364, 'analysis_result': {'TPs': 1, 'FPs': 0}, 'ground_truth': {'TPs': 1, 'FPs': 2}, 'single time cost': 5.73191237449646} 

===================================================


Start to analyze the case  207 out of  666
/scratch/local/w.nimit/2292/LLMDFA/benchmark/juliet-test-suite-XSS_simplified/CWE80_XSS/s01/CWE80_XSS__Servlet_File_09.java
Analyzing......
Preprocessing...
processing finished
start to summarize...
Generating intra-procedural summaries...
Processing callees...
Preprocessing...
processing finished
start to summarize...
Generating intra-procedural summaries...
Processing callees...
Preprocessing...
processing finished
start to summarize...
Generating intra-procedural summaries...
Processing callees...
Preprocessing...
processing finished
start to summarize...
Generating intra-procedural summaries...
Processing callees...
Validating......
Applying path checker with solver...
Constructing solving program...
Constructing solving program...
Solver-aided path checker succeeded...
finish validate
Reporting......
Report generated!

finish report
===================================================
207  /  666 

CWE80_XSS__Servlet_File_09 

{'input_token_cost': 2962, 'output_token_cost': 376, 'analysis_result': {'TPs': 1, 'FPs': 0}, 'ground_truth': {'TPs': 1, 'FPs': 2}, 'single time cost': 5.9553916454315186} 

===================================================


Start to analyze the case  208 out of  666
/scratch/local/w.nimit/2292/LLMDFA/benchmark/juliet-test-suite-XSS_simplified/CWE80_XSS/s01/CWE80_XSS__Servlet_File_10.java
Analyzing......
Preprocessing...
processing finished
start to summarize...
Generating intra-procedural summaries...
Processing callees...
Preprocessing...
processing finished
start to summarize...
Generating intra-procedural summaries...
Processing callees...
Preprocessing...
processing finished
start to summarize...
Generating intra-procedural summaries...
Processing callees...
Preprocessing...
processing finished
start to summarize...
Generating intra-procedural summaries...
Processing callees...
Validating......
Applying path checker with solver...
Constructing solving program...
Constructing solving program...
Solver-aided path checker succeeded...
finish validate
Reporting......
Report generated!

finish report
===================================================
208  /  666 

CWE80_XSS__Servlet_File_10 

{'input_token_cost': 2947, 'output_token_cost': 372, 'analysis_result': {'TPs': 1, 'FPs': 0}, 'ground_truth': {'TPs': 1, 'FPs': 2}, 'single time cost': 5.867679834365845} 

===================================================


Start to analyze the case  209 out of  666
/scratch/local/w.nimit/2292/LLMDFA/benchmark/juliet-test-suite-XSS_simplified/CWE80_XSS/s01/CWE80_XSS__Servlet_File_11.java
Analyzing......
Preprocessing...
processing finished
start to summarize...
Generating intra-procedural summaries...
Processing callees...
Preprocessing...
processing finished
start to summarize...
Generating intra-procedural summaries...
Processing callees...
Preprocessing...
processing finished
start to summarize...
Generating intra-procedural summaries...
Processing callees...
Preprocessing...
processing finished
start to summarize...
Generating intra-procedural summaries...
Processing callees...
Validating......
Applying path checker with solver...
Constructing solving program...
Constructing solving program...
Solver-aided path checker succeeded...
finish validate
Reporting......
Report generated!

finish report
===================================================
209  /  666 

CWE80_XSS__Servlet_File_11 

{'input_token_cost': 2836, 'output_token_cost': 396, 'analysis_result': {'TPs': 1, 'FPs': 0}, 'ground_truth': {'TPs': 1, 'FPs': 2}, 'single time cost': 6.220840215682983} 

===================================================


Start to analyze the case  210 out of  666
/scratch/local/w.nimit/2292/LLMDFA/benchmark/juliet-test-suite-XSS_simplified/CWE80_XSS/s01/CWE80_XSS__Servlet_File_12.java
Analyzing......
Preprocessing...
processing finished
start to summarize...
Generating intra-procedural summaries...
Processing callees...
Preprocessing...
processing finished
start to summarize...
Generating intra-procedural summaries...
Processing callees...
Preprocessing...
processing finished
start to summarize...
Generating intra-procedural summaries...
Processing callees...
Validating......
Applying path checker with solver...
Constructing solving program...
Constructing solving program...
Solver-aided path checker succeeded...
finish validate
Reporting......
Report generated!

finish report
===================================================
210  /  666 

CWE80_XSS__Servlet_File_12 

{'input_token_cost': 2850, 'output_token_cost': 483, 'analysis_result': {'TPs': 1, 'FPs': 0}, 'ground_truth': {'TPs': 1, 'FPs': 1}, 'single time cost': 7.532585620880127} 

===================================================


Start to analyze the case  211 out of  666
/scratch/local/w.nimit/2292/LLMDFA/benchmark/juliet-test-suite-XSS_simplified/CWE80_XSS/s01/CWE80_XSS__Servlet_File_13.java
Analyzing......
Preprocessing...
processing finished
start to summarize...
Generating intra-procedural summaries...
Processing callees...
Preprocessing...
processing finished
start to summarize...
Generating intra-procedural summaries...
Processing callees...
Preprocessing...
processing finished
start to summarize...
Generating intra-procedural summaries...
Processing callees...
Preprocessing...
processing finished
start to summarize...
Generating intra-procedural summaries...
Processing callees...
Validating......
Applying path checker with solver...
Constructing solving program...
Constructing solving program...
Solver-aided path checker succeeded...
finish validate
Reporting......
Report generated!

finish report
===================================================
211  /  666 

CWE80_XSS__Servlet_File_13 

{'input_token_cost': 2980, 'output_token_cost': 373, 'analysis_result': {'TPs': 1, 'FPs': 0}, 'ground_truth': {'TPs': 1, 'FPs': 2}, 'single time cost': 5.907771587371826} 

===================================================


Start to analyze the case  212 out of  666
/scratch/local/w.nimit/2292/LLMDFA/benchmark/juliet-test-suite-XSS_simplified/CWE80_XSS/s01/CWE80_XSS__Servlet_File_14.java
Analyzing......
Preprocessing...
processing finished
start to summarize...
Generating intra-procedural summaries...
Processing callees...
Preprocessing...
processing finished
start to summarize...
Generating intra-procedural summaries...
Processing callees...
Preprocessing...
processing finished
start to summarize...
Generating intra-procedural summaries...
Processing callees...
Preprocessing...
processing finished
start to summarize...
Generating intra-procedural summaries...
Processing callees...
Validating......
Applying path checker with solver...
Constructing solving program...
Constructing solving program...
Solver-aided path checker succeeded...
finish validate
Reporting......
Report generated!

finish report
===================================================
212  /  666 

CWE80_XSS__Servlet_File_14 

{'input_token_cost': 2960, 'output_token_cost': 444, 'analysis_result': {'TPs': 1, 'FPs': 0}, 'ground_truth': {'TPs': 1, 'FPs': 2}, 'single time cost': 6.933366537094116} 

===================================================


Start to analyze the case  213 out of  666
/scratch/local/w.nimit/2292/LLMDFA/benchmark/juliet-test-suite-XSS_simplified/CWE80_XSS/s01/CWE80_XSS__Servlet_File_15.java
Analyzing......
Preprocessing...
processing finished
start to summarize...
Generating intra-procedural summaries...
Processing callees...
Preprocessing...
processing finished
start to summarize...
Generating intra-procedural summaries...
Processing callees...
Preprocessing...
processing finished
start to summarize...
Generating intra-procedural summaries...
Processing callees...
Preprocessing...
processing finished
start to summarize...
Generating intra-procedural summaries...
Processing callees...
Validating......
Applying path checker with solver...
Constructing solving program...
Solver-aided path checker succeeded...
finish validate
Reporting......
Report generated!

finish report
===================================================
213  /  666 

CWE80_XSS__Servlet_File_15 

{'input_token_cost': 2296, 'output_token_cost': 218, 'analysis_result': {'TPs': 1, 'FPs': 0}, 'ground_truth': {'TPs': 1, 'FPs': 2}, 'single time cost': 3.492351770401001} 

===================================================


Start to analyze the case  214 out of  666
/scratch/local/w.nimit/2292/LLMDFA/benchmark/juliet-test-suite-XSS_simplified/CWE80_XSS/s01/CWE80_XSS__Servlet_File_16.java
Analyzing......
Preprocessing...
processing finished
start to summarize...
Generating intra-procedural summaries...
Processing callees...
Preprocessing...
processing finished
start to summarize...
Generating intra-procedural summaries...
Processing callees...
Preprocessing...
processing finished
start to summarize...
Generating intra-procedural summaries...
Processing callees...
Validating......
Applying path checker with solver...
Constructing solving program...
Solver-aided path checker succeeded...
finish validate
Reporting......
Report generated!

finish report
===================================================
214  /  666 

CWE80_XSS__Servlet_File_16 

{'input_token_cost': 2252, 'output_token_cost': 218, 'analysis_result': {'TPs': 1, 'FPs': 0}, 'ground_truth': {'TPs': 1, 'FPs': 1}, 'single time cost': 3.4717929363250732} 

===================================================


Start to analyze the case  215 out of  666
/scratch/local/w.nimit/2292/LLMDFA/benchmark/juliet-test-suite-XSS_simplified/CWE80_XSS/s01/CWE80_XSS__Servlet_File_17.java
Analyzing......
Preprocessing...
processing finished
start to summarize...
Generating intra-procedural summaries...
Processing callees...
Preprocessing...
processing finished
start to summarize...
Generating intra-procedural summaries...
Processing callees...
Preprocessing...
processing finished
start to summarize...
Generating intra-procedural summaries...
Processing callees...
Validating......
Applying path checker with solver...
Constructing solving program...
Solver-aided path checker succeeded...
finish validate
Reporting......
Report generated!

finish report
===================================================
215  /  666 

CWE80_XSS__Servlet_File_17 

{'input_token_cost': 2261, 'output_token_cost': 243, 'analysis_result': {'TPs': 1, 'FPs': 0}, 'ground_truth': {'TPs': 1, 'FPs': 1}, 'single time cost': 3.7596871852874756} 

===================================================


Start to analyze the case  216 out of  666
/scratch/local/w.nimit/2292/LLMDFA/benchmark/juliet-test-suite-XSS_simplified/CWE80_XSS/s01/CWE80_XSS__Servlet_File_21.java
Analyzing......
Preprocessing...
processing finished
start to summarize...
Generating intra-procedural summaries...
Processing callees...
Preprocessing...
processing finished
start to summarize...
Generating intra-procedural summaries...
Processing callees...
Preprocessing...
processing finished
start to summarize...
Generating intra-procedural summaries...
Processing callees...
Preprocessing...
processing finished
start to summarize...
Generating intra-procedural summaries...
Processing callees...
Preprocessing...
processing finished
start to summarize...
Generating intra-procedural summaries...
Processing callees...
Preprocessing...
processing finished
start to summarize...
Generating intra-procedural summaries...
Processing callees...
Preprocessing...
processing finished
start to summarize...
Generating intra-procedural summaries...
Processing callees...
Validating......
Applying path checker with solver...
Constructing solving program...
Constructing solving program...
Solver-aided path checker succeeded...
finish validate
Reporting......
Report generated!

finish report
===================================================
216  /  666 

CWE80_XSS__Servlet_File_21 

{'input_token_cost': 17804, 'output_token_cost': 1565, 'analysis_result': {'TPs': 1, 'FPs': 0}, 'ground_truth': {'TPs': 1, 'FPs': 2}, 'single time cost': 23.835121393203735} 

===================================================


Start to analyze the case  217 out of  666
/scratch/local/w.nimit/2292/LLMDFA/benchmark/juliet-test-suite-XSS_simplified/CWE80_XSS/s01/CWE80_XSS__Servlet_File_31.java
Analyzing......
Preprocessing...
processing finished
start to summarize...
Generating intra-procedural summaries...
Processing callees...
Preprocessing...
processing finished
start to summarize...
Generating intra-procedural summaries...
Processing callees...
Preprocessing...
processing finished
start to summarize...
Generating intra-procedural summaries...
Processing callees...
Validating......
Applying path checker with solver...
Constructing solving program...
Solver-aided path checker succeeded...
finish validate
Reporting......
Report generated!

finish report
===================================================
217  /  666 

CWE80_XSS__Servlet_File_31 

{'input_token_cost': 2293, 'output_token_cost': 256, 'analysis_result': {'TPs': 1, 'FPs': 0}, 'ground_truth': {'TPs': 1, 'FPs': 1}, 'single time cost': 4.0109453201293945} 

===================================================


Start to analyze the case  218 out of  666
/scratch/local/w.nimit/2292/LLMDFA/benchmark/juliet-test-suite-XSS_simplified/CWE80_XSS/s01/CWE80_XSS__Servlet_File_41.java
Analyzing......
Preprocessing...
processing finished
start to summarize...
Generating intra-procedural summaries...
Processing callees...
Preprocessing...
processing finished
start to summarize...
Generating intra-procedural summaries...
Processing callees...
Preprocessing...
processing finished
start to summarize...
Generating intra-procedural summaries...
Processing callees...
Preprocessing...
processing finished
start to summarize...
Generating intra-procedural summaries...
Processing callees...
Preprocessing...
processing finished
start to summarize...
Generating intra-procedural summaries...
Processing callees...
Validating......
finish validate
Reporting......
Report generated!

finish report
===================================================
218  /  666 

CWE80_XSS__Servlet_File_41 

{'input_token_cost': 6005, 'output_token_cost': 553, 'analysis_result': {'TPs': 0, 'FPs': 0}, 'ground_truth': {'TPs': 1, 'FPs': 1}, 'single time cost': 8.282907724380493} 

===================================================


Start to analyze the case  219 out of  666
/scratch/local/w.nimit/2292/LLMDFA/benchmark/juliet-test-suite-XSS_simplified/CWE80_XSS/s01/CWE80_XSS__Servlet_File_42.java
Analyzing......
Preprocessing...
processing finished
start to summarize...
Generating intra-procedural summaries...
Processing callees...
Preprocessing...
processing finished
start to summarize...
Generating intra-procedural summaries...
Processing callees...
Preprocessing...
processing finished
start to summarize...
Generating intra-procedural summaries...
Processing callees...
Preprocessing...
processing finished
start to summarize...
Generating intra-procedural summaries...
Processing callees...
Preprocessing...
processing finished
start to summarize...
Generating intra-procedural summaries...
Processing callees...
Validating......
Applying path checker with solver...
Constructing solving program...
Solver-aided path checker succeeded...
finish validate
Reporting......
Report generated!

finish report
===================================================
219  /  666 

CWE80_XSS__Servlet_File_42 

{'input_token_cost': 9845, 'output_token_cost': 810, 'analysis_result': {'TPs': 1, 'FPs': 0}, 'ground_truth': {'TPs': 1, 'FPs': 1}, 'single time cost': 12.320916652679443} 

===================================================


Start to analyze the case  220 out of  666
/scratch/local/w.nimit/2292/LLMDFA/benchmark/juliet-test-suite-XSS_simplified/CWE80_XSS/s01/CWE80_XSS__Servlet_File_45.java
Analyzing......
Preprocessing...
processing finished
start to summarize...
Generating intra-procedural summaries...
Processing callees...
Preprocessing...
processing finished
start to summarize...
Generating intra-procedural summaries...
Processing callees...
Preprocessing...
processing finished
start to summarize...
Generating intra-procedural summaries...
Processing callees...
Preprocessing...
processing finished
start to summarize...
Generating intra-procedural summaries...
Processing callees...
Preprocessing...
processing finished
start to summarize...
Generating intra-procedural summaries...
Processing callees...
Validating......
Applying path checker with solver...
Constructing solving program...
Solver-aided path checker succeeded...
finish validate
Reporting......
Report generated!

finish report
===================================================
220  /  666 

CWE80_XSS__Servlet_File_45 

{'input_token_cost': 7726, 'output_token_cost': 882, 'analysis_result': {'TPs': 1, 'FPs': 0}, 'ground_truth': {'TPs': 1, 'FPs': 1}, 'single time cost': 13.302664756774902} 

===================================================


Start to analyze the case  221 out of  666
/scratch/local/w.nimit/2292/LLMDFA/benchmark/juliet-test-suite-XSS_simplified/CWE80_XSS/s01/CWE80_XSS__Servlet_connect_tcp_01.java
Analyzing......
Preprocessing...
processing finished
start to summarize...
Generating intra-procedural summaries...
Processing callees...
Preprocessing...
processing finished
start to summarize...
Generating intra-procedural summaries...
Processing callees...
Preprocessing...
processing finished
start to summarize...
Generating intra-procedural summaries...
Processing callees...
Validating......
Applying path checker with solver...
Constructing solving program...
Solver-aided path checker succeeded...
finish validate
Reporting......
Report generated!

finish report
===================================================
221  /  666 

CWE80_XSS__Servlet_connect_tcp_01 

{'input_token_cost': 2240, 'output_token_cost': 375, 'analysis_result': {'TPs': 1, 'FPs': 0}, 'ground_truth': {'TPs': 1, 'FPs': 1}, 'single time cost': 5.785475969314575} 

===================================================


Start to analyze the case  222 out of  666
/scratch/local/w.nimit/2292/LLMDFA/benchmark/juliet-test-suite-XSS_simplified/CWE80_XSS/s01/CWE80_XSS__Servlet_connect_tcp_02.java
Analyzing......
Preprocessing...
processing finished
start to summarize...
Generating intra-procedural summaries...
Processing callees...
Preprocessing...
processing finished
start to summarize...
Generating intra-procedural summaries...
Processing callees...
Preprocessing...
processing finished
start to summarize...
Generating intra-procedural summaries...
Processing callees...
Preprocessing...
processing finished
start to summarize...
Generating intra-procedural summaries...
Processing callees...
Validating......
Applying path checker with solver...
Constructing solving program...
Solver-aided path checker succeeded...
finish validate
Reporting......
Report generated!

finish report
===================================================
222  /  666 

CWE80_XSS__Servlet_connect_tcp_02 

{'input_token_cost': 2268, 'output_token_cost': 358, 'analysis_result': {'TPs': 1, 'FPs': 0}, 'ground_truth': {'TPs': 1, 'FPs': 2}, 'single time cost': 5.502403974533081} 

===================================================


Start to analyze the case  223 out of  666
/scratch/local/w.nimit/2292/LLMDFA/benchmark/juliet-test-suite-XSS_simplified/CWE80_XSS/s01/CWE80_XSS__Servlet_connect_tcp_03.java
Analyzing......
Preprocessing...
processing finished
start to summarize...
Generating intra-procedural summaries...
Processing callees...
Preprocessing...
processing finished
start to summarize...
Generating intra-procedural summaries...
Processing callees...
Preprocessing...
processing finished
start to summarize...
Generating intra-procedural summaries...
Processing callees...
Preprocessing...
processing finished
start to summarize...
Generating intra-procedural summaries...
Processing callees...
Validating......
Applying path checker with solver...
Constructing solving program...
Constructing solving program...
Solver-aided path checker succeeded...
finish validate
Reporting......
Report generated!

finish report
===================================================
223  /  666 

CWE80_XSS__Servlet_connect_tcp_03 

{'input_token_cost': 2822, 'output_token_cost': 480, 'analysis_result': {'TPs': 1, 'FPs': 0}, 'ground_truth': {'TPs': 1, 'FPs': 2}, 'single time cost': 7.458592414855957} 

===================================================


Start to analyze the case  224 out of  666
/scratch/local/w.nimit/2292/LLMDFA/benchmark/juliet-test-suite-XSS_simplified/CWE80_XSS/s01/CWE80_XSS__Servlet_connect_tcp_04.java
Analyzing......
Preprocessing...
processing finished
start to summarize...
Generating intra-procedural summaries...
Processing callees...
Preprocessing...
processing finished
start to summarize...
Generating intra-procedural summaries...
Processing callees...
Preprocessing...
processing finished
start to summarize...
Generating intra-procedural summaries...
Processing callees...
Preprocessing...
processing finished
start to summarize...
Generating intra-procedural summaries...
Processing callees...
Validating......
Applying path checker with solver...
Constructing solving program...
Constructing solving program...
Solver-aided path checker succeeded...
finish validate
Reporting......
Report generated!

finish report
===================================================
224  /  666 

CWE80_XSS__Servlet_connect_tcp_04 

{'input_token_cost': 2953, 'output_token_cost': 462, 'analysis_result': {'TPs': 1, 'FPs': 0}, 'ground_truth': {'TPs': 1, 'FPs': 2}, 'single time cost': 7.237601041793823} 

===================================================


Start to analyze the case  225 out of  666
/scratch/local/w.nimit/2292/LLMDFA/benchmark/juliet-test-suite-XSS_simplified/CWE80_XSS/s01/CWE80_XSS__Servlet_connect_tcp_05.java
Analyzing......
Preprocessing...
processing finished
start to summarize...
Generating intra-procedural summaries...
Processing callees...
Preprocessing...
processing finished
start to summarize...
Generating intra-procedural summaries...
Processing callees...
Preprocessing...
processing finished
start to summarize...
Generating intra-procedural summaries...
Processing callees...
Preprocessing...
processing finished
start to summarize...
Generating intra-procedural summaries...
Processing callees...
Validating......
Applying path checker with solver...
Constructing solving program...
Constructing solving program...
Solver-aided path checker succeeded...
finish validate
Reporting......
Report generated!

finish report
===================================================
225  /  666 

CWE80_XSS__Servlet_connect_tcp_05 

{'input_token_cost': 2928, 'output_token_cost': 422, 'analysis_result': {'TPs': 1, 'FPs': 0}, 'ground_truth': {'TPs': 1, 'FPs': 2}, 'single time cost': 6.623947858810425} 

===================================================


Start to analyze the case  226 out of  666
/scratch/local/w.nimit/2292/LLMDFA/benchmark/juliet-test-suite-XSS_simplified/CWE80_XSS/s01/CWE80_XSS__Servlet_connect_tcp_06.java
Analyzing......
Preprocessing...
processing finished
start to summarize...
Generating intra-procedural summaries...
Processing callees...
Preprocessing...
processing finished
start to summarize...
Generating intra-procedural summaries...
Processing callees...
Preprocessing...
processing finished
start to summarize...
Generating intra-procedural summaries...
Processing callees...
Preprocessing...
processing finished
start to summarize...
Generating intra-procedural summaries...
Processing callees...
Validating......
Applying path checker with solver...
Constructing solving program...
Constructing solving program...
Solver-aided path checker succeeded...
finish validate
Reporting......
Report generated!

finish report
===================================================
226  /  666 

CWE80_XSS__Servlet_connect_tcp_06 

{'input_token_cost': 2971, 'output_token_cost': 437, 'analysis_result': {'TPs': 1, 'FPs': 0}, 'ground_truth': {'TPs': 1, 'FPs': 2}, 'single time cost': 6.836878061294556} 

===================================================


Start to analyze the case  227 out of  666
/scratch/local/w.nimit/2292/LLMDFA/benchmark/juliet-test-suite-XSS_simplified/CWE80_XSS/s01/CWE80_XSS__Servlet_connect_tcp_07.java
Analyzing......
Preprocessing...
processing finished
start to summarize...
Generating intra-procedural summaries...
Processing callees...
Preprocessing...
processing finished
start to summarize...
Generating intra-procedural summaries...
Processing callees...
Preprocessing...
processing finished
start to summarize...
Generating intra-procedural summaries...
Processing callees...
Preprocessing...
processing finished
start to summarize...
Generating intra-procedural summaries...
Processing callees...
Validating......
Applying path checker with solver...
Constructing solving program...
Constructing solving program...
Solver-aided path checker succeeded...
finish validate
Reporting......
Report generated!

finish report
===================================================
227  /  666 

CWE80_XSS__Servlet_connect_tcp_07 

{'input_token_cost': 2941, 'output_token_cost': 409, 'analysis_result': {'TPs': 1, 'FPs': 0}, 'ground_truth': {'TPs': 1, 'FPs': 2}, 'single time cost': 6.437353134155273} 

===================================================


Start to analyze the case  228 out of  666
/scratch/local/w.nimit/2292/LLMDFA/benchmark/juliet-test-suite-XSS_simplified/CWE80_XSS/s01/CWE80_XSS__Servlet_connect_tcp_08.java
Analyzing......
Preprocessing...
processing finished
start to summarize...
Generating intra-procedural summaries...
Processing callees...
Preprocessing...
processing finished
start to summarize...
Generating intra-procedural summaries...
Processing callees...
Preprocessing...
processing finished
start to summarize...
Generating intra-procedural summaries...
Processing callees...
Preprocessing...
processing finished
start to summarize...
Generating intra-procedural summaries...
Processing callees...
Preprocessing...
processing finished
start to summarize...
Generating intra-procedural summaries...
Processing callees...
Preprocessing...
processing finished
start to summarize...
Generating intra-procedural summaries...
Processing callees...
start to summarize...
Generating intra-procedural summaries...
Processing callees...
Validating......
Applying path checker with solver...
Constructing solving program...
Constructing solving program...
Solver-aided path checker succeeded...
finish validate
Reporting......
Report generated!

finish report
===================================================
228  /  666 

CWE80_XSS__Servlet_connect_tcp_08 

{'input_token_cost': 2819, 'output_token_cost': 412, 'analysis_result': {'TPs': 1, 'FPs': 0}, 'ground_truth': {'TPs': 1, 'FPs': 2}, 'single time cost': 6.448330402374268} 

===================================================


Start to analyze the case  229 out of  666
/scratch/local/w.nimit/2292/LLMDFA/benchmark/juliet-test-suite-XSS_simplified/CWE80_XSS/s01/CWE80_XSS__Servlet_connect_tcp_09.java
Analyzing......
Preprocessing...
processing finished
start to summarize...
Generating intra-procedural summaries...
Processing callees...
Preprocessing...
processing finished
start to summarize...
Generating intra-procedural summaries...
Processing callees...
Preprocessing...
processing finished
start to summarize...
Generating intra-procedural summaries...
Processing callees...
Preprocessing...
processing finished
start to summarize...
Generating intra-procedural summaries...
Processing callees...
Validating......
Applying path checker with solver...
Constructing solving program...
Constructing solving program...
Solver-aided path checker succeeded...
finish validate
Reporting......
Report generated!

finish report
===================================================
229  /  666 

CWE80_XSS__Servlet_connect_tcp_09 

{'input_token_cost': 2953, 'output_token_cost': 432, 'analysis_result': {'TPs': 1, 'FPs': 0}, 'ground_truth': {'TPs': 1, 'FPs': 2}, 'single time cost': 6.756439208984375} 

===================================================


Start to analyze the case  230 out of  666
/scratch/local/w.nimit/2292/LLMDFA/benchmark/juliet-test-suite-XSS_simplified/CWE80_XSS/s01/CWE80_XSS__Servlet_connect_tcp_10.java
Analyzing......
Preprocessing...
processing finished
start to summarize...
Generating intra-procedural summaries...
Processing callees...
Preprocessing...
processing finished
start to summarize...
Generating intra-procedural summaries...
Processing callees...
Preprocessing...
processing finished
start to summarize...
Generating intra-procedural summaries...
Processing callees...
Preprocessing...
processing finished
start to summarize...
Generating intra-procedural summaries...
Processing callees...
Validating......
Applying path checker with solver...
Constructing solving program...
Constructing solving program...
Solver-aided path checker succeeded...
finish validate
Reporting......
Report generated!

finish report
===================================================
230  /  666 

CWE80_XSS__Servlet_connect_tcp_10 

{'input_token_cost': 2938, 'output_token_cost': 412, 'analysis_result': {'TPs': 1, 'FPs': 0}, 'ground_truth': {'TPs': 1, 'FPs': 2}, 'single time cost': 6.461000204086304} 

===================================================


Start to analyze the case  231 out of  666
/scratch/local/w.nimit/2292/LLMDFA/benchmark/juliet-test-suite-XSS_simplified/CWE80_XSS/s01/CWE80_XSS__Servlet_connect_tcp_11.java
Analyzing......
Preprocessing...
processing finished
start to summarize...
Generating intra-procedural summaries...
Processing callees...
Preprocessing...
processing finished
start to summarize...
Generating intra-procedural summaries...
Processing callees...
Preprocessing...
processing finished
start to summarize...
Generating intra-procedural summaries...
Processing callees...
Preprocessing...
processing finished
start to summarize...
Generating intra-procedural summaries...
Processing callees...
Validating......
Applying path checker with solver...
Constructing solving program...
Constructing solving program...
Solver-aided path checker succeeded...
finish validate
Reporting......
Report generated!

finish report
===================================================
231  /  666 

CWE80_XSS__Servlet_connect_tcp_11 

{'input_token_cost': 2827, 'output_token_cost': 430, 'analysis_result': {'TPs': 1, 'FPs': 0}, 'ground_truth': {'TPs': 1, 'FPs': 2}, 'single time cost': 6.711107492446899} 

===================================================


Start to analyze the case  232 out of  666
/scratch/local/w.nimit/2292/LLMDFA/benchmark/juliet-test-suite-XSS_simplified/CWE80_XSS/s01/CWE80_XSS__Servlet_connect_tcp_12.java
Analyzing......
Preprocessing...
processing finished
start to summarize...
Generating intra-procedural summaries...
Processing callees...
Preprocessing...
processing finished
start to summarize...
Generating intra-procedural summaries...
Processing callees...
Preprocessing...
processing finished
start to summarize...
Generating intra-procedural summaries...
Processing callees...
Validating......
finish validate
Reporting......
Report generated!

finish report
===================================================
232  /  666 

CWE80_XSS__Servlet_connect_tcp_12 

{'input_token_cost': 1733, 'output_token_cost': 212, 'analysis_result': {'TPs': 0, 'FPs': 0}, 'ground_truth': {'TPs': 1, 'FPs': 1}, 'single time cost': 3.2339587211608887} 

===================================================


Start to analyze the case  233 out of  666
/scratch/local/w.nimit/2292/LLMDFA/benchmark/juliet-test-suite-XSS_simplified/CWE80_XSS/s01/CWE80_XSS__Servlet_connect_tcp_13.java
Analyzing......
Preprocessing...
processing finished
start to summarize...
Generating intra-procedural summaries...
Processing callees...
Preprocessing...
processing finished
start to summarize...
Generating intra-procedural summaries...
Processing callees...
Preprocessing...
processing finished
start to summarize...
Generating intra-procedural summaries...
Processing callees...
Preprocessing...
processing finished
start to summarize...
Generating intra-procedural summaries...
Processing callees...
Validating......
Applying path checker with solver...
Constructing solving program...
Constructing solving program...
Solver-aided path checker succeeded...
finish validate
Reporting......
Report generated!

finish report
===================================================
233  /  666 

CWE80_XSS__Servlet_connect_tcp_13 

{'input_token_cost': 2971, 'output_token_cost': 441, 'analysis_result': {'TPs': 1, 'FPs': 0}, 'ground_truth': {'TPs': 1, 'FPs': 2}, 'single time cost': 6.90014386177063} 

===================================================


Start to analyze the case  234 out of  666
/scratch/local/w.nimit/2292/LLMDFA/benchmark/juliet-test-suite-XSS_simplified/CWE80_XSS/s01/CWE80_XSS__Servlet_connect_tcp_14.java
Analyzing......
Preprocessing...
processing finished
start to summarize...
Generating intra-procedural summaries...
Processing callees...
Preprocessing...
processing finished
start to summarize...
Generating intra-procedural summaries...
Processing callees...
Preprocessing...
processing finished
start to summarize...
Generating intra-procedural summaries...
Processing callees...
Preprocessing...
processing finished
start to summarize...
Generating intra-procedural summaries...
Processing callees...
Validating......
Applying path checker with solver...
Constructing solving program...
Constructing solving program...
Solver-aided path checker succeeded...
finish validate
Reporting......
Report generated!

finish report
===================================================
234  /  666 

CWE80_XSS__Servlet_connect_tcp_14 

{'input_token_cost': 2951, 'output_token_cost': 397, 'analysis_result': {'TPs': 1, 'FPs': 0}, 'ground_truth': {'TPs': 1, 'FPs': 2}, 'single time cost': 6.295773267745972} 

===================================================


Start to analyze the case  235 out of  666
/scratch/local/w.nimit/2292/LLMDFA/benchmark/juliet-test-suite-XSS_simplified/CWE80_XSS/s01/CWE80_XSS__Servlet_connect_tcp_15.java
Analyzing......
Preprocessing...
processing finished
start to summarize...
Generating intra-procedural summaries...
Processing callees...
Preprocessing...
processing finished
start to summarize...
Generating intra-procedural summaries...
Processing callees...
Preprocessing...
processing finished
start to summarize...
Generating intra-procedural summaries...
Processing callees...
Preprocessing...
processing finished
start to summarize...
Generating intra-procedural summaries...
Processing callees...
Validating......
Applying path checker with solver...
Constructing solving program...
Solver-aided path checker succeeded...
finish validate
Reporting......
Report generated!

finish report
===================================================
235  /  666 

CWE80_XSS__Servlet_connect_tcp_15 

{'input_token_cost': 2287, 'output_token_cost': 325, 'analysis_result': {'TPs': 1, 'FPs': 0}, 'ground_truth': {'TPs': 1, 'FPs': 2}, 'single time cost': 5.022433757781982} 

===================================================


Start to analyze the case  236 out of  666
/scratch/local/w.nimit/2292/LLMDFA/benchmark/juliet-test-suite-XSS_simplified/CWE80_XSS/s01/CWE80_XSS__Servlet_connect_tcp_16.java
Analyzing......
Preprocessing...
processing finished
start to summarize...
Generating intra-procedural summaries...
Processing callees...
Preprocessing...
processing finished
start to summarize...
Generating intra-procedural summaries...
Processing callees...
Preprocessing...
processing finished
start to summarize...
Generating intra-procedural summaries...
Processing callees...
Validating......
Applying path checker with solver...
Constructing solving program...
Solver-aided path checker succeeded...
finish validate
Reporting......
Report generated!

finish report
===================================================
236  /  666 

CWE80_XSS__Servlet_connect_tcp_16 

{'input_token_cost': 2243, 'output_token_cost': 227, 'analysis_result': {'TPs': 1, 'FPs': 0}, 'ground_truth': {'TPs': 1, 'FPs': 1}, 'single time cost': 3.572445869445801} 

===================================================


Start to analyze the case  237 out of  666
/scratch/local/w.nimit/2292/LLMDFA/benchmark/juliet-test-suite-XSS_simplified/CWE80_XSS/s01/CWE80_XSS__Servlet_connect_tcp_17.java
Analyzing......
Preprocessing...
processing finished
start to summarize...
Generating intra-procedural summaries...
Processing callees...
Preprocessing...
processing finished
start to summarize...
Generating intra-procedural summaries...
Processing callees...
Preprocessing...
processing finished
start to summarize...
Generating intra-procedural summaries...
Processing callees...
Validating......
Applying path checker with solver...
Constructing solving program...
Solver-aided path checker succeeded...
finish validate
Reporting......
Report generated!

finish report
===================================================
237  /  666 

CWE80_XSS__Servlet_connect_tcp_17 

{'input_token_cost': 2267, 'output_token_cost': 263, 'analysis_result': {'TPs': 1, 'FPs': 0}, 'ground_truth': {'TPs': 1, 'FPs': 1}, 'single time cost': 4.078550815582275} 

===================================================


Start to analyze the case  238 out of  666
/scratch/local/w.nimit/2292/LLMDFA/benchmark/juliet-test-suite-XSS_simplified/CWE80_XSS/s01/CWE80_XSS__Servlet_connect_tcp_21.java
Analyzing......
Preprocessing...
processing finished
start to summarize...
Generating intra-procedural summaries...
Processing callees...
Preprocessing...
processing finished
start to summarize...
Generating intra-procedural summaries...
Processing callees...
Preprocessing...
processing finished
start to summarize...
Generating intra-procedural summaries...
Processing callees...
Preprocessing...
processing finished
start to summarize...
Generating intra-procedural summaries...
Processing callees...
Preprocessing...
processing finished
start to summarize...
Generating intra-procedural summaries...
Processing callees...
Preprocessing...
processing finished
start to summarize...
Generating intra-procedural summaries...
Processing callees...
Preprocessing...
processing finished
start to summarize...
Generating intra-procedural summaries...
Processing callees...
Validating......
Applying path checker with solver...
Constructing solving program...
Constructing solving program...
Solver-aided path checker succeeded...
finish validate
Reporting......
Report generated!

finish report
===================================================
238  /  666 

CWE80_XSS__Servlet_connect_tcp_21 

{'input_token_cost': 17777, 'output_token_cost': 1612, 'analysis_result': {'TPs': 1, 'FPs': 0}, 'ground_truth': {'TPs': 1, 'FPs': 2}, 'single time cost': 24.45453906059265} 

===================================================


Start to analyze the case  239 out of  666
/scratch/local/w.nimit/2292/LLMDFA/benchmark/juliet-test-suite-XSS_simplified/CWE80_XSS/s01/CWE80_XSS__Servlet_connect_tcp_31.java
Analyzing......
Preprocessing...
processing finished
start to summarize...
Generating intra-procedural summaries...
Processing callees...
Preprocessing...
processing finished
start to summarize...
Generating intra-procedural summaries...
Processing callees...
Preprocessing...
processing finished
start to summarize...
Generating intra-procedural summaries...
Processing callees...
Validating......
Applying path checker with solver...
Constructing solving program...
Solver-aided path checker succeeded...
finish validate
Reporting......
Report generated!

finish report
===================================================
239  /  666 

CWE80_XSS__Servlet_connect_tcp_31 

{'input_token_cost': 2299, 'output_token_cost': 244, 'analysis_result': {'TPs': 1, 'FPs': 0}, 'ground_truth': {'TPs': 1, 'FPs': 1}, 'single time cost': 3.8675684928894043} 

===================================================


Start to analyze the case  240 out of  666
/scratch/local/w.nimit/2292/LLMDFA/benchmark/juliet-test-suite-XSS_simplified/CWE80_XSS/s01/CWE80_XSS__Servlet_connect_tcp_41.java
Analyzing......
Preprocessing...
processing finished
start to summarize...
Generating intra-procedural summaries...
Processing callees...
Preprocessing...
processing finished
start to summarize...
Generating intra-procedural summaries...
Processing callees...
Preprocessing...
processing finished
start to summarize...
Generating intra-procedural summaries...
Processing callees...
Preprocessing...
processing finished
start to summarize...
Generating intra-procedural summaries...
Processing callees...
Preprocessing...
processing finished
start to summarize...
Generating intra-procedural summaries...
Processing callees...
Validating......
Applying path checker with solver...
Constructing solving program...
Solver-aided path checker succeeded...
finish validate
Reporting......
Report generated!

finish report
===================================================
240  /  666 

CWE80_XSS__Servlet_connect_tcp_41 

{'input_token_cost': 6567, 'output_token_cost': 775, 'analysis_result': {'TPs': 1, 'FPs': 0}, 'ground_truth': {'TPs': 1, 'FPs': 1}, 'single time cost': 11.682569980621338} 

===================================================


Start to analyze the case  241 out of  666
/scratch/local/w.nimit/2292/LLMDFA/benchmark/juliet-test-suite-XSS_simplified/CWE80_XSS/s01/CWE80_XSS__Servlet_connect_tcp_42.java
Analyzing......
Preprocessing...
processing finished
start to summarize...
Generating intra-procedural summaries...
Processing callees...
Preprocessing...
processing finished
start to summarize...
Generating intra-procedural summaries...
Processing callees...
Preprocessing...
processing finished
start to summarize...
Generating intra-procedural summaries...
Processing callees...
Preprocessing...
processing finished
start to summarize...
Generating intra-procedural summaries...
Processing callees...
Preprocessing...
processing finished
start to summarize...
Generating intra-procedural summaries...
Processing callees...
Validating......
Applying path checker with solver...
Constructing solving program...
Solver-aided path checker succeeded...
finish validate
Reporting......
Report generated!

finish report
===================================================
241  /  666 

CWE80_XSS__Servlet_connect_tcp_42 

{'input_token_cost': 9863, 'output_token_cost': 815, 'analysis_result': {'TPs': 1, 'FPs': 0}, 'ground_truth': {'TPs': 1, 'FPs': 1}, 'single time cost': 12.400758028030396} 

===================================================


Start to analyze the case  242 out of  666
/scratch/local/w.nimit/2292/LLMDFA/benchmark/juliet-test-suite-XSS_simplified/CWE80_XSS/s01/CWE80_XSS__Servlet_connect_tcp_45.java
Analyzing......
Preprocessing...
processing finished
start to summarize...
Generating intra-procedural summaries...
Processing callees...
Preprocessing...
processing finished
start to summarize...
Generating intra-procedural summaries...
Processing callees...
Preprocessing...
processing finished
start to summarize...
Generating intra-procedural summaries...
Processing callees...
Preprocessing...
processing finished
start to summarize...
Generating intra-procedural summaries...
Processing callees...
Preprocessing...
processing finished
start to summarize...
Generating intra-procedural summaries...
Processing callees...
Validating......
Applying path checker with solver...
Constructing solving program...
Solver-aided path checker succeeded...
finish validate
Reporting......
Report generated!

finish report
===================================================
242  /  666 

CWE80_XSS__Servlet_connect_tcp_45 

{'input_token_cost': 7744, 'output_token_cost': 956, 'analysis_result': {'TPs': 1, 'FPs': 0}, 'ground_truth': {'TPs': 1, 'FPs': 1}, 'single time cost': 14.371481895446777} 

===================================================


Start to analyze the case  243 out of  666
/scratch/local/w.nimit/2292/LLMDFA/benchmark/juliet-test-suite-XSS_simplified/CWE80_XSS/s01/CWE80_XSS__Servlet_database_01.java
Analyzing......
Preprocessing...
processing finished
start to summarize...
Generating intra-procedural summaries...
Processing callees...
Preprocessing...
processing finished
start to summarize...
Generating intra-procedural summaries...
Processing callees...
Preprocessing...
processing finished
start to summarize...
Generating intra-procedural summaries...
Processing callees...
Validating......
Applying path checker with solver...
Constructing solving program...
Solver-aided path checker succeeded...
finish validate
Reporting......
Report generated!

finish report
===================================================
243  /  666 

CWE80_XSS__Servlet_database_01 

{'input_token_cost': 2217, 'output_token_cost': 253, 'analysis_result': {'TPs': 1, 'FPs': 0}, 'ground_truth': {'TPs': 1, 'FPs': 1}, 'single time cost': 3.9971325397491455} 

===================================================


Start to analyze the case  244 out of  666
/scratch/local/w.nimit/2292/LLMDFA/benchmark/juliet-test-suite-XSS_simplified/CWE80_XSS/s01/CWE80_XSS__Servlet_database_02.java
Analyzing......
Preprocessing...
processing finished
start to summarize...
Generating intra-procedural summaries...
Processing callees...
Preprocessing...
processing finished
start to summarize...
Generating intra-procedural summaries...
Processing callees...
Preprocessing...
processing finished
start to summarize...
Generating intra-procedural summaries...
Processing callees...
Preprocessing...
processing finished
start to summarize...
Generating intra-procedural summaries...
Processing callees...
Validating......
Applying path checker with solver...
Constructing solving program...
Solver-aided path checker succeeded...
finish validate
Reporting......
Report generated!

finish report
===================================================
244  /  666 

CWE80_XSS__Servlet_database_02 

{'input_token_cost': 2250, 'output_token_cost': 237, 'analysis_result': {'TPs': 1, 'FPs': 0}, 'ground_truth': {'TPs': 1, 'FPs': 2}, 'single time cost': 3.72316312789917} 

===================================================


Start to analyze the case  245 out of  666
/scratch/local/w.nimit/2292/LLMDFA/benchmark/juliet-test-suite-XSS_simplified/CWE80_XSS/s01/CWE80_XSS__Servlet_database_03.java
Analyzing......
Preprocessing...
processing finished
start to summarize...
Generating intra-procedural summaries...
Processing callees...
Preprocessing...
processing finished
start to summarize...
Generating intra-procedural summaries...
Processing callees...
Preprocessing...
processing finished
start to summarize...
Generating intra-procedural summaries...
Processing callees...
Preprocessing...
processing finished
start to summarize...
Generating intra-procedural summaries...
Processing callees...
Validating......
Applying path checker with solver...
Constructing solving program...
Constructing solving program...
Solver-aided path checker succeeded...
finish validate
Reporting......
Report generated!

finish report
===================================================
245  /  666 

CWE80_XSS__Servlet_database_03 

{'input_token_cost': 2804, 'output_token_cost': 322, 'analysis_result': {'TPs': 1, 'FPs': 0}, 'ground_truth': {'TPs': 1, 'FPs': 2}, 'single time cost': 5.128133058547974} 

===================================================


Start to analyze the case  246 out of  666
/scratch/local/w.nimit/2292/LLMDFA/benchmark/juliet-test-suite-XSS_simplified/CWE80_XSS/s01/CWE80_XSS__Servlet_database_04.java
Analyzing......
Preprocessing...
processing finished
start to summarize...
Generating intra-procedural summaries...
Processing callees...
Preprocessing...
processing finished
start to summarize...
Generating intra-procedural summaries...
Processing callees...
Preprocessing...
processing finished
start to summarize...
Generating intra-procedural summaries...
Processing callees...
Preprocessing...
processing finished
start to summarize...
Generating intra-procedural summaries...
Processing callees...
Validating......
Applying path checker with solver...
Constructing solving program...
Constructing solving program...
Solver-aided path checker succeeded...
finish validate
Reporting......
Report generated!

finish report
===================================================
246  /  666 

CWE80_XSS__Servlet_database_04 

{'input_token_cost': 2935, 'output_token_cost': 376, 'analysis_result': {'TPs': 1, 'FPs': 0}, 'ground_truth': {'TPs': 1, 'FPs': 2}, 'single time cost': 5.925774812698364} 

===================================================


Start to analyze the case  247 out of  666
/scratch/local/w.nimit/2292/LLMDFA/benchmark/juliet-test-suite-XSS_simplified/CWE80_XSS/s01/CWE80_XSS__Servlet_database_05.java
Analyzing......
Preprocessing...
processing finished
start to summarize...
Generating intra-procedural summaries...
Processing callees...
Preprocessing...
processing finished
start to summarize...
Generating intra-procedural summaries...
Processing callees...
Preprocessing...
processing finished
start to summarize...
Generating intra-procedural summaries...
Processing callees...
Preprocessing...
processing finished
start to summarize...
Generating intra-procedural summaries...
Processing callees...
Validating......
Applying path checker with solver...
Constructing solving program...
Constructing solving program...
Solver-aided path checker succeeded...
finish validate
Reporting......
Report generated!

finish report
===================================================
247  /  666 

CWE80_XSS__Servlet_database_05 

{'input_token_cost': 2910, 'output_token_cost': 359, 'analysis_result': {'TPs': 1, 'FPs': 0}, 'ground_truth': {'TPs': 1, 'FPs': 2}, 'single time cost': 5.701480865478516} 

===================================================


Start to analyze the case  248 out of  666
/scratch/local/w.nimit/2292/LLMDFA/benchmark/juliet-test-suite-XSS_simplified/CWE80_XSS/s01/CWE80_XSS__Servlet_database_06.java
Analyzing......
Preprocessing...
processing finished
start to summarize...
Generating intra-procedural summaries...
Processing callees...
Preprocessing...
processing finished
start to summarize...
Generating intra-procedural summaries...
Processing callees...
Preprocessing...
processing finished
start to summarize...
Generating intra-procedural summaries...
Processing callees...
Preprocessing...
processing finished
start to summarize...
Generating intra-procedural summaries...
Processing callees...
Validating......
Applying path checker with solver...
Constructing solving program...
Constructing solving program...
Solver-aided path checker succeeded...
finish validate
Reporting......
Report generated!

finish report
===================================================
248  /  666 

CWE80_XSS__Servlet_database_06 

{'input_token_cost': 2953, 'output_token_cost': 348, 'analysis_result': {'TPs': 1, 'FPs': 0}, 'ground_truth': {'TPs': 1, 'FPs': 2}, 'single time cost': 5.535762548446655} 

===================================================


Start to analyze the case  249 out of  666
/scratch/local/w.nimit/2292/LLMDFA/benchmark/juliet-test-suite-XSS_simplified/CWE80_XSS/s01/CWE80_XSS__Servlet_database_07.java
Analyzing......
Preprocessing...
processing finished
start to summarize...
Generating intra-procedural summaries...
Processing callees...
Preprocessing...
processing finished
start to summarize...
Generating intra-procedural summaries...
Processing callees...
Preprocessing...
processing finished
start to summarize...
Generating intra-procedural summaries...
Processing callees...
Preprocessing...
processing finished
start to summarize...
Generating intra-procedural summaries...
Processing callees...
Validating......
Applying path checker with solver...
Constructing solving program...
Constructing solving program...
Solver-aided path checker succeeded...
finish validate
Reporting......
Report generated!

finish report
===================================================
249  /  666 

CWE80_XSS__Servlet_database_07 

{'input_token_cost': 2923, 'output_token_cost': 360, 'analysis_result': {'TPs': 1, 'FPs': 0}, 'ground_truth': {'TPs': 1, 'FPs': 2}, 'single time cost': 5.707319974899292} 

===================================================


Start to analyze the case  250 out of  666
/scratch/local/w.nimit/2292/LLMDFA/benchmark/juliet-test-suite-XSS_simplified/CWE80_XSS/s01/CWE80_XSS__Servlet_database_08.java
Analyzing......
Preprocessing...
processing finished
start to summarize...
Generating intra-procedural summaries...
Processing callees...
Preprocessing...
processing finished
start to summarize...
Generating intra-procedural summaries...
Processing callees...
Preprocessing...
processing finished
start to summarize...
Generating intra-procedural summaries...
Processing callees...
Preprocessing...
processing finished
start to summarize...
Generating intra-procedural summaries...
Processing callees...
Preprocessing...
processing finished
start to summarize...
Generating intra-procedural summaries...
Processing callees...
Preprocessing...
processing finished
start to summarize...
Generating intra-procedural summaries...
Processing callees...
start to summarize...
Generating intra-procedural summaries...
Processing callees...
Validating......
Applying path checker with solver...
Constructing solving program...
Constructing solving program...
Solver-aided path checker succeeded...
finish validate
Reporting......
Report generated!

finish report
===================================================
250  /  666 

CWE80_XSS__Servlet_database_08 

{'input_token_cost': 2801, 'output_token_cost': 383, 'analysis_result': {'TPs': 1, 'FPs': 0}, 'ground_truth': {'TPs': 1, 'FPs': 2}, 'single time cost': 6.020939826965332} 

===================================================


Start to analyze the case  251 out of  666
/scratch/local/w.nimit/2292/LLMDFA/benchmark/juliet-test-suite-XSS_simplified/CWE80_XSS/s01/CWE80_XSS__Servlet_database_09.java
Analyzing......
Preprocessing...
processing finished
start to summarize...
Generating intra-procedural summaries...
Processing callees...
Preprocessing...
processing finished
start to summarize...
Generating intra-procedural summaries...
Processing callees...
Preprocessing...
processing finished
start to summarize...
Generating intra-procedural summaries...
Processing callees...
Preprocessing...
processing finished
start to summarize...
Generating intra-procedural summaries...
Processing callees...
Validating......
Applying path checker with solver...
Constructing solving program...
Constructing solving program...
Solver-aided path checker succeeded...
finish validate
Reporting......
Report generated!

finish report
===================================================
251  /  666 

CWE80_XSS__Servlet_database_09 

{'input_token_cost': 2935, 'output_token_cost': 363, 'analysis_result': {'TPs': 1, 'FPs': 0}, 'ground_truth': {'TPs': 1, 'FPs': 2}, 'single time cost': 5.756953239440918} 

===================================================


Start to analyze the case  252 out of  666
/scratch/local/w.nimit/2292/LLMDFA/benchmark/juliet-test-suite-XSS_simplified/CWE80_XSS/s01/CWE80_XSS__Servlet_database_10.java
Analyzing......
Preprocessing...
processing finished
start to summarize...
Generating intra-procedural summaries...
Processing callees...
Preprocessing...
processing finished
start to summarize...
Generating intra-procedural summaries...
Processing callees...
Preprocessing...
processing finished
start to summarize...
Generating intra-procedural summaries...
Processing callees...
Preprocessing...
processing finished
start to summarize...
Generating intra-procedural summaries...
Processing callees...
Validating......
Applying path checker with solver...
Constructing solving program...
Constructing solving program...
Solver-aided path checker succeeded...
finish validate
Reporting......
Report generated!

finish report
===================================================
252  /  666 

CWE80_XSS__Servlet_database_10 

{'input_token_cost': 2920, 'output_token_cost': 391, 'analysis_result': {'TPs': 1, 'FPs': 0}, 'ground_truth': {'TPs': 1, 'FPs': 2}, 'single time cost': 6.157337427139282} 

===================================================


Start to analyze the case  253 out of  666
/scratch/local/w.nimit/2292/LLMDFA/benchmark/juliet-test-suite-XSS_simplified/CWE80_XSS/s01/CWE80_XSS__Servlet_database_11.java
Analyzing......
Preprocessing...
processing finished
start to summarize...
Generating intra-procedural summaries...
Processing callees...
Preprocessing...
processing finished
start to summarize...
Generating intra-procedural summaries...
Processing callees...
Preprocessing...
processing finished
start to summarize...
Generating intra-procedural summaries...
Processing callees...
Preprocessing...
processing finished
start to summarize...
Generating intra-procedural summaries...
Processing callees...
Validating......
Applying path checker with solver...
Constructing solving program...
Constructing solving program...
Solver-aided path checker succeeded...
finish validate
Reporting......
Report generated!

finish report
===================================================
253  /  666 

CWE80_XSS__Servlet_database_11 

{'input_token_cost': 2809, 'output_token_cost': 401, 'analysis_result': {'TPs': 1, 'FPs': 0}, 'ground_truth': {'TPs': 1, 'FPs': 2}, 'single time cost': 6.2813801765441895} 

===================================================


Start to analyze the case  254 out of  666
/scratch/local/w.nimit/2292/LLMDFA/benchmark/juliet-test-suite-XSS_simplified/CWE80_XSS/s01/CWE80_XSS__Servlet_database_12.java
Analyzing......
Preprocessing...
processing finished
start to summarize...
Generating intra-procedural summaries...
Processing callees...
Preprocessing...
processing finished
start to summarize...
Generating intra-procedural summaries...
Processing callees...
Preprocessing...
processing finished
start to summarize...
Generating intra-procedural summaries...
Processing callees...
Validating......
Applying path checker with solver...
Constructing solving program...
Constructing solving program...
Solver-aided path checker succeeded...
finish validate
Reporting......
Report generated!

finish report
===================================================
254  /  666 

CWE80_XSS__Servlet_database_12 

{'input_token_cost': 2823, 'output_token_cost': 338, 'analysis_result': {'TPs': 1, 'FPs': 0}, 'ground_truth': {'TPs': 1, 'FPs': 1}, 'single time cost': 5.357531309127808} 

===================================================


Start to analyze the case  255 out of  666
/scratch/local/w.nimit/2292/LLMDFA/benchmark/juliet-test-suite-XSS_simplified/CWE80_XSS/s01/CWE80_XSS__Servlet_database_13.java
Analyzing......
Preprocessing...
processing finished
start to summarize...
Generating intra-procedural summaries...
Processing callees...
Preprocessing...
processing finished
start to summarize...
Generating intra-procedural summaries...
Processing callees...
Preprocessing...
processing finished
start to summarize...
Generating intra-procedural summaries...
Processing callees...
Preprocessing...
processing finished
start to summarize...
Generating intra-procedural summaries...
Processing callees...
Validating......
Applying path checker with solver...
Constructing solving program...
Constructing solving program...
Solver-aided path checker succeeded...
finish validate
Reporting......
Report generated!

finish report
===================================================
255  /  666 

CWE80_XSS__Servlet_database_13 

{'input_token_cost': 2953, 'output_token_cost': 392, 'analysis_result': {'TPs': 1, 'FPs': 0}, 'ground_truth': {'TPs': 1, 'FPs': 2}, 'single time cost': 6.180051565170288} 

===================================================


Start to analyze the case  256 out of  666
/scratch/local/w.nimit/2292/LLMDFA/benchmark/juliet-test-suite-XSS_simplified/CWE80_XSS/s01/CWE80_XSS__Servlet_database_14.java
Analyzing......
Preprocessing...
processing finished
start to summarize...
Generating intra-procedural summaries...
Processing callees...
Preprocessing...
processing finished
start to summarize...
Generating intra-procedural summaries...
Processing callees...
Preprocessing...
processing finished
start to summarize...
Generating intra-procedural summaries...
Processing callees...
Preprocessing...
processing finished
start to summarize...
Generating intra-procedural summaries...
Processing callees...
Validating......
Applying path checker with solver...
Constructing solving program...
Constructing solving program...
Solver-aided path checker succeeded...
finish validate
Reporting......
Report generated!

finish report
===================================================
256  /  666 

CWE80_XSS__Servlet_database_14 

{'input_token_cost': 2933, 'output_token_cost': 368, 'analysis_result': {'TPs': 1, 'FPs': 0}, 'ground_truth': {'TPs': 1, 'FPs': 2}, 'single time cost': 5.817281484603882} 

===================================================


Start to analyze the case  257 out of  666
/scratch/local/w.nimit/2292/LLMDFA/benchmark/juliet-test-suite-XSS_simplified/CWE80_XSS/s01/CWE80_XSS__Servlet_database_15.java
Analyzing......
Preprocessing...
processing finished
start to summarize...
Generating intra-procedural summaries...
Processing callees...
Preprocessing...
processing finished
start to summarize...
Generating intra-procedural summaries...
Processing callees...
Preprocessing...
processing finished
start to summarize...
Generating intra-procedural summaries...
Processing callees...
Preprocessing...
processing finished
start to summarize...
Generating intra-procedural summaries...
Processing callees...
Validating......
Applying path checker with solver...
Constructing solving program...
Solver-aided path checker succeeded...
finish validate
Reporting......
Report generated!

finish report
===================================================
257  /  666 

CWE80_XSS__Servlet_database_15 

{'input_token_cost': 2269, 'output_token_cost': 250, 'analysis_result': {'TPs': 1, 'FPs': 0}, 'ground_truth': {'TPs': 1, 'FPs': 2}, 'single time cost': 3.9229514598846436} 

===================================================


Start to analyze the case  258 out of  666
/scratch/local/w.nimit/2292/LLMDFA/benchmark/juliet-test-suite-XSS_simplified/CWE80_XSS/s01/CWE80_XSS__Servlet_database_16.java
Analyzing......
Preprocessing...
processing finished
start to summarize...
Generating intra-procedural summaries...
Processing callees...
Preprocessing...
processing finished
start to summarize...
Generating intra-procedural summaries...
Processing callees...
Preprocessing...
processing finished
start to summarize...
Generating intra-procedural summaries...
Processing callees...
Validating......
Applying path checker with solver...
Constructing solving program...
Solver-aided path checker succeeded...
finish validate
Reporting......
Report generated!

finish report
===================================================
258  /  666 

CWE80_XSS__Servlet_database_16 

{'input_token_cost': 2225, 'output_token_cost': 232, 'analysis_result': {'TPs': 1, 'FPs': 0}, 'ground_truth': {'TPs': 1, 'FPs': 1}, 'single time cost': 3.629115104675293} 

===================================================


Start to analyze the case  259 out of  666
/scratch/local/w.nimit/2292/LLMDFA/benchmark/juliet-test-suite-XSS_simplified/CWE80_XSS/s01/CWE80_XSS__Servlet_database_17.java
Analyzing......
Preprocessing...
processing finished
start to summarize...
Generating intra-procedural summaries...
Processing callees...
Preprocessing...
processing finished
start to summarize...
Generating intra-procedural summaries...
Processing callees...
Preprocessing...
processing finished
start to summarize...
Generating intra-procedural summaries...
Processing callees...
Validating......
Applying path checker with solver...
Constructing solving program...
Solver-aided path checker succeeded...
finish validate
Reporting......
Report generated!

finish report
===================================================
259  /  666 

CWE80_XSS__Servlet_database_17 

{'input_token_cost': 2244, 'output_token_cost': 282, 'analysis_result': {'TPs': 1, 'FPs': 0}, 'ground_truth': {'TPs': 1, 'FPs': 1}, 'single time cost': 4.319643020629883} 

===================================================


Start to analyze the case  260 out of  666
/scratch/local/w.nimit/2292/LLMDFA/benchmark/juliet-test-suite-XSS_simplified/CWE80_XSS/s01/CWE80_XSS__Servlet_database_21.java
Analyzing......
Preprocessing...
processing finished
start to summarize...
Generating intra-procedural summaries...
Processing callees...
Preprocessing...
processing finished
start to summarize...
Generating intra-procedural summaries...
Processing callees...
Preprocessing...
processing finished
start to summarize...
Generating intra-procedural summaries...
Processing callees...
Preprocessing...
processing finished
start to summarize...
Generating intra-procedural summaries...
Processing callees...
Preprocessing...
processing finished
start to summarize...
Generating intra-procedural summaries...
Processing callees...
Preprocessing...
processing finished
start to summarize...
Generating intra-procedural summaries...
Processing callees...
Preprocessing...
processing finished
start to summarize...
Generating intra-procedural summaries...
Processing callees...
Validating......
Applying path checker with solver...
Constructing solving program...
Constructing solving program...
Solver-aided path checker succeeded...
finish validate
Reporting......
Report generated!

finish report
===================================================
260  /  666 

CWE80_XSS__Servlet_database_21 

{'input_token_cost': 17722, 'output_token_cost': 1590, 'analysis_result': {'TPs': 1, 'FPs': 0}, 'ground_truth': {'TPs': 1, 'FPs': 2}, 'single time cost': 24.083208322525024} 

===================================================


Start to analyze the case  261 out of  666
/scratch/local/w.nimit/2292/LLMDFA/benchmark/juliet-test-suite-XSS_simplified/CWE80_XSS/s01/CWE80_XSS__Servlet_database_31.java
Analyzing......
Preprocessing...
processing finished
start to summarize...
Generating intra-procedural summaries...
Processing callees...
Preprocessing...
processing finished
start to summarize...
Generating intra-procedural summaries...
Processing callees...
Preprocessing...
processing finished
start to summarize...
Generating intra-procedural summaries...
Processing callees...
Validating......
Applying path checker with solver...
Constructing solving program...
Solver-aided path checker succeeded...
finish validate
Reporting......
Report generated!

finish report
===================================================
261  /  666 

CWE80_XSS__Servlet_database_31 

{'input_token_cost': 2276, 'output_token_cost': 230, 'analysis_result': {'TPs': 1, 'FPs': 0}, 'ground_truth': {'TPs': 1, 'FPs': 1}, 'single time cost': 3.614769220352173} 

===================================================


Start to analyze the case  262 out of  666
/scratch/local/w.nimit/2292/LLMDFA/benchmark/juliet-test-suite-XSS_simplified/CWE80_XSS/s01/CWE80_XSS__Servlet_database_41.java
Analyzing......
Preprocessing...
processing finished
start to summarize...
Generating intra-procedural summaries...
Processing callees...
Preprocessing...
processing finished
start to summarize...
Generating intra-procedural summaries...
Processing callees...
Preprocessing...
processing finished
start to summarize...
Generating intra-procedural summaries...
Processing callees...
Preprocessing...
processing finished
start to summarize...
Generating intra-procedural summaries...
Processing callees...
Preprocessing...
processing finished
start to summarize...
Generating intra-procedural summaries...
Processing callees...
Validating......
Applying path checker with solver...
Constructing solving program...
Solver-aided path checker succeeded...
finish validate
Reporting......
Report generated!

finish report
===================================================
262  /  666 

CWE80_XSS__Servlet_database_41 

{'input_token_cost': 7617, 'output_token_cost': 733, 'analysis_result': {'TPs': 1, 'FPs': 0}, 'ground_truth': {'TPs': 1, 'FPs': 1}, 'single time cost': 11.066436052322388} 

===================================================


Start to analyze the case  263 out of  666
/scratch/local/w.nimit/2292/LLMDFA/benchmark/juliet-test-suite-XSS_simplified/CWE80_XSS/s01/CWE80_XSS__Servlet_database_42.java
Analyzing......
Preprocessing...
processing finished
start to summarize...
Generating intra-procedural summaries...
Processing callees...
Preprocessing...
processing finished
start to summarize...
Generating intra-procedural summaries...
Processing callees...
Preprocessing...
processing finished
start to summarize...
Generating intra-procedural summaries...
Processing callees...
Preprocessing...
processing finished
start to summarize...
Generating intra-procedural summaries...
Processing callees...
Preprocessing...
processing finished
start to summarize...
Generating intra-procedural summaries...
Processing callees...
Validating......
Applying path checker with solver...
Constructing solving program...
Solver-aided path checker succeeded...
finish validate
Reporting......
Report generated!

finish report
===================================================
263  /  666 

CWE80_XSS__Servlet_database_42 

{'input_token_cost': 9793, 'output_token_cost': 734, 'analysis_result': {'TPs': 1, 'FPs': 0}, 'ground_truth': {'TPs': 1, 'FPs': 1}, 'single time cost': 11.183733701705933} 

===================================================


Start to analyze the case  264 out of  666
/scratch/local/w.nimit/2292/LLMDFA/benchmark/juliet-test-suite-XSS_simplified/CWE80_XSS/s01/CWE80_XSS__Servlet_database_45.java
Analyzing......
Preprocessing...
processing finished
start to summarize...
Generating intra-procedural summaries...
Processing callees...
Preprocessing...
processing finished
start to summarize...
Generating intra-procedural summaries...
Processing callees...
Preprocessing...
processing finished
start to summarize...
Generating intra-procedural summaries...
Processing callees...
Preprocessing...
processing finished
start to summarize...
Generating intra-procedural summaries...
Processing callees...
Preprocessing...
processing finished
start to summarize...
Generating intra-procedural summaries...
Processing callees...
Validating......
Applying path checker with solver...
Constructing solving program...
Solver-aided path checker succeeded...
finish validate
Reporting......
Report generated!

finish report
===================================================
264  /  666 

CWE80_XSS__Servlet_database_45 

{'input_token_cost': 7675, 'output_token_cost': 860, 'analysis_result': {'TPs': 1, 'FPs': 0}, 'ground_truth': {'TPs': 1, 'FPs': 1}, 'single time cost': 12.940711975097656} 

===================================================


Start to analyze the case  265 out of  666
/scratch/local/w.nimit/2292/LLMDFA/benchmark/juliet-test-suite-XSS_simplified/CWE80_XSS/s01/CWE80_XSS__Servlet_getCookies_Servlet_01.java
Analyzing......
Preprocessing...
processing finished
start to summarize...
Generating intra-procedural summaries...
Processing callees...
Preprocessing...
processing finished
start to summarize...
Generating intra-procedural summaries...
Processing callees...
Preprocessing...
processing finished
start to summarize...
Generating intra-procedural summaries...
Processing callees...
Validating......
Applying path checker with solver...
Constructing solving program...
Solver-aided path checker succeeded...
finish validate
Reporting......
Report generated!

finish report
===================================================
265  /  666 

CWE80_XSS__Servlet_getCookies_Servlet_01 

{'input_token_cost': 1770, 'output_token_cost': 229, 'analysis_result': {'TPs': 1, 'FPs': 0}, 'ground_truth': {'TPs': 1, 'FPs': 1}, 'single time cost': 3.5688416957855225} 

===================================================


Start to analyze the case  266 out of  666
/scratch/local/w.nimit/2292/LLMDFA/benchmark/juliet-test-suite-XSS_simplified/CWE80_XSS/s01/CWE80_XSS__Servlet_getCookies_Servlet_02.java
Analyzing......
Preprocessing...
processing finished
start to summarize...
Generating intra-procedural summaries...
Processing callees...
Preprocessing...
processing finished
start to summarize...
Generating intra-procedural summaries...
Processing callees...
Preprocessing...
processing finished
start to summarize...
Generating intra-procedural summaries...
Processing callees...
Preprocessing...
processing finished
start to summarize...
Generating intra-procedural summaries...
Processing callees...
Validating......
Applying path checker with solver...
Constructing solving program...
Solver-aided path checker succeeded...
finish validate
Reporting......
Report generated!

finish report
===================================================
266  /  666 

CWE80_XSS__Servlet_getCookies_Servlet_02 

{'input_token_cost': 1818, 'output_token_cost': 229, 'analysis_result': {'TPs': 1, 'FPs': 0}, 'ground_truth': {'TPs': 1, 'FPs': 2}, 'single time cost': 3.577186107635498} 

===================================================


Start to analyze the case  267 out of  666
/scratch/local/w.nimit/2292/LLMDFA/benchmark/juliet-test-suite-XSS_simplified/CWE80_XSS/s01/CWE80_XSS__Servlet_getCookies_Servlet_03.java
Analyzing......
Preprocessing...
processing finished
start to summarize...
Generating intra-procedural summaries...
Processing callees...
Preprocessing...
processing finished
start to summarize...
Generating intra-procedural summaries...
Processing callees...
Preprocessing...
processing finished
start to summarize...
Generating intra-procedural summaries...
Processing callees...
Preprocessing...
processing finished
start to summarize...
Generating intra-procedural summaries...
Processing callees...
Validating......
Applying path checker with solver...
Constructing solving program...
Constructing solving program...
Solver-aided path checker succeeded...
finish validate
Reporting......
Report generated!

finish report
===================================================
267  /  666 

CWE80_XSS__Servlet_getCookies_Servlet_03 

{'input_token_cost': 2369, 'output_token_cost': 326, 'analysis_result': {'TPs': 1, 'FPs': 0}, 'ground_truth': {'TPs': 1, 'FPs': 2}, 'single time cost': 5.1401143074035645} 

===================================================


Start to analyze the case  268 out of  666
/scratch/local/w.nimit/2292/LLMDFA/benchmark/juliet-test-suite-XSS_simplified/CWE80_XSS/s01/CWE80_XSS__Servlet_getCookies_Servlet_04.java
Analyzing......
Preprocessing...
processing finished
start to summarize...
Generating intra-procedural summaries...
Processing callees...
Preprocessing...
processing finished
start to summarize...
Generating intra-procedural summaries...
Processing callees...
Preprocessing...
processing finished
start to summarize...
Generating intra-procedural summaries...
Processing callees...
Preprocessing...
processing finished
start to summarize...
Generating intra-procedural summaries...
Processing callees...
Validating......
Applying path checker with solver...
Constructing solving program...
Constructing solving program...
Solver-aided path checker succeeded...
finish validate
Reporting......
Report generated!

finish report
===================================================
268  /  666 

CWE80_XSS__Servlet_getCookies_Servlet_04 

{'input_token_cost': 2499, 'output_token_cost': 397, 'analysis_result': {'TPs': 1, 'FPs': 0}, 'ground_truth': {'TPs': 1, 'FPs': 2}, 'single time cost': 6.18323826789856} 

===================================================


Start to analyze the case  269 out of  666
/scratch/local/w.nimit/2292/LLMDFA/benchmark/juliet-test-suite-XSS_simplified/CWE80_XSS/s01/CWE80_XSS__Servlet_getCookies_Servlet_05.java
Analyzing......
Preprocessing...
processing finished
start to summarize...
Generating intra-procedural summaries...
Processing callees...
Preprocessing...
processing finished
start to summarize...
Generating intra-procedural summaries...
Processing callees...
Preprocessing...
processing finished
start to summarize...
Generating intra-procedural summaries...
Processing callees...
Preprocessing...
processing finished
start to summarize...
Generating intra-procedural summaries...
Processing callees...
Validating......
Applying path checker with solver...
Constructing solving program...
Constructing solving program...
Solver-aided path checker succeeded...
finish validate
Reporting......
Report generated!

finish report
===================================================
269  /  666 

CWE80_XSS__Servlet_getCookies_Servlet_05 

{'input_token_cost': 2474, 'output_token_cost': 353, 'analysis_result': {'TPs': 1, 'FPs': 0}, 'ground_truth': {'TPs': 1, 'FPs': 2}, 'single time cost': 5.541011095046997} 

===================================================


Start to analyze the case  270 out of  666
/scratch/local/w.nimit/2292/LLMDFA/benchmark/juliet-test-suite-XSS_simplified/CWE80_XSS/s01/CWE80_XSS__Servlet_getCookies_Servlet_06.java
Analyzing......
Preprocessing...
processing finished
start to summarize...
Generating intra-procedural summaries...
Processing callees...
Preprocessing...
processing finished
start to summarize...
Generating intra-procedural summaries...
Processing callees...
Preprocessing...
processing finished
start to summarize...
Generating intra-procedural summaries...
Processing callees...
Preprocessing...
processing finished
start to summarize...
Generating intra-procedural summaries...
Processing callees...
Validating......
Applying path checker with solver...
Constructing solving program...
Constructing solving program...
Solver-aided path checker succeeded...
finish validate
Reporting......
Report generated!

finish report
===================================================
270  /  666 

CWE80_XSS__Servlet_getCookies_Servlet_06 

{'input_token_cost': 2517, 'output_token_cost': 352, 'analysis_result': {'TPs': 1, 'FPs': 0}, 'ground_truth': {'TPs': 1, 'FPs': 2}, 'single time cost': 5.536296844482422} 

===================================================


Start to analyze the case  271 out of  666
/scratch/local/w.nimit/2292/LLMDFA/benchmark/juliet-test-suite-XSS_simplified/CWE80_XSS/s01/CWE80_XSS__Servlet_getCookies_Servlet_07.java
Analyzing......
Preprocessing...
processing finished
start to summarize...
Generating intra-procedural summaries...
Processing callees...
Preprocessing...
processing finished
start to summarize...
Generating intra-procedural summaries...
Processing callees...
Preprocessing...
processing finished
start to summarize...
Generating intra-procedural summaries...
Processing callees...
Preprocessing...
processing finished
start to summarize...
Generating intra-procedural summaries...
Processing callees...
Validating......
Applying path checker with solver...
Constructing solving program...
Constructing solving program...
Solver-aided path checker succeeded...
finish validate
Reporting......
Report generated!

finish report
===================================================
271  /  666 

CWE80_XSS__Servlet_getCookies_Servlet_07 

{'input_token_cost': 2487, 'output_token_cost': 325, 'analysis_result': {'TPs': 1, 'FPs': 0}, 'ground_truth': {'TPs': 1, 'FPs': 2}, 'single time cost': 5.133299112319946} 

===================================================


Start to analyze the case  272 out of  666
/scratch/local/w.nimit/2292/LLMDFA/benchmark/juliet-test-suite-XSS_simplified/CWE80_XSS/s01/CWE80_XSS__Servlet_getCookies_Servlet_08.java
Analyzing......
Preprocessing...
processing finished
start to summarize...
Generating intra-procedural summaries...
Processing callees...
Preprocessing...
processing finished
start to summarize...
Generating intra-procedural summaries...
Processing callees...
Preprocessing...
processing finished
start to summarize...
Generating intra-procedural summaries...
Processing callees...
Preprocessing...
processing finished
start to summarize...
Generating intra-procedural summaries...
Processing callees...
Preprocessing...
processing finished
start to summarize...
Generating intra-procedural summaries...
Processing callees...
Preprocessing...
processing finished
start to summarize...
Generating intra-procedural summaries...
Processing callees...
start to summarize...
Generating intra-procedural summaries...
Processing callees...
Validating......
Applying path checker with solver...
Constructing solving program...
Constructing solving program...
Solver-aided path checker succeeded...
finish validate
Reporting......
Report generated!

finish report
===================================================
272  /  666 

CWE80_XSS__Servlet_getCookies_Servlet_08 

{'input_token_cost': 2366, 'output_token_cost': 348, 'analysis_result': {'TPs': 1, 'FPs': 0}, 'ground_truth': {'TPs': 1, 'FPs': 2}, 'single time cost': 5.459784507751465} 

===================================================


Start to analyze the case  273 out of  666
/scratch/local/w.nimit/2292/LLMDFA/benchmark/juliet-test-suite-XSS_simplified/CWE80_XSS/s01/CWE80_XSS__Servlet_getCookies_Servlet_09.java
Analyzing......
Preprocessing...
processing finished
start to summarize...
Generating intra-procedural summaries...
Processing callees...
Preprocessing...
processing finished
start to summarize...
Generating intra-procedural summaries...
Processing callees...
Preprocessing...
processing finished
start to summarize...
Generating intra-procedural summaries...
Processing callees...
Preprocessing...
processing finished
start to summarize...
Generating intra-procedural summaries...
Processing callees...
Validating......
Applying path checker with solver...
Constructing solving program...
Constructing solving program...
Solver-aided path checker succeeded...
finish validate
Reporting......
Report generated!

finish report
===================================================
273  /  666 

CWE80_XSS__Servlet_getCookies_Servlet_09 

{'input_token_cost': 2499, 'output_token_cost': 349, 'analysis_result': {'TPs': 1, 'FPs': 0}, 'ground_truth': {'TPs': 1, 'FPs': 2}, 'single time cost': 5.4964210987091064} 

===================================================


Start to analyze the case  274 out of  666
/scratch/local/w.nimit/2292/LLMDFA/benchmark/juliet-test-suite-XSS_simplified/CWE80_XSS/s01/CWE80_XSS__Servlet_getCookies_Servlet_10.java
Analyzing......
Preprocessing...
processing finished
start to summarize...
Generating intra-procedural summaries...
Processing callees...
Preprocessing...
processing finished
start to summarize...
Generating intra-procedural summaries...
Processing callees...
Preprocessing...
processing finished
start to summarize...
Generating intra-procedural summaries...
Processing callees...
Preprocessing...
processing finished
start to summarize...
Generating intra-procedural summaries...
Processing callees...
Validating......
Applying path checker with solver...
Constructing solving program...
Constructing solving program...
Solver-aided path checker succeeded...
finish validate
Reporting......
Report generated!

finish report
===================================================
274  /  666 

CWE80_XSS__Servlet_getCookies_Servlet_10 

{'input_token_cost': 2484, 'output_token_cost': 387, 'analysis_result': {'TPs': 1, 'FPs': 0}, 'ground_truth': {'TPs': 1, 'FPs': 2}, 'single time cost': 6.050104856491089} 

===================================================


Start to analyze the case  275 out of  666
/scratch/local/w.nimit/2292/LLMDFA/benchmark/juliet-test-suite-XSS_simplified/CWE80_XSS/s01/CWE80_XSS__Servlet_getCookies_Servlet_11.java
Analyzing......
Preprocessing...
processing finished
start to summarize...
Generating intra-procedural summaries...
Processing callees...
Preprocessing...
processing finished
start to summarize...
Generating intra-procedural summaries...
Processing callees...
Preprocessing...
processing finished
start to summarize...
Generating intra-procedural summaries...
Processing callees...
Preprocessing...
processing finished
start to summarize...
Generating intra-procedural summaries...
Processing callees...
Validating......
Applying path checker with solver...
Constructing solving program...
Constructing solving program...
Refining solving program...
Solver-aided path checker succeeded...
finish validate
Reporting......
Report generated!

finish report
===================================================
275  /  666 

CWE80_XSS__Servlet_getCookies_Servlet_11 

{'input_token_cost': 2691, 'output_token_cost': 650, 'analysis_result': {'TPs': 1, 'FPs': 0}, 'ground_truth': {'TPs': 1, 'FPs': 2}, 'single time cost': 9.990778923034668} 

===================================================


Start to analyze the case  276 out of  666
/scratch/local/w.nimit/2292/LLMDFA/benchmark/juliet-test-suite-XSS_simplified/CWE80_XSS/s01/CWE80_XSS__Servlet_getCookies_Servlet_12.java
Analyzing......
Preprocessing...
processing finished
start to summarize...
Generating intra-procedural summaries...
Processing callees...
Preprocessing...
processing finished
start to summarize...
Generating intra-procedural summaries...
Processing callees...
Preprocessing...
processing finished
start to summarize...
Generating intra-procedural summaries...
Processing callees...
Validating......
finish validate
Reporting......
Report generated!

finish report
===================================================
276  /  666 

CWE80_XSS__Servlet_getCookies_Servlet_12 

{'input_token_cost': 1283, 'output_token_cost': 216, 'analysis_result': {'TPs': 0, 'FPs': 0}, 'ground_truth': {'TPs': 1, 'FPs': 1}, 'single time cost': 3.240630865097046} 

===================================================


Start to analyze the case  277 out of  666
/scratch/local/w.nimit/2292/LLMDFA/benchmark/juliet-test-suite-XSS_simplified/CWE80_XSS/s01/CWE80_XSS__Servlet_getCookies_Servlet_13.java
Analyzing......
Preprocessing...
processing finished
start to summarize...
Generating intra-procedural summaries...
Processing callees...
Preprocessing...
processing finished
start to summarize...
Generating intra-procedural summaries...
Processing callees...
Preprocessing...
processing finished
start to summarize...
Generating intra-procedural summaries...
Processing callees...
Preprocessing...
processing finished
start to summarize...
Generating intra-procedural summaries...
Processing callees...
Validating......
Applying path checker with solver...
Constructing solving program...
Constructing solving program...
Solver-aided path checker succeeded...
finish validate
Reporting......
Report generated!

finish report
===================================================
277  /  666 

CWE80_XSS__Servlet_getCookies_Servlet_13 

{'input_token_cost': 2517, 'output_token_cost': 357, 'analysis_result': {'TPs': 1, 'FPs': 0}, 'ground_truth': {'TPs': 1, 'FPs': 2}, 'single time cost': 5.60827898979187} 

===================================================


Start to analyze the case  278 out of  666
/scratch/local/w.nimit/2292/LLMDFA/benchmark/juliet-test-suite-XSS_simplified/CWE80_XSS/s01/CWE80_XSS__Servlet_getCookies_Servlet_14.java
Analyzing......
Preprocessing...
processing finished
start to summarize...
Generating intra-procedural summaries...
Processing callees...
Preprocessing...
processing finished
start to summarize...
Generating intra-procedural summaries...
Processing callees...
Preprocessing...
processing finished
start to summarize...
Generating intra-procedural summaries...
Processing callees...
Preprocessing...
processing finished
start to summarize...
Generating intra-procedural summaries...
Processing callees...
Validating......
Applying path checker with solver...
Constructing solving program...
Constructing solving program...
Solver-aided path checker succeeded...
finish validate
Reporting......
Report generated!

finish report
===================================================
278  /  666 

CWE80_XSS__Servlet_getCookies_Servlet_14 

{'input_token_cost': 2497, 'output_token_cost': 425, 'analysis_result': {'TPs': 1, 'FPs': 0}, 'ground_truth': {'TPs': 1, 'FPs': 2}, 'single time cost': 6.606588363647461} 

===================================================


Start to analyze the case  279 out of  666
/scratch/local/w.nimit/2292/LLMDFA/benchmark/juliet-test-suite-XSS_simplified/CWE80_XSS/s01/CWE80_XSS__Servlet_getCookies_Servlet_15.java
Analyzing......
Preprocessing...
processing finished
start to summarize...
Generating intra-procedural summaries...
Processing callees...
Preprocessing...
processing finished
start to summarize...
Generating intra-procedural summaries...
Processing callees...
Preprocessing...
processing finished
start to summarize...
Generating intra-procedural summaries...
Processing callees...
Preprocessing...
processing finished
start to summarize...
Generating intra-procedural summaries...
Processing callees...
Validating......
Applying path checker with solver...
Constructing solving program...
Solver-aided path checker succeeded...
finish validate
Reporting......
Report generated!

finish report
===================================================
279  /  666 

CWE80_XSS__Servlet_getCookies_Servlet_15 

{'input_token_cost': 1838, 'output_token_cost': 223, 'analysis_result': {'TPs': 1, 'FPs': 0}, 'ground_truth': {'TPs': 1, 'FPs': 2}, 'single time cost': 3.5286242961883545} 

===================================================


Start to analyze the case  280 out of  666
/scratch/local/w.nimit/2292/LLMDFA/benchmark/juliet-test-suite-XSS_simplified/CWE80_XSS/s01/CWE80_XSS__Servlet_getCookies_Servlet_16.java
Analyzing......
Preprocessing...
processing finished
start to summarize...
Generating intra-procedural summaries...
Processing callees...
Preprocessing...
processing finished
start to summarize...
Generating intra-procedural summaries...
Processing callees...
Preprocessing...
processing finished
start to summarize...
Generating intra-procedural summaries...
Processing callees...
Validating......
Applying path checker with solver...
Constructing solving program...
Solver-aided path checker succeeded...
finish validate
Reporting......
Report generated!

finish report
===================================================
280  /  666 

CWE80_XSS__Servlet_getCookies_Servlet_16 

{'input_token_cost': 1794, 'output_token_cost': 242, 'analysis_result': {'TPs': 1, 'FPs': 0}, 'ground_truth': {'TPs': 1, 'FPs': 1}, 'single time cost': 3.763444662094116} 

===================================================


Start to analyze the case  281 out of  666
/scratch/local/w.nimit/2292/LLMDFA/benchmark/juliet-test-suite-XSS_simplified/CWE80_XSS/s01/CWE80_XSS__Servlet_getCookies_Servlet_17.java
Analyzing......
Preprocessing...
processing finished
start to summarize...
Generating intra-procedural summaries...
Processing callees...
Preprocessing...
processing finished
start to summarize...
Generating intra-procedural summaries...
Processing callees...
Preprocessing...
processing finished
start to summarize...
Generating intra-procedural summaries...
Processing callees...
Validating......
Applying path checker with solver...
Constructing solving program...
Solver-aided path checker succeeded...
finish validate
Reporting......
Report generated!

finish report
===================================================
281  /  666 

CWE80_XSS__Servlet_getCookies_Servlet_17 

{'input_token_cost': 1797, 'output_token_cost': 204, 'analysis_result': {'TPs': 1, 'FPs': 0}, 'ground_truth': {'TPs': 1, 'FPs': 1}, 'single time cost': 3.2003870010375977} 

===================================================


Start to analyze the case  282 out of  666
/scratch/local/w.nimit/2292/LLMDFA/benchmark/juliet-test-suite-XSS_simplified/CWE80_XSS/s01/CWE80_XSS__Servlet_getCookies_Servlet_21.java
Analyzing......
Preprocessing...
processing finished
start to summarize...
Generating intra-procedural summaries...
Processing callees...
Preprocessing...
processing finished
start to summarize...
Generating intra-procedural summaries...
Processing callees...
Preprocessing...
processing finished
start to summarize...
Generating intra-procedural summaries...
Processing callees...
Preprocessing...
processing finished
start to summarize...
Generating intra-procedural summaries...
Processing callees...
Preprocessing...
processing finished
start to summarize...
Generating intra-procedural summaries...
Processing callees...
Preprocessing...
processing finished
start to summarize...
Generating intra-procedural summaries...
Processing callees...
Preprocessing...
processing finished
start to summarize...
Generating intra-procedural summaries...
Processing callees...
Validating......
Applying path checker with solver...
Constructing solving program...
Constructing solving program...
Solver-aided path checker succeeded...
finish validate
Reporting......
Report generated!

finish report
===================================================
282  /  666 

CWE80_XSS__Servlet_getCookies_Servlet_21 

{'input_token_cost': 16421, 'output_token_cost': 1593, 'analysis_result': {'TPs': 1, 'FPs': 0}, 'ground_truth': {'TPs': 1, 'FPs': 2}, 'single time cost': 24.15949821472168} 

===================================================


Start to analyze the case  283 out of  666
/scratch/local/w.nimit/2292/LLMDFA/benchmark/juliet-test-suite-XSS_simplified/CWE80_XSS/s01/CWE80_XSS__Servlet_getCookies_Servlet_31.java
Analyzing......
Preprocessing...
processing finished
start to summarize...
Generating intra-procedural summaries...
Processing callees...
Preprocessing...
processing finished
start to summarize...
Generating intra-procedural summaries...
Processing callees...
Preprocessing...
processing finished
start to summarize...
Generating intra-procedural summaries...
Processing callees...
Validating......
Applying path checker with solver...
Constructing solving program...
Solver-aided path checker succeeded...
finish validate
Reporting......
Report generated!

finish report
===================================================
283  /  666 

CWE80_XSS__Servlet_getCookies_Servlet_31 

{'input_token_cost': 1830, 'output_token_cost': 205, 'analysis_result': {'TPs': 1, 'FPs': 0}, 'ground_truth': {'TPs': 1, 'FPs': 1}, 'single time cost': 3.1966843605041504} 

===================================================


Start to analyze the case  284 out of  666
/scratch/local/w.nimit/2292/LLMDFA/benchmark/juliet-test-suite-XSS_simplified/CWE80_XSS/s01/CWE80_XSS__Servlet_getCookies_Servlet_41.java
Analyzing......
Preprocessing...
processing finished
start to summarize...
Generating intra-procedural summaries...
Processing callees...
Preprocessing...
processing finished
start to summarize...
Generating intra-procedural summaries...
Processing callees...
Preprocessing...
processing finished
start to summarize...
Generating intra-procedural summaries...
Processing callees...
Preprocessing...
processing finished
start to summarize...
Generating intra-procedural summaries...
Processing callees...
Preprocessing...
processing finished
start to summarize...
Generating intra-procedural summaries...
Processing callees...
Validating......
Applying path checker with solver...
Constructing solving program...
Solver-aided path checker succeeded...
finish validate
Reporting......
Report generated!

finish report
===================================================
284  /  666 

CWE80_XSS__Servlet_getCookies_Servlet_41 

{'input_token_cost': 6276, 'output_token_cost': 800, 'analysis_result': {'TPs': 1, 'FPs': 0}, 'ground_truth': {'TPs': 1, 'FPs': 1}, 'single time cost': 12.022406578063965} 

===================================================


Start to analyze the case  285 out of  666
/scratch/local/w.nimit/2292/LLMDFA/benchmark/juliet-test-suite-XSS_simplified/CWE80_XSS/s01/CWE80_XSS__Servlet_getCookies_Servlet_42.java
Analyzing......
Preprocessing...
processing finished
start to summarize...
Generating intra-procedural summaries...
Processing callees...
Preprocessing...
processing finished
start to summarize...
Generating intra-procedural summaries...
Processing callees...
Preprocessing...
processing finished
start to summarize...
Generating intra-procedural summaries...
Processing callees...
Preprocessing...
processing finished
start to summarize...
Generating intra-procedural summaries...
Processing callees...
Preprocessing...
processing finished
start to summarize...
Generating intra-procedural summaries...
Processing callees...
Validating......
Applying path checker with solver...
Constructing solving program...
Solver-aided path checker succeeded...
finish validate
Reporting......
Report generated!

finish report
===================================================
285  /  666 

CWE80_XSS__Servlet_getCookies_Servlet_42 

{'input_token_cost': 8446, 'output_token_cost': 731, 'analysis_result': {'TPs': 1, 'FPs': 0}, 'ground_truth': {'TPs': 1, 'FPs': 1}, 'single time cost': 11.069161653518677} 

===================================================


Start to analyze the case  286 out of  666
/scratch/local/w.nimit/2292/LLMDFA/benchmark/juliet-test-suite-XSS_simplified/CWE80_XSS/s01/CWE80_XSS__Servlet_getCookies_Servlet_45.java
Analyzing......
Preprocessing...
processing finished
start to summarize...
Generating intra-procedural summaries...
Processing callees...
Preprocessing...
processing finished
start to summarize...
Generating intra-procedural summaries...
Processing callees...
Preprocessing...
processing finished
start to summarize...
Generating intra-procedural summaries...
Processing callees...
Preprocessing...
processing finished
start to summarize...
Generating intra-procedural summaries...
Processing callees...
Preprocessing...
processing finished
start to summarize...
Generating intra-procedural summaries...
Processing callees...
Validating......
Applying path checker with solver...
Constructing solving program...
Solver-aided path checker succeeded...
finish validate
Reporting......
Report generated!

finish report
===================================================
286  /  666 

CWE80_XSS__Servlet_getCookies_Servlet_45 

{'input_token_cost': 6334, 'output_token_cost': 756, 'analysis_result': {'TPs': 1, 'FPs': 0}, 'ground_truth': {'TPs': 1, 'FPs': 1}, 'single time cost': 11.38696575164795} 

===================================================


Start to analyze the case  287 out of  666
/scratch/local/w.nimit/2292/LLMDFA/benchmark/juliet-test-suite-XSS_simplified/CWE80_XSS/s01/CWE80_XSS__Servlet_getParameter_Servlet_01.java
Analyzing......
Preprocessing...
processing finished
start to summarize...
Generating intra-procedural summaries...
Processing callees...
Preprocessing...
processing finished
start to summarize...
Generating intra-procedural summaries...
Processing callees...
Preprocessing...
processing finished
start to summarize...
Generating intra-procedural summaries...
Processing callees...
Validating......
Applying path checker with solver...
Constructing solving program...
Solver-aided path checker succeeded...
finish validate
Reporting......
Report generated!

finish report
===================================================
287  /  666 

CWE80_XSS__Servlet_getParameter_Servlet_01 

{'input_token_cost': 1694, 'output_token_cost': 241, 'analysis_result': {'TPs': 1, 'FPs': 0}, 'ground_truth': {'TPs': 1, 'FPs': 1}, 'single time cost': 3.7039897441864014} 

===================================================


Start to analyze the case  288 out of  666
/scratch/local/w.nimit/2292/LLMDFA/benchmark/juliet-test-suite-XSS_simplified/CWE80_XSS/s01/CWE80_XSS__Servlet_getParameter_Servlet_02.java
Analyzing......
Preprocessing...
processing finished
start to summarize...
Generating intra-procedural summaries...
Processing callees...
Preprocessing...
processing finished
start to summarize...
Generating intra-procedural summaries...
Processing callees...
Preprocessing...
processing finished
start to summarize...
Generating intra-procedural summaries...
Processing callees...
Preprocessing...
processing finished
start to summarize...
Generating intra-procedural summaries...
Processing callees...
Validating......
Applying path checker with solver...
Constructing solving program...
Solver-aided path checker succeeded...
finish validate
Reporting......
Report generated!

finish report
===================================================
288  /  666 

CWE80_XSS__Servlet_getParameter_Servlet_02 

{'input_token_cost': 1748, 'output_token_cost': 242, 'analysis_result': {'TPs': 1, 'FPs': 0}, 'ground_truth': {'TPs': 1, 'FPs': 2}, 'single time cost': 3.757474422454834} 

===================================================


Start to analyze the case  289 out of  666
/scratch/local/w.nimit/2292/LLMDFA/benchmark/juliet-test-suite-XSS_simplified/CWE80_XSS/s01/CWE80_XSS__Servlet_getParameter_Servlet_03.java
Analyzing......
Preprocessing...
processing finished
start to summarize...
Generating intra-procedural summaries...
Processing callees...
Preprocessing...
processing finished
start to summarize...
Generating intra-procedural summaries...
Processing callees...
Preprocessing...
processing finished
start to summarize...
Generating intra-procedural summaries...
Processing callees...
Preprocessing...
processing finished
start to summarize...
Generating intra-procedural summaries...
Processing callees...
Validating......
Applying path checker with solver...
Constructing solving program...
Constructing solving program...
Solver-aided path checker succeeded...
finish validate
Reporting......
Report generated!

finish report
===================================================
289  /  666 

CWE80_XSS__Servlet_getParameter_Servlet_03 

{'input_token_cost': 2299, 'output_token_cost': 333, 'analysis_result': {'TPs': 1, 'FPs': 0}, 'ground_truth': {'TPs': 1, 'FPs': 2}, 'single time cost': 5.237658262252808} 

===================================================


Start to analyze the case  290 out of  666
/scratch/local/w.nimit/2292/LLMDFA/benchmark/juliet-test-suite-XSS_simplified/CWE80_XSS/s01/CWE80_XSS__Servlet_getParameter_Servlet_04.java
Analyzing......
Preprocessing...
processing finished
start to summarize...
Generating intra-procedural summaries...
Processing callees...
Preprocessing...
processing finished
start to summarize...
Generating intra-procedural summaries...
Processing callees...
Preprocessing...
processing finished
start to summarize...
Generating intra-procedural summaries...
Processing callees...
Preprocessing...
processing finished
start to summarize...
Generating intra-procedural summaries...
Processing callees...
Validating......
Applying path checker with solver...
Constructing solving program...
Constructing solving program...
Solver-aided path checker succeeded...
finish validate
Reporting......
Report generated!

finish report
===================================================
290  /  666 

CWE80_XSS__Servlet_getParameter_Servlet_04 

{'input_token_cost': 2429, 'output_token_cost': 427, 'analysis_result': {'TPs': 1, 'FPs': 0}, 'ground_truth': {'TPs': 1, 'FPs': 2}, 'single time cost': 6.609675168991089} 

===================================================


Start to analyze the case  291 out of  666
/scratch/local/w.nimit/2292/LLMDFA/benchmark/juliet-test-suite-XSS_simplified/CWE80_XSS/s01/CWE80_XSS__Servlet_getParameter_Servlet_05.java
Analyzing......
Preprocessing...
processing finished
start to summarize...
Generating intra-procedural summaries...
Processing callees...
Preprocessing...
processing finished
start to summarize...
Generating intra-procedural summaries...
Processing callees...
Preprocessing...
processing finished
start to summarize...
Generating intra-procedural summaries...
Processing callees...
Preprocessing...
processing finished
start to summarize...
Generating intra-procedural summaries...
Processing callees...
Validating......
Applying path checker with solver...
Constructing solving program...
Constructing solving program...
Solver-aided path checker succeeded...
finish validate
Reporting......
Report generated!

finish report
===================================================
291  /  666 

CWE80_XSS__Servlet_getParameter_Servlet_05 

{'input_token_cost': 2404, 'output_token_cost': 361, 'analysis_result': {'TPs': 1, 'FPs': 0}, 'ground_truth': {'TPs': 1, 'FPs': 2}, 'single time cost': 5.650645732879639} 

===================================================


Start to analyze the case  292 out of  666
/scratch/local/w.nimit/2292/LLMDFA/benchmark/juliet-test-suite-XSS_simplified/CWE80_XSS/s01/CWE80_XSS__Servlet_getParameter_Servlet_06.java
Analyzing......
Preprocessing...
processing finished
start to summarize...
Generating intra-procedural summaries...
Processing callees...
Preprocessing...
processing finished
start to summarize...
Generating intra-procedural summaries...
Processing callees...
Preprocessing...
processing finished
start to summarize...
Generating intra-procedural summaries...
Processing callees...
Preprocessing...
processing finished
start to summarize...
Generating intra-procedural summaries...
Processing callees...
Validating......
Applying path checker with solver...
Constructing solving program...
Constructing solving program...
Solver-aided path checker succeeded...
finish validate
Reporting......
Report generated!

finish report
===================================================
292  /  666 

CWE80_XSS__Servlet_getParameter_Servlet_06 

{'input_token_cost': 2447, 'output_token_cost': 376, 'analysis_result': {'TPs': 1, 'FPs': 0}, 'ground_truth': {'TPs': 1, 'FPs': 2}, 'single time cost': 5.865715742111206} 

===================================================


Start to analyze the case  293 out of  666
/scratch/local/w.nimit/2292/LLMDFA/benchmark/juliet-test-suite-XSS_simplified/CWE80_XSS/s01/CWE80_XSS__Servlet_getParameter_Servlet_07.java
Analyzing......
Preprocessing...
processing finished
start to summarize...
Generating intra-procedural summaries...
Processing callees...
Preprocessing...
processing finished
start to summarize...
Generating intra-procedural summaries...
Processing callees...
Preprocessing...
processing finished
start to summarize...
Generating intra-procedural summaries...
Processing callees...
Preprocessing...
processing finished
start to summarize...
Generating intra-procedural summaries...
Processing callees...
Validating......
Applying path checker with solver...
Constructing solving program...
Constructing solving program...
Solver-aided path checker succeeded...
finish validate
Reporting......
Report generated!

finish report
===================================================
293  /  666 

CWE80_XSS__Servlet_getParameter_Servlet_07 

{'input_token_cost': 2417, 'output_token_cost': 343, 'analysis_result': {'TPs': 1, 'FPs': 0}, 'ground_truth': {'TPs': 1, 'FPs': 2}, 'single time cost': 5.390048265457153} 

===================================================


Start to analyze the case  294 out of  666
/scratch/local/w.nimit/2292/LLMDFA/benchmark/juliet-test-suite-XSS_simplified/CWE80_XSS/s01/CWE80_XSS__Servlet_getParameter_Servlet_08.java
Analyzing......
Preprocessing...
processing finished
start to summarize...
Generating intra-procedural summaries...
Processing callees...
Preprocessing...
processing finished
start to summarize...
Generating intra-procedural summaries...
Processing callees...
Preprocessing...
processing finished
start to summarize...
Generating intra-procedural summaries...
Processing callees...
Preprocessing...
processing finished
start to summarize...
Generating intra-procedural summaries...
Processing callees...
Preprocessing...
processing finished
start to summarize...
Generating intra-procedural summaries...
Processing callees...
Preprocessing...
processing finished
start to summarize...
Generating intra-procedural summaries...
Processing callees...
start to summarize...
Generating intra-procedural summaries...
Processing callees...
Validating......
Applying path checker with solver...
Constructing solving program...
Constructing solving program...
Solver-aided path checker succeeded...
finish validate
Reporting......
Report generated!

finish report
===================================================
294  /  666 

CWE80_XSS__Servlet_getParameter_Servlet_08 

{'input_token_cost': 2296, 'output_token_cost': 353, 'analysis_result': {'TPs': 1, 'FPs': 0}, 'ground_truth': {'TPs': 1, 'FPs': 2}, 'single time cost': 5.505133867263794} 

===================================================


Start to analyze the case  295 out of  666
/scratch/local/w.nimit/2292/LLMDFA/benchmark/juliet-test-suite-XSS_simplified/CWE80_XSS/s01/CWE80_XSS__Servlet_listen_tcp_16.java
Analyzing......
Preprocessing...
processing finished
start to summarize...
Generating intra-procedural summaries...
Processing callees...
Preprocessing...
processing finished
start to summarize...
Generating intra-procedural summaries...
Processing callees...
Preprocessing...
processing finished
start to summarize...
Generating intra-procedural summaries...
Processing callees...
Validating......
Applying path checker with solver...
Constructing solving program...
Solver-aided path checker succeeded...
finish validate
Reporting......
Report generated!

finish report
===================================================
295  /  666 

CWE80_XSS__Servlet_listen_tcp_16 

{'input_token_cost': 2361, 'output_token_cost': 237, 'analysis_result': {'TPs': 1, 'FPs': 0}, 'ground_truth': {'TPs': 1, 'FPs': 1}, 'single time cost': 3.762495994567871} 

===================================================


Start to analyze the case  296 out of  666
/scratch/local/w.nimit/2292/LLMDFA/benchmark/juliet-test-suite-XSS_simplified/CWE80_XSS/s01/CWE80_XSS__Servlet_getParameter_Servlet_09.java
Analyzing......
Preprocessing...
processing finished
start to summarize...
Generating intra-procedural summaries...
Processing callees...
Preprocessing...
processing finished
start to summarize...
Generating intra-procedural summaries...
Processing callees...
Preprocessing...
processing finished
start to summarize...
Generating intra-procedural summaries...
Processing callees...
Preprocessing...
processing finished
start to summarize...
Generating intra-procedural summaries...
Processing callees...
Validating......
Applying path checker with solver...
Constructing solving program...
Constructing solving program...
Solver-aided path checker succeeded...
finish validate
Reporting......
Report generated!

finish report
===================================================
296  /  666 

CWE80_XSS__Servlet_getParameter_Servlet_09 

{'input_token_cost': 2429, 'output_token_cost': 353, 'analysis_result': {'TPs': 1, 'FPs': 0}, 'ground_truth': {'TPs': 1, 'FPs': 2}, 'single time cost': 5.525642156600952} 

===================================================


Start to analyze the case  297 out of  666
/scratch/local/w.nimit/2292/LLMDFA/benchmark/juliet-test-suite-XSS_simplified/CWE80_XSS/s01/CWE80_XSS__Servlet_getParameter_Servlet_10.java
Analyzing......
Preprocessing...
processing finished
start to summarize...
Generating intra-procedural summaries...
Processing callees...
Preprocessing...
processing finished
start to summarize...
Generating intra-procedural summaries...
Processing callees...
Preprocessing...
processing finished
start to summarize...
Generating intra-procedural summaries...
Processing callees...
Preprocessing...
processing finished
start to summarize...
Generating intra-procedural summaries...
Processing callees...
Validating......
Applying path checker with solver...
Constructing solving program...
Constructing solving program...
Solver-aided path checker succeeded...
finish validate
Reporting......
Report generated!

finish report
===================================================
297  /  666 

CWE80_XSS__Servlet_getParameter_Servlet_10 

{'input_token_cost': 2414, 'output_token_cost': 374, 'analysis_result': {'TPs': 1, 'FPs': 0}, 'ground_truth': {'TPs': 1, 'FPs': 2}, 'single time cost': 5.832786798477173} 

===================================================


Start to analyze the case  298 out of  666
/scratch/local/w.nimit/2292/LLMDFA/benchmark/juliet-test-suite-XSS_simplified/CWE80_XSS/s01/CWE80_XSS__Servlet_getParameter_Servlet_11.java
Analyzing......
Preprocessing...
processing finished
start to summarize...
Generating intra-procedural summaries...
Processing callees...
Preprocessing...
processing finished
start to summarize...
Generating intra-procedural summaries...
Processing callees...
Preprocessing...
processing finished
start to summarize...
Generating intra-procedural summaries...
Processing callees...
Preprocessing...
processing finished
start to summarize...
Generating intra-procedural summaries...
Processing callees...
Validating......
Applying path checker with solver...
Constructing solving program...
Constructing solving program...
Refining solving program...
Solver-aided path checker succeeded...
finish validate
Reporting......
Report generated!

finish report
===================================================
298  /  666 

CWE80_XSS__Servlet_getParameter_Servlet_11 

{'input_token_cost': 2621, 'output_token_cost': 627, 'analysis_result': {'TPs': 1, 'FPs': 0}, 'ground_truth': {'TPs': 1, 'FPs': 2}, 'single time cost': 9.63573956489563} 

===================================================


Start to analyze the case  299 out of  666
/scratch/local/w.nimit/2292/LLMDFA/benchmark/juliet-test-suite-XSS_simplified/CWE80_XSS/s01/CWE80_XSS__Servlet_getParameter_Servlet_12.java
Analyzing......
Preprocessing...
processing finished
start to summarize...
Generating intra-procedural summaries...
Processing callees...
Preprocessing...
processing finished
start to summarize...
Generating intra-procedural summaries...
Processing callees...
Preprocessing...
processing finished
start to summarize...
Generating intra-procedural summaries...
Processing callees...
Validating......
Applying path checker with solver...
Constructing solving program...
Constructing solving program...
Solver-aided path checker succeeded...
finish validate
Reporting......
Report generated!

finish report
===================================================
299  /  666 

CWE80_XSS__Servlet_getParameter_Servlet_12 

{'input_token_cost': 2318, 'output_token_cost': 336, 'analysis_result': {'TPs': 1, 'FPs': 0}, 'ground_truth': {'TPs': 1, 'FPs': 1}, 'single time cost': 5.272732257843018} 

===================================================


Start to analyze the case  300 out of  666
/scratch/local/w.nimit/2292/LLMDFA/benchmark/juliet-test-suite-XSS_simplified/CWE80_XSS/s01/CWE80_XSS__Servlet_getParameter_Servlet_13.java
Analyzing......
Preprocessing...
processing finished
start to summarize...
Generating intra-procedural summaries...
Processing callees...
Preprocessing...
processing finished
start to summarize...
Generating intra-procedural summaries...
Processing callees...
Preprocessing...
processing finished
start to summarize...
Generating intra-procedural summaries...
Processing callees...
Preprocessing...
processing finished
start to summarize...
Generating intra-procedural summaries...
Processing callees...
Validating......
Applying path checker with solver...
Constructing solving program...
Constructing solving program...
Solver-aided path checker succeeded...
finish validate
Reporting......
Report generated!

finish report
===================================================
300  /  666 

CWE80_XSS__Servlet_getParameter_Servlet_13 

{'input_token_cost': 2447, 'output_token_cost': 362, 'analysis_result': {'TPs': 1, 'FPs': 0}, 'ground_truth': {'TPs': 1, 'FPs': 2}, 'single time cost': 5.669695138931274} 

===================================================


Start to analyze the case  301 out of  666
/scratch/local/w.nimit/2292/LLMDFA/benchmark/juliet-test-suite-XSS_simplified/CWE80_XSS/s01/CWE80_XSS__Servlet_getParameter_Servlet_14.java
Analyzing......
Preprocessing...
processing finished
start to summarize...
Generating intra-procedural summaries...
Processing callees...
Preprocessing...
processing finished
start to summarize...
Generating intra-procedural summaries...
Processing callees...
Preprocessing...
processing finished
start to summarize...
Generating intra-procedural summaries...
Processing callees...
Preprocessing...
processing finished
start to summarize...
Generating intra-procedural summaries...
Processing callees...
Validating......
Applying path checker with solver...
Constructing solving program...
Constructing solving program...
Solver-aided path checker succeeded...
finish validate
Reporting......
Report generated!

finish report
===================================================
301  /  666 

CWE80_XSS__Servlet_getParameter_Servlet_14 

{'input_token_cost': 2427, 'output_token_cost': 457, 'analysis_result': {'TPs': 1, 'FPs': 0}, 'ground_truth': {'TPs': 1, 'FPs': 2}, 'single time cost': 7.058984279632568} 

===================================================


Start to analyze the case  302 out of  666
/scratch/local/w.nimit/2292/LLMDFA/benchmark/juliet-test-suite-XSS_simplified/CWE80_XSS/s01/CWE80_XSS__Servlet_getParameter_Servlet_15.java
Analyzing......
Preprocessing...
processing finished
start to summarize...
Generating intra-procedural summaries...
Processing callees...
Preprocessing...
processing finished
start to summarize...
Generating intra-procedural summaries...
Processing callees...
Preprocessing...
processing finished
start to summarize...
Generating intra-procedural summaries...
Processing callees...
Preprocessing...
processing finished
start to summarize...
Generating intra-procedural summaries...
Processing callees...
Validating......
Applying path checker with solver...
Constructing solving program...
Solver-aided path checker succeeded...
finish validate
Reporting......
Report generated!

finish report
===================================================
302  /  666 

CWE80_XSS__Servlet_getParameter_Servlet_15 

{'input_token_cost': 1767, 'output_token_cost': 213, 'analysis_result': {'TPs': 1, 'FPs': 0}, 'ground_truth': {'TPs': 1, 'FPs': 2}, 'single time cost': 3.3449432849884033} 

===================================================


Start to analyze the case  303 out of  666
/scratch/local/w.nimit/2292/LLMDFA/benchmark/juliet-test-suite-XSS_simplified/CWE80_XSS/s01/CWE80_XSS__Servlet_getParameter_Servlet_16.java
Analyzing......
Preprocessing...
processing finished
start to summarize...
Generating intra-procedural summaries...
Processing callees...
Preprocessing...
processing finished
start to summarize...
Generating intra-procedural summaries...
Processing callees...
Preprocessing...
processing finished
start to summarize...
Generating intra-procedural summaries...
Processing callees...
Validating......
Applying path checker with solver...
Constructing solving program...
Solver-aided path checker succeeded...
finish validate
Reporting......
Report generated!

finish report
===================================================
303  /  666 

CWE80_XSS__Servlet_getParameter_Servlet_16 

{'input_token_cost': 1723, 'output_token_cost': 206, 'analysis_result': {'TPs': 1, 'FPs': 0}, 'ground_truth': {'TPs': 1, 'FPs': 1}, 'single time cost': 3.2328882217407227} 

===================================================


Start to analyze the case  304 out of  666
/scratch/local/w.nimit/2292/LLMDFA/benchmark/juliet-test-suite-XSS_simplified/CWE80_XSS/s01/CWE80_XSS__Servlet_getParameter_Servlet_17.java
Analyzing......
Preprocessing...
processing finished
start to summarize...
Generating intra-procedural summaries...
Processing callees...
Preprocessing...
processing finished
start to summarize...
Generating intra-procedural summaries...
Processing callees...
Preprocessing...
processing finished
start to summarize...
Generating intra-procedural summaries...
Processing callees...
Validating......
Applying path checker with solver...
Constructing solving program...
Solver-aided path checker succeeded...
finish validate
Reporting......
Report generated!

finish report
===================================================
304  /  666 

CWE80_XSS__Servlet_getParameter_Servlet_17 

{'input_token_cost': 1722, 'output_token_cost': 242, 'analysis_result': {'TPs': 1, 'FPs': 0}, 'ground_truth': {'TPs': 1, 'FPs': 1}, 'single time cost': 3.7630467414855957} 

===================================================


Start to analyze the case  305 out of  666
/scratch/local/w.nimit/2292/LLMDFA/benchmark/juliet-test-suite-XSS_simplified/CWE80_XSS/s01/CWE80_XSS__Servlet_getParameter_Servlet_21.java
Analyzing......
Preprocessing...
processing finished
start to summarize...
Generating intra-procedural summaries...
Processing callees...
Preprocessing...
processing finished
start to summarize...
Generating intra-procedural summaries...
Processing callees...
Preprocessing...
processing finished
start to summarize...
Generating intra-procedural summaries...
Processing callees...
Preprocessing...
processing finished
start to summarize...
Generating intra-procedural summaries...
Processing callees...
Preprocessing...
processing finished
start to summarize...
Generating intra-procedural summaries...
Processing callees...
Preprocessing...
processing finished
start to summarize...
Generating intra-procedural summaries...
Processing callees...
Preprocessing...
processing finished
start to summarize...
Generating intra-procedural summaries...
Processing callees...
Validating......
Applying path checker with solver...
Constructing solving program...
Constructing solving program...
Solver-aided path checker succeeded...
finish validate
Reporting......
Report generated!

finish report
===================================================
305  /  666 

CWE80_XSS__Servlet_getParameter_Servlet_21 

{'input_token_cost': 16215, 'output_token_cost': 1626, 'analysis_result': {'TPs': 1, 'FPs': 0}, 'ground_truth': {'TPs': 1, 'FPs': 2}, 'single time cost': 24.566412925720215} 

===================================================


Start to analyze the case  306 out of  666
/scratch/local/w.nimit/2292/LLMDFA/benchmark/juliet-test-suite-XSS_simplified/CWE80_XSS/s01/CWE80_XSS__Servlet_getParameter_Servlet_31.java
Analyzing......
Preprocessing...
processing finished
start to summarize...
Generating intra-procedural summaries...
Processing callees...
Preprocessing...
processing finished
start to summarize...
Generating intra-procedural summaries...
Processing callees...
Preprocessing...
processing finished
start to summarize...
Generating intra-procedural summaries...
Processing callees...
Validating......
Applying path checker with solver...
Constructing solving program...
Solver-aided path checker succeeded...
finish validate
Reporting......
Report generated!

finish report
===================================================
306  /  666 

CWE80_XSS__Servlet_getParameter_Servlet_31 

{'input_token_cost': 1754, 'output_token_cost': 284, 'analysis_result': {'TPs': 1, 'FPs': 0}, 'ground_truth': {'TPs': 1, 'FPs': 1}, 'single time cost': 4.375738859176636} 

===================================================


Start to analyze the case  307 out of  666
/scratch/local/w.nimit/2292/LLMDFA/benchmark/juliet-test-suite-XSS_simplified/CWE80_XSS/s01/CWE80_XSS__Servlet_getParameter_Servlet_41.java
Analyzing......
Preprocessing...
processing finished
start to summarize...
Generating intra-procedural summaries...
Processing callees...
Preprocessing...
processing finished
start to summarize...
Generating intra-procedural summaries...
Processing callees...
Preprocessing...
processing finished
start to summarize...
Generating intra-procedural summaries...
Processing callees...
Preprocessing...
processing finished
start to summarize...
Generating intra-procedural summaries...
Processing callees...
Preprocessing...
processing finished
start to summarize...
Generating intra-procedural summaries...
Processing callees...
Validating......
Applying path checker with solver...
Constructing solving program...
Solver-aided path checker succeeded...
finish validate
Reporting......
Report generated!

finish report
===================================================
307  /  666 

CWE80_XSS__Servlet_getParameter_Servlet_41 

{'input_token_cost': 7169, 'output_token_cost': 678, 'analysis_result': {'TPs': 1, 'FPs': 0}, 'ground_truth': {'TPs': 1, 'FPs': 1}, 'single time cost': 10.271065950393677} 

===================================================


Start to analyze the case  308 out of  666
/scratch/local/w.nimit/2292/LLMDFA/benchmark/juliet-test-suite-XSS_simplified/CWE80_XSS/s01/CWE80_XSS__Servlet_getParameter_Servlet_42.java
Analyzing......
Preprocessing...
processing finished
start to summarize...
Generating intra-procedural summaries...
Processing callees...
Preprocessing...
processing finished
start to summarize...
Generating intra-procedural summaries...
Processing callees...
Preprocessing...
processing finished
start to summarize...
Generating intra-procedural summaries...
Processing callees...
Preprocessing...
processing finished
start to summarize...
Generating intra-procedural summaries...
Processing callees...
Preprocessing...
processing finished
start to summarize...
Generating intra-procedural summaries...
Processing callees...
Validating......
Applying path checker with solver...
Constructing solving program...
Solver-aided path checker succeeded...
finish validate
Reporting......
Report generated!

finish report
===================================================
308  /  666 

CWE80_XSS__Servlet_getParameter_Servlet_42 

{'input_token_cost': 8227, 'output_token_cost': 666, 'analysis_result': {'TPs': 1, 'FPs': 0}, 'ground_truth': {'TPs': 1, 'FPs': 1}, 'single time cost': 10.12209153175354} 

===================================================


Start to analyze the case  309 out of  666
/scratch/local/w.nimit/2292/LLMDFA/benchmark/juliet-test-suite-XSS_simplified/CWE80_XSS/s01/CWE80_XSS__Servlet_getParameter_Servlet_45.java
Analyzing......
Preprocessing...
processing finished
start to summarize...
Generating intra-procedural summaries...
Processing callees...
Preprocessing...
processing finished
start to summarize...
Generating intra-procedural summaries...
Processing callees...
Preprocessing...
processing finished
start to summarize...
Generating intra-procedural summaries...
Processing callees...
Preprocessing...
processing finished
start to summarize...
Generating intra-procedural summaries...
Processing callees...
Preprocessing...
processing finished
start to summarize...
Generating intra-procedural summaries...
Processing callees...
Validating......
Applying path checker with solver...
Constructing solving program...
Solver-aided path checker succeeded...
finish validate
Reporting......
Report generated!

finish report
===================================================
309  /  666 

CWE80_XSS__Servlet_getParameter_Servlet_45 

{'input_token_cost': 7234, 'output_token_cost': 679, 'analysis_result': {'TPs': 1, 'FPs': 0}, 'ground_truth': {'TPs': 1, 'FPs': 1}, 'single time cost': 10.278146743774414} 

===================================================


Start to analyze the case  310 out of  666
/scratch/local/w.nimit/2292/LLMDFA/benchmark/juliet-test-suite-XSS_simplified/CWE80_XSS/s01/CWE80_XSS__Servlet_getQueryString_Servlet_01.java
Analyzing......
Preprocessing...
processing finished
start to summarize...
Generating intra-procedural summaries...
Processing callees...
Preprocessing...
processing finished
start to summarize...
Generating intra-procedural summaries...
Processing callees...
Preprocessing...
processing finished
start to summarize...
Generating intra-procedural summaries...
Processing callees...
Validating......
Applying path checker with solver...
Constructing solving program...
Solver-aided path checker succeeded...
finish validate
Reporting......
Report generated!

finish report
===================================================
310  /  666 

CWE80_XSS__Servlet_getQueryString_Servlet_01 

{'input_token_cost': 1815, 'output_token_cost': 250, 'analysis_result': {'TPs': 1, 'FPs': 0}, 'ground_truth': {'TPs': 1, 'FPs': 1}, 'single time cost': 3.894437789916992} 

===================================================


Start to analyze the case  311 out of  666
/scratch/local/w.nimit/2292/LLMDFA/benchmark/juliet-test-suite-XSS_simplified/CWE80_XSS/s01/CWE80_XSS__Servlet_getQueryString_Servlet_02.java
Analyzing......
Preprocessing...
processing finished
start to summarize...
Generating intra-procedural summaries...
Processing callees...
Preprocessing...
processing finished
start to summarize...
Generating intra-procedural summaries...
Processing callees...
Preprocessing...
processing finished
start to summarize...
Generating intra-procedural summaries...
Processing callees...
Preprocessing...
processing finished
start to summarize...
Generating intra-procedural summaries...
Processing callees...
Validating......
Applying path checker with solver...
Constructing solving program...
Solver-aided path checker succeeded...
finish validate
Reporting......
Report generated!

finish report
===================================================
311  /  666 

CWE80_XSS__Servlet_getQueryString_Servlet_02 

{'input_token_cost': 1863, 'output_token_cost': 254, 'analysis_result': {'TPs': 1, 'FPs': 0}, 'ground_truth': {'TPs': 1, 'FPs': 2}, 'single time cost': 3.9503836631774902} 

===================================================


Start to analyze the case  312 out of  666
/scratch/local/w.nimit/2292/LLMDFA/benchmark/juliet-test-suite-XSS_simplified/CWE80_XSS/s01/CWE80_XSS__Servlet_getQueryString_Servlet_03.java
Analyzing......
Preprocessing...
processing finished
start to summarize...
Generating intra-procedural summaries...
Processing callees...
Preprocessing...
processing finished
start to summarize...
Generating intra-procedural summaries...
Processing callees...
Preprocessing...
processing finished
start to summarize...
Generating intra-procedural summaries...
Processing callees...
Preprocessing...
processing finished
start to summarize...
Generating intra-procedural summaries...
Processing callees...
Validating......
Applying path checker with solver...
Constructing solving program...
Constructing solving program...
Solver-aided path checker succeeded...
finish validate
Reporting......
Report generated!

finish report
===================================================
312  /  666 

CWE80_XSS__Servlet_getQueryString_Servlet_03 

{'input_token_cost': 2417, 'output_token_cost': 381, 'analysis_result': {'TPs': 1, 'FPs': 0}, 'ground_truth': {'TPs': 1, 'FPs': 2}, 'single time cost': 5.9368577003479} 

===================================================


Start to analyze the case  313 out of  666
/scratch/local/w.nimit/2292/LLMDFA/benchmark/juliet-test-suite-XSS_simplified/CWE80_XSS/s01/CWE80_XSS__Servlet_getQueryString_Servlet_04.java
Analyzing......
Preprocessing...
processing finished
start to summarize...
Generating intra-procedural summaries...
Processing callees...
Preprocessing...
processing finished
start to summarize...
Generating intra-procedural summaries...
Processing callees...
Preprocessing...
processing finished
start to summarize...
Generating intra-procedural summaries...
Processing callees...
Preprocessing...
processing finished
start to summarize...
Generating intra-procedural summaries...
Processing callees...
Validating......
Applying path checker with solver...
Constructing solving program...
Constructing solving program...
Solver-aided path checker succeeded...
finish validate
Reporting......
Report generated!

finish report
===================================================
313  /  666 

CWE80_XSS__Servlet_getQueryString_Servlet_04 

{'input_token_cost': 2548, 'output_token_cost': 414, 'analysis_result': {'TPs': 1, 'FPs': 0}, 'ground_truth': {'TPs': 1, 'FPs': 2}, 'single time cost': 6.431948661804199} 

===================================================


Start to analyze the case  314 out of  666
/scratch/local/w.nimit/2292/LLMDFA/benchmark/juliet-test-suite-XSS_simplified/CWE80_XSS/s01/CWE80_XSS__Servlet_getQueryString_Servlet_05.java
Analyzing......
Preprocessing...
processing finished
start to summarize...
Generating intra-procedural summaries...
Processing callees...
Preprocessing...
processing finished
start to summarize...
Generating intra-procedural summaries...
Processing callees...
Preprocessing...
processing finished
start to summarize...
Generating intra-procedural summaries...
Processing callees...
Preprocessing...
processing finished
start to summarize...
Generating intra-procedural summaries...
Processing callees...
Validating......
Applying path checker with solver...
Constructing solving program...
Constructing solving program...
Solver-aided path checker succeeded...
finish validate
Reporting......
Report generated!

finish report
===================================================
314  /  666 

CWE80_XSS__Servlet_getQueryString_Servlet_05 

{'input_token_cost': 2523, 'output_token_cost': 377, 'analysis_result': {'TPs': 1, 'FPs': 0}, 'ground_truth': {'TPs': 1, 'FPs': 2}, 'single time cost': 5.909695625305176} 

===================================================


Start to analyze the case  315 out of  666
/scratch/local/w.nimit/2292/LLMDFA/benchmark/juliet-test-suite-XSS_simplified/CWE80_XSS/s01/CWE80_XSS__Servlet_getQueryString_Servlet_06.java
Analyzing......
Preprocessing...
processing finished
start to summarize...
Generating intra-procedural summaries...
Processing callees...
Preprocessing...
processing finished
start to summarize...
Generating intra-procedural summaries...
Processing callees...
Preprocessing...
processing finished
start to summarize...
Generating intra-procedural summaries...
Processing callees...
Preprocessing...
processing finished
start to summarize...
Generating intra-procedural summaries...
Processing callees...
Validating......
Applying path checker with solver...
Constructing solving program...
Constructing solving program...
Solver-aided path checker succeeded...
finish validate
Reporting......
Report generated!

finish report
===================================================
315  /  666 

CWE80_XSS__Servlet_getQueryString_Servlet_06 

{'input_token_cost': 2566, 'output_token_cost': 405, 'analysis_result': {'TPs': 1, 'FPs': 0}, 'ground_truth': {'TPs': 1, 'FPs': 2}, 'single time cost': 6.318655967712402} 

===================================================


Start to analyze the case  316 out of  666
/scratch/local/w.nimit/2292/LLMDFA/benchmark/juliet-test-suite-XSS_simplified/CWE80_XSS/s01/CWE80_XSS__Servlet_getQueryString_Servlet_07.java
Analyzing......
Preprocessing...
processing finished
start to summarize...
Generating intra-procedural summaries...
Processing callees...
Preprocessing...
processing finished
start to summarize...
Generating intra-procedural summaries...
Processing callees...
Preprocessing...
processing finished
start to summarize...
Generating intra-procedural summaries...
Processing callees...
Preprocessing...
processing finished
start to summarize...
Generating intra-procedural summaries...
Processing callees...
Validating......
Applying path checker with solver...
Constructing solving program...
Constructing solving program...
Solver-aided path checker succeeded...
finish validate
Reporting......
Report generated!

finish report
===================================================
316  /  666 

CWE80_XSS__Servlet_getQueryString_Servlet_07 

{'input_token_cost': 2536, 'output_token_cost': 378, 'analysis_result': {'TPs': 1, 'FPs': 0}, 'ground_truth': {'TPs': 1, 'FPs': 2}, 'single time cost': 5.912051677703857} 

===================================================


Start to analyze the case  317 out of  666
/scratch/local/w.nimit/2292/LLMDFA/benchmark/juliet-test-suite-XSS_simplified/CWE80_XSS/s01/CWE80_XSS__Servlet_getQueryString_Servlet_08.java
Analyzing......
Preprocessing...
processing finished
start to summarize...
Generating intra-procedural summaries...
Processing callees...
Preprocessing...
processing finished
start to summarize...
Generating intra-procedural summaries...
Processing callees...
Preprocessing...
processing finished
start to summarize...
Generating intra-procedural summaries...
Processing callees...
Preprocessing...
processing finished
start to summarize...
Generating intra-procedural summaries...
Processing callees...
Preprocessing...
processing finished
start to summarize...
Generating intra-procedural summaries...
Processing callees...
Preprocessing...
processing finished
start to summarize...
Generating intra-procedural summaries...
Processing callees...
start to summarize...
Generating intra-procedural summaries...
Processing callees...
Validating......
Applying path checker with solver...
Constructing solving program...
Constructing solving program...
Solver-aided path checker succeeded...
finish validate
Reporting......
Report generated!

finish report
===================================================
317  /  666 

CWE80_XSS__Servlet_getQueryString_Servlet_08 

{'input_token_cost': 2414, 'output_token_cost': 401, 'analysis_result': {'TPs': 1, 'FPs': 0}, 'ground_truth': {'TPs': 1, 'FPs': 2}, 'single time cost': 6.242571830749512} 

===================================================


Start to analyze the case  318 out of  666
/scratch/local/w.nimit/2292/LLMDFA/benchmark/juliet-test-suite-XSS_simplified/CWE80_XSS/s01/CWE80_XSS__Servlet_getQueryString_Servlet_09.java
Analyzing......
Preprocessing...
processing finished
start to summarize...
Generating intra-procedural summaries...
Processing callees...
Preprocessing...
processing finished
start to summarize...
Generating intra-procedural summaries...
Processing callees...
Preprocessing...
processing finished
start to summarize...
Generating intra-procedural summaries...
Processing callees...
Preprocessing...
processing finished
start to summarize...
Generating intra-procedural summaries...
Processing callees...
Validating......
Applying path checker with solver...
Constructing solving program...
Constructing solving program...
Solver-aided path checker succeeded...
finish validate
Reporting......
Report generated!

finish report
===================================================
318  /  666 

CWE80_XSS__Servlet_getQueryString_Servlet_09 

{'input_token_cost': 2548, 'output_token_cost': 402, 'analysis_result': {'TPs': 1, 'FPs': 0}, 'ground_truth': {'TPs': 1, 'FPs': 2}, 'single time cost': 6.270315885543823} 

===================================================


Start to analyze the case  319 out of  666
/scratch/local/w.nimit/2292/LLMDFA/benchmark/juliet-test-suite-XSS_simplified/CWE80_XSS/s01/CWE80_XSS__Servlet_getQueryString_Servlet_10.java
Analyzing......
Preprocessing...
processing finished
start to summarize...
Generating intra-procedural summaries...
Processing callees...
Preprocessing...
processing finished
start to summarize...
Generating intra-procedural summaries...
Processing callees...
Preprocessing...
processing finished
start to summarize...
Generating intra-procedural summaries...
Processing callees...
Preprocessing...
processing finished
start to summarize...
Generating intra-procedural summaries...
Processing callees...
Validating......
Applying path checker with solver...
Constructing solving program...
Constructing solving program...
Solver-aided path checker succeeded...
finish validate
Reporting......
Report generated!

finish report
===================================================
319  /  666 

CWE80_XSS__Servlet_getQueryString_Servlet_10 

{'input_token_cost': 2533, 'output_token_cost': 409, 'analysis_result': {'TPs': 1, 'FPs': 0}, 'ground_truth': {'TPs': 1, 'FPs': 2}, 'single time cost': 6.3697614669799805} 

===================================================


Start to analyze the case  320 out of  666
/scratch/local/w.nimit/2292/LLMDFA/benchmark/juliet-test-suite-XSS_simplified/CWE80_XSS/s01/CWE80_XSS__Servlet_listen_tcp_15.java
Analyzing......
Preprocessing...
processing finished
start to summarize...
Generating intra-procedural summaries...
Processing callees...
Preprocessing...
processing finished
start to summarize...
Generating intra-procedural summaries...
Processing callees...
Preprocessing...
processing finished
start to summarize...
Generating intra-procedural summaries...
Processing callees...
Preprocessing...
processing finished
start to summarize...
Generating intra-procedural summaries...
Processing callees...
Validating......
Applying path checker with solver...
Constructing solving program...
Solver-aided path checker succeeded...
finish validate
Reporting......
Report generated!

finish report
===================================================
320  /  666 

CWE80_XSS__Servlet_listen_tcp_15 

{'input_token_cost': 2405, 'output_token_cost': 246, 'analysis_result': {'TPs': 1, 'FPs': 0}, 'ground_truth': {'TPs': 1, 'FPs': 2}, 'single time cost': 3.8947744369506836} 

===================================================


Start to analyze the case  321 out of  666
/scratch/local/w.nimit/2292/LLMDFA/benchmark/juliet-test-suite-XSS_simplified/CWE80_XSS/s01/CWE80_XSS__Servlet_getQueryString_Servlet_11.java
Analyzing......
Preprocessing...
processing finished
start to summarize...
Generating intra-procedural summaries...
Processing callees...
Preprocessing...
processing finished
start to summarize...
Generating intra-procedural summaries...
Processing callees...
Preprocessing...
processing finished
start to summarize...
Generating intra-procedural summaries...
Processing callees...
Preprocessing...
processing finished
start to summarize...
Generating intra-procedural summaries...
Processing callees...
Validating......
Applying path checker with solver...
Constructing solving program...
Constructing solving program...
Solver-aided path checker succeeded...
finish validate
Reporting......
Report generated!

finish report
===================================================
321  /  666 

CWE80_XSS__Servlet_getQueryString_Servlet_11 

{'input_token_cost': 2422, 'output_token_cost': 408, 'analysis_result': {'TPs': 1, 'FPs': 0}, 'ground_truth': {'TPs': 1, 'FPs': 2}, 'single time cost': 6.335931301116943} 

===================================================


Start to analyze the case  322 out of  666
/scratch/local/w.nimit/2292/LLMDFA/benchmark/juliet-test-suite-XSS_simplified/CWE80_XSS/s01/CWE80_XSS__Servlet_getQueryString_Servlet_12.java
Analyzing......
Preprocessing...
processing finished
start to summarize...
Generating intra-procedural summaries...
Processing callees...
Preprocessing...
processing finished
start to summarize...
Generating intra-procedural summaries...
Processing callees...
Preprocessing...
processing finished
start to summarize...
Generating intra-procedural summaries...
Processing callees...
Validating......
Applying path checker with solver...
Constructing solving program...
Constructing solving program...
Solver-aided path checker succeeded...
finish validate
Reporting......
Report generated!

finish report
===================================================
322  /  666 

CWE80_XSS__Servlet_getQueryString_Servlet_12 

{'input_token_cost': 2436, 'output_token_cost': 334, 'analysis_result': {'TPs': 1, 'FPs': 0}, 'ground_truth': {'TPs': 1, 'FPs': 1}, 'single time cost': 5.291621208190918} 

===================================================


Start to analyze the case  323 out of  666
/scratch/local/w.nimit/2292/LLMDFA/benchmark/juliet-test-suite-XSS_simplified/CWE80_XSS/s01/CWE80_XSS__Servlet_getQueryString_Servlet_13.java
Analyzing......
Preprocessing...
processing finished
start to summarize...
Generating intra-procedural summaries...
Processing callees...
Preprocessing...
processing finished
start to summarize...
Generating intra-procedural summaries...
Processing callees...
Preprocessing...
processing finished
start to summarize...
Generating intra-procedural summaries...
Processing callees...
Preprocessing...
processing finished
start to summarize...
Generating intra-procedural summaries...
Processing callees...
Validating......
Applying path checker with solver...
Constructing solving program...
Constructing solving program...
Solver-aided path checker succeeded...
finish validate
Reporting......
Report generated!

finish report
===================================================
323  /  666 

CWE80_XSS__Servlet_getQueryString_Servlet_13 

{'input_token_cost': 2566, 'output_token_cost': 410, 'analysis_result': {'TPs': 1, 'FPs': 0}, 'ground_truth': {'TPs': 1, 'FPs': 2}, 'single time cost': 6.38359260559082} 

===================================================


Start to analyze the case  324 out of  666
/scratch/local/w.nimit/2292/LLMDFA/benchmark/juliet-test-suite-XSS_simplified/CWE80_XSS/s01/CWE80_XSS__Servlet_getQueryString_Servlet_14.java
Analyzing......
Preprocessing...
processing finished
start to summarize...
Generating intra-procedural summaries...
Processing callees...
Preprocessing...
processing finished
start to summarize...
Generating intra-procedural summaries...
Processing callees...
Preprocessing...
processing finished
start to summarize...
Generating intra-procedural summaries...
Processing callees...
Preprocessing...
processing finished
start to summarize...
Generating intra-procedural summaries...
Processing callees...
Validating......
Applying path checker with solver...
Constructing solving program...
Constructing solving program...
Solver-aided path checker succeeded...
finish validate
Reporting......
Report generated!

finish report
===================================================
324  /  666 

CWE80_XSS__Servlet_getQueryString_Servlet_14 

{'input_token_cost': 2546, 'output_token_cost': 478, 'analysis_result': {'TPs': 1, 'FPs': 0}, 'ground_truth': {'TPs': 1, 'FPs': 2}, 'single time cost': 7.380171537399292} 

===================================================


Start to analyze the case  325 out of  666
/scratch/local/w.nimit/2292/LLMDFA/benchmark/juliet-test-suite-XSS_simplified/CWE80_XSS/s01/CWE80_XSS__Servlet_getQueryString_Servlet_15.java
Analyzing......
Preprocessing...
processing finished
start to summarize...
Generating intra-procedural summaries...
Processing callees...
Preprocessing...
processing finished
start to summarize...
Generating intra-procedural summaries...
Processing callees...
Preprocessing...
processing finished
start to summarize...
Generating intra-procedural summaries...
Processing callees...
Preprocessing...
processing finished
start to summarize...
Generating intra-procedural summaries...
Processing callees...
Validating......
Applying path checker with solver...
Constructing solving program...
Solver-aided path checker succeeded...
finish validate
Reporting......
Report generated!

finish report
===================================================
325  /  666 

CWE80_XSS__Servlet_getQueryString_Servlet_15 

{'input_token_cost': 1882, 'output_token_cost': 301, 'analysis_result': {'TPs': 1, 'FPs': 0}, 'ground_truth': {'TPs': 1, 'FPs': 2}, 'single time cost': 4.637309312820435} 

===================================================


Start to analyze the case  326 out of  666
/scratch/local/w.nimit/2292/LLMDFA/benchmark/juliet-test-suite-XSS_simplified/CWE80_XSS/s01/CWE80_XSS__Servlet_getQueryString_Servlet_16.java
Analyzing......
Preprocessing...
processing finished
start to summarize...
Generating intra-procedural summaries...
Processing callees...
Preprocessing...
processing finished
start to summarize...
Generating intra-procedural summaries...
Processing callees...
Preprocessing...
processing finished
start to summarize...
Generating intra-procedural summaries...
Processing callees...
Validating......
Applying path checker with solver...
Constructing solving program...
Solver-aided path checker succeeded...
finish validate
Reporting......
Report generated!

finish report
===================================================
326  /  666 

CWE80_XSS__Servlet_getQueryString_Servlet_16 

{'input_token_cost': 1838, 'output_token_cost': 239, 'analysis_result': {'TPs': 1, 'FPs': 0}, 'ground_truth': {'TPs': 1, 'FPs': 1}, 'single time cost': 3.692615032196045} 

===================================================


Start to analyze the case  327 out of  666
/scratch/local/w.nimit/2292/LLMDFA/benchmark/juliet-test-suite-XSS_simplified/CWE80_XSS/s01/CWE80_XSS__Servlet_getQueryString_Servlet_17.java
Analyzing......
Preprocessing...
processing finished
start to summarize...
Generating intra-procedural summaries...
Processing callees...
Preprocessing...
processing finished
start to summarize...
Generating intra-procedural summaries...
Processing callees...
Preprocessing...
processing finished
start to summarize...
Generating intra-procedural summaries...
Processing callees...
Validating......
Applying path checker with solver...
Constructing solving program...
Solver-aided path checker succeeded...
finish validate
Reporting......
Report generated!

finish report
===================================================
327  /  666 

CWE80_XSS__Servlet_getQueryString_Servlet_17 

{'input_token_cost': 1842, 'output_token_cost': 301, 'analysis_result': {'TPs': 1, 'FPs': 0}, 'ground_truth': {'TPs': 1, 'FPs': 1}, 'single time cost': 4.630566358566284} 

===================================================


Start to analyze the case  328 out of  666
/scratch/local/w.nimit/2292/LLMDFA/benchmark/juliet-test-suite-XSS_simplified/CWE80_XSS/s01/CWE80_XSS__Servlet_getQueryString_Servlet_21.java
Analyzing......
Preprocessing...
processing finished
start to summarize...
Generating intra-procedural summaries...
Processing callees...
Preprocessing...
processing finished
start to summarize...
Generating intra-procedural summaries...
Processing callees...
Preprocessing...
processing finished
start to summarize...
Generating intra-procedural summaries...
Processing callees...
Preprocessing...
processing finished
start to summarize...
Generating intra-procedural summaries...
Processing callees...
Preprocessing...
processing finished
start to summarize...
Generating intra-procedural summaries...
Processing callees...
Preprocessing...
processing finished
start to summarize...
Generating intra-procedural summaries...
Processing callees...
Preprocessing...
processing finished
start to summarize...
Generating intra-procedural summaries...
Processing callees...
Validating......
Applying path checker with solver...
Constructing solving program...
Constructing solving program...
Solver-aided path checker succeeded...
finish validate
Reporting......
Report generated!

finish report
===================================================
328  /  666 

CWE80_XSS__Servlet_getQueryString_Servlet_21 

{'input_token_cost': 16561, 'output_token_cost': 1684, 'analysis_result': {'TPs': 1, 'FPs': 0}, 'ground_truth': {'TPs': 1, 'FPs': 2}, 'single time cost': 25.40996479988098} 

===================================================


Start to analyze the case  329 out of  666
/scratch/local/w.nimit/2292/LLMDFA/benchmark/juliet-test-suite-XSS_simplified/CWE80_XSS/s01/CWE80_XSS__Servlet_getQueryString_Servlet_31.java
Analyzing......
Preprocessing...
processing finished
start to summarize...
Generating intra-procedural summaries...
Processing callees...
Preprocessing...
processing finished
start to summarize...
Generating intra-procedural summaries...
Processing callees...
Preprocessing...
processing finished
start to summarize...
Generating intra-procedural summaries...
Processing callees...
Validating......
Applying path checker with solver...
Constructing solving program...
Solver-aided path checker succeeded...
finish validate
Reporting......
Report generated!

finish report
===================================================
329  /  666 

CWE80_XSS__Servlet_getQueryString_Servlet_31 

{'input_token_cost': 1874, 'output_token_cost': 429, 'analysis_result': {'TPs': 1, 'FPs': 0}, 'ground_truth': {'TPs': 1, 'FPs': 1}, 'single time cost': 6.484318733215332} 

===================================================


Start to analyze the case  330 out of  666
/scratch/local/w.nimit/2292/LLMDFA/benchmark/juliet-test-suite-XSS_simplified/CWE80_XSS/s01/CWE80_XSS__Servlet_getQueryString_Servlet_41.java
Analyzing......
Preprocessing...
processing finished
start to summarize...
Generating intra-procedural summaries...
Processing callees...
Preprocessing...
processing finished
start to summarize...
Generating intra-procedural summaries...
Processing callees...
Preprocessing...
processing finished
start to summarize...
Generating intra-procedural summaries...
Processing callees...
Preprocessing...
processing finished
start to summarize...
Generating intra-procedural summaries...
Processing callees...
Preprocessing...
processing finished
start to summarize...
Generating intra-procedural summaries...
Processing callees...
Validating......
Applying path checker with solver...
Constructing solving program...
Solver-aided path checker succeeded...
finish validate
Reporting......
Report generated!

finish report
===================================================
330  /  666 

CWE80_XSS__Servlet_getQueryString_Servlet_41 

{'input_token_cost': 6411, 'output_token_cost': 663, 'analysis_result': {'TPs': 1, 'FPs': 0}, 'ground_truth': {'TPs': 1, 'FPs': 1}, 'single time cost': 10.036027431488037} 

===================================================


Start to analyze the case  331 out of  666
/scratch/local/w.nimit/2292/LLMDFA/benchmark/juliet-test-suite-XSS_simplified/CWE80_XSS/s01/CWE80_XSS__Servlet_getQueryString_Servlet_42.java
Analyzing......
Preprocessing...
processing finished
start to summarize...
Generating intra-procedural summaries...
Processing callees...
Preprocessing...
processing finished
start to summarize...
Generating intra-procedural summaries...
Processing callees...
Preprocessing...
processing finished
start to summarize...
Generating intra-procedural summaries...
Processing callees...
Preprocessing...
processing finished
start to summarize...
Generating intra-procedural summaries...
Processing callees...
Preprocessing...
processing finished
start to summarize...
Generating intra-procedural summaries...
Processing callees...
Validating......
Applying path checker with solver...
Constructing solving program...
Solver-aided path checker succeeded...
finish validate
Reporting......
Report generated!

finish report
===================================================
331  /  666 

CWE80_XSS__Servlet_getQueryString_Servlet_42 

{'input_token_cost': 8587, 'output_token_cost': 818, 'analysis_result': {'TPs': 1, 'FPs': 0}, 'ground_truth': {'TPs': 1, 'FPs': 1}, 'single time cost': 12.395688772201538} 

===================================================


Start to analyze the case  332 out of  666
/scratch/local/w.nimit/2292/LLMDFA/benchmark/juliet-test-suite-XSS_simplified/CWE80_XSS/s01/CWE80_XSS__Servlet_getQueryString_Servlet_45.java
Analyzing......
Preprocessing...
processing finished
start to summarize...
Generating intra-procedural summaries...
Processing callees...
Preprocessing...
processing finished
start to summarize...
Generating intra-procedural summaries...
Processing callees...
Preprocessing...
processing finished
start to summarize...
Generating intra-procedural summaries...
Processing callees...
Preprocessing...
processing finished
start to summarize...
Generating intra-procedural summaries...
Processing callees...
Preprocessing...
processing finished
start to summarize...
Generating intra-procedural summaries...
Processing callees...
Validating......
Applying path checker with solver...
Constructing solving program...
Solver-aided path checker succeeded...
finish validate
Reporting......
Report generated!

finish report
===================================================
332  /  666 

CWE80_XSS__Servlet_getQueryString_Servlet_45 

{'input_token_cost': 7597, 'output_token_cost': 770, 'analysis_result': {'TPs': 1, 'FPs': 0}, 'ground_truth': {'TPs': 1, 'FPs': 1}, 'single time cost': 11.625929832458496} 

===================================================


Start to analyze the case  333 out of  666
/scratch/local/w.nimit/2292/LLMDFA/benchmark/juliet-test-suite-XSS_simplified/CWE80_XSS/s01/CWE80_XSS__Servlet_listen_tcp_01.java
Analyzing......
Preprocessing...
processing finished
start to summarize...
Generating intra-procedural summaries...
Processing callees...
Preprocessing...
processing finished
start to summarize...
Generating intra-procedural summaries...
Processing callees...
Preprocessing...
processing finished
start to summarize...
Generating intra-procedural summaries...
Processing callees...
Validating......
Applying path checker with solver...
Constructing solving program...
Solver-aided path checker succeeded...
finish validate
Reporting......
Report generated!

finish report
===================================================
333  /  666 

CWE80_XSS__Servlet_listen_tcp_01 

{'input_token_cost': 2358, 'output_token_cost': 312, 'analysis_result': {'TPs': 1, 'FPs': 0}, 'ground_truth': {'TPs': 1, 'FPs': 1}, 'single time cost': 4.868800401687622} 

===================================================


Start to analyze the case  334 out of  666
/scratch/local/w.nimit/2292/LLMDFA/benchmark/juliet-test-suite-XSS_simplified/CWE80_XSS/s01/CWE80_XSS__Servlet_listen_tcp_02.java
Analyzing......
Preprocessing...
processing finished
start to summarize...
Generating intra-procedural summaries...
Processing callees...
Preprocessing...
processing finished
start to summarize...
Generating intra-procedural summaries...
Processing callees...
Preprocessing...
processing finished
start to summarize...
Generating intra-procedural summaries...
Processing callees...
Preprocessing...
processing finished
start to summarize...
Generating intra-procedural summaries...
Processing callees...
Validating......
Applying path checker with solver...
Constructing solving program...
Solver-aided path checker succeeded...
finish validate
Reporting......
Report generated!

finish report
===================================================
334  /  666 

CWE80_XSS__Servlet_listen_tcp_02 

{'input_token_cost': 2386, 'output_token_cost': 252, 'analysis_result': {'TPs': 1, 'FPs': 0}, 'ground_truth': {'TPs': 1, 'FPs': 2}, 'single time cost': 3.98367977142334} 

===================================================


Start to analyze the case  335 out of  666
/scratch/local/w.nimit/2292/LLMDFA/benchmark/juliet-test-suite-XSS_simplified/CWE80_XSS/s01/CWE80_XSS__Servlet_listen_tcp_03.java
Analyzing......
Preprocessing...
processing finished
start to summarize...
Generating intra-procedural summaries...
Processing callees...
Preprocessing...
processing finished
start to summarize...
Generating intra-procedural summaries...
Processing callees...
Preprocessing...
processing finished
start to summarize...
Generating intra-procedural summaries...
Processing callees...
Preprocessing...
processing finished
start to summarize...
Generating intra-procedural summaries...
Processing callees...
Validating......
Applying path checker with solver...
Constructing solving program...
Constructing solving program...
Solver-aided path checker succeeded...
finish validate
Reporting......
Report generated!

finish report
===================================================
335  /  666 

CWE80_XSS__Servlet_listen_tcp_03 

{'input_token_cost': 2940, 'output_token_cost': 394, 'analysis_result': {'TPs': 1, 'FPs': 0}, 'ground_truth': {'TPs': 1, 'FPs': 2}, 'single time cost': 6.194525480270386} 

===================================================


Start to analyze the case  336 out of  666
/scratch/local/w.nimit/2292/LLMDFA/benchmark/juliet-test-suite-XSS_simplified/CWE80_XSS/s01/CWE80_XSS__Servlet_listen_tcp_04.java
Analyzing......
Preprocessing...
processing finished
start to summarize...
Generating intra-procedural summaries...
Processing callees...
Preprocessing...
processing finished
start to summarize...
Generating intra-procedural summaries...
Processing callees...
Preprocessing...
processing finished
start to summarize...
Generating intra-procedural summaries...
Processing callees...
Preprocessing...
processing finished
start to summarize...
Generating intra-procedural summaries...
Processing callees...
Validating......
Applying path checker with solver...
Constructing solving program...
Constructing solving program...
Solver-aided path checker succeeded...
finish validate
Reporting......
Report generated!

finish report
===================================================
336  /  666 

CWE80_XSS__Servlet_listen_tcp_04 

{'input_token_cost': 3071, 'output_token_cost': 428, 'analysis_result': {'TPs': 1, 'FPs': 0}, 'ground_truth': {'TPs': 1, 'FPs': 2}, 'single time cost': 6.71196174621582} 

===================================================


Start to analyze the case  337 out of  666
/scratch/local/w.nimit/2292/LLMDFA/benchmark/juliet-test-suite-XSS_simplified/CWE80_XSS/s01/CWE80_XSS__Servlet_listen_tcp_05.java
Analyzing......
Preprocessing...
processing finished
start to summarize...
Generating intra-procedural summaries...
Processing callees...
Preprocessing...
processing finished
start to summarize...
Generating intra-procedural summaries...
Processing callees...
Preprocessing...
processing finished
start to summarize...
Generating intra-procedural summaries...
Processing callees...
Preprocessing...
processing finished
start to summarize...
Generating intra-procedural summaries...
Processing callees...
Validating......
Applying path checker with solver...
Constructing solving program...
Constructing solving program...
Solver-aided path checker succeeded...
finish validate
Reporting......
Report generated!

finish report
===================================================
337  /  666 

CWE80_XSS__Servlet_listen_tcp_05 

{'input_token_cost': 3046, 'output_token_cost': 372, 'analysis_result': {'TPs': 1, 'FPs': 0}, 'ground_truth': {'TPs': 1, 'FPs': 2}, 'single time cost': 5.883882999420166} 

===================================================


Start to analyze the case  338 out of  666
/scratch/local/w.nimit/2292/LLMDFA/benchmark/juliet-test-suite-XSS_simplified/CWE80_XSS/s01/CWE80_XSS__Servlet_listen_tcp_06.java
Analyzing......
Preprocessing...
processing finished
start to summarize...
Generating intra-procedural summaries...
Processing callees...
Preprocessing...
processing finished
start to summarize...
Generating intra-procedural summaries...
Processing callees...
Preprocessing...
processing finished
start to summarize...
Generating intra-procedural summaries...
Processing callees...
Preprocessing...
processing finished
start to summarize...
Generating intra-procedural summaries...
Processing callees...
Validating......
Applying path checker with solver...
Constructing solving program...
Constructing solving program...
Solver-aided path checker succeeded...
finish validate
Reporting......
Report generated!

finish report
===================================================
338  /  666 

CWE80_XSS__Servlet_listen_tcp_06 

{'input_token_cost': 3089, 'output_token_cost': 400, 'analysis_result': {'TPs': 1, 'FPs': 0}, 'ground_truth': {'TPs': 1, 'FPs': 2}, 'single time cost': 6.294724464416504} 

===================================================


Start to analyze the case  339 out of  666
/scratch/local/w.nimit/2292/LLMDFA/benchmark/juliet-test-suite-XSS_simplified/CWE80_XSS/s01/CWE80_XSS__Servlet_listen_tcp_07.java
Analyzing......
Preprocessing...
processing finished
start to summarize...
Generating intra-procedural summaries...
Processing callees...
Preprocessing...
processing finished
start to summarize...
Generating intra-procedural summaries...
Processing callees...
Preprocessing...
processing finished
start to summarize...
Generating intra-procedural summaries...
Processing callees...
Preprocessing...
processing finished
start to summarize...
Generating intra-procedural summaries...
Processing callees...
Validating......
Applying path checker with solver...
Constructing solving program...
Constructing solving program...
Solver-aided path checker succeeded...
finish validate
Reporting......
Report generated!

finish report
===================================================
339  /  666 

CWE80_XSS__Servlet_listen_tcp_07 

{'input_token_cost': 3059, 'output_token_cost': 473, 'analysis_result': {'TPs': 1, 'FPs': 0}, 'ground_truth': {'TPs': 1, 'FPs': 2}, 'single time cost': 7.373424530029297} 

===================================================


Start to analyze the case  340 out of  666
/scratch/local/w.nimit/2292/LLMDFA/benchmark/juliet-test-suite-XSS_simplified/CWE80_XSS/s01/CWE80_XSS__Servlet_listen_tcp_08.java
Analyzing......
Preprocessing...
processing finished
start to summarize...
Generating intra-procedural summaries...
Processing callees...
Preprocessing...
processing finished
start to summarize...
Generating intra-procedural summaries...
Processing callees...
Preprocessing...
processing finished
start to summarize...
Generating intra-procedural summaries...
Processing callees...
Preprocessing...
processing finished
start to summarize...
Generating intra-procedural summaries...
Processing callees...
Preprocessing...
processing finished
start to summarize...
Generating intra-procedural summaries...
Processing callees...
Preprocessing...
processing finished
start to summarize...
Generating intra-procedural summaries...
Processing callees...
start to summarize...
Generating intra-procedural summaries...
Processing callees...
Validating......
Applying path checker with solver...
Constructing solving program...
Constructing solving program...
Solver-aided path checker succeeded...
finish validate
Reporting......
Report generated!

finish report
===================================================
340  /  666 

CWE80_XSS__Servlet_listen_tcp_08 

{'input_token_cost': 2937, 'output_token_cost': 413, 'analysis_result': {'TPs': 1, 'FPs': 0}, 'ground_truth': {'TPs': 1, 'FPs': 2}, 'single time cost': 6.485113859176636} 

===================================================


Start to analyze the case  341 out of  666
/scratch/local/w.nimit/2292/LLMDFA/benchmark/juliet-test-suite-XSS_simplified/CWE80_XSS/s01/CWE80_XSS__Servlet_listen_tcp_09.java
Analyzing......
Preprocessing...
processing finished
start to summarize...
Generating intra-procedural summaries...
Processing callees...
Preprocessing...
processing finished
start to summarize...
Generating intra-procedural summaries...
Processing callees...
Preprocessing...
processing finished
start to summarize...
Generating intra-procedural summaries...
Processing callees...
Preprocessing...
processing finished
start to summarize...
Generating intra-procedural summaries...
Processing callees...
Validating......
Applying path checker with solver...
Constructing solving program...
Constructing solving program...
Solver-aided path checker succeeded...
finish validate
Reporting......
Report generated!

finish report
===================================================
341  /  666 

CWE80_XSS__Servlet_listen_tcp_09 

{'input_token_cost': 3071, 'output_token_cost': 397, 'analysis_result': {'TPs': 1, 'FPs': 0}, 'ground_truth': {'TPs': 1, 'FPs': 2}, 'single time cost': 6.253652334213257} 

===================================================


Start to analyze the case  342 out of  666
/scratch/local/w.nimit/2292/LLMDFA/benchmark/juliet-test-suite-XSS_simplified/CWE80_XSS/s01/CWE80_XSS__Servlet_listen_tcp_10.java
Analyzing......
Preprocessing...
processing finished
start to summarize...
Generating intra-procedural summaries...
Processing callees...
Preprocessing...
processing finished
start to summarize...
Generating intra-procedural summaries...
Processing callees...
Preprocessing...
processing finished
start to summarize...
Generating intra-procedural summaries...
Processing callees...
Preprocessing...
processing finished
start to summarize...
Generating intra-procedural summaries...
Processing callees...
Validating......
Applying path checker with solver...
Constructing solving program...
Constructing solving program...
Solver-aided path checker succeeded...
finish validate
Reporting......
Report generated!

finish report
===================================================
342  /  666 

CWE80_XSS__Servlet_listen_tcp_10 

{'input_token_cost': 3056, 'output_token_cost': 404, 'analysis_result': {'TPs': 1, 'FPs': 0}, 'ground_truth': {'TPs': 1, 'FPs': 2}, 'single time cost': 6.35936713218689} 

===================================================


Start to analyze the case  343 out of  666
/scratch/local/w.nimit/2292/LLMDFA/benchmark/juliet-test-suite-XSS_simplified/CWE80_XSS/s01/CWE80_XSS__Servlet_listen_tcp_11.java
Analyzing......
Preprocessing...
processing finished
start to summarize...
Generating intra-procedural summaries...
Processing callees...
Preprocessing...
processing finished
start to summarize...
Generating intra-procedural summaries...
Processing callees...
Preprocessing...
processing finished
start to summarize...
Generating intra-procedural summaries...
Processing callees...
Preprocessing...
processing finished
start to summarize...
Generating intra-procedural summaries...
Processing callees...
Validating......
Applying path checker with solver...
Constructing solving program...
Constructing solving program...
Solver-aided path checker succeeded...
finish validate
Reporting......
Report generated!

finish report
===================================================
343  /  666 

CWE80_XSS__Servlet_listen_tcp_11 

{'input_token_cost': 2945, 'output_token_cost': 416, 'analysis_result': {'TPs': 1, 'FPs': 0}, 'ground_truth': {'TPs': 1, 'FPs': 2}, 'single time cost': 6.523647308349609} 

===================================================


Start to analyze the case  344 out of  666
/scratch/local/w.nimit/2292/LLMDFA/benchmark/juliet-test-suite-XSS_simplified/CWE80_XSS/s01/CWE80_XSS__Servlet_listen_tcp_12.java
Analyzing......
Preprocessing...
processing finished
start to summarize...
Generating intra-procedural summaries...
Processing callees...
Preprocessing...
processing finished
start to summarize...
Generating intra-procedural summaries...
Processing callees...
Preprocessing...
processing finished
start to summarize...
Generating intra-procedural summaries...
Processing callees...
Validating......
finish validate
Reporting......
Report generated!

finish report
===================================================
344  /  666 

CWE80_XSS__Servlet_listen_tcp_12 

{'input_token_cost': 1851, 'output_token_cost': 136, 'analysis_result': {'TPs': 0, 'FPs': 0}, 'ground_truth': {'TPs': 1, 'FPs': 1}, 'single time cost': 2.1265180110931396} 

===================================================


Start to analyze the case  345 out of  666
/scratch/local/w.nimit/2292/LLMDFA/benchmark/juliet-test-suite-XSS_simplified/CWE80_XSS/s01/CWE80_XSS__Servlet_listen_tcp_13.java
Analyzing......
Preprocessing...
processing finished
start to summarize...
Generating intra-procedural summaries...
Processing callees...
Preprocessing...
processing finished
start to summarize...
Generating intra-procedural summaries...
Processing callees...
Preprocessing...
processing finished
start to summarize...
Generating intra-procedural summaries...
Processing callees...
Preprocessing...
processing finished
start to summarize...
Generating intra-procedural summaries...
Processing callees...
Validating......
Applying path checker with solver...
Constructing solving program...
Constructing solving program...
Solver-aided path checker succeeded...
finish validate
Reporting......
Report generated!

finish report
===================================================
345  /  666 

CWE80_XSS__Servlet_listen_tcp_13 

{'input_token_cost': 3089, 'output_token_cost': 412, 'analysis_result': {'TPs': 1, 'FPs': 0}, 'ground_truth': {'TPs': 1, 'FPs': 2}, 'single time cost': 6.487150430679321} 

===================================================


Start to analyze the case  346 out of  666
/scratch/local/w.nimit/2292/LLMDFA/benchmark/juliet-test-suite-XSS_simplified/CWE80_XSS/s01/CWE80_XSS__Servlet_listen_tcp_14.java
Analyzing......
Preprocessing...
processing finished
start to summarize...
Generating intra-procedural summaries...
Processing callees...
Preprocessing...
processing finished
start to summarize...
Generating intra-procedural summaries...
Processing callees...
Preprocessing...
processing finished
start to summarize...
Generating intra-procedural summaries...
Processing callees...
Preprocessing...
processing finished
start to summarize...
Generating intra-procedural summaries...
Processing callees...
Validating......
Applying path checker with solver...
Constructing solving program...
Constructing solving program...
Solver-aided path checker succeeded...
finish validate
Reporting......
Report generated!

finish report
===================================================
346  /  666 

CWE80_XSS__Servlet_listen_tcp_14 

{'input_token_cost': 3069, 'output_token_cost': 513, 'analysis_result': {'TPs': 1, 'FPs': 0}, 'ground_truth': {'TPs': 1, 'FPs': 2}, 'single time cost': 7.9601922035217285} 

===================================================


Start to analyze the case  347 out of  666
/scratch/local/w.nimit/2292/LLMDFA/benchmark/juliet-test-suite-XSS_simplified/CWE80_XSS/s01/CWE80_XSS__Servlet_listen_tcp_17.java
Analyzing......
Preprocessing...
processing finished
start to summarize...
Generating intra-procedural summaries...
Processing callees...
Preprocessing...
processing finished
start to summarize...
Generating intra-procedural summaries...
Processing callees...
Preprocessing...
processing finished
start to summarize...
Generating intra-procedural summaries...
Processing callees...
Validating......
Applying path checker with solver...
Constructing solving program...
Solver-aided path checker succeeded...
finish validate
Reporting......
Report generated!

finish report
===================================================
347  /  666 

CWE80_XSS__Servlet_listen_tcp_17 

{'input_token_cost': 2385, 'output_token_cost': 317, 'analysis_result': {'TPs': 1, 'FPs': 0}, 'ground_truth': {'TPs': 1, 'FPs': 1}, 'single time cost': 4.884521484375} 

===================================================


Start to analyze the case  348 out of  666
/scratch/local/w.nimit/2292/LLMDFA/benchmark/juliet-test-suite-XSS_simplified/CWE80_XSS/s01/CWE80_XSS__Servlet_listen_tcp_21.java
Analyzing......
Preprocessing...
processing finished
start to summarize...
Generating intra-procedural summaries...
Processing callees...
Preprocessing...
processing finished
start to summarize...
Generating intra-procedural summaries...
Processing callees...
Preprocessing...
processing finished
start to summarize...
Generating intra-procedural summaries...
Processing callees...
Preprocessing...
processing finished
start to summarize...
Generating intra-procedural summaries...
Processing callees...
Preprocessing...
processing finished
start to summarize...
Generating intra-procedural summaries...
Processing callees...
Preprocessing...
processing finished
start to summarize...
Generating intra-procedural summaries...
Processing callees...
Preprocessing...
processing finished
start to summarize...
Generating intra-procedural summaries...
Processing callees...
Validating......
Applying path checker with solver...
Constructing solving program...
Constructing solving program...
Solver-aided path checker succeeded...
finish validate
Reporting......
Report generated!

finish report
===================================================
348  /  666 

CWE80_XSS__Servlet_listen_tcp_21 

{'input_token_cost': 18131, 'output_token_cost': 1594, 'analysis_result': {'TPs': 1, 'FPs': 0}, 'ground_truth': {'TPs': 1, 'FPs': 2}, 'single time cost': 24.18925189971924} 

===================================================


Start to analyze the case  349 out of  666
/scratch/local/w.nimit/2292/LLMDFA/benchmark/juliet-test-suite-XSS_simplified/CWE80_XSS/s01/CWE80_XSS__Servlet_listen_tcp_31.java
Analyzing......
Preprocessing...
processing finished
start to summarize...
Generating intra-procedural summaries...
Processing callees...
Preprocessing...
processing finished
start to summarize...
Generating intra-procedural summaries...
Processing callees...
Preprocessing...
processing finished
start to summarize...
Generating intra-procedural summaries...
Processing callees...
Validating......
Applying path checker with solver...
Constructing solving program...
Solver-aided path checker succeeded...
finish validate
Reporting......
Report generated!

finish report
===================================================
349  /  666 

CWE80_XSS__Servlet_listen_tcp_31 

{'input_token_cost': 2418, 'output_token_cost': 328, 'analysis_result': {'TPs': 1, 'FPs': 0}, 'ground_truth': {'TPs': 1, 'FPs': 1}, 'single time cost': 5.102860689163208} 

===================================================


Start to analyze the case  350 out of  666
/scratch/local/w.nimit/2292/LLMDFA/benchmark/juliet-test-suite-XSS_simplified/CWE80_XSS/s01/CWE80_XSS__Servlet_listen_tcp_41.java
Analyzing......
Preprocessing...
processing finished
start to summarize...
Generating intra-procedural summaries...
Processing callees...
Preprocessing...
processing finished
start to summarize...
Generating intra-procedural summaries...
Processing callees...
Preprocessing...
processing finished
start to summarize...
Generating intra-procedural summaries...
Processing callees...
Preprocessing...
processing finished
start to summarize...
Generating intra-procedural summaries...
Processing callees...
Preprocessing...
processing finished
start to summarize...
Generating intra-procedural summaries...
Processing callees...
Validating......
Applying path checker with solver...
Constructing solving program...
Solver-aided path checker succeeded...
finish validate
Reporting......
Report generated!

finish report
===================================================
350  /  666 

CWE80_XSS__Servlet_listen_tcp_41 

{'input_token_cost': 6921, 'output_token_cost': 1007, 'analysis_result': {'TPs': 1, 'FPs': 0}, 'ground_truth': {'TPs': 1, 'FPs': 1}, 'single time cost': 15.103543281555176} 

===================================================


Start to analyze the case  351 out of  666
/scratch/local/w.nimit/2292/LLMDFA/benchmark/juliet-test-suite-XSS_simplified/CWE80_XSS/s01/CWE80_XSS__Servlet_listen_tcp_42.java
Analyzing......
Preprocessing...
processing finished
start to summarize...
Generating intra-procedural summaries...
Processing callees...
Preprocessing...
processing finished
start to summarize...
Generating intra-procedural summaries...
Processing callees...
Preprocessing...
processing finished
start to summarize...
Generating intra-procedural summaries...
Processing callees...
Preprocessing...
processing finished
start to summarize...
Generating intra-procedural summaries...
Processing callees...
Preprocessing...
processing finished
start to summarize...
Generating intra-procedural summaries...
Processing callees...
Validating......
finish validate
Reporting......
Report generated!

finish report
===================================================
351  /  666 

CWE80_XSS__Servlet_listen_tcp_42 

{'input_token_cost': 9674, 'output_token_cost': 778, 'analysis_result': {'TPs': 0, 'FPs': 0}, 'ground_truth': {'TPs': 1, 'FPs': 1}, 'single time cost': 11.74541163444519} 

===================================================


Start to analyze the case  352 out of  666
/scratch/local/w.nimit/2292/LLMDFA/benchmark/juliet-test-suite-XSS_simplified/CWE80_XSS/s01/CWE80_XSS__Servlet_listen_tcp_45.java
Analyzing......
Preprocessing...
processing finished
start to summarize...
Generating intra-procedural summaries...
Processing callees...
Preprocessing...
processing finished
start to summarize...
Generating intra-procedural summaries...
Processing callees...
Preprocessing...
processing finished
start to summarize...
Generating intra-procedural summaries...
Processing callees...
Preprocessing...
processing finished
start to summarize...
Generating intra-procedural summaries...
Processing callees...
Preprocessing...
processing finished
start to summarize...
Generating intra-procedural summaries...
Processing callees...
Validating......
Applying path checker with solver...
Constructing solving program...
Solver-aided path checker succeeded...
finish validate
Reporting......
Report generated!

finish report
===================================================
352  /  666 

CWE80_XSS__Servlet_listen_tcp_45 

{'input_token_cost': 9226, 'output_token_cost': 1208, 'analysis_result': {'TPs': 1, 'FPs': 0}, 'ground_truth': {'TPs': 1, 'FPs': 1}, 'single time cost': 18.097863912582397} 

===================================================


Start to analyze the case  353 out of  666
/scratch/local/w.nimit/2292/LLMDFA/benchmark/juliet-test-suite-XSS_simplified/CWE80_XSS/s01/CWE80_XSS__CWE182_Servlet_File_22.java
Analyzing......
Preprocessing...
processing finished
start to summarize...
Generating intra-procedural summaries...
Processing callees...
Preprocessing...
processing finished
start to summarize...
Generating intra-procedural summaries...
Processing callees...
Preprocessing...
processing finished
start to summarize...
Generating intra-procedural summaries...
Processing callees...
Preprocessing...
processing finished
start to summarize...
Generating intra-procedural summaries...
Processing callees...
Preprocessing...
processing finished
start to summarize...
Generating intra-procedural summaries...
Processing callees...
Preprocessing...
processing finished
start to summarize...
Generating intra-procedural summaries...
Processing callees...
Preprocessing...
processing finished
start to summarize...
Generating intra-procedural summaries...
Processing callees...
Validating......
finish validate
Reporting......
Report generated!

finish report
===================================================
353  /  666 

CWE80_XSS__CWE182_Servlet_File_22 

{'input_token_cost': 16933, 'output_token_cost': 1333, 'analysis_result': {'TPs': 0, 'FPs': 0}, 'ground_truth': {'TPs': 1, 'FPs': 2}, 'single time cost': 20.184627056121826} 

===================================================


Start to analyze the case  354 out of  666
/scratch/local/w.nimit/2292/LLMDFA/benchmark/juliet-test-suite-XSS_simplified/CWE80_XSS/s01/CWE80_XSS__CWE182_Servlet_File_51.java
Analyzing......
Preprocessing...
processing finished
start to summarize...
Generating intra-procedural summaries...
Processing callees...
Preprocessing...
processing finished
start to summarize...
Generating intra-procedural summaries...
Processing callees...
Preprocessing...
processing finished
start to summarize...
Generating intra-procedural summaries...
Processing callees...
Preprocessing...
processing finished
start to summarize...
Generating intra-procedural summaries...
Processing callees...
Preprocessing...
processing finished
start to summarize...
Generating intra-procedural summaries...
Processing callees...
Validating......
Applying path checker with solver...
Constructing solving program...
Solver-aided path checker succeeded...
finish validate
Reporting......
Report generated!

finish report
===================================================
354  /  666 

CWE80_XSS__CWE182_Servlet_File_51 

{'input_token_cost': 6658, 'output_token_cost': 744, 'analysis_result': {'TPs': 1, 'FPs': 0}, 'ground_truth': {'TPs': 1, 'FPs': 1}, 'single time cost': 11.354970455169678} 

===================================================


Start to analyze the case  355 out of  666
/scratch/local/w.nimit/2292/LLMDFA/benchmark/juliet-test-suite-XSS_simplified/CWE80_XSS/s01/CWE80_XSS__CWE182_Servlet_File_52.java
Analyzing......
Preprocessing...
processing finished
start to summarize...
Generating intra-procedural summaries...
Processing callees...
Preprocessing...
processing finished
start to summarize...
Generating intra-procedural summaries...
Processing callees...
Preprocessing...
processing finished
start to summarize...
Generating intra-procedural summaries...
Processing callees...
Preprocessing...
processing finished
start to summarize...
Generating intra-procedural summaries...
Processing callees...
Preprocessing...
processing finished
start to summarize...
Generating intra-procedural summaries...
Processing callees...
Preprocessing...
processing finished
start to summarize...
Generating intra-procedural summaries...
Processing callees...
Preprocessing...
processing finished
start to summarize...
Generating intra-procedural summaries...
Processing callees...
Validating......
Applying path checker with solver...
Constructing solving program...
Solver-aided path checker succeeded...
finish validate
Reporting......
Report generated!

finish report
===================================================
355  /  666 

CWE80_XSS__CWE182_Servlet_File_52 

{'input_token_cost': 11109, 'output_token_cost': 1264, 'analysis_result': {'TPs': 1, 'FPs': 0}, 'ground_truth': {'TPs': 1, 'FPs': 1}, 'single time cost': 19.05677556991577} 

===================================================


Start to analyze the case  356 out of  666
/scratch/local/w.nimit/2292/LLMDFA/benchmark/juliet-test-suite-XSS_simplified/CWE80_XSS/s01/CWE80_XSS__CWE182_Servlet_File_53.java
Analyzing......
Preprocessing...
processing finished
start to summarize...
Generating intra-procedural summaries...
Processing callees...
Preprocessing...
processing finished
start to summarize...
Generating intra-procedural summaries...
Processing callees...
Preprocessing...
processing finished
start to summarize...
Generating intra-procedural summaries...
Processing callees...
Preprocessing...
processing finished
start to summarize...
Generating intra-procedural summaries...
Processing callees...
Preprocessing...
processing finished
start to summarize...
Generating intra-procedural summaries...
Processing callees...
Preprocessing...
processing finished
start to summarize...
Generating intra-procedural summaries...
Processing callees...
Preprocessing...
processing finished
start to summarize...
Generating intra-procedural summaries...
Processing callees...
Preprocessing...
processing finished
start to summarize...
Generating intra-procedural summaries...
Processing callees...
Preprocessing...
processing finished
start to summarize...
Generating intra-procedural summaries...
Processing callees...
Validating......
Applying path checker with solver...
Constructing solving program...
Solver-aided path checker succeeded...
Applying path checker with solver...
Constructing solving program...
Solver-aided path checker succeeded...
Applying path checker with solver...
Constructing solving program...
Solver-aided path checker succeeded...
finish validate
Reporting......
Report generated!

finish report
===================================================
356  /  666 

CWE80_XSS__CWE182_Servlet_File_53 

{'input_token_cost': 23282, 'output_token_cost': 2721, 'analysis_result': {'TPs': 1, 'FPs': 0}, 'ground_truth': {'TPs': 1, 'FPs': 1}, 'single time cost': 41.07144808769226} 

===================================================


Start to analyze the case  357 out of  666
/scratch/local/w.nimit/2292/LLMDFA/benchmark/juliet-test-suite-XSS_simplified/CWE80_XSS/s01/CWE80_XSS__CWE182_Servlet_File_54.java
Analyzing......
Preprocessing...
processing finished
start to summarize...
Generating intra-procedural summaries...
Processing callees...
Preprocessing...
processing finished
start to summarize...
Generating intra-procedural summaries...
Processing callees...
Preprocessing...
processing finished
start to summarize...
Generating intra-procedural summaries...
Processing callees...
Preprocessing...
processing finished
start to summarize...
Generating intra-procedural summaries...
Processing callees...
Preprocessing...
processing finished
start to summarize...
Generating intra-procedural summaries...
Processing callees...
Preprocessing...
processing finished
start to summarize...
Generating intra-procedural summaries...
Processing callees...
Preprocessing...
processing finished
start to summarize...
Generating intra-procedural summaries...
Processing callees...
Preprocessing...
processing finished
start to summarize...
Generating intra-procedural summaries...
Processing callees...
Preprocessing...
processing finished
start to summarize...
Generating intra-procedural summaries...
Processing callees...
Preprocessing...
processing finished
start to summarize...
Generating intra-procedural summaries...
Processing callees...
Preprocessing...
processing finished
start to summarize...
Generating intra-procedural summaries...
Processing callees...
Validating......
Applying path checker with solver...
Constructing solving program...
Solver-aided path checker succeeded...
finish validate
Reporting......
Report generated!

finish report
===================================================
357  /  666 

CWE80_XSS__CWE182_Servlet_File_54 

{'input_token_cost': 32050, 'output_token_cost': 4042, 'analysis_result': {'TPs': 1, 'FPs': 0}, 'ground_truth': {'TPs': 1, 'FPs': 1}, 'single time cost': 60.48141574859619} 

===================================================


Start to analyze the case  358 out of  666
/scratch/local/w.nimit/2292/LLMDFA/benchmark/juliet-test-suite-XSS_simplified/CWE80_XSS/s01/CWE80_XSS__CWE182_Servlet_File_61.java
Analyzing......
Preprocessing...
processing finished
start to summarize...
Generating intra-procedural summaries...
Processing callees...
Preprocessing...
processing finished
start to summarize...
Generating intra-procedural summaries...
Processing callees...
Preprocessing...
processing finished
start to summarize...
Generating intra-procedural summaries...
Processing callees...
Preprocessing...
processing finished
start to summarize...
Generating intra-procedural summaries...
Processing callees...
Preprocessing...
processing finished
start to summarize...
Generating intra-procedural summaries...
Processing callees...
Validating......
Applying path checker with solver...
Constructing solving program...
Solver-aided path checker succeeded...
finish validate
Reporting......
Report generated!

finish report
===================================================
358  /  666 

CWE80_XSS__CWE182_Servlet_File_61 

{'input_token_cost': 9918, 'output_token_cost': 894, 'analysis_result': {'TPs': 1, 'FPs': 0}, 'ground_truth': {'TPs': 1, 'FPs': 1}, 'single time cost': 13.620147943496704} 

===================================================


Start to analyze the case  359 out of  666
/scratch/local/w.nimit/2292/LLMDFA/benchmark/juliet-test-suite-XSS_simplified/CWE80_XSS/s01/CWE80_XSS__CWE182_Servlet_File_66.java
Analyzing......
Preprocessing...
processing finished
start to summarize...
Generating intra-procedural summaries...
Processing callees...
Preprocessing...
processing finished
start to summarize...
Generating intra-procedural summaries...
Processing callees...
Preprocessing...
processing finished
start to summarize...
Generating intra-procedural summaries...
Processing callees...
Preprocessing...
processing finished
start to summarize...
Generating intra-procedural summaries...
Processing callees...
Preprocessing...
processing finished
start to summarize...
Generating intra-procedural summaries...
Processing callees...
Validating......
Applying path checker with solver...
Constructing solving program...
Solver-aided path checker succeeded...
finish validate
Reporting......
Report generated!

finish report
===================================================
359  /  666 

CWE80_XSS__CWE182_Servlet_File_66 

{'input_token_cost': 6762, 'output_token_cost': 766, 'analysis_result': {'TPs': 1, 'FPs': 0}, 'ground_truth': {'TPs': 1, 'FPs': 1}, 'single time cost': 11.609709978103638} 

===================================================


Start to analyze the case  360 out of  666
/scratch/local/w.nimit/2292/LLMDFA/benchmark/juliet-test-suite-XSS_simplified/CWE80_XSS/s01/CWE80_XSS__CWE182_Servlet_File_67.java
Analyzing......
Preprocessing...
processing finished
start to summarize...
Generating intra-procedural summaries...
Processing callees...
Preprocessing...
processing finished
start to summarize...
Generating intra-procedural summaries...
Processing callees...
Preprocessing...
processing finished
start to summarize...
Generating intra-procedural summaries...
Processing callees...
Preprocessing...
processing finished
start to summarize...
Generating intra-procedural summaries...
Processing callees...
Preprocessing...
processing finished
start to summarize...
Generating intra-procedural summaries...
Processing callees...
Validating......
Applying path checker with solver...
Constructing solving program...
Solver-aided path checker succeeded...
finish validate
Reporting......
Report generated!

finish report
===================================================
360  /  666 

CWE80_XSS__CWE182_Servlet_File_67 

{'input_token_cost': 6772, 'output_token_cost': 729, 'analysis_result': {'TPs': 1, 'FPs': 0}, 'ground_truth': {'TPs': 1, 'FPs': 1}, 'single time cost': 11.06850266456604} 

===================================================


Start to analyze the case  361 out of  666
/scratch/local/w.nimit/2292/LLMDFA/benchmark/juliet-test-suite-XSS_simplified/CWE80_XSS/s01/CWE80_XSS__CWE182_Servlet_File_68.java
Analyzing......
Preprocessing...
processing finished
start to summarize...
Generating intra-procedural summaries...
Processing callees...
Preprocessing...
processing finished
start to summarize...
Generating intra-procedural summaries...
Processing callees...
Preprocessing...
processing finished
start to summarize...
Generating intra-procedural summaries...
Processing callees...
Preprocessing...
processing finished
start to summarize...
Generating intra-procedural summaries...
Processing callees...
Preprocessing...
processing finished
start to summarize...
Generating intra-procedural summaries...
Processing callees...
Validating......
Applying path checker with solver...
Constructing solving program...
Solver-aided path checker succeeded...
Applying path checker with solver...
Constructing solving program...
Solver-aided path checker succeeded...
finish validate
Reporting......
Report generated!

finish report
===================================================
361  /  666 

CWE80_XSS__CWE182_Servlet_File_68 

{'input_token_cost': 10258, 'output_token_cost': 1224, 'analysis_result': {'TPs': 1, 'FPs': 0}, 'ground_truth': {'TPs': 1, 'FPs': 1}, 'single time cost': 18.58777141571045} 

===================================================


Start to analyze the case  362 out of  666
/scratch/local/w.nimit/2292/LLMDFA/benchmark/juliet-test-suite-XSS_simplified/CWE80_XSS/s01/CWE80_XSS__CWE182_Servlet_File_71.java
Analyzing......
Preprocessing...
processing finished
start to summarize...
Generating intra-procedural summaries...
Processing callees...
Preprocessing...
processing finished
start to summarize...
Generating intra-procedural summaries...
Processing callees...
Preprocessing...
processing finished
start to summarize...
Generating intra-procedural summaries...
Processing callees...
Preprocessing...
processing finished
start to summarize...
Generating intra-procedural summaries...
Processing callees...
Preprocessing...
processing finished
start to summarize...
Generating intra-procedural summaries...
Processing callees...
Validating......
finish validate
Reporting......
Report generated!

finish report
===================================================
362  /  666 

CWE80_XSS__CWE182_Servlet_File_71 

{'input_token_cost': 3298, 'output_token_cost': 328, 'analysis_result': {'TPs': 0, 'FPs': 0}, 'ground_truth': {'TPs': 1, 'FPs': 1}, 'single time cost': 4.916159391403198} 

===================================================


Start to analyze the case  363 out of  666
/scratch/local/w.nimit/2292/LLMDFA/benchmark/juliet-test-suite-XSS_simplified/CWE80_XSS/s01/CWE80_XSS__CWE182_Servlet_File_72.java
Analyzing......
Preprocessing...
processing finished
start to summarize...
Generating intra-procedural summaries...
Processing callees...
Preprocessing...
processing finished
start to summarize...
Generating intra-procedural summaries...
Processing callees...
Preprocessing...
processing finished
start to summarize...
Generating intra-procedural summaries...
Processing callees...
Preprocessing...
processing finished
start to summarize...
Generating intra-procedural summaries...
Processing callees...
Preprocessing...
processing finished
start to summarize...
Generating intra-procedural summaries...
Processing callees...
Validating......
Applying path checker with solver...
Constructing solving program...
Solver-aided path checker succeeded...
finish validate
Reporting......
Report generated!

finish report
===================================================
363  /  666 

CWE80_XSS__CWE182_Servlet_File_72 

{'input_token_cost': 6865, 'output_token_cost': 748, 'analysis_result': {'TPs': 1, 'FPs': 0}, 'ground_truth': {'TPs': 1, 'FPs': 1}, 'single time cost': 11.349967002868652} 

===================================================


Start to analyze the case  364 out of  666
/scratch/local/w.nimit/2292/LLMDFA/benchmark/juliet-test-suite-XSS_simplified/CWE80_XSS/s01/CWE80_XSS__CWE182_Servlet_File_73.java
Analyzing......
Preprocessing...
processing finished
start to summarize...
Generating intra-procedural summaries...
Processing callees...
Preprocessing...
processing finished
start to summarize...
Generating intra-procedural summaries...
Processing callees...
Preprocessing...
processing finished
start to summarize...
Generating intra-procedural summaries...
Processing callees...
Preprocessing...
processing finished
start to summarize...
Generating intra-procedural summaries...
Processing callees...
Preprocessing...
processing finished
start to summarize...
Generating intra-procedural summaries...
Processing callees...
Validating......
Applying path checker with solver...
Constructing solving program...
Solver-aided path checker succeeded...
finish validate
Reporting......
Report generated!

finish report
===================================================
364  /  666 

CWE80_XSS__CWE182_Servlet_File_73 

{'input_token_cost': 6859, 'output_token_cost': 772, 'analysis_result': {'TPs': 1, 'FPs': 0}, 'ground_truth': {'TPs': 1, 'FPs': 1}, 'single time cost': 11.695489168167114} 

===================================================


Start to analyze the case  365 out of  666
/scratch/local/w.nimit/2292/LLMDFA/benchmark/juliet-test-suite-XSS_simplified/CWE80_XSS/s01/CWE80_XSS__CWE182_Servlet_File_74.java
Analyzing......
Preprocessing...
processing finished
start to summarize...
Generating intra-procedural summaries...
Processing callees...
Preprocessing...
processing finished
start to summarize...
Generating intra-procedural summaries...
Processing callees...
Preprocessing...
processing finished
start to summarize...
Generating intra-procedural summaries...
Processing callees...
Preprocessing...
processing finished
start to summarize...
Generating intra-procedural summaries...
Processing callees...
Preprocessing...
processing finished
start to summarize...
Generating intra-procedural summaries...
Processing callees...
Validating......
Applying path checker with solver...
Constructing solving program...
Solver-aided path checker succeeded...
finish validate
Reporting......
Report generated!

finish report
===================================================
365  /  666 

CWE80_XSS__CWE182_Servlet_File_74 

{'input_token_cost': 6873, 'output_token_cost': 896, 'analysis_result': {'TPs': 1, 'FPs': 0}, 'ground_truth': {'TPs': 1, 'FPs': 1}, 'single time cost': 13.505579948425293} 

===================================================


Start to analyze the case  366 out of  666
/scratch/local/w.nimit/2292/LLMDFA/benchmark/juliet-test-suite-XSS_simplified/CWE80_XSS/s01/CWE80_XSS__CWE182_Servlet_File_75.java
Analyzing......
Preprocessing...
processing finished
start to summarize...
Generating intra-procedural summaries...
Processing callees...
Preprocessing...
processing finished
start to summarize...
Generating intra-procedural summaries...
Processing callees...
Preprocessing...
processing finished
start to summarize...
Generating intra-procedural summaries...
Processing callees...
Preprocessing...
processing finished
start to summarize...
Generating intra-procedural summaries...
Processing callees...
Preprocessing...
processing finished
start to summarize...
Generating intra-procedural summaries...
Processing callees...
Validating......
Applying path checker with solver...
Constructing solving program...
Solver-aided path checker succeeded...
finish validate
Reporting......
Report generated!

finish report
===================================================
366  /  666 

CWE80_XSS__CWE182_Servlet_File_75 

{'input_token_cost': 8281, 'output_token_cost': 790, 'analysis_result': {'TPs': 1, 'FPs': 0}, 'ground_truth': {'TPs': 1, 'FPs': 1}, 'single time cost': 12.228669166564941} 

===================================================


Start to analyze the case  367 out of  666
/scratch/local/w.nimit/2292/LLMDFA/benchmark/juliet-test-suite-XSS_simplified/CWE80_XSS/s01/CWE80_XSS__CWE182_Servlet_File_81.java
Analyzing......
Preprocessing...
processing finished
start to summarize...
Generating intra-procedural summaries...
Processing callees...
Preprocessing...
processing finished
start to summarize...
Generating intra-procedural summaries...
Processing callees...
Preprocessing...
processing finished
start to summarize...
Generating intra-procedural summaries...
Processing callees...
Preprocessing...
processing finished
start to summarize...
Generating intra-procedural summaries...
Processing callees...
Preprocessing...
processing finished
start to summarize...
Generating intra-procedural summaries...
Processing callees...
Validating......
Applying path checker with solver...
Constructing solving program...
Solver-aided path checker succeeded...
finish validate
Reporting......
Report generated!

finish report
===================================================
367  /  666 

CWE80_XSS__CWE182_Servlet_File_81 

{'input_token_cost': 7799, 'output_token_cost': 922, 'analysis_result': {'TPs': 1, 'FPs': 0}, 'ground_truth': {'TPs': 1, 'FPs': 1}, 'single time cost': 14.402896165847778} 

===================================================


Start to analyze the case  368 out of  666
/scratch/local/w.nimit/2292/LLMDFA/benchmark/juliet-test-suite-XSS_simplified/CWE80_XSS/s01/CWE80_XSS__CWE182_Servlet_PropertiesFile_22.java
Analyzing......
Preprocessing...
processing finished
start to summarize...
Generating intra-procedural summaries...
Processing callees...
Preprocessing...
processing finished
start to summarize...
Generating intra-procedural summaries...
Processing callees...
Preprocessing...
processing finished
start to summarize...
Generating intra-procedural summaries...
Processing callees...
Preprocessing...
processing finished
start to summarize...
Generating intra-procedural summaries...
Processing callees...
Preprocessing...
processing finished
start to summarize...
Generating intra-procedural summaries...
Processing callees...
Preprocessing...
processing finished
start to summarize...
Generating intra-procedural summaries...
Processing callees...
Preprocessing...
processing finished
start to summarize...
Generating intra-procedural summaries...
Processing callees...
Validating......
Applying path checker with solver...
Constructing solving program...
Constructing solving program...
Solver-aided path checker succeeded...
finish validate
Reporting......
Report generated!

finish report
===================================================
368  /  666 

CWE80_XSS__CWE182_Servlet_PropertiesFile_22 

{'input_token_cost': 17493, 'output_token_cost': 1902, 'analysis_result': {'TPs': 1, 'FPs': 0}, 'ground_truth': {'TPs': 1, 'FPs': 2}, 'single time cost': 30.063472986221313} 

===================================================


Start to analyze the case  369 out of  666
/scratch/local/w.nimit/2292/LLMDFA/benchmark/juliet-test-suite-XSS_simplified/CWE80_XSS/s01/CWE80_XSS__CWE182_Servlet_PropertiesFile_51.java
Analyzing......
Preprocessing...
processing finished
start to summarize...
Generating intra-procedural summaries...
Processing callees...
Preprocessing...
processing finished
start to summarize...
Generating intra-procedural summaries...
Processing callees...
Preprocessing...
processing finished
start to summarize...
Generating intra-procedural summaries...
Processing callees...
Preprocessing...
processing finished
start to summarize...
Generating intra-procedural summaries...
Processing callees...
Preprocessing...
processing finished
start to summarize...
Generating intra-procedural summaries...
Processing callees...
Validating......
Applying path checker with solver...
Constructing solving program...
Solver-aided path checker succeeded...
finish validate
Reporting......
Report generated!

finish report
===================================================
369  /  666 

CWE80_XSS__CWE182_Servlet_PropertiesFile_51 

{'input_token_cost': 7052, 'output_token_cost': 944, 'analysis_result': {'TPs': 1, 'FPs': 0}, 'ground_truth': {'TPs': 1, 'FPs': 1}, 'single time cost': 14.287560224533081} 

===================================================


Start to analyze the case  370 out of  666
/scratch/local/w.nimit/2292/LLMDFA/benchmark/juliet-test-suite-XSS_simplified/CWE80_XSS/s01/CWE80_XSS__CWE182_Servlet_PropertiesFile_52.java
Analyzing......
Preprocessing...
processing finished
start to summarize...
Generating intra-procedural summaries...
Processing callees...
Preprocessing...
processing finished
start to summarize...
Generating intra-procedural summaries...
Processing callees...
Preprocessing...
processing finished
start to summarize...
Generating intra-procedural summaries...
Processing callees...
Preprocessing...
processing finished
start to summarize...
Generating intra-procedural summaries...
Processing callees...
Preprocessing...
processing finished
start to summarize...
Generating intra-procedural summaries...
Processing callees...
Preprocessing...
processing finished
start to summarize...
Generating intra-procedural summaries...
Processing callees...
Preprocessing...
processing finished
start to summarize...
Generating intra-procedural summaries...
Processing callees...
Validating......
Applying path checker with solver...
Constructing solving program...
Solver-aided path checker succeeded...
Applying path checker with solver...
Constructing solving program...
Solver-aided path checker succeeded...
Applying path checker with solver...
Constructing solving program...
Solver-aided path checker succeeded...
finish validate
Reporting......
Report generated!

finish report
===================================================
370  /  666 

CWE80_XSS__CWE182_Servlet_PropertiesFile_52 

{'input_token_cost': 15942, 'output_token_cost': 2019, 'analysis_result': {'TPs': 1, 'FPs': 0}, 'ground_truth': {'TPs': 1, 'FPs': 1}, 'single time cost': 30.55994939804077} 

===================================================


Start to analyze the case  371 out of  666
/scratch/local/w.nimit/2292/LLMDFA/benchmark/juliet-test-suite-XSS_simplified/CWE80_XSS/s01/CWE80_XSS__CWE182_Servlet_PropertiesFile_53.java
Analyzing......
Preprocessing...
processing finished
start to summarize...
Generating intra-procedural summaries...
Processing callees...
Preprocessing...
processing finished
start to summarize...
Generating intra-procedural summaries...
Processing callees...
Preprocessing...
processing finished
start to summarize...
Generating intra-procedural summaries...
Processing callees...
Preprocessing...
processing finished
start to summarize...
Generating intra-procedural summaries...
Processing callees...
Preprocessing...
processing finished
start to summarize...
Generating intra-procedural summaries...
Processing callees...
Preprocessing...
processing finished
start to summarize...
Generating intra-procedural summaries...
Processing callees...
Preprocessing...
processing finished
start to summarize...
Generating intra-procedural summaries...
Processing callees...
Preprocessing...
processing finished
start to summarize...
Generating intra-procedural summaries...
Processing callees...
Preprocessing...
processing finished
start to summarize...
Generating intra-procedural summaries...
Processing callees...
Validating......
Applying path checker with solver...
Constructing solving program...
Solver-aided path checker succeeded...
Applying path checker with solver...
Constructing solving program...
Solver-aided path checker succeeded...
Applying path checker with solver...
Constructing solving program...
Solver-aided path checker succeeded...
Applying path checker with solver...
Constructing solving program...
Solver-aided path checker succeeded...
Applying path checker with solver...
Constructing solving program...
Solver-aided path checker succeeded...
finish validate
Reporting......
Report generated!

finish report
===================================================
371  /  666 

CWE80_XSS__CWE182_Servlet_PropertiesFile_53 

{'input_token_cost': 23678, 'output_token_cost': 2973, 'analysis_result': {'TPs': 1, 'FPs': 0}, 'ground_truth': {'TPs': 1, 'FPs': 1}, 'single time cost': 45.025856494903564} 

===================================================


Start to analyze the case  372 out of  666
/scratch/local/w.nimit/2292/LLMDFA/benchmark/juliet-test-suite-XSS_simplified/CWE80_XSS/s01/CWE80_XSS__CWE182_Servlet_PropertiesFile_54.java
Analyzing......
Preprocessing...
processing finished
start to summarize...
Generating intra-procedural summaries...
Processing callees...
Preprocessing...
processing finished
start to summarize...
Generating intra-procedural summaries...
Processing callees...
Preprocessing...
processing finished
start to summarize...
Generating intra-procedural summaries...
Processing callees...
Preprocessing...
processing finished
start to summarize...
Generating intra-procedural summaries...
Processing callees...
Preprocessing...
processing finished
start to summarize...
Generating intra-procedural summaries...
Processing callees...
Preprocessing...
processing finished
start to summarize...
Generating intra-procedural summaries...
Processing callees...
Preprocessing...
processing finished
start to summarize...
Generating intra-procedural summaries...
Processing callees...
Preprocessing...
processing finished
start to summarize...
Generating intra-procedural summaries...
Processing callees...
Preprocessing...
processing finished
start to summarize...
Generating intra-procedural summaries...
Processing callees...
Preprocessing...
processing finished
start to summarize...
Generating intra-procedural summaries...
Processing callees...
Preprocessing...
processing finished
start to summarize...
Generating intra-procedural summaries...
Processing callees...
Validating......
Applying path checker with solver...
Constructing solving program...
Solver-aided path checker succeeded...
Applying path checker with solver...
Constructing solving program...
Solver-aided path checker succeeded...
Applying path checker with solver...
Constructing solving program...
Solver-aided path checker succeeded...
finish validate
Reporting......
Report generated!

finish report
===================================================
372  /  666 

CWE80_XSS__CWE182_Servlet_PropertiesFile_54 

{'input_token_cost': 35766, 'output_token_cost': 4165, 'analysis_result': {'TPs': 1, 'FPs': 0}, 'ground_truth': {'TPs': 1, 'FPs': 1}, 'single time cost': 62.602888345718384} 

===================================================


Start to analyze the case  373 out of  666
/scratch/local/w.nimit/2292/LLMDFA/benchmark/juliet-test-suite-XSS_simplified/CWE80_XSS/s01/CWE80_XSS__CWE182_Servlet_PropertiesFile_61.java
Analyzing......
Preprocessing...
processing finished
start to summarize...
Generating intra-procedural summaries...
Processing callees...
Preprocessing...
processing finished
start to summarize...
Generating intra-procedural summaries...
Processing callees...
Preprocessing...
processing finished
start to summarize...
Generating intra-procedural summaries...
Processing callees...
Preprocessing...
processing finished
start to summarize...
Generating intra-procedural summaries...
Processing callees...
Preprocessing...
processing finished
start to summarize...
Generating intra-procedural summaries...
Processing callees...
Validating......
Applying path checker with solver...
Constructing solving program...
Solver-aided path checker succeeded...
finish validate
Reporting......
Report generated!

finish report
===================================================
373  /  666 

CWE80_XSS__CWE182_Servlet_PropertiesFile_61 

{'input_token_cost': 9175, 'output_token_cost': 904, 'analysis_result': {'TPs': 1, 'FPs': 0}, 'ground_truth': {'TPs': 1, 'FPs': 1}, 'single time cost': 13.74590516090393} 

===================================================


Start to analyze the case  374 out of  666
/scratch/local/w.nimit/2292/LLMDFA/benchmark/juliet-test-suite-XSS_simplified/CWE80_XSS/s01/CWE80_XSS__CWE182_Servlet_PropertiesFile_66.java
Analyzing......
Preprocessing...
processing finished
start to summarize...
Generating intra-procedural summaries...
Processing callees...
Preprocessing...
processing finished
start to summarize...
Generating intra-procedural summaries...
Processing callees...
Preprocessing...
processing finished
start to summarize...
Generating intra-procedural summaries...
Processing callees...
Preprocessing...
processing finished
start to summarize...
Generating intra-procedural summaries...
Processing callees...
Preprocessing...
processing finished
start to summarize...
Generating intra-procedural summaries...
Processing callees...
Validating......
Applying path checker with solver...
Constructing solving program...
Solver-aided path checker succeeded...
finish validate
Reporting......
Report generated!

finish report
===================================================
374  /  666 

CWE80_XSS__CWE182_Servlet_PropertiesFile_66 

{'input_token_cost': 7170, 'output_token_cost': 987, 'analysis_result': {'TPs': 1, 'FPs': 0}, 'ground_truth': {'TPs': 1, 'FPs': 1}, 'single time cost': 14.859515190124512} 

===================================================


Start to analyze the case  375 out of  666
/scratch/local/w.nimit/2292/LLMDFA/benchmark/juliet-test-suite-XSS_simplified/CWE80_XSS/s01/CWE80_XSS__Servlet_connect_tcp_51.java
Analyzing......
Preprocessing...
processing finished
start to summarize...
Generating intra-procedural summaries...
Processing callees...
Preprocessing...
processing finished
start to summarize...
Generating intra-procedural summaries...
Processing callees...
Preprocessing...
processing finished
start to summarize...
Generating intra-procedural summaries...
Processing callees...
Preprocessing...
processing finished
start to summarize...
Generating intra-procedural summaries...
Processing callees...
Preprocessing...
processing finished
start to summarize...
Generating intra-procedural summaries...
Processing callees...
Validating......
Applying path checker with solver...
Constructing solving program...
Solver-aided path checker succeeded...
finish validate
Reporting......
Report generated!

finish report
===================================================
375  /  666 

CWE80_XSS__Servlet_connect_tcp_51 

{'input_token_cost': 6638, 'output_token_cost': 876, 'analysis_result': {'TPs': 1, 'FPs': 0}, 'ground_truth': {'TPs': 1, 'FPs': 1}, 'single time cost': 13.276936292648315} 

===================================================


Start to analyze the case  376 out of  666
/scratch/local/w.nimit/2292/LLMDFA/benchmark/juliet-test-suite-XSS_simplified/CWE80_XSS/s01/CWE80_XSS__CWE182_Servlet_PropertiesFile_67.java
Analyzing......
Preprocessing...
processing finished
start to summarize...
Generating intra-procedural summaries...
Processing callees...
Preprocessing...
processing finished
start to summarize...
Generating intra-procedural summaries...
Processing callees...
Preprocessing...
processing finished
start to summarize...
Generating intra-procedural summaries...
Processing callees...
Preprocessing...
processing finished
start to summarize...
Generating intra-procedural summaries...
Processing callees...
Preprocessing...
processing finished
start to summarize...
Generating intra-procedural summaries...
Processing callees...
Validating......
Applying path checker with solver...
Constructing solving program...
Solver-aided path checker succeeded...
finish validate
Reporting......
Report generated!

finish report
===================================================
376  /  666 

CWE80_XSS__CWE182_Servlet_PropertiesFile_67 

{'input_token_cost': 6013, 'output_token_cost': 896, 'analysis_result': {'TPs': 1, 'FPs': 0}, 'ground_truth': {'TPs': 1, 'FPs': 1}, 'single time cost': 13.516483545303345} 

===================================================


Start to analyze the case  377 out of  666
/scratch/local/w.nimit/2292/LLMDFA/benchmark/juliet-test-suite-XSS_simplified/CWE80_XSS/s01/CWE80_XSS__CWE182_Servlet_PropertiesFile_68.java
Analyzing......
Preprocessing...
processing finished
start to summarize...
Generating intra-procedural summaries...
Processing callees...
Preprocessing...
processing finished
start to summarize...
Generating intra-procedural summaries...
Processing callees...
Preprocessing...
processing finished
start to summarize...
Generating intra-procedural summaries...
Processing callees...
Preprocessing...
processing finished
start to summarize...
Generating intra-procedural summaries...
Processing callees...
Preprocessing...
processing finished
start to summarize...
Generating intra-procedural summaries...
Processing callees...
Validating......
finish validate
Reporting......
Report generated!

finish report
===================================================
377  /  666 

CWE80_XSS__CWE182_Servlet_PropertiesFile_68 

{'input_token_cost': 7896, 'output_token_cost': 1065, 'analysis_result': {'TPs': 0, 'FPs': 0}, 'ground_truth': {'TPs': 1, 'FPs': 1}, 'single time cost': 15.927057266235352} 

===================================================


Start to analyze the case  378 out of  666
/scratch/local/w.nimit/2292/LLMDFA/benchmark/juliet-test-suite-XSS_simplified/CWE80_XSS/s01/CWE80_XSS__CWE182_Servlet_PropertiesFile_71.java
Analyzing......
Preprocessing...
processing finished
start to summarize...
Generating intra-procedural summaries...
Processing callees...
Preprocessing...
processing finished
start to summarize...
Generating intra-procedural summaries...
Processing callees...
Preprocessing...
processing finished
start to summarize...
Generating intra-procedural summaries...
Processing callees...
Preprocessing...
processing finished
start to summarize...
Generating intra-procedural summaries...
Processing callees...
Preprocessing...
processing finished
start to summarize...
Generating intra-procedural summaries...
Processing callees...
Validating......
finish validate
Reporting......
Report generated!

finish report
===================================================
378  /  666 

CWE80_XSS__CWE182_Servlet_PropertiesFile_71 

{'input_token_cost': 2790, 'output_token_cost': 315, 'analysis_result': {'TPs': 0, 'FPs': 0}, 'ground_truth': {'TPs': 1, 'FPs': 1}, 'single time cost': 4.7168450355529785} 

===================================================


Start to analyze the case  379 out of  666
/scratch/local/w.nimit/2292/LLMDFA/benchmark/juliet-test-suite-XSS_simplified/CWE80_XSS/s01/CWE80_XSS__CWE182_Servlet_PropertiesFile_72.java
Analyzing......
Preprocessing...
processing finished
start to summarize...
Generating intra-procedural summaries...
Processing callees...
Preprocessing...
processing finished
start to summarize...
Generating intra-procedural summaries...
Processing callees...
Preprocessing...
processing finished
start to summarize...
Generating intra-procedural summaries...
Processing callees...
Preprocessing...
processing finished
start to summarize...
Generating intra-procedural summaries...
Processing callees...
Preprocessing...
processing finished
start to summarize...
Generating intra-procedural summaries...
Processing callees...
Validating......
Applying path checker with solver...
Constructing solving program...
Solver-aided path checker succeeded...
finish validate
Reporting......
Report generated!

finish report
===================================================
379  /  666 

CWE80_XSS__CWE182_Servlet_PropertiesFile_72 

{'input_token_cost': 6105, 'output_token_cost': 691, 'analysis_result': {'TPs': 1, 'FPs': 0}, 'ground_truth': {'TPs': 1, 'FPs': 1}, 'single time cost': 10.495033740997314} 

===================================================


Start to analyze the case  380 out of  666
/scratch/local/w.nimit/2292/LLMDFA/benchmark/juliet-test-suite-XSS_simplified/CWE80_XSS/s01/CWE80_XSS__CWE182_Servlet_PropertiesFile_73.java
Analyzing......
Preprocessing...
processing finished
start to summarize...
Generating intra-procedural summaries...
Processing callees...
Preprocessing...
processing finished
start to summarize...
Generating intra-procedural summaries...
Processing callees...
Preprocessing...
processing finished
start to summarize...
Generating intra-procedural summaries...
Processing callees...
Preprocessing...
processing finished
start to summarize...
Generating intra-procedural summaries...
Processing callees...
Preprocessing...
processing finished
start to summarize...
Generating intra-procedural summaries...
Processing callees...
Validating......
Applying path checker with solver...
Constructing solving program...
Solver-aided path checker succeeded...
finish validate
Reporting......
Report generated!

finish report
===================================================
380  /  666 

CWE80_XSS__CWE182_Servlet_PropertiesFile_73 

{'input_token_cost': 7271, 'output_token_cost': 1159, 'analysis_result': {'TPs': 1, 'FPs': 0}, 'ground_truth': {'TPs': 1, 'FPs': 1}, 'single time cost': 17.380138874053955} 

===================================================


Start to analyze the case  381 out of  666
/scratch/local/w.nimit/2292/LLMDFA/benchmark/juliet-test-suite-XSS_simplified/CWE80_XSS/s01/CWE80_XSS__CWE182_Servlet_PropertiesFile_74.java
Analyzing......
Preprocessing...
processing finished
start to summarize...
Generating intra-procedural summaries...
Processing callees...
Preprocessing...
processing finished
start to summarize...
Generating intra-procedural summaries...
Processing callees...
Preprocessing...
processing finished
start to summarize...
Generating intra-procedural summaries...
Processing callees...
Preprocessing...
processing finished
start to summarize...
Generating intra-procedural summaries...
Processing callees...
Preprocessing...
processing finished
start to summarize...
Generating intra-procedural summaries...
Processing callees...
Validating......
Applying path checker with solver...
Constructing solving program...
Solver-aided path checker succeeded...
finish validate
Reporting......
Report generated!

finish report
===================================================
381  /  666 

CWE80_XSS__CWE182_Servlet_PropertiesFile_74 

{'input_token_cost': 7287, 'output_token_cost': 962, 'analysis_result': {'TPs': 1, 'FPs': 0}, 'ground_truth': {'TPs': 1, 'FPs': 1}, 'single time cost': 14.515550374984741} 

===================================================


Start to analyze the case  382 out of  666
/scratch/local/w.nimit/2292/LLMDFA/benchmark/juliet-test-suite-XSS_simplified/CWE80_XSS/s01/CWE80_XSS__CWE182_Servlet_PropertiesFile_75.java
Analyzing......
Preprocessing...
processing finished
start to summarize...
Generating intra-procedural summaries...
Processing callees...
Preprocessing...
processing finished
start to summarize...
Generating intra-procedural summaries...
Processing callees...
Preprocessing...
processing finished
start to summarize...
Generating intra-procedural summaries...
Processing callees...
Preprocessing...
processing finished
start to summarize...
Generating intra-procedural summaries...
Processing callees...
Preprocessing...
processing finished
start to summarize...
Generating intra-procedural summaries...
Processing callees...
Validating......
Applying path checker with solver...
Constructing solving program...
Solver-aided path checker succeeded...
finish validate
Reporting......
Report generated!

finish report
===================================================
382  /  666 

CWE80_XSS__CWE182_Servlet_PropertiesFile_75 

{'input_token_cost': 7482, 'output_token_cost': 758, 'analysis_result': {'TPs': 1, 'FPs': 0}, 'ground_truth': {'TPs': 1, 'FPs': 1}, 'single time cost': 11.608532667160034} 

===================================================


Start to analyze the case  383 out of  666
/scratch/local/w.nimit/2292/LLMDFA/benchmark/juliet-test-suite-XSS_simplified/CWE80_XSS/s01/CWE80_XSS__CWE182_Servlet_PropertiesFile_81.java
Analyzing......
Preprocessing...
processing finished
start to summarize...
Generating intra-procedural summaries...
Processing callees...
Preprocessing...
processing finished
start to summarize...
Generating intra-procedural summaries...
Processing callees...
Preprocessing...
processing finished
start to summarize...
Generating intra-procedural summaries...
Processing callees...
Preprocessing...
processing finished
start to summarize...
Generating intra-procedural summaries...
Processing callees...
Preprocessing...
processing finished
start to summarize...
Generating intra-procedural summaries...
Processing callees...
Validating......
Applying path checker with solver...
Constructing solving program...
Solver-aided path checker succeeded...
finish validate
Reporting......
Report generated!

finish report
===================================================
383  /  666 

CWE80_XSS__CWE182_Servlet_PropertiesFile_81 

{'input_token_cost': 5888, 'output_token_cost': 826, 'analysis_result': {'TPs': 1, 'FPs': 0}, 'ground_truth': {'TPs': 1, 'FPs': 1}, 'single time cost': 12.449978113174438} 

===================================================


Start to analyze the case  384 out of  666
/scratch/local/w.nimit/2292/LLMDFA/benchmark/juliet-test-suite-XSS_simplified/CWE80_XSS/s01/CWE80_XSS__Servlet_File_53.java
Analyzing......
Preprocessing...
processing finished
start to summarize...
Generating intra-procedural summaries...
Processing callees...
Preprocessing...
processing finished
start to summarize...
Generating intra-procedural summaries...
Processing callees...
Preprocessing...
processing finished
start to summarize...
Generating intra-procedural summaries...
Processing callees...
Preprocessing...
processing finished
start to summarize...
Generating intra-procedural summaries...
Processing callees...
Preprocessing...
processing finished
start to summarize...
Generating intra-procedural summaries...
Processing callees...
Preprocessing...
processing finished
start to summarize...
Generating intra-procedural summaries...
Processing callees...
Preprocessing...
processing finished
start to summarize...
Generating intra-procedural summaries...
Processing callees...
Preprocessing...
processing finished
start to summarize...
Generating intra-procedural summaries...
Processing callees...
Preprocessing...
processing finished
start to summarize...
Generating intra-procedural summaries...
Processing callees...
Validating......
Applying path checker with solver...
Constructing solving program...
Solver-aided path checker succeeded...
Applying path checker with solver...
Constructing solving program...
Solver-aided path checker succeeded...
finish validate
Reporting......
Report generated!

finish report
===================================================
384  /  666 

CWE80_XSS__Servlet_File_53 

{'input_token_cost': 25758, 'output_token_cost': 3060, 'analysis_result': {'TPs': 1, 'FPs': 0}, 'ground_truth': {'TPs': 1, 'FPs': 1}, 'single time cost': 46.052529096603394} 

===================================================


Start to analyze the case  385 out of  666
/scratch/local/w.nimit/2292/LLMDFA/benchmark/juliet-test-suite-XSS_simplified/CWE80_XSS/s01/CWE80_XSS__CWE182_Servlet_URLConnection_22.java
Analyzing......
Preprocessing...
processing finished
start to summarize...
Generating intra-procedural summaries...
Processing callees...
Preprocessing...
processing finished
start to summarize...
Generating intra-procedural summaries...
Processing callees...
Preprocessing...
processing finished
start to summarize...
Generating intra-procedural summaries...
Processing callees...
Preprocessing...
processing finished
start to summarize...
Generating intra-procedural summaries...
Processing callees...
Preprocessing...
processing finished
start to summarize...
Generating intra-procedural summaries...
Processing callees...
Preprocessing...
processing finished
start to summarize...
Generating intra-procedural summaries...
Processing callees...
Preprocessing...
processing finished
start to summarize...
Generating intra-procedural summaries...
Processing callees...
Validating......
Applying path checker with solver...
Constructing solving program...
Constructing solving program...
Solver-aided path checker succeeded...
finish validate
Reporting......
Report generated!

finish report
===================================================
385  /  666 

CWE80_XSS__CWE182_Servlet_URLConnection_22 

{'input_token_cost': 17871, 'output_token_cost': 1657, 'analysis_result': {'TPs': 0, 'FPs': 0}, 'ground_truth': {'TPs': 1, 'FPs': 2}, 'single time cost': 25.227394104003906} 

===================================================


Start to analyze the case  386 out of  666
/scratch/local/w.nimit/2292/LLMDFA/benchmark/juliet-test-suite-XSS_simplified/CWE80_XSS/s01/CWE80_XSS__CWE182_Servlet_URLConnection_51.java
Analyzing......
Preprocessing...
processing finished
start to summarize...
Generating intra-procedural summaries...
Processing callees...
Preprocessing...
processing finished
start to summarize...
Generating intra-procedural summaries...
Processing callees...
Preprocessing...
processing finished
start to summarize...
Generating intra-procedural summaries...
Processing callees...
Preprocessing...
processing finished
start to summarize...
Generating intra-procedural summaries...
Processing callees...
Preprocessing...
processing finished
start to summarize...
Generating intra-procedural summaries...
Processing callees...
Validating......
Applying path checker with solver...
Constructing solving program...
Solver-aided path checker succeeded...
finish validate
Reporting......
Report generated!

finish report
===================================================
386  /  666 

CWE80_XSS__CWE182_Servlet_URLConnection_51 

{'input_token_cost': 6310, 'output_token_cost': 706, 'analysis_result': {'TPs': 1, 'FPs': 0}, 'ground_truth': {'TPs': 1, 'FPs': 1}, 'single time cost': 10.743534088134766} 

===================================================


Start to analyze the case  387 out of  666
/scratch/local/w.nimit/2292/LLMDFA/benchmark/juliet-test-suite-XSS_simplified/CWE80_XSS/s01/CWE80_XSS__CWE182_Servlet_URLConnection_52.java
Analyzing......
Preprocessing...
processing finished
start to summarize...
Generating intra-procedural summaries...
Processing callees...
Preprocessing...
processing finished
start to summarize...
Generating intra-procedural summaries...
Processing callees...
Preprocessing...
processing finished
start to summarize...
Generating intra-procedural summaries...
Processing callees...
Preprocessing...
processing finished
start to summarize...
Generating intra-procedural summaries...
Processing callees...
Preprocessing...
processing finished
start to summarize...
Generating intra-procedural summaries...
Processing callees...
Preprocessing...
processing finished
start to summarize...
Generating intra-procedural summaries...
Processing callees...
Preprocessing...
processing finished
start to summarize...
Generating intra-procedural summaries...
Processing callees...
Validating......
Applying path checker with solver...
Constructing solving program...
Solver-aided path checker succeeded...
finish validate
Reporting......
Report generated!

finish report
===================================================
387  /  666 

CWE80_XSS__CWE182_Servlet_URLConnection_52 

{'input_token_cost': 11914, 'output_token_cost': 1454, 'analysis_result': {'TPs': 1, 'FPs': 0}, 'ground_truth': {'TPs': 1, 'FPs': 1}, 'single time cost': 21.85218834877014} 

===================================================


Start to analyze the case  388 out of  666
/scratch/local/w.nimit/2292/LLMDFA/benchmark/juliet-test-suite-XSS_simplified/CWE80_XSS/s01/CWE80_XSS__CWE182_Servlet_URLConnection_53.java
Analyzing......
Preprocessing...
processing finished
start to summarize...
Generating intra-procedural summaries...
Processing callees...
Preprocessing...
processing finished
start to summarize...
Generating intra-procedural summaries...
Processing callees...
Preprocessing...
processing finished
start to summarize...
Generating intra-procedural summaries...
Processing callees...
Preprocessing...
processing finished
start to summarize...
Generating intra-procedural summaries...
Processing callees...
Preprocessing...
processing finished
start to summarize...
Generating intra-procedural summaries...
Processing callees...
Preprocessing...
processing finished
start to summarize...
Generating intra-procedural summaries...
Processing callees...
Preprocessing...
processing finished
start to summarize...
Generating intra-procedural summaries...
Processing callees...
Preprocessing...
processing finished
start to summarize...
Generating intra-procedural summaries...
Processing callees...
Preprocessing...
processing finished
start to summarize...
Generating intra-procedural summaries...
Processing callees...
Validating......
Applying path checker with solver...
Constructing solving program...
Solver-aided path checker succeeded...
finish validate
Reporting......
Report generated!

finish report
===================================================
388  /  666 

CWE80_XSS__CWE182_Servlet_URLConnection_53 

{'input_token_cost': 21808, 'output_token_cost': 2606, 'analysis_result': {'TPs': 1, 'FPs': 0}, 'ground_truth': {'TPs': 1, 'FPs': 1}, 'single time cost': 39.06731700897217} 

===================================================


Start to analyze the case  389 out of  666
/scratch/local/w.nimit/2292/LLMDFA/benchmark/juliet-test-suite-XSS_simplified/CWE80_XSS/s01/CWE80_XSS__CWE182_Servlet_URLConnection_54.java
Analyzing......
Preprocessing...
processing finished
start to summarize...
Generating intra-procedural summaries...
Processing callees...
Preprocessing...
processing finished
start to summarize...
Generating intra-procedural summaries...
Processing callees...
Preprocessing...
processing finished
start to summarize...
Generating intra-procedural summaries...
Processing callees...
Preprocessing...
processing finished
start to summarize...
Generating intra-procedural summaries...
Processing callees...
Preprocessing...
processing finished
start to summarize...
Generating intra-procedural summaries...
Processing callees...
Preprocessing...
processing finished
start to summarize...
Generating intra-procedural summaries...
Processing callees...
Preprocessing...
processing finished
start to summarize...
Generating intra-procedural summaries...
Processing callees...
Preprocessing...
processing finished
start to summarize...
Generating intra-procedural summaries...
Processing callees...
Preprocessing...
processing finished
start to summarize...
Generating intra-procedural summaries...
Processing callees...
Preprocessing...
processing finished
start to summarize...
Generating intra-procedural summaries...
Processing callees...
Preprocessing...
processing finished
start to summarize...
Generating intra-procedural summaries...
Processing callees...
Validating......
Applying path checker with solver...
Constructing solving program...
Solver-aided path checker succeeded...
finish validate
Reporting......
Report generated!

finish report
===================================================
389  /  666 

CWE80_XSS__CWE182_Servlet_URLConnection_54 

{'input_token_cost': 31702, 'output_token_cost': 3645, 'analysis_result': {'TPs': 1, 'FPs': 0}, 'ground_truth': {'TPs': 1, 'FPs': 1}, 'single time cost': 54.60801339149475} 

===================================================


Start to analyze the case  390 out of  666
/scratch/local/w.nimit/2292/LLMDFA/benchmark/juliet-test-suite-XSS_simplified/CWE80_XSS/s01/CWE80_XSS__CWE182_Servlet_URLConnection_61.java
Analyzing......
Preprocessing...
processing finished
start to summarize...
Generating intra-procedural summaries...
Processing callees...
Preprocessing...
processing finished
start to summarize...
Generating intra-procedural summaries...
Processing callees...
Preprocessing...
processing finished
start to summarize...
Generating intra-procedural summaries...
Processing callees...
Preprocessing...
processing finished
start to summarize...
Generating intra-procedural summaries...
Processing callees...
Preprocessing...
processing finished
start to summarize...
Generating intra-procedural summaries...
Processing callees...
Validating......
Applying path checker with solver...
Constructing solving program...
Solver-aided path checker succeeded...
finish validate
Reporting......
Report generated!

finish report
===================================================
390  /  666 

CWE80_XSS__CWE182_Servlet_URLConnection_61 

{'input_token_cost': 9570, 'output_token_cost': 829, 'analysis_result': {'TPs': 1, 'FPs': 0}, 'ground_truth': {'TPs': 1, 'FPs': 1}, 'single time cost': 12.639599800109863} 

===================================================


Start to analyze the case  391 out of  666
/scratch/local/w.nimit/2292/LLMDFA/benchmark/juliet-test-suite-XSS_simplified/CWE80_XSS/s01/CWE80_XSS__CWE182_Servlet_URLConnection_66.java
Analyzing......
Preprocessing...
processing finished
start to summarize...
Generating intra-procedural summaries...
Processing callees...
Preprocessing...
processing finished
start to summarize...
Generating intra-procedural summaries...
Processing callees...
Preprocessing...
processing finished
start to summarize...
Generating intra-procedural summaries...
Processing callees...
Preprocessing...
processing finished
start to summarize...
Generating intra-procedural summaries...
Processing callees...
Preprocessing...
processing finished
start to summarize...
Generating intra-procedural summaries...
Processing callees...
Validating......
Applying path checker with solver...
Constructing solving program...
Solver-aided path checker succeeded...
finish validate
Reporting......
Report generated!

finish report
===================================================
391  /  666 

CWE80_XSS__CWE182_Servlet_URLConnection_66 

{'input_token_cost': 6414, 'output_token_cost': 684, 'analysis_result': {'TPs': 1, 'FPs': 0}, 'ground_truth': {'TPs': 1, 'FPs': 1}, 'single time cost': 10.397981405258179} 

===================================================


Start to analyze the case  392 out of  666
/scratch/local/w.nimit/2292/LLMDFA/benchmark/juliet-test-suite-XSS_simplified/CWE80_XSS/s01/CWE80_XSS__CWE182_Servlet_URLConnection_67.java
Analyzing......
Preprocessing...
processing finished
start to summarize...
Generating intra-procedural summaries...
Processing callees...
Preprocessing...
processing finished
start to summarize...
Generating intra-procedural summaries...
Processing callees...
Preprocessing...
processing finished
start to summarize...
Generating intra-procedural summaries...
Processing callees...
Preprocessing...
processing finished
start to summarize...
Generating intra-procedural summaries...
Processing callees...
Preprocessing...
processing finished
start to summarize...
Generating intra-procedural summaries...
Processing callees...
Validating......
Applying path checker with solver...
Constructing solving program...
Solver-aided path checker succeeded...
finish validate
Reporting......
Report generated!

finish report
===================================================
392  /  666 

CWE80_XSS__CWE182_Servlet_URLConnection_67 

{'input_token_cost': 6424, 'output_token_cost': 618, 'analysis_result': {'TPs': 1, 'FPs': 0}, 'ground_truth': {'TPs': 1, 'FPs': 1}, 'single time cost': 9.43015193939209} 

===================================================


Start to analyze the case  393 out of  666
/scratch/local/w.nimit/2292/LLMDFA/benchmark/juliet-test-suite-XSS_simplified/CWE80_XSS/s01/CWE80_XSS__CWE182_Servlet_URLConnection_68.java
Analyzing......
Preprocessing...
processing finished
start to summarize...
Generating intra-procedural summaries...
Processing callees...
Preprocessing...
processing finished
start to summarize...
Generating intra-procedural summaries...
Processing callees...
Preprocessing...
processing finished
start to summarize...
Generating intra-procedural summaries...
Processing callees...
Preprocessing...
processing finished
start to summarize...
Generating intra-procedural summaries...
Processing callees...
Preprocessing...
processing finished
start to summarize...
Generating intra-procedural summaries...
Processing callees...
Validating......
finish validate
Reporting......
Report generated!

finish report
===================================================
393  /  666 

CWE80_XSS__CWE182_Servlet_URLConnection_68 

{'input_token_cost': 8444, 'output_token_cost': 890, 'analysis_result': {'TPs': 0, 'FPs': 0}, 'ground_truth': {'TPs': 1, 'FPs': 1}, 'single time cost': 13.353519201278687} 

===================================================


Start to analyze the case  394 out of  666
/scratch/local/w.nimit/2292/LLMDFA/benchmark/juliet-test-suite-XSS_simplified/CWE80_XSS/s01/CWE80_XSS__CWE182_Servlet_URLConnection_71.java
Analyzing......
Preprocessing...
processing finished
start to summarize...
Generating intra-procedural summaries...
Processing callees...
Preprocessing...
processing finished
start to summarize...
Generating intra-procedural summaries...
Processing callees...
Preprocessing...
processing finished
start to summarize...
Generating intra-procedural summaries...
Processing callees...
Preprocessing...
processing finished
start to summarize...
Generating intra-procedural summaries...
Processing callees...
Preprocessing...
processing finished
start to summarize...
Generating intra-procedural summaries...
Processing callees...
Validating......
finish validate
Reporting......
Report generated!

finish report
===================================================
394  /  666 

CWE80_XSS__CWE182_Servlet_URLConnection_71 

{'input_token_cost': 3066, 'output_token_cost': 303, 'analysis_result': {'TPs': 0, 'FPs': 0}, 'ground_truth': {'TPs': 1, 'FPs': 1}, 'single time cost': 4.526293754577637} 

===================================================


Start to analyze the case  395 out of  666
/scratch/local/w.nimit/2292/LLMDFA/benchmark/juliet-test-suite-XSS_simplified/CWE80_XSS/s01/CWE80_XSS__CWE182_Servlet_URLConnection_72.java
Analyzing......
Preprocessing...
processing finished
start to summarize...
Generating intra-procedural summaries...
Processing callees...
Preprocessing...
processing finished
start to summarize...
Generating intra-procedural summaries...
Processing callees...
Preprocessing...
processing finished
start to summarize...
Generating intra-procedural summaries...
Processing callees...
Preprocessing...
processing finished
start to summarize...
Generating intra-procedural summaries...
Processing callees...
Preprocessing...
processing finished
start to summarize...
Generating intra-procedural summaries...
Processing callees...
Validating......
Applying path checker with solver...
Constructing solving program...
Solver-aided path checker succeeded...
finish validate
Reporting......
Report generated!

finish report
===================================================
395  /  666 

CWE80_XSS__CWE182_Servlet_URLConnection_72 

{'input_token_cost': 7688, 'output_token_cost': 781, 'analysis_result': {'TPs': 1, 'FPs': 0}, 'ground_truth': {'TPs': 1, 'FPs': 1}, 'single time cost': 11.884123802185059} 

===================================================


Start to analyze the case  396 out of  666
/scratch/local/w.nimit/2292/LLMDFA/benchmark/juliet-test-suite-XSS_simplified/CWE80_XSS/s01/CWE80_XSS__CWE182_Servlet_URLConnection_73.java
Analyzing......
Preprocessing...
processing finished
start to summarize...
Generating intra-procedural summaries...
Processing callees...
Preprocessing...
processing finished
start to summarize...
Generating intra-procedural summaries...
Processing callees...
Preprocessing...
processing finished
start to summarize...
Generating intra-procedural summaries...
Processing callees...
Preprocessing...
processing finished
start to summarize...
Generating intra-procedural summaries...
Processing callees...
Preprocessing...
processing finished
start to summarize...
Generating intra-procedural summaries...
Processing callees...
Validating......
Applying path checker with solver...
Constructing solving program...
Solver-aided path checker succeeded...
finish validate
Reporting......
Report generated!

finish report
===================================================
396  /  666 

CWE80_XSS__CWE182_Servlet_URLConnection_73 

{'input_token_cost': 7682, 'output_token_cost': 900, 'analysis_result': {'TPs': 1, 'FPs': 0}, 'ground_truth': {'TPs': 1, 'FPs': 1}, 'single time cost': 13.610766410827637} 

===================================================


Start to analyze the case  397 out of  666
/scratch/local/w.nimit/2292/LLMDFA/benchmark/juliet-test-suite-XSS_simplified/CWE80_XSS/s01/CWE80_XSS__CWE182_Servlet_URLConnection_74.java
Analyzing......
Preprocessing...
processing finished
start to summarize...
Generating intra-procedural summaries...
Processing callees...
Preprocessing...
processing finished
start to summarize...
Generating intra-procedural summaries...
Processing callees...
Preprocessing...
processing finished
start to summarize...
Generating intra-procedural summaries...
Processing callees...
Preprocessing...
processing finished
start to summarize...
Generating intra-procedural summaries...
Processing callees...
Preprocessing...
processing finished
start to summarize...
Generating intra-procedural summaries...
Processing callees...
Validating......
Applying path checker with solver...
Constructing solving program...
Solver-aided path checker succeeded...
finish validate
Reporting......
Report generated!

finish report
===================================================
397  /  666 

CWE80_XSS__CWE182_Servlet_URLConnection_74 

{'input_token_cost': 7698, 'output_token_cost': 968, 'analysis_result': {'TPs': 1, 'FPs': 0}, 'ground_truth': {'TPs': 1, 'FPs': 1}, 'single time cost': 14.585280418395996} 

===================================================


Start to analyze the case  398 out of  666
/scratch/local/w.nimit/2292/LLMDFA/benchmark/juliet-test-suite-XSS_simplified/CWE80_XSS/s01/CWE80_XSS__CWE182_Servlet_URLConnection_75.java
Analyzing......
Preprocessing...
processing finished
start to summarize...
Generating intra-procedural summaries...
Processing callees...
Preprocessing...
processing finished
start to summarize...
Generating intra-procedural summaries...
Processing callees...
Preprocessing...
processing finished
start to summarize...
Generating intra-procedural summaries...
Processing callees...
Preprocessing...
processing finished
start to summarize...
Generating intra-procedural summaries...
Processing callees...
Preprocessing...
processing finished
start to summarize...
Generating intra-procedural summaries...
Processing callees...
Validating......
Applying path checker with solver...
Constructing solving program...
Solver-aided path checker succeeded...
finish validate
Reporting......
Report generated!

finish report
===================================================
398  /  666 

CWE80_XSS__CWE182_Servlet_URLConnection_75 

{'input_token_cost': 7894, 'output_token_cost': 776, 'analysis_result': {'TPs': 1, 'FPs': 0}, 'ground_truth': {'TPs': 1, 'FPs': 1}, 'single time cost': 11.862322568893433} 

===================================================


Start to analyze the case  399 out of  666
/scratch/local/w.nimit/2292/LLMDFA/benchmark/juliet-test-suite-XSS_simplified/CWE80_XSS/s01/CWE80_XSS__CWE182_Servlet_URLConnection_81.java
Analyzing......
Preprocessing...
processing finished
start to summarize...
Generating intra-procedural summaries...
Processing callees...
Preprocessing...
processing finished
start to summarize...
Generating intra-procedural summaries...
Processing callees...
Preprocessing...
processing finished
start to summarize...
Generating intra-procedural summaries...
Processing callees...
Preprocessing...
processing finished
start to summarize...
Generating intra-procedural summaries...
Processing callees...
Preprocessing...
processing finished
start to summarize...
Generating intra-procedural summaries...
Processing callees...
Validating......
Applying path checker with solver...
Constructing solving program...
Solver-aided path checker succeeded...
finish validate
Reporting......
Report generated!

finish report
===================================================
399  /  666 

CWE80_XSS__CWE182_Servlet_URLConnection_81 

{'input_token_cost': 7451, 'output_token_cost': 860, 'analysis_result': {'TPs': 1, 'FPs': 0}, 'ground_truth': {'TPs': 1, 'FPs': 1}, 'single time cost': 12.988855361938477} 

===================================================


Start to analyze the case  400 out of  666
/scratch/local/w.nimit/2292/LLMDFA/benchmark/juliet-test-suite-XSS_simplified/CWE80_XSS/s01/CWE80_XSS__CWE182_Servlet_connect_tcp_22.java
Analyzing......
Preprocessing...
processing finished
start to summarize...
Generating intra-procedural summaries...
Processing callees...
Preprocessing...
processing finished
start to summarize...
Generating intra-procedural summaries...
Processing callees...
Preprocessing...
processing finished
start to summarize...
Generating intra-procedural summaries...
Processing callees...
Preprocessing...
processing finished
start to summarize...
Generating intra-procedural summaries...
Processing callees...
Preprocessing...
processing finished
start to summarize...
Generating intra-procedural summaries...
Processing callees...
Preprocessing...
processing finished
start to summarize...
Generating intra-procedural summaries...
Processing callees...
Preprocessing...
processing finished
start to summarize...
Generating intra-procedural summaries...
Processing callees...
Validating......
Applying path checker with solver...
Constructing solving program...
Constructing solving program...
Solver-aided path checker succeeded...
finish validate
Reporting......
Report generated!

finish report
===================================================
400  /  666 

CWE80_XSS__CWE182_Servlet_connect_tcp_22 

{'input_token_cost': 18240, 'output_token_cost': 1794, 'analysis_result': {'TPs': 0, 'FPs': 0}, 'ground_truth': {'TPs': 1, 'FPs': 2}, 'single time cost': 27.272462129592896} 

===================================================


Start to analyze the case  401 out of  666
/scratch/local/w.nimit/2292/LLMDFA/benchmark/juliet-test-suite-XSS_simplified/CWE80_XSS/s01/CWE80_XSS__CWE182_Servlet_connect_tcp_51.java
Analyzing......
Preprocessing...
processing finished
start to summarize...
Generating intra-procedural summaries...
Processing callees...
Preprocessing...
processing finished
start to summarize...
Generating intra-procedural summaries...
Processing callees...
Preprocessing...
processing finished
start to summarize...
Generating intra-procedural summaries...
Processing callees...
Preprocessing...
processing finished
start to summarize...
Generating intra-procedural summaries...
Processing callees...
Preprocessing...
processing finished
start to summarize...
Generating intra-procedural summaries...
Processing callees...
Validating......
Applying path checker with solver...
Constructing solving program...
Solver-aided path checker succeeded...
finish validate
Reporting......
Report generated!

finish report
===================================================
401  /  666 

CWE80_XSS__CWE182_Servlet_connect_tcp_51 

{'input_token_cost': 6686, 'output_token_cost': 921, 'analysis_result': {'TPs': 1, 'FPs': 0}, 'ground_truth': {'TPs': 1, 'FPs': 1}, 'single time cost': 13.881895780563354} 

===================================================


Start to analyze the case  402 out of  666
/scratch/local/w.nimit/2292/LLMDFA/benchmark/juliet-test-suite-XSS_simplified/CWE80_XSS/s01/CWE80_XSS__CWE182_Servlet_connect_tcp_52.java
Analyzing......
Preprocessing...
processing finished
start to summarize...
Generating intra-procedural summaries...
Processing callees...
Preprocessing...
processing finished
start to summarize...
Generating intra-procedural summaries...
Processing callees...
Preprocessing...
processing finished
start to summarize...
Generating intra-procedural summaries...
Processing callees...
Preprocessing...
processing finished
start to summarize...
Generating intra-procedural summaries...
Processing callees...
Preprocessing...
processing finished
start to summarize...
Generating intra-procedural summaries...
Processing callees...
Preprocessing...
processing finished
start to summarize...
Generating intra-procedural summaries...
Processing callees...
Preprocessing...
processing finished
start to summarize...
Generating intra-procedural summaries...
Processing callees...
Validating......
Applying path checker with solver...
Constructing solving program...
Solver-aided path checker succeeded...
finish validate
Reporting......
Report generated!

finish report
===================================================
402  /  666 

CWE80_XSS__CWE182_Servlet_connect_tcp_52 

{'input_token_cost': 12306, 'output_token_cost': 1427, 'analysis_result': {'TPs': 1, 'FPs': 0}, 'ground_truth': {'TPs': 1, 'FPs': 1}, 'single time cost': 21.504014492034912} 

===================================================


Start to analyze the case  403 out of  666
/scratch/local/w.nimit/2292/LLMDFA/benchmark/juliet-test-suite-XSS_simplified/CWE80_XSS/s01/CWE80_XSS__CWE182_Servlet_connect_tcp_53.java
Analyzing......
Preprocessing...
processing finished
start to summarize...
Generating intra-procedural summaries...
Processing callees...
Preprocessing...
processing finished
start to summarize...
Generating intra-procedural summaries...
Processing callees...
Preprocessing...
processing finished
start to summarize...
Generating intra-procedural summaries...
Processing callees...
Preprocessing...
processing finished
start to summarize...
Generating intra-procedural summaries...
Processing callees...
Preprocessing...
processing finished
start to summarize...
Generating intra-procedural summaries...
Processing callees...
Preprocessing...
processing finished
start to summarize...
Generating intra-procedural summaries...
Processing callees...
Preprocessing...
processing finished
start to summarize...
Generating intra-procedural summaries...
Processing callees...
Preprocessing...
processing finished
start to summarize...
Generating intra-procedural summaries...
Processing callees...
Preprocessing...
processing finished
start to summarize...
Generating intra-procedural summaries...
Processing callees...
Validating......
Applying path checker with solver...
Constructing solving program...
Solver-aided path checker succeeded...
Applying path checker with solver...
Constructing solving program...
Solver-aided path checker succeeded...
finish validate
Reporting......
Report generated!

finish report
===================================================
403  /  666 

CWE80_XSS__CWE182_Servlet_connect_tcp_53 

{'input_token_cost': 19491, 'output_token_cost': 2538, 'analysis_result': {'TPs': 1, 'FPs': 0}, 'ground_truth': {'TPs': 1, 'FPs': 1}, 'single time cost': 38.179208755493164} 

===================================================


Start to analyze the case  404 out of  666
/scratch/local/w.nimit/2292/LLMDFA/benchmark/juliet-test-suite-XSS_simplified/CWE80_XSS/s01/CWE80_XSS__CWE182_Servlet_connect_tcp_54.java
Analyzing......
Preprocessing...
processing finished
start to summarize...
Generating intra-procedural summaries...
Processing callees...
Preprocessing...
processing finished
start to summarize...
Generating intra-procedural summaries...
Processing callees...
Preprocessing...
processing finished
start to summarize...
Generating intra-procedural summaries...
Processing callees...
Preprocessing...
processing finished
start to summarize...
Generating intra-procedural summaries...
Processing callees...
Preprocessing...
processing finished
start to summarize...
Generating intra-procedural summaries...
Processing callees...
Preprocessing...
processing finished
start to summarize...
Generating intra-procedural summaries...
Processing callees...
Preprocessing...
processing finished
start to summarize...
Generating intra-procedural summaries...
Processing callees...
Preprocessing...
processing finished
start to summarize...
Generating intra-procedural summaries...
Processing callees...
Preprocessing...
processing finished
start to summarize...
Generating intra-procedural summaries...
Processing callees...
Preprocessing...
processing finished
start to summarize...
Generating intra-procedural summaries...
Processing callees...
Preprocessing...
processing finished
start to summarize...
Generating intra-procedural summaries...
Processing callees...
Validating......
Applying path checker with solver...
Constructing solving program...
Solver-aided path checker succeeded...
Applying path checker with solver...
Constructing solving program...
Solver-aided path checker succeeded...
Applying path checker with solver...
Constructing solving program...
Solver-aided path checker succeeded...
Applying path checker with solver...
Constructing solving program...
Solver-aided path checker succeeded...
Applying path checker with solver...
Constructing solving program...
Solver-aided path checker succeeded...
Applying path checker with solver...
Constructing solving program...
Solver-aided path checker succeeded...
Applying path checker with solver...
Constructing solving program...
Solver-aided path checker succeeded...
Applying path checker with solver...
Constructing solving program...
Solver-aided path checker succeeded...
finish validate
Reporting......
Report generated!

finish report
===================================================
404  /  666 

CWE80_XSS__CWE182_Servlet_connect_tcp_54 

{'input_token_cost': 39996, 'output_token_cost': 5046, 'analysis_result': {'TPs': 1, 'FPs': 0}, 'ground_truth': {'TPs': 1, 'FPs': 1}, 'single time cost': 76.23225498199463} 

===================================================


Start to analyze the case  405 out of  666
/scratch/local/w.nimit/2292/LLMDFA/benchmark/juliet-test-suite-XSS_simplified/CWE80_XSS/s01/CWE80_XSS__CWE182_Servlet_connect_tcp_61.java
Analyzing......
Preprocessing...
processing finished
start to summarize...
Generating intra-procedural summaries...
Processing callees...
Preprocessing...
processing finished
start to summarize...
Generating intra-procedural summaries...
Processing callees...
Preprocessing...
processing finished
start to summarize...
Generating intra-procedural summaries...
Processing callees...
Preprocessing...
processing finished
start to summarize...
Generating intra-procedural summaries...
Processing callees...
Preprocessing...
processing finished
start to summarize...
Generating intra-procedural summaries...
Processing callees...
Validating......
Applying path checker with solver...
Constructing solving program...
Solver-aided path checker succeeded...
finish validate
Reporting......
Report generated!

finish report
===================================================
405  /  666 

CWE80_XSS__CWE182_Servlet_connect_tcp_61 

{'input_token_cost': 9905, 'output_token_cost': 850, 'analysis_result': {'TPs': 1, 'FPs': 0}, 'ground_truth': {'TPs': 1, 'FPs': 1}, 'single time cost': 12.972497463226318} 

===================================================


Start to analyze the case  406 out of  666
/scratch/local/w.nimit/2292/LLMDFA/benchmark/juliet-test-suite-XSS_simplified/CWE80_XSS/s01/CWE80_XSS__CWE182_Servlet_connect_tcp_66.java
Analyzing......
Preprocessing...
processing finished
start to summarize...
Generating intra-procedural summaries...
Processing callees...
Preprocessing...
processing finished
start to summarize...
Generating intra-procedural summaries...
Processing callees...
Preprocessing...
processing finished
start to summarize...
Generating intra-procedural summaries...
Processing callees...
Preprocessing...
processing finished
start to summarize...
Generating intra-procedural summaries...
Processing callees...
Preprocessing...
processing finished
start to summarize...
Generating intra-procedural summaries...
Processing callees...
Validating......
Applying path checker with solver...
Constructing solving program...
Solver-aided path checker succeeded...
finish validate
Reporting......
Report generated!

finish report
===================================================
406  /  666 

CWE80_XSS__CWE182_Servlet_connect_tcp_66 

{'input_token_cost': 6790, 'output_token_cost': 681, 'analysis_result': {'TPs': 1, 'FPs': 0}, 'ground_truth': {'TPs': 1, 'FPs': 1}, 'single time cost': 10.37984037399292} 

===================================================


Start to analyze the case  407 out of  666
/scratch/local/w.nimit/2292/LLMDFA/benchmark/juliet-test-suite-XSS_simplified/CWE80_XSS/s01/CWE80_XSS__CWE182_Servlet_connect_tcp_67.java
Analyzing......
Preprocessing...
processing finished
start to summarize...
Generating intra-procedural summaries...
Processing callees...
Preprocessing...
processing finished
start to summarize...
Generating intra-procedural summaries...
Processing callees...
Preprocessing...
processing finished
start to summarize...
Generating intra-procedural summaries...
Processing callees...
Preprocessing...
processing finished
start to summarize...
Generating intra-procedural summaries...
Processing callees...
Preprocessing...
processing finished
start to summarize...
Generating intra-procedural summaries...
Processing callees...
Validating......
Applying path checker with solver...
Constructing solving program...
Solver-aided path checker succeeded...
Applying path checker with solver...
Constructing solving program...
Solver-aided path checker succeeded...
finish validate
Reporting......
Report generated!

finish report
===================================================
407  /  666 

CWE80_XSS__CWE182_Servlet_connect_tcp_67 

{'input_token_cost': 8557, 'output_token_cost': 924, 'analysis_result': {'TPs': 1, 'FPs': 0}, 'ground_truth': {'TPs': 1, 'FPs': 1}, 'single time cost': 14.118491888046265} 

===================================================


Start to analyze the case  408 out of  666
/scratch/local/w.nimit/2292/LLMDFA/benchmark/juliet-test-suite-XSS_simplified/CWE80_XSS/s01/CWE80_XSS__CWE182_Servlet_connect_tcp_68.java
Analyzing......
Preprocessing...
processing finished
start to summarize...
Generating intra-procedural summaries...
Processing callees...
Preprocessing...
processing finished
start to summarize...
Generating intra-procedural summaries...
Processing callees...
Preprocessing...
processing finished
start to summarize...
Generating intra-procedural summaries...
Processing callees...
Preprocessing...
processing finished
start to summarize...
Generating intra-procedural summaries...
Processing callees...
Preprocessing...
processing finished
start to summarize...
Generating intra-procedural summaries...
Processing callees...
Validating......
finish validate
Reporting......
Report generated!

finish report
===================================================
408  /  666 

CWE80_XSS__CWE182_Servlet_connect_tcp_68 

{'input_token_cost': 8948, 'output_token_cost': 1214, 'analysis_result': {'TPs': 0, 'FPs': 0}, 'ground_truth': {'TPs': 1, 'FPs': 1}, 'single time cost': 18.17594623565674} 

===================================================


Start to analyze the case  409 out of  666
/scratch/local/w.nimit/2292/LLMDFA/benchmark/juliet-test-suite-XSS_simplified/CWE80_XSS/s01/CWE80_XSS__CWE182_Servlet_connect_tcp_71.java
Analyzing......
Preprocessing...
processing finished
start to summarize...
Generating intra-procedural summaries...
Processing callees...
Preprocessing...
processing finished
start to summarize...
Generating intra-procedural summaries...
Processing callees...
Preprocessing...
processing finished
start to summarize...
Generating intra-procedural summaries...
Processing callees...
Preprocessing...
processing finished
start to summarize...
Generating intra-procedural summaries...
Processing callees...
Preprocessing...
processing finished
start to summarize...
Generating intra-procedural summaries...
Processing callees...
Validating......
finish validate
Reporting......
Report generated!

finish report
===================================================
409  /  666 

CWE80_XSS__CWE182_Servlet_connect_tcp_71 

{'input_token_cost': 3314, 'output_token_cost': 347, 'analysis_result': {'TPs': 0, 'FPs': 0}, 'ground_truth': {'TPs': 1, 'FPs': 1}, 'single time cost': 5.199984550476074} 

===================================================


Start to analyze the case  410 out of  666
/scratch/local/w.nimit/2292/LLMDFA/benchmark/juliet-test-suite-XSS_simplified/CWE80_XSS/s01/CWE80_XSS__CWE182_Servlet_connect_tcp_72.java
Analyzing......
Preprocessing...
processing finished
start to summarize...
Generating intra-procedural summaries...
Processing callees...
Preprocessing...
processing finished
start to summarize...
Generating intra-procedural summaries...
Processing callees...
Preprocessing...
processing finished
start to summarize...
Generating intra-procedural summaries...
Processing callees...
Preprocessing...
processing finished
start to summarize...
Generating intra-procedural summaries...
Processing callees...
Preprocessing...
processing finished
start to summarize...
Generating intra-procedural summaries...
Processing callees...
Validating......
Applying path checker with solver...
Constructing solving program...
Solver-aided path checker succeeded...
finish validate
Reporting......
Report generated!

finish report
===================================================
410  /  666 

CWE80_XSS__CWE182_Servlet_connect_tcp_72 

{'input_token_cost': 6893, 'output_token_cost': 854, 'analysis_result': {'TPs': 1, 'FPs': 0}, 'ground_truth': {'TPs': 1, 'FPs': 1}, 'single time cost': 13.022127151489258} 

===================================================


Start to analyze the case  411 out of  666
/scratch/local/w.nimit/2292/LLMDFA/benchmark/juliet-test-suite-XSS_simplified/CWE80_XSS/s01/CWE80_XSS__CWE182_Servlet_connect_tcp_73.java
Analyzing......
Preprocessing...
processing finished
start to summarize...
Generating intra-procedural summaries...
Processing callees...
Preprocessing...
processing finished
start to summarize...
Generating intra-procedural summaries...
Processing callees...
Preprocessing...
processing finished
start to summarize...
Generating intra-procedural summaries...
Processing callees...
Preprocessing...
processing finished
start to summarize...
Generating intra-procedural summaries...
Processing callees...
Preprocessing...
processing finished
start to summarize...
Generating intra-procedural summaries...
Processing callees...
Validating......
Applying path checker with solver...
Constructing solving program...
Solver-aided path checker succeeded...
finish validate
Reporting......
Report generated!

finish report
===================================================
411  /  666 

CWE80_XSS__CWE182_Servlet_connect_tcp_73 

{'input_token_cost': 6887, 'output_token_cost': 646, 'analysis_result': {'TPs': 1, 'FPs': 0}, 'ground_truth': {'TPs': 1, 'FPs': 1}, 'single time cost': 9.834331512451172} 

===================================================


Start to analyze the case  412 out of  666
/scratch/local/w.nimit/2292/LLMDFA/benchmark/juliet-test-suite-XSS_simplified/CWE80_XSS/s01/CWE80_XSS__CWE182_Servlet_connect_tcp_74.java
Analyzing......
Preprocessing...
processing finished
start to summarize...
Generating intra-procedural summaries...
Processing callees...
Preprocessing...
processing finished
start to summarize...
Generating intra-procedural summaries...
Processing callees...
Preprocessing...
processing finished
start to summarize...
Generating intra-procedural summaries...
Processing callees...
Preprocessing...
processing finished
start to summarize...
Generating intra-procedural summaries...
Processing callees...
Preprocessing...
processing finished
start to summarize...
Generating intra-procedural summaries...
Processing callees...
Validating......
Applying path checker with solver...
Constructing solving program...
Solver-aided path checker succeeded...
finish validate
Reporting......
Report generated!

finish report
===================================================
412  /  666 

CWE80_XSS__CWE182_Servlet_connect_tcp_74 

{'input_token_cost': 6901, 'output_token_cost': 672, 'analysis_result': {'TPs': 1, 'FPs': 0}, 'ground_truth': {'TPs': 1, 'FPs': 1}, 'single time cost': 10.216493368148804} 

===================================================


Start to analyze the case  413 out of  666
/scratch/local/w.nimit/2292/LLMDFA/benchmark/juliet-test-suite-XSS_simplified/CWE80_XSS/s01/CWE80_XSS__CWE182_Servlet_connect_tcp_75.java
Analyzing......
Preprocessing...
processing finished
start to summarize...
Generating intra-procedural summaries...
Processing callees...
Preprocessing...
processing finished
start to summarize...
Generating intra-procedural summaries...
Processing callees...
Preprocessing...
processing finished
start to summarize...
Generating intra-procedural summaries...
Processing callees...
Preprocessing...
processing finished
start to summarize...
Generating intra-procedural summaries...
Processing callees...
Preprocessing...
processing finished
start to summarize...
Generating intra-procedural summaries...
Processing callees...
Validating......
Applying path checker with solver...
Constructing solving program...
Solver-aided path checker succeeded...
finish validate
Reporting......
Report generated!

finish report
===================================================
413  /  666 

CWE80_XSS__CWE182_Servlet_connect_tcp_75 

{'input_token_cost': 11472, 'output_token_cost': 1056, 'analysis_result': {'TPs': 1, 'FPs': 0}, 'ground_truth': {'TPs': 1, 'FPs': 1}, 'single time cost': 16.078235626220703} 

===================================================


Start to analyze the case  414 out of  666
/scratch/local/w.nimit/2292/LLMDFA/benchmark/juliet-test-suite-XSS_simplified/CWE80_XSS/s01/CWE80_XSS__CWE182_Servlet_connect_tcp_81.java
Analyzing......
Preprocessing...
processing finished
start to summarize...
Generating intra-procedural summaries...
Processing callees...
Preprocessing...
processing finished
start to summarize...
Generating intra-procedural summaries...
Processing callees...
Preprocessing...
processing finished
start to summarize...
Generating intra-procedural summaries...
Processing callees...
Preprocessing...
processing finished
start to summarize...
Generating intra-procedural summaries...
Processing callees...
Preprocessing...
processing finished
start to summarize...
Generating intra-procedural summaries...
Processing callees...
Validating......
Applying path checker with solver...
Constructing solving program...
Solver-aided path checker succeeded...
finish validate
Reporting......
Report generated!

finish report
===================================================
414  /  666 

CWE80_XSS__CWE182_Servlet_connect_tcp_81 

{'input_token_cost': 6676, 'output_token_cost': 800, 'analysis_result': {'TPs': 1, 'FPs': 0}, 'ground_truth': {'TPs': 1, 'FPs': 1}, 'single time cost': 12.09679365158081} 

===================================================


Start to analyze the case  415 out of  666
/scratch/local/w.nimit/2292/LLMDFA/benchmark/juliet-test-suite-XSS_simplified/CWE80_XSS/s01/CWE80_XSS__CWE182_Servlet_database_22.java
Analyzing......
Preprocessing...
processing finished
start to summarize...
Generating intra-procedural summaries...
Processing callees...
Preprocessing...
processing finished
start to summarize...
Generating intra-procedural summaries...
Processing callees...
Preprocessing...
processing finished
start to summarize...
Generating intra-procedural summaries...
Processing callees...
Preprocessing...
processing finished
start to summarize...
Generating intra-procedural summaries...
Processing callees...
Preprocessing...
processing finished
start to summarize...
Generating intra-procedural summaries...
Processing callees...
Preprocessing...
processing finished
start to summarize...
Generating intra-procedural summaries...
Processing callees...
Preprocessing...
processing finished
start to summarize...
Generating intra-procedural summaries...
Processing callees...
Validating......
Applying path checker with solver...
Constructing solving program...
Constructing solving program...
Solver-aided path checker succeeded...
finish validate
Reporting......
Report generated!

finish report
===================================================
415  /  666 

CWE80_XSS__CWE182_Servlet_database_22 

{'input_token_cost': 18137, 'output_token_cost': 1692, 'analysis_result': {'TPs': 0, 'FPs': 0}, 'ground_truth': {'TPs': 1, 'FPs': 2}, 'single time cost': 25.830572605133057} 

===================================================


Start to analyze the case  416 out of  666
/scratch/local/w.nimit/2292/LLMDFA/benchmark/juliet-test-suite-XSS_simplified/CWE80_XSS/s01/CWE80_XSS__CWE182_Servlet_database_51.java
Analyzing......
Preprocessing...
processing finished
start to summarize...
Generating intra-procedural summaries...
Processing callees...
Preprocessing...
processing finished
start to summarize...
Generating intra-procedural summaries...
Processing callees...
Preprocessing...
processing finished
start to summarize...
Generating intra-procedural summaries...
Processing callees...
Preprocessing...
processing finished
start to summarize...
Generating intra-procedural summaries...
Processing callees...
Preprocessing...
processing finished
start to summarize...
Generating intra-procedural summaries...
Processing callees...
Validating......
Applying path checker with solver...
Constructing solving program...
Solver-aided path checker succeeded...
finish validate
Reporting......
Report generated!

finish report
===================================================
416  /  666 

CWE80_XSS__CWE182_Servlet_database_51 

{'input_token_cost': 6606, 'output_token_cost': 773, 'analysis_result': {'TPs': 1, 'FPs': 0}, 'ground_truth': {'TPs': 1, 'FPs': 1}, 'single time cost': 11.759396076202393} 

===================================================


Start to analyze the case  417 out of  666
/scratch/local/w.nimit/2292/LLMDFA/benchmark/juliet-test-suite-XSS_simplified/CWE80_XSS/s01/CWE80_XSS__CWE182_Servlet_database_52.java
Analyzing......
Preprocessing...
processing finished
start to summarize...
Generating intra-procedural summaries...
Processing callees...
Preprocessing...
processing finished
start to summarize...
Generating intra-procedural summaries...
Processing callees...
Preprocessing...
processing finished
start to summarize...
Generating intra-procedural summaries...
Processing callees...
Preprocessing...
processing finished
start to summarize...
Generating intra-procedural summaries...
Processing callees...
Preprocessing...
processing finished
start to summarize...
Generating intra-procedural summaries...
Processing callees...
Preprocessing...
processing finished
start to summarize...
Generating intra-procedural summaries...
Processing callees...
Preprocessing...
processing finished
start to summarize...
Generating intra-procedural summaries...
Processing callees...
Validating......
Applying path checker with solver...
Constructing solving program...
Solver-aided path checker succeeded...
finish validate
Reporting......
Report generated!

finish report
===================================================
417  /  666 

CWE80_XSS__CWE182_Servlet_database_52 

{'input_token_cost': 12210, 'output_token_cost': 1424, 'analysis_result': {'TPs': 1, 'FPs': 0}, 'ground_truth': {'TPs': 1, 'FPs': 1}, 'single time cost': 21.442824363708496} 

===================================================


Start to analyze the case  418 out of  666
/scratch/local/w.nimit/2292/LLMDFA/benchmark/juliet-test-suite-XSS_simplified/CWE80_XSS/s01/CWE80_XSS__CWE182_Servlet_database_53.java
Analyzing......
Preprocessing...
processing finished
start to summarize...
Generating intra-procedural summaries...
Processing callees...
Preprocessing...
processing finished
start to summarize...
Generating intra-procedural summaries...
Processing callees...
Preprocessing...
processing finished
start to summarize...
Generating intra-procedural summaries...
Processing callees...
Preprocessing...
processing finished
start to summarize...
Generating intra-procedural summaries...
Processing callees...
Preprocessing...
processing finished
start to summarize...
Generating intra-procedural summaries...
Processing callees...
Preprocessing...
processing finished
start to summarize...
Generating intra-procedural summaries...
Processing callees...
Preprocessing...
processing finished
start to summarize...
Generating intra-procedural summaries...
Processing callees...
Preprocessing...
processing finished
start to summarize...
Generating intra-procedural summaries...
Processing callees...
Preprocessing...
processing finished
start to summarize...
Generating intra-procedural summaries...
Processing callees...
Validating......
Applying path checker with solver...
Constructing solving program...
Solver-aided path checker succeeded...
finish validate
Reporting......
Report generated!

finish report
===================================================
418  /  666 

CWE80_XSS__CWE182_Servlet_database_53 

{'input_token_cost': 18806, 'output_token_cost': 2236, 'analysis_result': {'TPs': 1, 'FPs': 0}, 'ground_truth': {'TPs': 1, 'FPs': 1}, 'single time cost': 33.54933190345764} 

===================================================


Start to analyze the case  419 out of  666
/scratch/local/w.nimit/2292/LLMDFA/benchmark/juliet-test-suite-XSS_simplified/CWE80_XSS/s01/CWE80_XSS__CWE182_Servlet_database_54.java
Analyzing......
Preprocessing...
processing finished
start to summarize...
Generating intra-procedural summaries...
Processing callees...
Preprocessing...
processing finished
start to summarize...
Generating intra-procedural summaries...
Processing callees...
Preprocessing...
processing finished
start to summarize...
Generating intra-procedural summaries...
Processing callees...
Preprocessing...
processing finished
start to summarize...
Generating intra-procedural summaries...
Processing callees...
Preprocessing...
processing finished
start to summarize...
Generating intra-procedural summaries...
Processing callees...
Preprocessing...
processing finished
start to summarize...
Generating intra-procedural summaries...
Processing callees...
Preprocessing...
processing finished
start to summarize...
Generating intra-procedural summaries...
Processing callees...
Preprocessing...
processing finished
start to summarize...
Generating intra-procedural summaries...
Processing callees...
Preprocessing...
processing finished
start to summarize...
Generating intra-procedural summaries...
Processing callees...
Preprocessing...
processing finished
start to summarize...
Generating intra-procedural summaries...
Processing callees...
Preprocessing...
processing finished
start to summarize...
Generating intra-procedural summaries...
Processing callees...
Validating......
Applying path checker with solver...
Constructing solving program...
Solver-aided path checker succeeded...
finish validate
Reporting......
Report generated!

finish report
===================================================
419  /  666 

CWE80_XSS__CWE182_Servlet_database_54 

{'input_token_cost': 25402, 'output_token_cost': 3027, 'analysis_result': {'TPs': 1, 'FPs': 0}, 'ground_truth': {'TPs': 1, 'FPs': 1}, 'single time cost': 45.36365032196045} 

===================================================


Start to analyze the case  420 out of  666
/scratch/local/w.nimit/2292/LLMDFA/benchmark/juliet-test-suite-XSS_simplified/CWE80_XSS/s01/CWE80_XSS__CWE182_Servlet_database_61.java
Analyzing......
Preprocessing...
processing finished
start to summarize...
Generating intra-procedural summaries...
Processing callees...
Preprocessing...
processing finished
start to summarize...
Generating intra-procedural summaries...
Processing callees...
Preprocessing...
processing finished
start to summarize...
Generating intra-procedural summaries...
Processing callees...
Preprocessing...
processing finished
start to summarize...
Generating intra-procedural summaries...
Processing callees...
Preprocessing...
processing finished
start to summarize...
Generating intra-procedural summaries...
Processing callees...
Validating......
Applying path checker with solver...
Constructing solving program...
Solver-aided path checker succeeded...
finish validate
Reporting......
Report generated!

finish report
===================================================
420  /  666 

CWE80_XSS__CWE182_Servlet_database_61 

{'input_token_cost': 9836, 'output_token_cost': 848, 'analysis_result': {'TPs': 1, 'FPs': 0}, 'ground_truth': {'TPs': 1, 'FPs': 1}, 'single time cost': 12.930826425552368} 

===================================================


Start to analyze the case  421 out of  666
/scratch/local/w.nimit/2292/LLMDFA/benchmark/juliet-test-suite-XSS_simplified/CWE80_XSS/s01/CWE80_XSS__CWE182_Servlet_database_66.java
Analyzing......
Preprocessing...
processing finished
start to summarize...
Generating intra-procedural summaries...
Processing callees...
Preprocessing...
processing finished
start to summarize...
Generating intra-procedural summaries...
Processing callees...
Preprocessing...
processing finished
start to summarize...
Generating intra-procedural summaries...
Processing callees...
Preprocessing...
processing finished
start to summarize...
Generating intra-procedural summaries...
Processing callees...
Preprocessing...
processing finished
start to summarize...
Generating intra-procedural summaries...
Processing callees...
Validating......
Applying path checker with solver...
Constructing solving program...
Solver-aided path checker succeeded...
finish validate
Reporting......
Report generated!

finish report
===================================================
421  /  666 

CWE80_XSS__CWE182_Servlet_database_66 

{'input_token_cost': 6711, 'output_token_cost': 775, 'analysis_result': {'TPs': 1, 'FPs': 0}, 'ground_truth': {'TPs': 1, 'FPs': 1}, 'single time cost': 11.733263731002808} 

===================================================


Start to analyze the case  422 out of  666
/scratch/local/w.nimit/2292/LLMDFA/benchmark/juliet-test-suite-XSS_simplified/CWE80_XSS/s01/CWE80_XSS__CWE182_Servlet_database_67.java
Analyzing......
Preprocessing...
processing finished
start to summarize...
Generating intra-procedural summaries...
Processing callees...
Preprocessing...
processing finished
start to summarize...
Generating intra-procedural summaries...
Processing callees...
Preprocessing...
processing finished
start to summarize...
Generating intra-procedural summaries...
Processing callees...
Preprocessing...
processing finished
start to summarize...
Generating intra-procedural summaries...
Processing callees...
Preprocessing...
processing finished
start to summarize...
Generating intra-procedural summaries...
Processing callees...
Validating......
Applying path checker with solver...
Constructing solving program...
Solver-aided path checker succeeded...
finish validate
Reporting......
Report generated!

finish report
===================================================
422  /  666 

CWE80_XSS__CWE182_Servlet_database_67 

{'input_token_cost': 6721, 'output_token_cost': 972, 'analysis_result': {'TPs': 1, 'FPs': 0}, 'ground_truth': {'TPs': 1, 'FPs': 1}, 'single time cost': 14.629137516021729} 

===================================================


Start to analyze the case  423 out of  666
/scratch/local/w.nimit/2292/LLMDFA/benchmark/juliet-test-suite-XSS_simplified/CWE80_XSS/s01/CWE80_XSS__CWE182_Servlet_database_68.java
Analyzing......
Preprocessing...
processing finished
start to summarize...
Generating intra-procedural summaries...
Processing callees...
Preprocessing...
processing finished
start to summarize...
Generating intra-procedural summaries...
Processing callees...
Preprocessing...
processing finished
start to summarize...
Generating intra-procedural summaries...
Processing callees...
Preprocessing...
processing finished
start to summarize...
Generating intra-procedural summaries...
Processing callees...
Preprocessing...
processing finished
start to summarize...
Generating intra-procedural summaries...
Processing callees...
Validating......
Applying path checker with solver...
Constructing solving program...
Solver-aided path checker succeeded...
Applying path checker with solver...
Constructing solving program...
Solver-aided path checker succeeded...
finish validate
Reporting......
Report generated!

finish report
===================================================
423  /  666 

CWE80_XSS__CWE182_Servlet_database_68 

{'input_token_cost': 10188, 'output_token_cost': 1325, 'analysis_result': {'TPs': 1, 'FPs': 0}, 'ground_truth': {'TPs': 1, 'FPs': 1}, 'single time cost': 20.394907236099243} 

===================================================


Start to analyze the case  424 out of  666
/scratch/local/w.nimit/2292/LLMDFA/benchmark/juliet-test-suite-XSS_simplified/CWE80_XSS/s01/CWE80_XSS__CWE182_Servlet_database_71.java
Analyzing......
Preprocessing...
processing finished
start to summarize...
Generating intra-procedural summaries...
Processing callees...
Preprocessing...
processing finished
start to summarize...
Generating intra-procedural summaries...
Processing callees...
Preprocessing...
processing finished
start to summarize...
Generating intra-procedural summaries...
Processing callees...
Preprocessing...
processing finished
start to summarize...
Generating intra-procedural summaries...
Processing callees...
Preprocessing...
processing finished
start to summarize...
Generating intra-procedural summaries...
Processing callees...
Validating......
finish validate
Reporting......
Report generated!

finish report
===================================================
424  /  666 

CWE80_XSS__CWE182_Servlet_database_71 

{'input_token_cost': 3264, 'output_token_cost': 314, 'analysis_result': {'TPs': 0, 'FPs': 0}, 'ground_truth': {'TPs': 1, 'FPs': 1}, 'single time cost': 4.715611934661865} 

===================================================


Start to analyze the case  425 out of  666
/scratch/local/w.nimit/2292/LLMDFA/benchmark/juliet-test-suite-XSS_simplified/CWE80_XSS/s01/CWE80_XSS__CWE182_Servlet_database_72.java
Analyzing......
Preprocessing...
processing finished
start to summarize...
Generating intra-procedural summaries...
Processing callees...
Preprocessing...
processing finished
start to summarize...
Generating intra-procedural summaries...
Processing callees...
Preprocessing...
processing finished
start to summarize...
Generating intra-procedural summaries...
Processing callees...
Preprocessing...
processing finished
start to summarize...
Generating intra-procedural summaries...
Processing callees...
Preprocessing...
processing finished
start to summarize...
Generating intra-procedural summaries...
Processing callees...
Validating......
Applying path checker with solver...
Constructing solving program...
Solver-aided path checker succeeded...
Applying path checker with solver...
Constructing solving program...
Solver-aided path checker succeeded...
finish validate
Reporting......
Report generated!

finish report
===================================================
425  /  666 

CWE80_XSS__CWE182_Servlet_database_72 

{'input_token_cost': 8548, 'output_token_cost': 1118, 'analysis_result': {'TPs': 1, 'FPs': 0}, 'ground_truth': {'TPs': 1, 'FPs': 1}, 'single time cost': 16.933913946151733} 

===================================================


Start to analyze the case  426 out of  666
/scratch/local/w.nimit/2292/LLMDFA/benchmark/juliet-test-suite-XSS_simplified/CWE80_XSS/s01/CWE80_XSS__CWE182_Servlet_database_73.java
Analyzing......
Preprocessing...
processing finished
start to summarize...
Generating intra-procedural summaries...
Processing callees...
Preprocessing...
processing finished
start to summarize...
Generating intra-procedural summaries...
Processing callees...
Preprocessing...
processing finished
start to summarize...
Generating intra-procedural summaries...
Processing callees...
Preprocessing...
processing finished
start to summarize...
Generating intra-procedural summaries...
Processing callees...
Preprocessing...
processing finished
start to summarize...
Generating intra-procedural summaries...
Processing callees...
Validating......
Applying path checker with solver...
Constructing solving program...
Solver-aided path checker succeeded...
finish validate
Reporting......
Report generated!

finish report
===================================================
426  /  666 

CWE80_XSS__CWE182_Servlet_database_73 

{'input_token_cost': 6808, 'output_token_cost': 770, 'analysis_result': {'TPs': 1, 'FPs': 0}, 'ground_truth': {'TPs': 1, 'FPs': 1}, 'single time cost': 11.68164324760437} 

===================================================


Start to analyze the case  427 out of  666
/scratch/local/w.nimit/2292/LLMDFA/benchmark/juliet-test-suite-XSS_simplified/CWE80_XSS/s01/CWE80_XSS__CWE182_Servlet_database_74.java
Analyzing......
Preprocessing...
processing finished
start to summarize...
Generating intra-procedural summaries...
Processing callees...
Preprocessing...
processing finished
start to summarize...
Generating intra-procedural summaries...
Processing callees...
Preprocessing...
processing finished
start to summarize...
Generating intra-procedural summaries...
Processing callees...
Preprocessing...
processing finished
start to summarize...
Generating intra-procedural summaries...
Processing callees...
Preprocessing...
processing finished
start to summarize...
Generating intra-procedural summaries...
Processing callees...
Validating......
Applying path checker with solver...
Constructing solving program...
Solver-aided path checker succeeded...
finish validate
Reporting......
Report generated!

finish report
===================================================
427  /  666 

CWE80_XSS__CWE182_Servlet_database_74 

{'input_token_cost': 7995, 'output_token_cost': 1037, 'analysis_result': {'TPs': 1, 'FPs': 0}, 'ground_truth': {'TPs': 1, 'FPs': 1}, 'single time cost': 15.626320600509644} 

===================================================


Start to analyze the case  428 out of  666
/scratch/local/w.nimit/2292/LLMDFA/benchmark/juliet-test-suite-XSS_simplified/CWE80_XSS/s01/CWE80_XSS__CWE182_Servlet_database_75.java
Analyzing......
Preprocessing...
processing finished
start to summarize...
Generating intra-procedural summaries...
Processing callees...
Preprocessing...
processing finished
start to summarize...
Generating intra-procedural summaries...
Processing callees...
Preprocessing...
processing finished
start to summarize...
Generating intra-procedural summaries...
Processing callees...
Preprocessing...
processing finished
start to summarize...
Generating intra-procedural summaries...
Processing callees...
Preprocessing...
processing finished
start to summarize...
Generating intra-procedural summaries...
Processing callees...
Validating......
Applying path checker with solver...
Constructing solving program...
Solver-aided path checker succeeded...
finish validate
Reporting......
Report generated!

finish report
===================================================
428  /  666 

CWE80_XSS__CWE182_Servlet_database_75 

{'input_token_cost': 8233, 'output_token_cost': 614, 'analysis_result': {'TPs': 1, 'FPs': 0}, 'ground_truth': {'TPs': 1, 'FPs': 1}, 'single time cost': 9.486579418182373} 

===================================================


Start to analyze the case  429 out of  666
/scratch/local/w.nimit/2292/LLMDFA/benchmark/juliet-test-suite-XSS_simplified/CWE80_XSS/s01/CWE80_XSS__CWE182_Servlet_database_81.java
Analyzing......
Preprocessing...
processing finished
start to summarize...
Generating intra-procedural summaries...
Processing callees...
Preprocessing...
processing finished
start to summarize...
Generating intra-procedural summaries...
Processing callees...
Preprocessing...
processing finished
start to summarize...
Generating intra-procedural summaries...
Processing callees...
Preprocessing...
processing finished
start to summarize...
Generating intra-procedural summaries...
Processing callees...
Preprocessing...
processing finished
start to summarize...
Generating intra-procedural summaries...
Processing callees...
Validating......
Applying path checker with solver...
Constructing solving program...
Solver-aided path checker succeeded...
finish validate
Reporting......
Report generated!

finish report
===================================================
429  /  666 

CWE80_XSS__CWE182_Servlet_database_81 

{'input_token_cost': 7747, 'output_token_cost': 933, 'analysis_result': {'TPs': 1, 'FPs': 0}, 'ground_truth': {'TPs': 1, 'FPs': 1}, 'single time cost': 14.054137945175171} 

===================================================


Start to analyze the case  430 out of  666
/scratch/local/w.nimit/2292/LLMDFA/benchmark/juliet-test-suite-XSS_simplified/CWE80_XSS/s01/CWE80_XSS__CWE182_Servlet_getCookies_Servlet_22.java
Analyzing......
Preprocessing...
processing finished
start to summarize...
Generating intra-procedural summaries...
Processing callees...
Preprocessing...
processing finished
start to summarize...
Generating intra-procedural summaries...
Processing callees...
Preprocessing...
processing finished
start to summarize...
Generating intra-procedural summaries...
Processing callees...
Preprocessing...
processing finished
start to summarize...
Generating intra-procedural summaries...
Processing callees...
Preprocessing...
processing finished
start to summarize...
Generating intra-procedural summaries...
Processing callees...
Preprocessing...
processing finished
start to summarize...
Generating intra-procedural summaries...
Processing callees...
Preprocessing...
processing finished
start to summarize...
Generating intra-procedural summaries...
Processing callees...
Validating......
Applying path checker with solver...
Constructing solving program...
Constructing solving program...
Solver-aided path checker succeeded...
Applying path checker with solver...
Constructing solving program...
Solver-aided path checker succeeded...
Applying path checker with solver...
Constructing solving program...
Solver-aided path checker succeeded...
Applying path checker with solver...
Constructing solving program...
Solver-aided path checker succeeded...
finish validate
Reporting......
Report generated!

finish report
===================================================
430  /  666 

CWE80_XSS__CWE182_Servlet_getCookies_Servlet_22 

{'input_token_cost': 25750, 'output_token_cost': 2571, 'analysis_result': {'TPs': 1, 'FPs': 2}, 'ground_truth': {'TPs': 1, 'FPs': 2}, 'single time cost': 39.184247732162476} 

===================================================


Start to analyze the case  431 out of  666
/scratch/local/w.nimit/2292/LLMDFA/benchmark/juliet-test-suite-XSS_simplified/CWE80_XSS/s01/CWE80_XSS__CWE182_Servlet_getCookies_Servlet_51.java
Analyzing......
Preprocessing...
processing finished
start to summarize...
Generating intra-procedural summaries...
Processing callees...
Preprocessing...
processing finished
start to summarize...
Generating intra-procedural summaries...
Processing callees...
Preprocessing...
processing finished
start to summarize...
Generating intra-procedural summaries...
Processing callees...
Preprocessing...
processing finished
start to summarize...
Generating intra-procedural summaries...
Processing callees...
Preprocessing...
processing finished
start to summarize...
Generating intra-procedural summaries...
Processing callees...
Validating......
Applying path checker with solver...
Constructing solving program...
Solver-aided path checker succeeded...
finish validate
Reporting......
Report generated!

finish report
===================================================
431  /  666 

CWE80_XSS__CWE182_Servlet_getCookies_Servlet_51 

{'input_token_cost': 5280, 'output_token_cost': 812, 'analysis_result': {'TPs': 1, 'FPs': 0}, 'ground_truth': {'TPs': 1, 'FPs': 1}, 'single time cost': 12.238207578659058} 

===================================================


Start to analyze the case  432 out of  666
/scratch/local/w.nimit/2292/LLMDFA/benchmark/juliet-test-suite-XSS_simplified/CWE80_XSS/s01/CWE80_XSS__CWE182_Servlet_getCookies_Servlet_52.java
Analyzing......
Preprocessing...
processing finished
start to summarize...
Generating intra-procedural summaries...
Processing callees...
Preprocessing...
processing finished
start to summarize...
Generating intra-procedural summaries...
Processing callees...
Preprocessing...
processing finished
start to summarize...
Generating intra-procedural summaries...
Processing callees...
Preprocessing...
processing finished
start to summarize...
Generating intra-procedural summaries...
Processing callees...
Preprocessing...
processing finished
start to summarize...
Generating intra-procedural summaries...
Processing callees...
Preprocessing...
processing finished
start to summarize...
Generating intra-procedural summaries...
Processing callees...
Preprocessing...
processing finished
start to summarize...
Generating intra-procedural summaries...
Processing callees...
Validating......
Applying path checker with solver...
Constructing solving program...
Solver-aided path checker succeeded...
Applying path checker with solver...
Constructing solving program...
[LLMDFA] Z3 script unparseable after 3 tries; falling back to LLM path check (paper Sec 3.3)
Refining solving program...
Refining solving program...
Refining solving program...
Solver-aided path checker failed...
Applying path reachability check with LLM...
LLM-aided path checker succeeded...
Applying path checker with solver...
Constructing solving program...
[LLMDFA] Z3 script unparseable after 3 tries; falling back to LLM path check (paper Sec 3.3)
Refining solving program...
Refining solving program...
Refining solving program...
Solver-aided path checker failed...
Applying path reachability check with LLM...
LLM-aided path checker succeeded...
finish validate
Reporting......
Report generated!

finish report
===================================================
432  /  666 

CWE80_XSS__CWE182_Servlet_getCookies_Servlet_52 

{'input_token_cost': 25050, 'output_token_cost': 4501, 'analysis_result': {'TPs': 1, 'FPs': 0}, 'ground_truth': {'TPs': 1, 'FPs': 1}, 'single time cost': 67.50416398048401} 

===================================================


Start to analyze the case  433 out of  666
/scratch/local/w.nimit/2292/LLMDFA/benchmark/juliet-test-suite-XSS_simplified/CWE80_XSS/s01/CWE80_XSS__CWE182_Servlet_getCookies_Servlet_53.java
Analyzing......
Preprocessing...
processing finished
start to summarize...
Generating intra-procedural summaries...
Processing callees...
Preprocessing...
processing finished
start to summarize...
Generating intra-procedural summaries...
Processing callees...
Preprocessing...
processing finished
start to summarize...
Generating intra-procedural summaries...
Processing callees...
Preprocessing...
processing finished
start to summarize...
Generating intra-procedural summaries...
Processing callees...
Preprocessing...
processing finished
start to summarize...
Generating intra-procedural summaries...
Processing callees...
Preprocessing...
processing finished
start to summarize...
Generating intra-procedural summaries...
Processing callees...
Preprocessing...
processing finished
start to summarize...
Generating intra-procedural summaries...
Processing callees...
Preprocessing...
processing finished
start to summarize...
Generating intra-procedural summaries...
Processing callees...
Preprocessing...
processing finished
start to summarize...
Generating intra-procedural summaries...
Processing callees...
Validating......
Applying path checker with solver...
Constructing solving program...
Solver-aided path checker succeeded...
Applying path checker with solver...
Constructing solving program...
Solver-aided path checker succeeded...
Applying path checker with solver...
Constructing solving program...
Solver-aided path checker succeeded...
Applying path checker with solver...
Constructing solving program...
Solver-aided path checker succeeded...
finish validate
Reporting......
Report generated!

finish report
===================================================
433  /  666 

CWE80_XSS__CWE182_Servlet_getCookies_Servlet_53 

{'input_token_cost': 25870, 'output_token_cost': 3163, 'analysis_result': {'TPs': 1, 'FPs': 0}, 'ground_truth': {'TPs': 1, 'FPs': 1}, 'single time cost': 47.822139263153076} 

===================================================


Start to analyze the case  434 out of  666
/scratch/local/w.nimit/2292/LLMDFA/benchmark/juliet-test-suite-XSS_simplified/CWE80_XSS/s01/CWE80_XSS__CWE182_Servlet_getCookies_Servlet_54.java
Analyzing......
Preprocessing...
processing finished
start to summarize...
Generating intra-procedural summaries...
Processing callees...
Preprocessing...
processing finished
start to summarize...
Generating intra-procedural summaries...
Processing callees...
Preprocessing...
processing finished
start to summarize...
Generating intra-procedural summaries...
Processing callees...
Preprocessing...
processing finished
start to summarize...
Generating intra-procedural summaries...
Processing callees...
Preprocessing...
processing finished
start to summarize...
Generating intra-procedural summaries...
Processing callees...
Preprocessing...
processing finished
start to summarize...
Generating intra-procedural summaries...
Processing callees...
Preprocessing...
processing finished
start to summarize...
Generating intra-procedural summaries...
Processing callees...
Preprocessing...
processing finished
start to summarize...
Generating intra-procedural summaries...
Processing callees...
Preprocessing...
processing finished
start to summarize...
Generating intra-procedural summaries...
Processing callees...
Preprocessing...
processing finished
start to summarize...
Generating intra-procedural summaries...
Processing callees...
Preprocessing...
processing finished
start to summarize...
Generating intra-procedural summaries...
Processing callees...
Validating......
Applying path checker with solver...
Constructing solving program...
Solver-aided path checker succeeded...
Applying path checker with solver...
Constructing solving program...
Solver-aided path checker succeeded...
Applying path checker with solver...
Constructing solving program...
Solver-aided path checker succeeded...
Applying path checker with solver...
Constructing solving program...
Solver-aided path checker succeeded...
Applying path checker with solver...
Constructing solving program...
Solver-aided path checker succeeded...
Applying path checker with solver...
Constructing solving program...
Solver-aided path checker succeeded...
Applying path checker with solver...
Constructing solving program...
Solver-aided path checker succeeded...
Applying path checker with solver...
Constructing solving program...
Solver-aided path checker succeeded...
Applying path checker with solver...
Constructing solving program...
Solver-aided path checker succeeded...
finish validate
Reporting......
Report generated!

finish report
===================================================
434  /  666 

CWE80_XSS__CWE182_Servlet_getCookies_Servlet_54 

{'input_token_cost': 38648, 'output_token_cost': 4948, 'analysis_result': {'TPs': 1, 'FPs': 0}, 'ground_truth': {'TPs': 1, 'FPs': 1}, 'single time cost': 74.87602376937866} 

===================================================


Start to analyze the case  435 out of  666
/scratch/local/w.nimit/2292/LLMDFA/benchmark/juliet-test-suite-XSS_simplified/CWE80_XSS/s01/CWE80_XSS__CWE182_Servlet_getCookies_Servlet_61.java
Analyzing......
Preprocessing...
processing finished
start to summarize...
Generating intra-procedural summaries...
Processing callees...
Preprocessing...
processing finished
start to summarize...
Generating intra-procedural summaries...
Processing callees...
Preprocessing...
processing finished
start to summarize...
Generating intra-procedural summaries...
Processing callees...
Preprocessing...
processing finished
start to summarize...
Generating intra-procedural summaries...
Processing callees...
Preprocessing...
processing finished
start to summarize...
Generating intra-procedural summaries...
Processing callees...
Validating......
Applying path checker with solver...
Constructing solving program...
Solver-aided path checker succeeded...
Applying path checker with solver...
Constructing solving program...
Solver-aided path checker succeeded...
Applying path checker with solver...
Constructing solving program...
Solver-aided path checker succeeded...
finish validate
Reporting......
Report generated!

finish report
===================================================
435  /  666 

CWE80_XSS__CWE182_Servlet_getCookies_Servlet_61 

{'input_token_cost': 12032, 'output_token_cost': 1330, 'analysis_result': {'TPs': 2, 'FPs': 1}, 'ground_truth': {'TPs': 1, 'FPs': 1}, 'single time cost': 20.28592562675476} 

===================================================


Start to analyze the case  436 out of  666
/scratch/local/w.nimit/2292/LLMDFA/benchmark/juliet-test-suite-XSS_simplified/CWE80_XSS/s01/CWE80_XSS__CWE182_Servlet_getCookies_Servlet_66.java
Analyzing......
Preprocessing...
processing finished
start to summarize...
Generating intra-procedural summaries...
Processing callees...
Preprocessing...
processing finished
start to summarize...
Generating intra-procedural summaries...
Processing callees...
Preprocessing...
processing finished
start to summarize...
Generating intra-procedural summaries...
Processing callees...
Preprocessing...
processing finished
start to summarize...
Generating intra-procedural summaries...
Processing callees...
Preprocessing...
processing finished
start to summarize...
Generating intra-procedural summaries...
Processing callees...
Validating......
Applying path checker with solver...
Constructing solving program...
Solver-aided path checker succeeded...
finish validate
Reporting......
Report generated!

finish report
===================================================
436  /  666 

CWE80_XSS__CWE182_Servlet_getCookies_Servlet_66 

{'input_token_cost': 7121, 'output_token_cost': 928, 'analysis_result': {'TPs': 1, 'FPs': 0}, 'ground_truth': {'TPs': 1, 'FPs': 1}, 'single time cost': 14.006280899047852} 

===================================================


Start to analyze the case  437 out of  666
/scratch/local/w.nimit/2292/LLMDFA/benchmark/juliet-test-suite-XSS_simplified/CWE80_XSS/s01/CWE80_XSS__CWE182_Servlet_getCookies_Servlet_67.java
Analyzing......
Preprocessing...
processing finished
start to summarize...
Generating intra-procedural summaries...
Processing callees...
Preprocessing...
processing finished
start to summarize...
Generating intra-procedural summaries...
Processing callees...
Preprocessing...
processing finished
start to summarize...
Generating intra-procedural summaries...
Processing callees...
Preprocessing...
processing finished
start to summarize...
Generating intra-procedural summaries...
Processing callees...
Preprocessing...
processing finished
start to summarize...
Generating intra-procedural summaries...
Processing callees...
Validating......
Applying path checker with solver...
Constructing solving program...
Solver-aided path checker succeeded...
finish validate
Reporting......
Report generated!

finish report
===================================================
437  /  666 

CWE80_XSS__CWE182_Servlet_getCookies_Servlet_67 

{'input_token_cost': 5398, 'output_token_cost': 620, 'analysis_result': {'TPs': 1, 'FPs': 0}, 'ground_truth': {'TPs': 1, 'FPs': 1}, 'single time cost': 9.421031951904297} 

===================================================


Start to analyze the case  438 out of  666
/scratch/local/w.nimit/2292/LLMDFA/benchmark/juliet-test-suite-XSS_simplified/CWE80_XSS/s01/CWE80_XSS__CWE182_Servlet_getCookies_Servlet_68.java
Analyzing......
Preprocessing...
processing finished
start to summarize...
Generating intra-procedural summaries...
Processing callees...
Preprocessing...
processing finished
start to summarize...
Generating intra-procedural summaries...
Processing callees...
Preprocessing...
processing finished
start to summarize...
Generating intra-procedural summaries...
Processing callees...
Preprocessing...
processing finished
start to summarize...
Generating intra-procedural summaries...
Processing callees...
Preprocessing...
processing finished
start to summarize...
Generating intra-procedural summaries...
Processing callees...
Validating......
Applying path checker with solver...
Constructing solving program...
Solver-aided path checker succeeded...
Applying path checker with solver...
Constructing solving program...
Constructing solving program...
Solver-aided path checker succeeded...
Applying path checker with solver...
Constructing solving program...
Solver-aided path checker succeeded...
finish validate
Reporting......
Report generated!

finish report
===================================================
438  /  666 

CWE80_XSS__CWE182_Servlet_getCookies_Servlet_68 

{'input_token_cost': 12031, 'output_token_cost': 1893, 'analysis_result': {'TPs': 2, 'FPs': 1}, 'ground_truth': {'TPs': 1, 'FPs': 1}, 'single time cost': 28.729787826538086} 

===================================================


Start to analyze the case  439 out of  666
/scratch/local/w.nimit/2292/LLMDFA/benchmark/juliet-test-suite-XSS_simplified/CWE80_XSS/s01/CWE80_XSS__CWE182_Servlet_getCookies_Servlet_71.java
Analyzing......
Preprocessing...
processing finished
start to summarize...
Generating intra-procedural summaries...
Processing callees...
Preprocessing...
processing finished
start to summarize...
Generating intra-procedural summaries...
Processing callees...
Preprocessing...
processing finished
start to summarize...
Generating intra-procedural summaries...
Processing callees...
Preprocessing...
processing finished
start to summarize...
Generating intra-procedural summaries...
Processing callees...
Preprocessing...
processing finished
start to summarize...
Generating intra-procedural summaries...
Processing callees...
Validating......
finish validate
Reporting......
Report generated!

finish report
===================================================
439  /  666 

CWE80_XSS__CWE182_Servlet_getCookies_Servlet_71 

{'input_token_cost': 2376, 'output_token_cost': 413, 'analysis_result': {'TPs': 0, 'FPs': 0}, 'ground_truth': {'TPs': 1, 'FPs': 1}, 'single time cost': 6.132231950759888} 

===================================================


Start to analyze the case  440 out of  666
/scratch/local/w.nimit/2292/LLMDFA/benchmark/juliet-test-suite-XSS_simplified/CWE80_XSS/s01/CWE80_XSS__CWE182_Servlet_getCookies_Servlet_72.java
Analyzing......
Preprocessing...
processing finished
start to summarize...
Generating intra-procedural summaries...
Processing callees...
Preprocessing...
processing finished
start to summarize...
Generating intra-procedural summaries...
Processing callees...
Preprocessing...
processing finished
start to summarize...
Generating intra-procedural summaries...
Processing callees...
Preprocessing...
processing finished
start to summarize...
Generating intra-procedural summaries...
Processing callees...
Preprocessing...
processing finished
start to summarize...
Generating intra-procedural summaries...
Processing callees...
Validating......
Applying path checker with solver...
Constructing solving program...
Solver-aided path checker succeeded...
finish validate
Reporting......
Report generated!

finish report
===================================================
440  /  666 

CWE80_XSS__CWE182_Servlet_getCookies_Servlet_72 

{'input_token_cost': 5488, 'output_token_cost': 715, 'analysis_result': {'TPs': 1, 'FPs': 0}, 'ground_truth': {'TPs': 1, 'FPs': 1}, 'single time cost': 10.820895671844482} 

===================================================


Start to analyze the case  441 out of  666
/scratch/local/w.nimit/2292/LLMDFA/benchmark/juliet-test-suite-XSS_simplified/CWE80_XSS/s01/CWE80_XSS__CWE182_Servlet_getCookies_Servlet_73.java
Analyzing......
Preprocessing...
processing finished
start to summarize...
Generating intra-procedural summaries...
Processing callees...
Preprocessing...
processing finished
start to summarize...
Generating intra-procedural summaries...
Processing callees...
Preprocessing...
processing finished
start to summarize...
Generating intra-procedural summaries...
Processing callees...
Preprocessing...
processing finished
start to summarize...
Generating intra-procedural summaries...
Processing callees...
Preprocessing...
processing finished
start to summarize...
Generating intra-procedural summaries...
Processing callees...
Validating......
Applying path checker with solver...
Constructing solving program...
Solver-aided path checker succeeded...
finish validate
Reporting......
Report generated!

finish report
===================================================
441  /  666 

CWE80_XSS__CWE182_Servlet_getCookies_Servlet_73 

{'input_token_cost': 5482, 'output_token_cost': 729, 'analysis_result': {'TPs': 1, 'FPs': 0}, 'ground_truth': {'TPs': 1, 'FPs': 1}, 'single time cost': 11.0192551612854} 

===================================================


Start to analyze the case  442 out of  666
/scratch/local/w.nimit/2292/LLMDFA/benchmark/juliet-test-suite-XSS_simplified/CWE80_XSS/s01/CWE80_XSS__CWE182_Servlet_getCookies_Servlet_74.java
Analyzing......
Preprocessing...
processing finished
start to summarize...
Generating intra-procedural summaries...
Processing callees...
Preprocessing...
processing finished
start to summarize...
Generating intra-procedural summaries...
Processing callees...
Preprocessing...
processing finished
start to summarize...
Generating intra-procedural summaries...
Processing callees...
Preprocessing...
processing finished
start to summarize...
Generating intra-procedural summaries...
Processing callees...
Preprocessing...
processing finished
start to summarize...
Generating intra-procedural summaries...
Processing callees...
Validating......
Applying path checker with solver...
Constructing solving program...
Solver-aided path checker succeeded...
finish validate
Reporting......
Report generated!

finish report
===================================================
442  /  666 

CWE80_XSS__CWE182_Servlet_getCookies_Servlet_74 

{'input_token_cost': 6672, 'output_token_cost': 1001, 'analysis_result': {'TPs': 1, 'FPs': 0}, 'ground_truth': {'TPs': 1, 'FPs': 1}, 'single time cost': 15.03985595703125} 

===================================================


Start to analyze the case  443 out of  666
/scratch/local/w.nimit/2292/LLMDFA/benchmark/juliet-test-suite-XSS_simplified/CWE80_XSS/s01/CWE80_XSS__CWE182_Servlet_getCookies_Servlet_75.java
Analyzing......
Preprocessing...
processing finished
start to summarize...
Generating intra-procedural summaries...
Processing callees...
Preprocessing...
processing finished
start to summarize...
Generating intra-procedural summaries...
Processing callees...
Preprocessing...
processing finished
start to summarize...
Generating intra-procedural summaries...
Processing callees...
Preprocessing...
processing finished
start to summarize...
Generating intra-procedural summaries...
Processing callees...
Preprocessing...
processing finished
start to summarize...
Generating intra-procedural summaries...
Processing callees...
Validating......
Applying path checker with solver...
Constructing solving program...
Solver-aided path checker succeeded...
finish validate
Reporting......
Report generated!

finish report
===================================================
443  /  666 

CWE80_XSS__CWE182_Servlet_getCookies_Servlet_75 

{'input_token_cost': 8443, 'output_token_cost': 895, 'analysis_result': {'TPs': 1, 'FPs': 0}, 'ground_truth': {'TPs': 1, 'FPs': 1}, 'single time cost': 13.603341817855835} 

===================================================


Start to analyze the case  444 out of  666
/scratch/local/w.nimit/2292/LLMDFA/benchmark/juliet-test-suite-XSS_simplified/CWE80_XSS/s01/CWE80_XSS__CWE182_Servlet_getCookies_Servlet_81.java
Analyzing......
Preprocessing...
processing finished
start to summarize...
Generating intra-procedural summaries...
Processing callees...
Preprocessing...
processing finished
start to summarize...
Generating intra-procedural summaries...
Processing callees...
Preprocessing...
processing finished
start to summarize...
Generating intra-procedural summaries...
Processing callees...
Preprocessing...
processing finished
start to summarize...
Generating intra-procedural summaries...
Processing callees...
Preprocessing...
processing finished
start to summarize...
Generating intra-procedural summaries...
Processing callees...
Validating......
Applying path checker with solver...
Constructing solving program...
Solver-aided path checker succeeded...
finish validate
Reporting......
Report generated!

finish report
===================================================
444  /  666 

CWE80_XSS__CWE182_Servlet_getCookies_Servlet_81 

{'input_token_cost': 6424, 'output_token_cost': 836, 'analysis_result': {'TPs': 1, 'FPs': 0}, 'ground_truth': {'TPs': 1, 'FPs': 1}, 'single time cost': 12.616307020187378} 

===================================================


Start to analyze the case  445 out of  666
/scratch/local/w.nimit/2292/LLMDFA/benchmark/juliet-test-suite-XSS_simplified/CWE80_XSS/s01/CWE80_XSS__CWE182_Servlet_getParameter_Servlet_22.java
Analyzing......
Preprocessing...
processing finished
start to summarize...
Generating intra-procedural summaries...
Processing callees...
Preprocessing...
processing finished
start to summarize...
Generating intra-procedural summaries...
Processing callees...
Preprocessing...
processing finished
start to summarize...
Generating intra-procedural summaries...
Processing callees...
Preprocessing...
processing finished
start to summarize...
Generating intra-procedural summaries...
Processing callees...
Preprocessing...
processing finished
start to summarize...
Generating intra-procedural summaries...
Processing callees...
Preprocessing...
processing finished
start to summarize...
Generating intra-procedural summaries...
Processing callees...
Preprocessing...
processing finished
start to summarize...
Generating intra-procedural summaries...
Processing callees...
Validating......
Applying path checker with solver...
Constructing solving program...
Solver-aided path checker succeeded...
Applying path checker with solver...
Constructing solving program...
Solver-aided path checker succeeded...
Applying path checker with solver...
Constructing solving program...
Solver-aided path checker succeeded...
finish validate
Reporting......
Report generated!

finish report
===================================================
445  /  666 

CWE80_XSS__CWE182_Servlet_getParameter_Servlet_22 

{'input_token_cost': 24229, 'output_token_cost': 2245, 'analysis_result': {'TPs': 1, 'FPs': 2}, 'ground_truth': {'TPs': 1, 'FPs': 2}, 'single time cost': 34.0050733089447} 

===================================================


Start to analyze the case  446 out of  666
/scratch/local/w.nimit/2292/LLMDFA/benchmark/juliet-test-suite-XSS_simplified/CWE80_XSS/s01/CWE80_XSS__CWE182_Servlet_getParameter_Servlet_51.java
Analyzing......
Preprocessing...
processing finished
start to summarize...
Generating intra-procedural summaries...
Processing callees...
Preprocessing...
processing finished
start to summarize...
Generating intra-procedural summaries...
Processing callees...
Preprocessing...
processing finished
start to summarize...
Generating intra-procedural summaries...
Processing callees...
Preprocessing...
processing finished
start to summarize...
Generating intra-procedural summaries...
Processing callees...
Preprocessing...
processing finished
start to summarize...
Generating intra-procedural summaries...
Processing callees...
Validating......
Applying path checker with solver...
Constructing solving program...
Solver-aided path checker succeeded...
Applying path checker with solver...
Constructing solving program...
Solver-aided path checker succeeded...
finish validate
Reporting......
Report generated!

finish report
===================================================
446  /  666 

CWE80_XSS__CWE182_Servlet_getParameter_Servlet_51 

{'input_token_cost': 7923, 'output_token_cost': 1085, 'analysis_result': {'TPs': 1, 'FPs': 0}, 'ground_truth': {'TPs': 1, 'FPs': 1}, 'single time cost': 16.428817749023438} 

===================================================


Start to analyze the case  447 out of  666
/scratch/local/w.nimit/2292/LLMDFA/benchmark/juliet-test-suite-XSS_simplified/CWE80_XSS/s01/CWE80_XSS__CWE182_Servlet_getParameter_Servlet_52.java
Analyzing......
Preprocessing...
processing finished
start to summarize...
Generating intra-procedural summaries...
Processing callees...
Preprocessing...
processing finished
start to summarize...
Generating intra-procedural summaries...
Processing callees...
Preprocessing...
processing finished
start to summarize...
Generating intra-procedural summaries...
Processing callees...
Preprocessing...
processing finished
start to summarize...
Generating intra-procedural summaries...
Processing callees...
Preprocessing...
processing finished
start to summarize...
Generating intra-procedural summaries...
Processing callees...
Preprocessing...
processing finished
start to summarize...
Generating intra-procedural summaries...
Processing callees...
Preprocessing...
processing finished
start to summarize...
Generating intra-procedural summaries...
Processing callees...
Validating......
Applying path checker with solver...
Constructing solving program...
Solver-aided path checker succeeded...
Applying path checker with solver...
Constructing solving program...
Solver-aided path checker succeeded...
Applying path checker with solver...
Constructing solving program...
Solver-aided path checker succeeded...
Applying path checker with solver...
Constructing solving program...
Solver-aided path checker succeeded...
finish validate
Reporting......
Report generated!

finish report
===================================================
447  /  666 

CWE80_XSS__CWE182_Servlet_getParameter_Servlet_52 

{'input_token_cost': 18983, 'output_token_cost': 2527, 'analysis_result': {'TPs': 1, 'FPs': 0}, 'ground_truth': {'TPs': 1, 'FPs': 1}, 'single time cost': 38.17592692375183} 

===================================================


Start to analyze the case  448 out of  666
/scratch/local/w.nimit/2292/LLMDFA/benchmark/juliet-test-suite-XSS_simplified/CWE80_XSS/s01/CWE80_XSS__CWE182_Servlet_getParameter_Servlet_53.java
Analyzing......
Preprocessing...
processing finished
start to summarize...
Generating intra-procedural summaries...
Processing callees...
Preprocessing...
processing finished
start to summarize...
Generating intra-procedural summaries...
Processing callees...
Preprocessing...
processing finished
start to summarize...
Generating intra-procedural summaries...
Processing callees...
Preprocessing...
processing finished
start to summarize...
Generating intra-procedural summaries...
Processing callees...
Preprocessing...
processing finished
start to summarize...
Generating intra-procedural summaries...
Processing callees...
Preprocessing...
processing finished
start to summarize...
Generating intra-procedural summaries...
Processing callees...
Preprocessing...
processing finished
start to summarize...
Generating intra-procedural summaries...
Processing callees...
Preprocessing...
processing finished
start to summarize...
Generating intra-procedural summaries...
Processing callees...
Preprocessing...
processing finished
start to summarize...
Generating intra-procedural summaries...
Processing callees...
Validating......
Applying path checker with solver...
Constructing solving program...
Solver-aided path checker succeeded...
Applying path checker with solver...
Constructing solving program...
[LLMDFA] Z3 script unparseable after 3 tries; falling back to LLM path check (paper Sec 3.3)
Refining solving program...
Refining solving program...
Refining solving program...
Solver-aided path checker failed...
Applying path reachability check with LLM...
LLM-aided path checker succeeded...
Applying path checker with solver...
Constructing solving program...
[LLMDFA] Z3 script unparseable after 3 tries; falling back to LLM path check (paper Sec 3.3)
Refining solving program...
Refining solving program...
Refining solving program...
Solver-aided path checker failed...
Applying path reachability check with LLM...
LLM-aided path checker succeeded...
Applying path checker with solver...
Constructing solving program...
[LLMDFA] Z3 script unparseable after 3 tries; falling back to LLM path check (paper Sec 3.3)
Refining solving program...
Refining solving program...
Refining solving program...
Solver-aided path checker failed...
Applying path reachability check with LLM...
LLM-aided path checker succeeded...
Applying path checker with solver...
Constructing solving program...
[LLMDFA] Z3 script unparseable after 3 tries; falling back to LLM path check (paper Sec 3.3)
Refining solving program...
Refining solving program...
Refining solving program...
Solver-aided path checker failed...
Applying path reachability check with LLM...
LLM-aided path checker succeeded...
Applying path checker with solver...
Constructing solving program...
[LLMDFA] Z3 script unparseable after 3 tries; falling back to LLM path check (paper Sec 3.3)
Refining solving program...
Refining solving program...
Refining solving program...
Solver-aided path checker failed...
Applying path reachability check with LLM...
LLM-aided path checker succeeded...
Applying path checker with solver...
Constructing solving program...
[LLMDFA] Z3 script unparseable after 3 tries; falling back to LLM path check (paper Sec 3.3)
Refining solving program...
Refining solving program...
Refining solving program...
Solver-aided path checker failed...
Applying path reachability check with LLM...
LLM-aided path checker succeeded...
Applying path checker with solver...
Constructing solving program...
[LLMDFA] Z3 script unparseable after 3 tries; falling back to LLM path check (paper Sec 3.3)
Refining solving program...
Refining solving program...
Refining solving program...
Solver-aided path checker failed...
Applying path reachability check with LLM...
LLM-aided path checker succeeded...
finish validate
Reporting......
Report generated!

finish report
===================================================
448  /  666 

CWE80_XSS__CWE182_Servlet_getParameter_Servlet_53 

{'input_token_cost': 65522, 'output_token_cost': 13325, 'analysis_result': {'TPs': 1, 'FPs': 0}, 'ground_truth': {'TPs': 1, 'FPs': 1}, 'single time cost': 198.81227278709412} 

===================================================


Start to analyze the case  449 out of  666
/scratch/local/w.nimit/2292/LLMDFA/benchmark/juliet-test-suite-XSS_simplified/CWE80_XSS/s01/CWE80_XSS__CWE182_Servlet_getParameter_Servlet_54.java
Analyzing......
Preprocessing...
processing finished
start to summarize...
Generating intra-procedural summaries...
Processing callees...
Preprocessing...
processing finished
start to summarize...
Generating intra-procedural summaries...
Processing callees...
Preprocessing...
processing finished
start to summarize...
Generating intra-procedural summaries...
Processing callees...
Preprocessing...
processing finished
start to summarize...
Generating intra-procedural summaries...
Processing callees...
Preprocessing...
processing finished
start to summarize...
Generating intra-procedural summaries...
Processing callees...
Preprocessing...
processing finished
start to summarize...
Generating intra-procedural summaries...
Processing callees...
Preprocessing...
processing finished
start to summarize...
Generating intra-procedural summaries...
Processing callees...
Preprocessing...
processing finished
start to summarize...
Generating intra-procedural summaries...
Processing callees...
Preprocessing...
processing finished
start to summarize...
Generating intra-procedural summaries...
Processing callees...
Preprocessing...
processing finished
start to summarize...
Generating intra-procedural summaries...
Processing callees...
Preprocessing...
processing finished
start to summarize...
Generating intra-procedural summaries...
Processing callees...
Validating......
Applying path checker with solver...
Constructing solving program...
Solver-aided path checker succeeded...
Applying path checker with solver...
Constructing solving program...
Solver-aided path checker succeeded...
Applying path checker with solver...
Constructing solving program...
Solver-aided path checker succeeded...
Applying path checker with solver...
Constructing solving program...
Solver-aided path checker succeeded...
Applying path checker with solver...
Constructing solving program...
Solver-aided path checker succeeded...
Applying path checker with solver...
Constructing solving program...
Solver-aided path checker succeeded...
Applying path checker with solver...
Constructing solving program...
Solver-aided path checker succeeded...
Applying path checker with solver...
Constructing solving program...
Solver-aided path checker succeeded...
Applying path checker with solver...
Constructing solving program...
Solver-aided path checker succeeded...
finish validate
Reporting......
Report generated!

finish report
===================================================
449  /  666 

CWE80_XSS__CWE182_Servlet_getParameter_Servlet_54 

{'input_token_cost': 41668, 'output_token_cost': 5661, 'analysis_result': {'TPs': 1, 'FPs': 0}, 'ground_truth': {'TPs': 1, 'FPs': 1}, 'single time cost': 85.42647695541382} 

===================================================


Start to analyze the case  450 out of  666
/scratch/local/w.nimit/2292/LLMDFA/benchmark/juliet-test-suite-XSS_simplified/CWE80_XSS/s01/CWE80_XSS__CWE182_Servlet_getParameter_Servlet_61.java
Analyzing......
Preprocessing...
processing finished
start to summarize...
Generating intra-procedural summaries...
Processing callees...
Preprocessing...
processing finished
start to summarize...
Generating intra-procedural summaries...
Processing callees...
Preprocessing...
processing finished
start to summarize...
Generating intra-procedural summaries...
Processing callees...
Preprocessing...
processing finished
start to summarize...
Generating intra-procedural summaries...
Processing callees...
Preprocessing...
processing finished
start to summarize...
Generating intra-procedural summaries...
Processing callees...
Validating......
Applying path checker with solver...
Constructing solving program...
Solver-aided path checker succeeded...
Applying path checker with solver...
Constructing solving program...
Solver-aided path checker succeeded...
Applying path checker with solver...
Constructing solving program...
Solver-aided path checker succeeded...
finish validate
Reporting......
Report generated!

finish report
===================================================
450  /  666 

CWE80_XSS__CWE182_Servlet_getParameter_Servlet_61 

{'input_token_cost': 11825, 'output_token_cost': 1223, 'analysis_result': {'TPs': 2, 'FPs': 1}, 'ground_truth': {'TPs': 1, 'FPs': 1}, 'single time cost': 18.646735429763794} 

===================================================


Start to analyze the case  451 out of  666
/scratch/local/w.nimit/2292/LLMDFA/benchmark/juliet-test-suite-XSS_simplified/CWE80_XSS/s01/CWE80_XSS__CWE182_Servlet_getParameter_Servlet_66.java
Analyzing......
Preprocessing...
processing finished
start to summarize...
Generating intra-procedural summaries...
Processing callees...
Preprocessing...
processing finished
start to summarize...
Generating intra-procedural summaries...
Processing callees...
Preprocessing...
processing finished
start to summarize...
Generating intra-procedural summaries...
Processing callees...
Preprocessing...
processing finished
start to summarize...
Generating intra-procedural summaries...
Processing callees...
Preprocessing...
processing finished
start to summarize...
Generating intra-procedural summaries...
Processing callees...
Validating......
Applying path checker with solver...
Constructing solving program...
Solver-aided path checker succeeded...
Applying path checker with solver...
Constructing solving program...
Solver-aided path checker succeeded...
finish validate
Reporting......
Report generated!

finish report
===================================================
451  /  666 

CWE80_XSS__CWE182_Servlet_getParameter_Servlet_66 

{'input_token_cost': 8058, 'output_token_cost': 996, 'analysis_result': {'TPs': 1, 'FPs': 0}, 'ground_truth': {'TPs': 1, 'FPs': 1}, 'single time cost': 15.108775615692139} 

===================================================


Start to analyze the case  452 out of  666
/scratch/local/w.nimit/2292/LLMDFA/benchmark/juliet-test-suite-XSS_simplified/CWE80_XSS/s01/CWE80_XSS__CWE182_Servlet_getParameter_Servlet_67.java
Analyzing......
Preprocessing...
processing finished
start to summarize...
Generating intra-procedural summaries...
Processing callees...
Preprocessing...
processing finished
start to summarize...
Generating intra-procedural summaries...
Processing callees...
Preprocessing...
processing finished
start to summarize...
Generating intra-procedural summaries...
Processing callees...
Preprocessing...
processing finished
start to summarize...
Generating intra-procedural summaries...
Processing callees...
Preprocessing...
processing finished
start to summarize...
Generating intra-procedural summaries...
Processing callees...
Validating......
Applying path checker with solver...
Constructing solving program...
Solver-aided path checker succeeded...
Applying path checker with solver...
Constructing solving program...
Solver-aided path checker succeeded...
finish validate
Reporting......
Report generated!

finish report
===================================================
452  /  666 

CWE80_XSS__CWE182_Servlet_getParameter_Servlet_67 

{'input_token_cost': 8112, 'output_token_cost': 1010, 'analysis_result': {'TPs': 1, 'FPs': 0}, 'ground_truth': {'TPs': 1, 'FPs': 1}, 'single time cost': 15.321433067321777} 

===================================================


Start to analyze the case  453 out of  666
/scratch/local/w.nimit/2292/LLMDFA/benchmark/juliet-test-suite-XSS_simplified/CWE80_XSS/s01/CWE80_XSS__CWE182_Servlet_getParameter_Servlet_68.java
Analyzing......
Preprocessing...
processing finished
start to summarize...
Generating intra-procedural summaries...
Processing callees...
Preprocessing...
processing finished
start to summarize...
Generating intra-procedural summaries...
Processing callees...
Preprocessing...
processing finished
start to summarize...
Generating intra-procedural summaries...
Processing callees...
Preprocessing...
processing finished
start to summarize...
Generating intra-procedural summaries...
Processing callees...
Preprocessing...
processing finished
start to summarize...
Generating intra-procedural summaries...
Processing callees...
Validating......
Applying path checker with solver...
Constructing solving program...
Solver-aided path checker succeeded...
Applying path checker with solver...
Constructing solving program...
Solver-aided path checker succeeded...
finish validate
Reporting......
Report generated!

finish report
===================================================
453  /  666 

CWE80_XSS__CWE182_Servlet_getParameter_Servlet_68 

{'input_token_cost': 9392, 'output_token_cost': 1240, 'analysis_result': {'TPs': 1, 'FPs': 1}, 'ground_truth': {'TPs': 1, 'FPs': 1}, 'single time cost': 18.77683186531067} 

===================================================


Start to analyze the case  454 out of  666
/scratch/local/w.nimit/2292/LLMDFA/benchmark/juliet-test-suite-XSS_simplified/CWE80_XSS/s01/CWE80_XSS__CWE182_Servlet_getParameter_Servlet_71.java
Analyzing......
Preprocessing...
processing finished
start to summarize...
Generating intra-procedural summaries...
Processing callees...
Preprocessing...
processing finished
start to summarize...
Generating intra-procedural summaries...
Processing callees...
Preprocessing...
processing finished
start to summarize...
Generating intra-procedural summaries...
Processing callees...
Preprocessing...
processing finished
start to summarize...
Generating intra-procedural summaries...
Processing callees...
Preprocessing...
processing finished
start to summarize...
Generating intra-procedural summaries...
Processing callees...
Validating......
Applying path checker with solver...
Constructing solving program...
Solver-aided path checker succeeded...
finish validate
Reporting......
Report generated!

finish report
===================================================
454  /  666 

CWE80_XSS__CWE182_Servlet_getParameter_Servlet_71 

{'input_token_cost': 3957, 'output_token_cost': 561, 'analysis_result': {'TPs': 1, 'FPs': 0}, 'ground_truth': {'TPs': 1, 'FPs': 1}, 'single time cost': 8.505067586898804} 

===================================================


Start to analyze the case  455 out of  666
/scratch/local/w.nimit/2292/LLMDFA/benchmark/juliet-test-suite-XSS_simplified/CWE80_XSS/s01/CWE80_XSS__CWE182_Servlet_getParameter_Servlet_72.java
Analyzing......
Preprocessing...
processing finished
start to summarize...
Generating intra-procedural summaries...
Processing callees...
Preprocessing...
processing finished
start to summarize...
Generating intra-procedural summaries...
Processing callees...
Preprocessing...
processing finished
start to summarize...
Generating intra-procedural summaries...
Processing callees...
Preprocessing...
processing finished
start to summarize...
Generating intra-procedural summaries...
Processing callees...
Preprocessing...
processing finished
start to summarize...
Generating intra-procedural summaries...
Processing callees...
Validating......
Applying path checker with solver...
Constructing solving program...
Solver-aided path checker succeeded...
finish validate
Reporting......
Report generated!

finish report
===================================================
455  /  666 

CWE80_XSS__CWE182_Servlet_getParameter_Servlet_72 

{'input_token_cost': 6431, 'output_token_cost': 738, 'analysis_result': {'TPs': 1, 'FPs': 0}, 'ground_truth': {'TPs': 1, 'FPs': 1}, 'single time cost': 11.202614545822144} 

===================================================


Start to analyze the case  456 out of  666
/scratch/local/w.nimit/2292/LLMDFA/benchmark/juliet-test-suite-XSS_simplified/CWE80_XSS/s01/CWE80_XSS__CWE182_Servlet_getParameter_Servlet_73.java
Analyzing......
Preprocessing...
processing finished
start to summarize...
Generating intra-procedural summaries...
Processing callees...
Preprocessing...
processing finished
start to summarize...
Generating intra-procedural summaries...
Processing callees...
Preprocessing...
processing finished
start to summarize...
Generating intra-procedural summaries...
Processing callees...
Preprocessing...
processing finished
start to summarize...
Generating intra-procedural summaries...
Processing callees...
Preprocessing...
processing finished
start to summarize...
Generating intra-procedural summaries...
Processing callees...
Validating......
Applying path checker with solver...
Constructing solving program...
Solver-aided path checker succeeded...
Applying path checker with solver...
Constructing solving program...
Solver-aided path checker succeeded...
finish validate
Reporting......
Report generated!

finish report
===================================================
456  /  666 

CWE80_XSS__CWE182_Servlet_getParameter_Servlet_73 

{'input_token_cost': 6990, 'output_token_cost': 923, 'analysis_result': {'TPs': 1, 'FPs': 0}, 'ground_truth': {'TPs': 1, 'FPs': 1}, 'single time cost': 14.03992509841919} 

===================================================


Start to analyze the case  457 out of  666
/scratch/local/w.nimit/2292/LLMDFA/benchmark/juliet-test-suite-XSS_simplified/CWE80_XSS/s01/CWE80_XSS__CWE182_Servlet_getParameter_Servlet_74.java
Analyzing......
Preprocessing...
processing finished
start to summarize...
Generating intra-procedural summaries...
Processing callees...
Preprocessing...
processing finished
start to summarize...
Generating intra-procedural summaries...
Processing callees...
Preprocessing...
processing finished
start to summarize...
Generating intra-procedural summaries...
Processing callees...
Preprocessing...
processing finished
start to summarize...
Generating intra-procedural summaries...
Processing callees...
Preprocessing...
processing finished
start to summarize...
Generating intra-procedural summaries...
Processing callees...
Validating......
Applying path checker with solver...
Constructing solving program...
Solver-aided path checker succeeded...
Applying path checker with solver...
Constructing solving program...
Solver-aided path checker succeeded...
finish validate
Reporting......
Report generated!

finish report
===================================================
457  /  666 

CWE80_XSS__CWE182_Servlet_getParameter_Servlet_74 

{'input_token_cost': 7571, 'output_token_cost': 973, 'analysis_result': {'TPs': 1, 'FPs': 0}, 'ground_truth': {'TPs': 1, 'FPs': 1}, 'single time cost': 14.799299478530884} 

===================================================


Start to analyze the case  458 out of  666
/scratch/local/w.nimit/2292/LLMDFA/benchmark/juliet-test-suite-XSS_simplified/CWE80_XSS/s01/CWE80_XSS__CWE182_Servlet_getParameter_Servlet_75.java
Analyzing......
Preprocessing...
processing finished
start to summarize...
Generating intra-procedural summaries...
Processing callees...
Preprocessing...
processing finished
start to summarize...
Generating intra-procedural summaries...
Processing callees...
Preprocessing...
processing finished
start to summarize...
Generating intra-procedural summaries...
Processing callees...
Preprocessing...
processing finished
start to summarize...
Generating intra-procedural summaries...
Processing callees...
Preprocessing...
processing finished
start to summarize...
Generating intra-procedural summaries...
Processing callees...
Validating......
Applying path checker with solver...
Constructing solving program...
Solver-aided path checker succeeded...
Applying path checker with solver...
Constructing solving program...
Solver-aided path checker succeeded...
finish validate
Reporting......
Report generated!

finish report
===================================================
458  /  666 

CWE80_XSS__CWE182_Servlet_getParameter_Servlet_75 

{'input_token_cost': 10358, 'output_token_cost': 1039, 'analysis_result': {'TPs': 1, 'FPs': 0}, 'ground_truth': {'TPs': 1, 'FPs': 1}, 'single time cost': 15.906641960144043} 

===================================================


Start to analyze the case  459 out of  666
/scratch/local/w.nimit/2292/LLMDFA/benchmark/juliet-test-suite-XSS_simplified/CWE80_XSS/s01/CWE80_XSS__CWE182_Servlet_getParameter_Servlet_81.java
Analyzing......
Preprocessing...
processing finished
start to summarize...
Generating intra-procedural summaries...
Processing callees...
Preprocessing...
processing finished
start to summarize...
Generating intra-procedural summaries...
Processing callees...
Preprocessing...
processing finished
start to summarize...
Generating intra-procedural summaries...
Processing callees...
Preprocessing...
processing finished
start to summarize...
Generating intra-procedural summaries...
Processing callees...
Preprocessing...
processing finished
start to summarize...
Generating intra-procedural summaries...
Processing callees...
Validating......
Applying path checker with solver...
Constructing solving program...
Solver-aided path checker succeeded...
finish validate
Reporting......
Report generated!

finish report
===================================================
459  /  666 

CWE80_XSS__CWE182_Servlet_getParameter_Servlet_81 

{'input_token_cost': 7344, 'output_token_cost': 920, 'analysis_result': {'TPs': 1, 'FPs': 0}, 'ground_truth': {'TPs': 1, 'FPs': 1}, 'single time cost': 13.90464997291565} 

===================================================


Start to analyze the case  460 out of  666
/scratch/local/w.nimit/2292/LLMDFA/benchmark/juliet-test-suite-XSS_simplified/CWE80_XSS/s01/CWE80_XSS__CWE182_Servlet_getQueryString_Servlet_22.java
Analyzing......
Preprocessing...
processing finished
start to summarize...
Generating intra-procedural summaries...
Processing callees...
Preprocessing...
processing finished
start to summarize...
Generating intra-procedural summaries...
Processing callees...
Preprocessing...
processing finished
start to summarize...
Generating intra-procedural summaries...
Processing callees...
Preprocessing...
processing finished
start to summarize...
Generating intra-procedural summaries...
Processing callees...
Preprocessing...
processing finished
start to summarize...
Generating intra-procedural summaries...
Processing callees...
Preprocessing...
processing finished
start to summarize...
Generating intra-procedural summaries...
Processing callees...
Preprocessing...
processing finished
start to summarize...
Generating intra-procedural summaries...
Processing callees...
Validating......
Applying path checker with solver...
Constructing solving program...
Constructing solving program...
Solver-aided path checker succeeded...
finish validate
Reporting......
Report generated!

finish report
===================================================
460  /  666 

CWE80_XSS__CWE182_Servlet_getQueryString_Servlet_22 

{'input_token_cost': 17078, 'output_token_cost': 1634, 'analysis_result': {'TPs': 0, 'FPs': 0}, 'ground_truth': {'TPs': 1, 'FPs': 2}, 'single time cost': 24.91564702987671} 

===================================================


Start to analyze the case  461 out of  666
/scratch/local/w.nimit/2292/LLMDFA/benchmark/juliet-test-suite-XSS_simplified/CWE80_XSS/s01/CWE80_XSS__CWE182_Servlet_getQueryString_Servlet_51.java
Analyzing......
Preprocessing...
processing finished
start to summarize...
Generating intra-procedural summaries...
Processing callees...
Preprocessing...
processing finished
start to summarize...
Generating intra-procedural summaries...
Processing callees...
Preprocessing...
processing finished
start to summarize...
Generating intra-procedural summaries...
Processing callees...
Preprocessing...
processing finished
start to summarize...
Generating intra-procedural summaries...
Processing callees...
Preprocessing...
processing finished
start to summarize...
Generating intra-procedural summaries...
Processing callees...
Validating......
Applying path checker with solver...
Constructing solving program...
Solver-aided path checker succeeded...
finish validate
Reporting......
Report generated!

finish report
===================================================
461  /  666 

CWE80_XSS__CWE182_Servlet_getQueryString_Servlet_51 

{'input_token_cost': 6571, 'output_token_cost': 696, 'analysis_result': {'TPs': 1, 'FPs': 0}, 'ground_truth': {'TPs': 1, 'FPs': 1}, 'single time cost': 10.614816665649414} 

===================================================


Start to analyze the case  462 out of  666
/scratch/local/w.nimit/2292/LLMDFA/benchmark/juliet-test-suite-XSS_simplified/CWE80_XSS/s01/CWE80_XSS__CWE182_Servlet_getQueryString_Servlet_52.java
Analyzing......
Preprocessing...
processing finished
start to summarize...
Generating intra-procedural summaries...
Processing callees...
Preprocessing...
processing finished
start to summarize...
Generating intra-procedural summaries...
Processing callees...
Preprocessing...
processing finished
start to summarize...
Generating intra-procedural summaries...
Processing callees...
Preprocessing...
processing finished
start to summarize...
Generating intra-procedural summaries...
Processing callees...
Preprocessing...
processing finished
start to summarize...
Generating intra-procedural summaries...
Processing callees...
Preprocessing...
processing finished
start to summarize...
Generating intra-procedural summaries...
Processing callees...
Preprocessing...
processing finished
start to summarize...
Generating intra-procedural summaries...
Processing callees...
Validating......
Applying path checker with solver...
Constructing solving program...
Solver-aided path checker succeeded...
Applying path checker with solver...
Constructing solving program...
Solver-aided path checker succeeded...
Applying path checker with solver...
Constructing solving program...
Solver-aided path checker succeeded...
finish validate
Reporting......
Report generated!

finish report
===================================================
462  /  666 

CWE80_XSS__CWE182_Servlet_getQueryString_Servlet_52 

{'input_token_cost': 14335, 'output_token_cost': 1856, 'analysis_result': {'TPs': 1, 'FPs': 0}, 'ground_truth': {'TPs': 1, 'FPs': 1}, 'single time cost': 28.040027379989624} 

===================================================


Start to analyze the case  463 out of  666
/scratch/local/w.nimit/2292/LLMDFA/benchmark/juliet-test-suite-XSS_simplified/CWE80_XSS/s01/CWE80_XSS__CWE182_Servlet_getQueryString_Servlet_53.java
Analyzing......
Preprocessing...
processing finished
start to summarize...
Generating intra-procedural summaries...
Processing callees...
Preprocessing...
processing finished
start to summarize...
Generating intra-procedural summaries...
Processing callees...
Preprocessing...
processing finished
start to summarize...
Generating intra-procedural summaries...
Processing callees...
Preprocessing...
processing finished
start to summarize...
Generating intra-procedural summaries...
Processing callees...
Preprocessing...
processing finished
start to summarize...
Generating intra-procedural summaries...
Processing callees...
Preprocessing...
processing finished
start to summarize...
Generating intra-procedural summaries...
Processing callees...
Preprocessing...
processing finished
start to summarize...
Generating intra-procedural summaries...
Processing callees...
Preprocessing...
processing finished
start to summarize...
Generating intra-procedural summaries...
Processing callees...
Preprocessing...
processing finished
start to summarize...
Generating intra-procedural summaries...
Processing callees...
Validating......
Applying path checker with solver...
Constructing solving program...
Solver-aided path checker succeeded...
finish validate
Reporting......
Report generated!

finish report
===================================================
463  /  666 

CWE80_XSS__CWE182_Servlet_getQueryString_Servlet_53 

{'input_token_cost': 19835, 'output_token_cost': 2209, 'analysis_result': {'TPs': 1, 'FPs': 0}, 'ground_truth': {'TPs': 1, 'FPs': 1}, 'single time cost': 33.18327522277832} 

===================================================


Start to analyze the case  464 out of  666
/scratch/local/w.nimit/2292/LLMDFA/benchmark/juliet-test-suite-XSS_simplified/CWE80_XSS/s01/CWE80_XSS__CWE182_Servlet_getQueryString_Servlet_54.java
Analyzing......
Preprocessing...
processing finished
start to summarize...
Generating intra-procedural summaries...
Processing callees...
Preprocessing...
processing finished
start to summarize...
Generating intra-procedural summaries...
Processing callees...
Preprocessing...
processing finished
start to summarize...
Generating intra-procedural summaries...
Processing callees...
Preprocessing...
processing finished
start to summarize...
Generating intra-procedural summaries...
Processing callees...
Preprocessing...
processing finished
start to summarize...
Generating intra-procedural summaries...
Processing callees...
Preprocessing...
processing finished
start to summarize...
Generating intra-procedural summaries...
Processing callees...
Preprocessing...
processing finished
start to summarize...
Generating intra-procedural summaries...
Processing callees...
Preprocessing...
processing finished
start to summarize...
Generating intra-procedural summaries...
Processing callees...
Preprocessing...
processing finished
start to summarize...
Generating intra-procedural summaries...
Processing callees...
Preprocessing...
processing finished
start to summarize...
Generating intra-procedural summaries...
Processing callees...
Preprocessing...
processing finished
start to summarize...
Generating intra-procedural summaries...
Processing callees...
Validating......
Applying path checker with solver...
Constructing solving program...
Solver-aided path checker succeeded...
finish validate
Reporting......
Report generated!

finish report
===================================================
464  /  666 

CWE80_XSS__CWE182_Servlet_getQueryString_Servlet_54 

{'input_token_cost': 34821, 'output_token_cost': 4185, 'analysis_result': {'TPs': 1, 'FPs': 0}, 'ground_truth': {'TPs': 1, 'FPs': 1}, 'single time cost': 62.63617134094238} 

===================================================


Start to analyze the case  465 out of  666
/scratch/local/w.nimit/2292/LLMDFA/benchmark/juliet-test-suite-XSS_simplified/CWE80_XSS/s01/CWE80_XSS__CWE182_Servlet_getQueryString_Servlet_61.java
Analyzing......
Preprocessing...
processing finished
start to summarize...
Generating intra-procedural summaries...
Processing callees...
Preprocessing...
processing finished
start to summarize...
Generating intra-procedural summaries...
Processing callees...
Preprocessing...
processing finished
start to summarize...
Generating intra-procedural summaries...
Processing callees...
Preprocessing...
processing finished
start to summarize...
Generating intra-procedural summaries...
Processing callees...
Preprocessing...
processing finished
start to summarize...
Generating intra-procedural summaries...
Processing callees...
Validating......
Applying path checker with solver...
Constructing solving program...
Solver-aided path checker succeeded...
finish validate
Reporting......
Report generated!

finish report
===================================================
465  /  666 

CWE80_XSS__CWE182_Servlet_getQueryString_Servlet_61 

{'input_token_cost': 8726, 'output_token_cost': 918, 'analysis_result': {'TPs': 1, 'FPs': 0}, 'ground_truth': {'TPs': 1, 'FPs': 1}, 'single time cost': 13.893046379089355} 

===================================================


Start to analyze the case  466 out of  666
/scratch/local/w.nimit/2292/LLMDFA/benchmark/juliet-test-suite-XSS_simplified/CWE80_XSS/s01/CWE80_XSS__CWE182_Servlet_getQueryString_Servlet_66.java
Analyzing......
Preprocessing...
processing finished
start to summarize...
Generating intra-procedural summaries...
Processing callees...
Preprocessing...
processing finished
start to summarize...
Generating intra-procedural summaries...
Processing callees...
Preprocessing...
processing finished
start to summarize...
Generating intra-procedural summaries...
Processing callees...
Preprocessing...
processing finished
start to summarize...
Generating intra-procedural summaries...
Processing callees...
Preprocessing...
processing finished
start to summarize...
Generating intra-procedural summaries...
Processing callees...
Validating......
Applying path checker with solver...
Constructing solving program...
Solver-aided path checker succeeded...
finish validate
Reporting......
Report generated!

finish report
===================================================
466  /  666 

CWE80_XSS__CWE182_Servlet_getQueryString_Servlet_66 

{'input_token_cost': 7860, 'output_token_cost': 867, 'analysis_result': {'TPs': 1, 'FPs': 0}, 'ground_truth': {'TPs': 1, 'FPs': 1}, 'single time cost': 13.110227823257446} 

===================================================


Start to analyze the case  467 out of  666
/scratch/local/w.nimit/2292/LLMDFA/benchmark/juliet-test-suite-XSS_simplified/CWE80_XSS/s01/CWE80_XSS__CWE182_Servlet_getQueryString_Servlet_67.java
Analyzing......
Preprocessing...
processing finished
start to summarize...
Generating intra-procedural summaries...
Processing callees...
Preprocessing...
processing finished
start to summarize...
Generating intra-procedural summaries...
Processing callees...
Preprocessing...
processing finished
start to summarize...
Generating intra-procedural summaries...
Processing callees...
Preprocessing...
processing finished
start to summarize...
Generating intra-procedural summaries...
Processing callees...
Preprocessing...
processing finished
start to summarize...
Generating intra-procedural summaries...
Processing callees...
Validating......
Applying path checker with solver...
Constructing solving program...
Solver-aided path checker succeeded...
Applying path checker with solver...
Constructing solving program...
Solver-aided path checker succeeded...
finish validate
Reporting......
Report generated!

finish report
===================================================
467  /  666 

CWE80_XSS__CWE182_Servlet_getQueryString_Servlet_67 

{'input_token_cost': 8483, 'output_token_cost': 1121, 'analysis_result': {'TPs': 1, 'FPs': 0}, 'ground_truth': {'TPs': 1, 'FPs': 1}, 'single time cost': 16.981828212738037} 

===================================================


Start to analyze the case  468 out of  666
/scratch/local/w.nimit/2292/LLMDFA/benchmark/juliet-test-suite-XSS_simplified/CWE80_XSS/s01/CWE80_XSS__CWE182_Servlet_getQueryString_Servlet_68.java
Analyzing......
Preprocessing...
processing finished
start to summarize...
Generating intra-procedural summaries...
Processing callees...
Preprocessing...
processing finished
start to summarize...
Generating intra-procedural summaries...
Processing callees...
Preprocessing...
processing finished
start to summarize...
Generating intra-procedural summaries...
Processing callees...
Preprocessing...
processing finished
start to summarize...
Generating intra-procedural summaries...
Processing callees...
Preprocessing...
processing finished
start to summarize...
Generating intra-procedural summaries...
Processing callees...
Validating......
Applying path checker with solver...
Constructing solving program...
Solver-aided path checker succeeded...
Applying path checker with solver...
Constructing solving program...
Solver-aided path checker succeeded...
finish validate
Reporting......
Report generated!

finish report
===================================================
468  /  666 

CWE80_XSS__CWE182_Servlet_getQueryString_Servlet_68 

{'input_token_cost': 8610, 'output_token_cost': 1425, 'analysis_result': {'TPs': 1, 'FPs': 0}, 'ground_truth': {'TPs': 1, 'FPs': 1}, 'single time cost': 21.46932101249695} 

===================================================


Start to analyze the case  469 out of  666
/scratch/local/w.nimit/2292/LLMDFA/benchmark/juliet-test-suite-XSS_simplified/CWE80_XSS/s01/CWE80_XSS__CWE182_Servlet_getQueryString_Servlet_71.java
Analyzing......
Preprocessing...
processing finished
start to summarize...
Generating intra-procedural summaries...
Processing callees...
Preprocessing...
processing finished
start to summarize...
Generating intra-procedural summaries...
Processing callees...
Preprocessing...
processing finished
start to summarize...
Generating intra-procedural summaries...
Processing callees...
Preprocessing...
processing finished
start to summarize...
Generating intra-procedural summaries...
Processing callees...
Preprocessing...
processing finished
start to summarize...
Generating intra-procedural summaries...
Processing callees...
Validating......
finish validate
Reporting......
Report generated!

finish report
===================================================
469  /  666 

CWE80_XSS__CWE182_Servlet_getQueryString_Servlet_71 

{'input_token_cost': 2466, 'output_token_cost': 461, 'analysis_result': {'TPs': 0, 'FPs': 0}, 'ground_truth': {'TPs': 1, 'FPs': 1}, 'single time cost': 6.837097644805908} 

===================================================


Start to analyze the case  470 out of  666
/scratch/local/w.nimit/2292/LLMDFA/benchmark/juliet-test-suite-XSS_simplified/CWE80_XSS/s01/CWE80_XSS__CWE182_Servlet_getQueryString_Servlet_72.java
Analyzing......
Preprocessing...
processing finished
start to summarize...
Generating intra-procedural summaries...
Processing callees...
Preprocessing...
processing finished
start to summarize...
Generating intra-procedural summaries...
Processing callees...
Preprocessing...
processing finished
start to summarize...
Generating intra-procedural summaries...
Processing callees...
Preprocessing...
processing finished
start to summarize...
Generating intra-procedural summaries...
Processing callees...
Preprocessing...
processing finished
start to summarize...
Generating intra-procedural summaries...
Processing callees...
Validating......
Applying path checker with solver...
Constructing solving program...
Solver-aided path checker succeeded...
finish validate
Reporting......
Report generated!

finish report
===================================================
470  /  666 

CWE80_XSS__CWE182_Servlet_getQueryString_Servlet_72 

{'input_token_cost': 5623, 'output_token_cost': 762, 'analysis_result': {'TPs': 1, 'FPs': 0}, 'ground_truth': {'TPs': 1, 'FPs': 1}, 'single time cost': 11.517711400985718} 

===================================================


Start to analyze the case  471 out of  666
/scratch/local/w.nimit/2292/LLMDFA/benchmark/juliet-test-suite-XSS_simplified/CWE80_XSS/s01/CWE80_XSS__CWE182_Servlet_getQueryString_Servlet_73.java
Analyzing......
Preprocessing...
processing finished
start to summarize...
Generating intra-procedural summaries...
Processing callees...
Preprocessing...
processing finished
start to summarize...
Generating intra-procedural summaries...
Processing callees...
Preprocessing...
processing finished
start to summarize...
Generating intra-procedural summaries...
Processing callees...
Preprocessing...
processing finished
start to summarize...
Generating intra-procedural summaries...
Processing callees...
Preprocessing...
processing finished
start to summarize...
Generating intra-procedural summaries...
Processing callees...
Validating......
Applying path checker with solver...
Constructing solving program...
Solver-aided path checker succeeded...
Applying path checker with solver...
Constructing solving program...
Solver-aided path checker succeeded...
finish validate
Reporting......
Report generated!

finish report
===================================================
471  /  666 

CWE80_XSS__CWE182_Servlet_getQueryString_Servlet_73 

{'input_token_cost': 7357, 'output_token_cost': 1033, 'analysis_result': {'TPs': 1, 'FPs': 0}, 'ground_truth': {'TPs': 1, 'FPs': 1}, 'single time cost': 15.65439510345459} 

===================================================


Start to analyze the case  472 out of  666
/scratch/local/w.nimit/2292/LLMDFA/benchmark/juliet-test-suite-XSS_simplified/CWE80_XSS/s01/CWE80_XSS__CWE182_Servlet_getQueryString_Servlet_74.java
Analyzing......
Preprocessing...
processing finished
start to summarize...
Generating intra-procedural summaries...
Processing callees...
Preprocessing...
processing finished
start to summarize...
Generating intra-procedural summaries...
Processing callees...
Preprocessing...
processing finished
start to summarize...
Generating intra-procedural summaries...
Processing callees...
Preprocessing...
processing finished
start to summarize...
Generating intra-procedural summaries...
Processing callees...
Preprocessing...
processing finished
start to summarize...
Generating intra-procedural summaries...
Processing callees...
Validating......
Applying path checker with solver...
Constructing solving program...
Solver-aided path checker succeeded...
Applying path checker with solver...
Constructing solving program...
Solver-aided path checker succeeded...
finish validate
Reporting......
Report generated!

finish report
===================================================
472  /  666 

CWE80_XSS__CWE182_Servlet_getQueryString_Servlet_74 

{'input_token_cost': 7373, 'output_token_cost': 972, 'analysis_result': {'TPs': 1, 'FPs': 0}, 'ground_truth': {'TPs': 1, 'FPs': 1}, 'single time cost': 14.750733375549316} 

===================================================


Start to analyze the case  473 out of  666
/scratch/local/w.nimit/2292/LLMDFA/benchmark/juliet-test-suite-XSS_simplified/CWE80_XSS/s01/CWE80_XSS__CWE182_Servlet_getQueryString_Servlet_75.java
Analyzing......
Preprocessing...
processing finished
start to summarize...
Generating intra-procedural summaries...
Processing callees...
Preprocessing...
processing finished
start to summarize...
Generating intra-procedural summaries...
Processing callees...
Preprocessing...
processing finished
start to summarize...
Generating intra-procedural summaries...
Processing callees...
Preprocessing...
processing finished
start to summarize...
Generating intra-procedural summaries...
Processing callees...
Preprocessing...
processing finished
start to summarize...
Generating intra-procedural summaries...
Processing callees...
Validating......
Applying path checker with solver...
Constructing solving program...
Solver-aided path checker succeeded...
finish validate
Reporting......
Report generated!

finish report
===================================================
473  /  666 

CWE80_XSS__CWE182_Servlet_getQueryString_Servlet_75 

{'input_token_cost': 8578, 'output_token_cost': 832, 'analysis_result': {'TPs': 1, 'FPs': 0}, 'ground_truth': {'TPs': 1, 'FPs': 1}, 'single time cost': 12.704344034194946} 

===================================================


Start to analyze the case  474 out of  666
/scratch/local/w.nimit/2292/LLMDFA/benchmark/juliet-test-suite-XSS_simplified/CWE80_XSS/s01/CWE80_XSS__CWE182_Servlet_getQueryString_Servlet_81.java
Analyzing......
Preprocessing...
processing finished
start to summarize...
Generating intra-procedural summaries...
Processing callees...
Preprocessing...
processing finished
start to summarize...
Generating intra-procedural summaries...
Processing callees...
Preprocessing...
processing finished
start to summarize...
Generating intra-procedural summaries...
Processing callees...
Preprocessing...
processing finished
start to summarize...
Generating intra-procedural summaries...
Processing callees...
Preprocessing...
processing finished
start to summarize...
Generating intra-procedural summaries...
Processing callees...
Validating......
Applying path checker with solver...
Constructing solving program...
Solver-aided path checker succeeded...
finish validate
Reporting......
Report generated!

finish report
===================================================
474  /  666 

CWE80_XSS__CWE182_Servlet_getQueryString_Servlet_81 

{'input_token_cost': 6559, 'output_token_cost': 904, 'analysis_result': {'TPs': 1, 'FPs': 0}, 'ground_truth': {'TPs': 1, 'FPs': 1}, 'single time cost': 13.621186971664429} 

===================================================


Start to analyze the case  475 out of  666
/scratch/local/w.nimit/2292/LLMDFA/benchmark/juliet-test-suite-XSS_simplified/CWE80_XSS/s01/CWE80_XSS__CWE182_Servlet_listen_tcp_22.java
Analyzing......
Preprocessing...
processing finished
start to summarize...
Generating intra-procedural summaries...
Processing callees...
Preprocessing...
processing finished
start to summarize...
Generating intra-procedural summaries...
Processing callees...
Preprocessing...
processing finished
start to summarize...
Generating intra-procedural summaries...
Processing callees...
Preprocessing...
processing finished
start to summarize...
Generating intra-procedural summaries...
Processing callees...
Preprocessing...
processing finished
start to summarize...
Generating intra-procedural summaries...
Processing callees...
Preprocessing...
processing finished
start to summarize...
Generating intra-procedural summaries...
Processing callees...
Preprocessing...
processing finished
start to summarize...
Generating intra-procedural summaries...
Processing callees...
Validating......
Applying path checker with solver...
Constructing solving program...
Constructing solving program...
Solver-aided path checker succeeded...
finish validate
Reporting......
Report generated!

finish report
===================================================
475  /  666 

CWE80_XSS__CWE182_Servlet_listen_tcp_22 

{'input_token_cost': 18579, 'output_token_cost': 1646, 'analysis_result': {'TPs': 0, 'FPs': 0}, 'ground_truth': {'TPs': 1, 'FPs': 2}, 'single time cost': 25.12086248397827} 

===================================================


Start to analyze the case  476 out of  666
/scratch/local/w.nimit/2292/LLMDFA/benchmark/juliet-test-suite-XSS_simplified/CWE80_XSS/s01/CWE80_XSS__CWE182_Servlet_listen_tcp_51.java
Analyzing......
Preprocessing...
processing finished
start to summarize...
Generating intra-procedural summaries...
Processing callees...
Preprocessing...
processing finished
start to summarize...
Generating intra-procedural summaries...
Processing callees...
Preprocessing...
processing finished
start to summarize...
Generating intra-procedural summaries...
Processing callees...
Preprocessing...
processing finished
start to summarize...
Generating intra-procedural summaries...
Processing callees...
Preprocessing...
processing finished
start to summarize...
Generating intra-procedural summaries...
Processing callees...
Validating......
Applying path checker with solver...
Constructing solving program...
Solver-aided path checker succeeded...
finish validate
Reporting......
Report generated!

finish report
===================================================
476  /  666 

CWE80_XSS__CWE182_Servlet_listen_tcp_51 

{'input_token_cost': 7040, 'output_token_cost': 798, 'analysis_result': {'TPs': 1, 'FPs': 0}, 'ground_truth': {'TPs': 1, 'FPs': 1}, 'single time cost': 12.15604567527771} 

===================================================


Start to analyze the case  477 out of  666
/scratch/local/w.nimit/2292/LLMDFA/benchmark/juliet-test-suite-XSS_simplified/CWE80_XSS/s01/CWE80_XSS__CWE182_Servlet_listen_tcp_52.java
Analyzing......
Preprocessing...
processing finished
start to summarize...
Generating intra-procedural summaries...
Processing callees...
Preprocessing...
processing finished
start to summarize...
Generating intra-procedural summaries...
Processing callees...
Preprocessing...
processing finished
start to summarize...
Generating intra-procedural summaries...
Processing callees...
Preprocessing...
processing finished
start to summarize...
Generating intra-procedural summaries...
Processing callees...
Preprocessing...
processing finished
start to summarize...
Generating intra-procedural summaries...
Processing callees...
Preprocessing...
processing finished
start to summarize...
Generating intra-procedural summaries...
Processing callees...
Preprocessing...
processing finished
start to summarize...
Generating intra-procedural summaries...
Processing callees...
Validating......
Applying path checker with solver...
Constructing solving program...
Solver-aided path checker succeeded...
finish validate
Reporting......
Report generated!

finish report
===================================================
477  /  666 

CWE80_XSS__CWE182_Servlet_listen_tcp_52 

{'input_token_cost': 12660, 'output_token_cost': 1236, 'analysis_result': {'TPs': 1, 'FPs': 0}, 'ground_truth': {'TPs': 1, 'FPs': 1}, 'single time cost': 18.722290992736816} 

===================================================


Start to analyze the case  478 out of  666
/scratch/local/w.nimit/2292/LLMDFA/benchmark/juliet-test-suite-XSS_simplified/CWE80_XSS/s01/CWE80_XSS__CWE182_Servlet_listen_tcp_53.java
Analyzing......
Preprocessing...
processing finished
start to summarize...
Generating intra-procedural summaries...
Processing callees...
Preprocessing...
processing finished
start to summarize...
Generating intra-procedural summaries...
Processing callees...
Preprocessing...
processing finished
start to summarize...
Generating intra-procedural summaries...
Processing callees...
Preprocessing...
processing finished
start to summarize...
Generating intra-procedural summaries...
Processing callees...
Preprocessing...
processing finished
start to summarize...
Generating intra-procedural summaries...
Processing callees...
Preprocessing...
processing finished
start to summarize...
Generating intra-procedural summaries...
Processing callees...
Preprocessing...
processing finished
start to summarize...
Generating intra-procedural summaries...
Processing callees...
Preprocessing...
processing finished
start to summarize...
Generating intra-procedural summaries...
Processing callees...
Preprocessing...
processing finished
start to summarize...
Generating intra-procedural summaries...
Processing callees...
Validating......
Applying path checker with solver...
Constructing solving program...
Solver-aided path checker succeeded...
Applying path checker with solver...
Constructing solving program...
Solver-aided path checker succeeded...
finish validate
Reporting......
Report generated!

finish report
===================================================
478  /  666 

CWE80_XSS__CWE182_Servlet_listen_tcp_53 

{'input_token_cost': 26465, 'output_token_cost': 3356, 'analysis_result': {'TPs': 1, 'FPs': 0}, 'ground_truth': {'TPs': 1, 'FPs': 1}, 'single time cost': 50.310322761535645} 

===================================================


Start to analyze the case  479 out of  666
/scratch/local/w.nimit/2292/LLMDFA/benchmark/juliet-test-suite-XSS_simplified/CWE80_XSS/s01/CWE80_XSS__CWE182_Servlet_listen_tcp_54.java
Analyzing......
Preprocessing...
processing finished
start to summarize...
Generating intra-procedural summaries...
Processing callees...
Preprocessing...
processing finished
start to summarize...
Generating intra-procedural summaries...
Processing callees...
Preprocessing...
processing finished
start to summarize...
Generating intra-procedural summaries...
Processing callees...
Preprocessing...
processing finished
start to summarize...
Generating intra-procedural summaries...
Processing callees...
Preprocessing...
processing finished
start to summarize...
Generating intra-procedural summaries...
Processing callees...
Preprocessing...
processing finished
start to summarize...
Generating intra-procedural summaries...
Processing callees...
Preprocessing...
processing finished
start to summarize...
Generating intra-procedural summaries...
Processing callees...
Preprocessing...
processing finished
start to summarize...
Generating intra-procedural summaries...
Processing callees...
Preprocessing...
processing finished
start to summarize...
Generating intra-procedural summaries...
Processing callees...
Preprocessing...
processing finished
start to summarize...
Generating intra-procedural summaries...
Processing callees...
Preprocessing...
processing finished
start to summarize...
Generating intra-procedural summaries...
Processing callees...
Validating......
Applying path checker with solver...
Constructing solving program...
Solver-aided path checker succeeded...
finish validate
Reporting......
Report generated!

finish report
===================================================
479  /  666 

CWE80_XSS__CWE182_Servlet_listen_tcp_54 

{'input_token_cost': 29210, 'output_token_cost': 3394, 'analysis_result': {'TPs': 1, 'FPs': 0}, 'ground_truth': {'TPs': 1, 'FPs': 1}, 'single time cost': 50.814453125} 

===================================================


Start to analyze the case  480 out of  666
/scratch/local/w.nimit/2292/LLMDFA/benchmark/juliet-test-suite-XSS_simplified/CWE80_XSS/s01/CWE80_XSS__CWE182_Servlet_listen_tcp_61.java
Analyzing......
Preprocessing...
processing finished
start to summarize...
Generating intra-procedural summaries...
Processing callees...
Preprocessing...
processing finished
start to summarize...
Generating intra-procedural summaries...
Processing callees...
Preprocessing...
processing finished
start to summarize...
Generating intra-procedural summaries...
Processing callees...
Preprocessing...
processing finished
start to summarize...
Generating intra-procedural summaries...
Processing callees...
Preprocessing...
processing finished
start to summarize...
Generating intra-procedural summaries...
Processing callees...
Validating......
Applying path checker with solver...
Constructing solving program...
Solver-aided path checker succeeded...
finish validate
Reporting......
Report generated!

finish report
===================================================
480  /  666 

CWE80_XSS__CWE182_Servlet_listen_tcp_61 

{'input_token_cost': 10244, 'output_token_cost': 1154, 'analysis_result': {'TPs': 1, 'FPs': 0}, 'ground_truth': {'TPs': 1, 'FPs': 1}, 'single time cost': 17.44194269180298} 

===================================================


Start to analyze the case  481 out of  666
/scratch/local/w.nimit/2292/LLMDFA/benchmark/juliet-test-suite-XSS_simplified/CWE80_XSS/s01/CWE80_XSS__CWE182_Servlet_listen_tcp_66.java
Analyzing......
Preprocessing...
processing finished
start to summarize...
Generating intra-procedural summaries...
Processing callees...
Preprocessing...
processing finished
start to summarize...
Generating intra-procedural summaries...
Processing callees...
Preprocessing...
processing finished
start to summarize...
Generating intra-procedural summaries...
Processing callees...
Preprocessing...
processing finished
start to summarize...
Generating intra-procedural summaries...
Processing callees...
Preprocessing...
processing finished
start to summarize...
Generating intra-procedural summaries...
Processing callees...
Validating......
Applying path checker with solver...
Constructing solving program...
Solver-aided path checker succeeded...
finish validate
Reporting......
Report generated!

finish report
===================================================
481  /  666 

CWE80_XSS__CWE182_Servlet_listen_tcp_66 

{'input_token_cost': 7144, 'output_token_cost': 823, 'analysis_result': {'TPs': 1, 'FPs': 0}, 'ground_truth': {'TPs': 1, 'FPs': 1}, 'single time cost': 12.532957553863525} 

===================================================


Start to analyze the case  482 out of  666
/scratch/local/w.nimit/2292/LLMDFA/benchmark/juliet-test-suite-XSS_simplified/CWE80_XSS/s01/CWE80_XSS__CWE182_Servlet_listen_tcp_67.java
Analyzing......
Preprocessing...
processing finished
start to summarize...
Generating intra-procedural summaries...
Processing callees...
Preprocessing...
processing finished
start to summarize...
Generating intra-procedural summaries...
Processing callees...
Preprocessing...
processing finished
start to summarize...
Generating intra-procedural summaries...
Processing callees...
Preprocessing...
processing finished
start to summarize...
Generating intra-procedural summaries...
Processing callees...
Preprocessing...
processing finished
start to summarize...
Generating intra-procedural summaries...
Processing callees...
Validating......
Applying path checker with solver...
Constructing solving program...
Solver-aided path checker succeeded...
Applying path checker with solver...
Constructing solving program...
Solver-aided path checker succeeded...
finish validate
Reporting......
Report generated!

finish report
===================================================
482  /  666 

CWE80_XSS__CWE182_Servlet_listen_tcp_67 

{'input_token_cost': 8911, 'output_token_cost': 928, 'analysis_result': {'TPs': 1, 'FPs': 0}, 'ground_truth': {'TPs': 1, 'FPs': 1}, 'single time cost': 14.136759519577026} 

===================================================


Start to analyze the case  483 out of  666
/scratch/local/w.nimit/2292/LLMDFA/benchmark/juliet-test-suite-XSS_simplified/CWE80_XSS/s01/CWE80_XSS__CWE182_Servlet_listen_tcp_68.java
Analyzing......
Preprocessing...
processing finished
start to summarize...
Generating intra-procedural summaries...
Processing callees...
Preprocessing...
processing finished
start to summarize...
Generating intra-procedural summaries...
Processing callees...
Preprocessing...
processing finished
start to summarize...
Generating intra-procedural summaries...
Processing callees...
Preprocessing...
processing finished
start to summarize...
Generating intra-procedural summaries...
Processing callees...
Preprocessing...
processing finished
start to summarize...
Generating intra-procedural summaries...
Processing callees...
Validating......
Applying path checker with solver...
Constructing solving program...
Solver-aided path checker succeeded...
finish validate
Reporting......
Report generated!

finish report
===================================================
483  /  666 

CWE80_XSS__CWE182_Servlet_listen_tcp_68 

{'input_token_cost': 10097, 'output_token_cost': 1094, 'analysis_result': {'TPs': 1, 'FPs': 0}, 'ground_truth': {'TPs': 1, 'FPs': 1}, 'single time cost': 16.590450286865234} 

===================================================


Start to analyze the case  484 out of  666
/scratch/local/w.nimit/2292/LLMDFA/benchmark/juliet-test-suite-XSS_simplified/CWE80_XSS/s01/CWE80_XSS__CWE182_Servlet_listen_tcp_71.java
Analyzing......
Preprocessing...
processing finished
start to summarize...
Generating intra-procedural summaries...
Processing callees...
Preprocessing...
processing finished
start to summarize...
Generating intra-procedural summaries...
Processing callees...
Preprocessing...
processing finished
start to summarize...
Generating intra-procedural summaries...
Processing callees...
Preprocessing...
processing finished
start to summarize...
Generating intra-procedural summaries...
Processing callees...
Preprocessing...
processing finished
start to summarize...
Generating intra-procedural summaries...
Processing callees...
Validating......
finish validate
Reporting......
Report generated!

finish report
===================================================
484  /  666 

CWE80_XSS__CWE182_Servlet_listen_tcp_71 

{'input_token_cost': 3550, 'output_token_cost': 454, 'analysis_result': {'TPs': 0, 'FPs': 0}, 'ground_truth': {'TPs': 1, 'FPs': 1}, 'single time cost': 6.780508279800415} 

===================================================


Start to analyze the case  485 out of  666
/scratch/local/w.nimit/2292/LLMDFA/benchmark/juliet-test-suite-XSS_simplified/CWE80_XSS/s01/CWE80_XSS__CWE182_Servlet_listen_tcp_72.java
Analyzing......
Preprocessing...
processing finished
start to summarize...
Generating intra-procedural summaries...
Processing callees...
Preprocessing...
processing finished
start to summarize...
Generating intra-procedural summaries...
Processing callees...
Preprocessing...
processing finished
start to summarize...
Generating intra-procedural summaries...
Processing callees...
Preprocessing...
processing finished
start to summarize...
Generating intra-procedural summaries...
Processing callees...
Preprocessing...
processing finished
start to summarize...
Generating intra-procedural summaries...
Processing callees...
Validating......
Applying path checker with solver...
Constructing solving program...
Solver-aided path checker succeeded...
finish validate
Reporting......
Report generated!

finish report
===================================================
485  /  666 

CWE80_XSS__CWE182_Servlet_listen_tcp_72 

{'input_token_cost': 7247, 'output_token_cost': 701, 'analysis_result': {'TPs': 1, 'FPs': 0}, 'ground_truth': {'TPs': 1, 'FPs': 1}, 'single time cost': 10.65635871887207} 

===================================================


Start to analyze the case  486 out of  666
/scratch/local/w.nimit/2292/LLMDFA/benchmark/juliet-test-suite-XSS_simplified/CWE80_XSS/s01/CWE80_XSS__CWE182_Servlet_listen_tcp_73.java
Analyzing......
Preprocessing...
processing finished
start to summarize...
Generating intra-procedural summaries...
Processing callees...
Preprocessing...
processing finished
start to summarize...
Generating intra-procedural summaries...
Processing callees...
Preprocessing...
processing finished
start to summarize...
Generating intra-procedural summaries...
Processing callees...
Preprocessing...
processing finished
start to summarize...
Generating intra-procedural summaries...
Processing callees...
Preprocessing...
processing finished
start to summarize...
Generating intra-procedural summaries...
Processing callees...
Validating......
Applying path checker with solver...
Constructing solving program...
Solver-aided path checker succeeded...
finish validate
Reporting......
Report generated!

finish report
===================================================
486  /  666 

CWE80_XSS__CWE182_Servlet_listen_tcp_73 

{'input_token_cost': 7241, 'output_token_cost': 681, 'analysis_result': {'TPs': 1, 'FPs': 0}, 'ground_truth': {'TPs': 1, 'FPs': 1}, 'single time cost': 10.358087062835693} 

===================================================


Start to analyze the case  487 out of  666
/scratch/local/w.nimit/2292/LLMDFA/benchmark/juliet-test-suite-XSS_simplified/CWE80_XSS/s01/CWE80_XSS__CWE182_Servlet_listen_tcp_74.java
Analyzing......
Preprocessing...
processing finished
start to summarize...
Generating intra-procedural summaries...
Processing callees...
Preprocessing...
processing finished
start to summarize...
Generating intra-procedural summaries...
Processing callees...
Preprocessing...
processing finished
start to summarize...
Generating intra-procedural summaries...
Processing callees...
Preprocessing...
processing finished
start to summarize...
Generating intra-procedural summaries...
Processing callees...
Preprocessing...
processing finished
start to summarize...
Generating intra-procedural summaries...
Processing callees...
Validating......
Applying path checker with solver...
Constructing solving program...
Solver-aided path checker succeeded...
finish validate
Reporting......
Report generated!

finish report
===================================================
487  /  666 

CWE80_XSS__CWE182_Servlet_listen_tcp_74 

{'input_token_cost': 7255, 'output_token_cost': 678, 'analysis_result': {'TPs': 1, 'FPs': 0}, 'ground_truth': {'TPs': 1, 'FPs': 1}, 'single time cost': 10.311362504959106} 

===================================================


Start to analyze the case  488 out of  666
/scratch/local/w.nimit/2292/LLMDFA/benchmark/juliet-test-suite-XSS_simplified/CWE80_XSS/s01/CWE80_XSS__CWE182_Servlet_listen_tcp_75.java
Analyzing......
Preprocessing...
processing finished
start to summarize...
Generating intra-procedural summaries...
Processing callees...
Preprocessing...
processing finished
start to summarize...
Generating intra-procedural summaries...
Processing callees...
Preprocessing...
processing finished
start to summarize...
Generating intra-procedural summaries...
Processing callees...
Preprocessing...
processing finished
start to summarize...
Generating intra-procedural summaries...
Processing callees...
Preprocessing...
processing finished
start to summarize...
Generating intra-procedural summaries...
Processing callees...
Validating......
Applying path checker with solver...
Constructing solving program...
Solver-aided path checker succeeded...
Applying path checker with solver...
Constructing solving program...
Solver-aided path checker succeeded...
finish validate
Reporting......
Report generated!

finish report
===================================================
488  /  666 

CWE80_XSS__CWE182_Servlet_listen_tcp_75 

{'input_token_cost': 12437, 'output_token_cost': 1183, 'analysis_result': {'TPs': 1, 'FPs': 0}, 'ground_truth': {'TPs': 1, 'FPs': 1}, 'single time cost': 18.0858256816864} 

===================================================


Start to analyze the case  489 out of  666
/scratch/local/w.nimit/2292/LLMDFA/benchmark/juliet-test-suite-XSS_simplified/CWE80_XSS/s01/CWE80_XSS__CWE182_Servlet_listen_tcp_81.java
Analyzing......
Preprocessing...
processing finished
start to summarize...
Generating intra-procedural summaries...
Processing callees...
Preprocessing...
processing finished
start to summarize...
Generating intra-procedural summaries...
Processing callees...
Preprocessing...
processing finished
start to summarize...
Generating intra-procedural summaries...
Processing callees...
Preprocessing...
processing finished
start to summarize...
Generating intra-procedural summaries...
Processing callees...
Preprocessing...
processing finished
start to summarize...
Generating intra-procedural summaries...
Processing callees...
Validating......
Applying path checker with solver...
Constructing solving program...
Solver-aided path checker succeeded...
finish validate
Reporting......
Report generated!

finish report
===================================================
489  /  666 

CWE80_XSS__CWE182_Servlet_listen_tcp_81 

{'input_token_cost': 7030, 'output_token_cost': 808, 'analysis_result': {'TPs': 1, 'FPs': 0}, 'ground_truth': {'TPs': 1, 'FPs': 1}, 'single time cost': 12.209123849868774} 

===================================================


Start to analyze the case  490 out of  666
/scratch/local/w.nimit/2292/LLMDFA/benchmark/juliet-test-suite-XSS_simplified/CWE80_XSS/s01/CWE80_XSS__Servlet_File_22.java
Analyzing......
Preprocessing...
processing finished
start to summarize...
Generating intra-procedural summaries...
Processing callees...
Preprocessing...
processing finished
start to summarize...
Generating intra-procedural summaries...
Processing callees...
Preprocessing...
processing finished
start to summarize...
Generating intra-procedural summaries...
Processing callees...
Preprocessing...
processing finished
start to summarize...
Generating intra-procedural summaries...
Processing callees...
Preprocessing...
processing finished
start to summarize...
Generating intra-procedural summaries...
Processing callees...
Preprocessing...
processing finished
start to summarize...
Generating intra-procedural summaries...
Processing callees...
Preprocessing...
processing finished
start to summarize...
Generating intra-procedural summaries...
Processing callees...
Validating......
Applying path checker with solver...
Constructing solving program...
Constructing solving program...
Solver-aided path checker succeeded...
finish validate
Reporting......
Report generated!

finish report
===================================================
490  /  666 

CWE80_XSS__Servlet_File_22 

{'input_token_cost': 18009, 'output_token_cost': 1810, 'analysis_result': {'TPs': 0, 'FPs': 0}, 'ground_truth': {'TPs': 1, 'FPs': 2}, 'single time cost': 27.504116773605347} 

===================================================


Start to analyze the case  491 out of  666
/scratch/local/w.nimit/2292/LLMDFA/benchmark/juliet-test-suite-XSS_simplified/CWE80_XSS/s01/CWE80_XSS__Servlet_File_51.java
Analyzing......
Preprocessing...
processing finished
start to summarize...
Generating intra-procedural summaries...
Processing callees...
Preprocessing...
processing finished
start to summarize...
Generating intra-procedural summaries...
Processing callees...
Preprocessing...
processing finished
start to summarize...
Generating intra-procedural summaries...
Processing callees...
Preprocessing...
processing finished
start to summarize...
Generating intra-procedural summaries...
Processing callees...
Preprocessing...
processing finished
start to summarize...
Generating intra-procedural summaries...
Processing callees...
Validating......
finish validate
Reporting......
Report generated!

finish report
===================================================
491  /  666 

CWE80_XSS__Servlet_File_51 

{'input_token_cost': 6052, 'output_token_cost': 657, 'analysis_result': {'TPs': 0, 'FPs': 0}, 'ground_truth': {'TPs': 1, 'FPs': 1}, 'single time cost': 9.889032125473022} 

===================================================


Start to analyze the case  492 out of  666
/scratch/local/w.nimit/2292/LLMDFA/benchmark/juliet-test-suite-XSS_simplified/CWE80_XSS/s01/CWE80_XSS__Servlet_File_52.java
Analyzing......
Preprocessing...
processing finished
start to summarize...
Generating intra-procedural summaries...
Processing callees...
Preprocessing...
processing finished
start to summarize...
Generating intra-procedural summaries...
Processing callees...
Preprocessing...
processing finished
start to summarize...
Generating intra-procedural summaries...
Processing callees...
Preprocessing...
processing finished
start to summarize...
Generating intra-procedural summaries...
Processing callees...
Preprocessing...
processing finished
start to summarize...
Generating intra-procedural summaries...
Processing callees...
Preprocessing...
processing finished
start to summarize...
Generating intra-procedural summaries...
Processing callees...
Preprocessing...
processing finished
start to summarize...
Generating intra-procedural summaries...
Processing callees...
Validating......
finish validate
Reporting......
Report generated!

finish report
===================================================
492  /  666 

CWE80_XSS__Servlet_File_52 

{'input_token_cost': 10445, 'output_token_cost': 1335, 'analysis_result': {'TPs': 0, 'FPs': 0}, 'ground_truth': {'TPs': 1, 'FPs': 1}, 'single time cost': 19.91333246231079} 

===================================================


Start to analyze the case  493 out of  666
/scratch/local/w.nimit/2292/LLMDFA/benchmark/juliet-test-suite-XSS_simplified/CWE80_XSS/s01/CWE80_XSS__Servlet_File_54.java
Analyzing......
Preprocessing...
processing finished
start to summarize...
Generating intra-procedural summaries...
Processing callees...
Preprocessing...
processing finished
start to summarize...
Generating intra-procedural summaries...
Processing callees...
Preprocessing...
processing finished
start to summarize...
Generating intra-procedural summaries...
Processing callees...
Preprocessing...
processing finished
start to summarize...
Generating intra-procedural summaries...
Processing callees...
Preprocessing...
processing finished
start to summarize...
Generating intra-procedural summaries...
Processing callees...
Preprocessing...
processing finished
start to summarize...
Generating intra-procedural summaries...
Processing callees...
Preprocessing...
processing finished
start to summarize...
Generating intra-procedural summaries...
Processing callees...
Preprocessing...
processing finished
start to summarize...
Generating intra-procedural summaries...
Processing callees...
Preprocessing...
processing finished
start to summarize...
Generating intra-procedural summaries...
Processing callees...
Preprocessing...
processing finished
start to summarize...
Generating intra-procedural summaries...
Processing callees...
Preprocessing...
processing finished
start to summarize...
Generating intra-procedural summaries...
Processing callees...
Validating......
Applying path checker with solver...
Constructing solving program...
Solver-aided path checker succeeded...
Applying path checker with solver...
Constructing solving program...
Solver-aided path checker succeeded...
Applying path checker with solver...
Constructing solving program...
Solver-aided path checker succeeded...
finish validate
Reporting......
Report generated!

finish report
===================================================
493  /  666 

CWE80_XSS__Servlet_File_54 

{'input_token_cost': 36120, 'output_token_cost': 4191, 'analysis_result': {'TPs': 1, 'FPs': 0}, 'ground_truth': {'TPs': 1, 'FPs': 1}, 'single time cost': 62.941394090652466} 

===================================================


Start to analyze the case  494 out of  666
/scratch/local/w.nimit/2292/LLMDFA/benchmark/juliet-test-suite-XSS_simplified/CWE80_XSS/s01/CWE80_XSS__Servlet_File_61.java
Analyzing......
Preprocessing...
processing finished
start to summarize...
Generating intra-procedural summaries...
Processing callees...
Preprocessing...
processing finished
start to summarize...
Generating intra-procedural summaries...
Processing callees...
Preprocessing...
processing finished
start to summarize...
Generating intra-procedural summaries...
Processing callees...
Preprocessing...
processing finished
start to summarize...
Generating intra-procedural summaries...
Processing callees...
Preprocessing...
processing finished
start to summarize...
Generating intra-procedural summaries...
Processing callees...
Validating......
Applying path checker with solver...
Constructing solving program...
Solver-aided path checker succeeded...
finish validate
Reporting......
Report generated!

finish report
===================================================
494  /  666 

CWE80_XSS__Servlet_File_61 

{'input_token_cost': 9837, 'output_token_cost': 834, 'analysis_result': {'TPs': 1, 'FPs': 0}, 'ground_truth': {'TPs': 1, 'FPs': 1}, 'single time cost': 12.723814725875854} 

===================================================


Start to analyze the case  495 out of  666
/scratch/local/w.nimit/2292/LLMDFA/benchmark/juliet-test-suite-XSS_simplified/CWE80_XSS/s01/CWE80_XSS__Servlet_File_66.java
Analyzing......
Preprocessing...
processing finished
start to summarize...
Generating intra-procedural summaries...
Processing callees...
Preprocessing...
processing finished
start to summarize...
Generating intra-procedural summaries...
Processing callees...
Preprocessing...
processing finished
start to summarize...
Generating intra-procedural summaries...
Processing callees...
Preprocessing...
processing finished
start to summarize...
Generating intra-procedural summaries...
Processing callees...
Preprocessing...
processing finished
start to summarize...
Generating intra-procedural summaries...
Processing callees...
Validating......
Applying path checker with solver...
Constructing solving program...
Solver-aided path checker succeeded...
finish validate
Reporting......
Report generated!

finish report
===================================================
495  /  666 

CWE80_XSS__Servlet_File_66 

{'input_token_cost': 7853, 'output_token_cost': 845, 'analysis_result': {'TPs': 1, 'FPs': 0}, 'ground_truth': {'TPs': 1, 'FPs': 1}, 'single time cost': 12.798839807510376} 

===================================================


Start to analyze the case  496 out of  666
/scratch/local/w.nimit/2292/LLMDFA/benchmark/juliet-test-suite-XSS_simplified/CWE80_XSS/s01/CWE80_XSS__Servlet_File_67.java
Analyzing......
Preprocessing...
processing finished
start to summarize...
Generating intra-procedural summaries...
Processing callees...
Preprocessing...
processing finished
start to summarize...
Generating intra-procedural summaries...
Processing callees...
Preprocessing...
processing finished
start to summarize...
Generating intra-procedural summaries...
Processing callees...
Preprocessing...
processing finished
start to summarize...
Generating intra-procedural summaries...
Processing callees...
Preprocessing...
processing finished
start to summarize...
Generating intra-procedural summaries...
Processing callees...
Validating......
Applying path checker with solver...
Constructing solving program...
Solver-aided path checker succeeded...
finish validate
Reporting......
Report generated!

finish report
===================================================
496  /  666 

CWE80_XSS__Servlet_File_67 

{'input_token_cost': 6719, 'output_token_cost': 745, 'analysis_result': {'TPs': 1, 'FPs': 0}, 'ground_truth': {'TPs': 1, 'FPs': 1}, 'single time cost': 11.283948421478271} 

===================================================


Start to analyze the case  497 out of  666
/scratch/local/w.nimit/2292/LLMDFA/benchmark/juliet-test-suite-XSS_simplified/CWE80_XSS/s01/CWE80_XSS__Servlet_File_68.java
Analyzing......
Preprocessing...
processing finished
start to summarize...
Generating intra-procedural summaries...
Processing callees...
Preprocessing...
processing finished
start to summarize...
Generating intra-procedural summaries...
Processing callees...
Preprocessing...
processing finished
start to summarize...
Generating intra-procedural summaries...
Processing callees...
Preprocessing...
processing finished
start to summarize...
Generating intra-procedural summaries...
Processing callees...
Preprocessing...
processing finished
start to summarize...
Generating intra-procedural summaries...
Processing callees...
Validating......
finish validate
Reporting......
Report generated!

finish report
===================================================
497  /  666 

CWE80_XSS__Servlet_File_68 

{'input_token_cost': 8822, 'output_token_cost': 903, 'analysis_result': {'TPs': 0, 'FPs': 0}, 'ground_truth': {'TPs': 1, 'FPs': 1}, 'single time cost': 13.577936887741089} 

===================================================


Start to analyze the case  498 out of  666
/scratch/local/w.nimit/2292/LLMDFA/benchmark/juliet-test-suite-XSS_simplified/CWE80_XSS/s01/CWE80_XSS__Servlet_File_71.java
Analyzing......
Preprocessing...
processing finished
start to summarize...
Generating intra-procedural summaries...
Processing callees...
Preprocessing...
processing finished
start to summarize...
Generating intra-procedural summaries...
Processing callees...
Preprocessing...
processing finished
start to summarize...
Generating intra-procedural summaries...
Processing callees...
Preprocessing...
processing finished
start to summarize...
Generating intra-procedural summaries...
Processing callees...
Preprocessing...
processing finished
start to summarize...
Generating intra-procedural summaries...
Processing callees...
Validating......
finish validate
Reporting......
Report generated!

finish report
===================================================
498  /  666 

CWE80_XSS__Servlet_File_71 

{'input_token_cost': 3288, 'output_token_cost': 284, 'analysis_result': {'TPs': 0, 'FPs': 0}, 'ground_truth': {'TPs': 1, 'FPs': 1}, 'single time cost': 4.261001825332642} 

===================================================


Start to analyze the case  499 out of  666
/scratch/local/w.nimit/2292/LLMDFA/benchmark/juliet-test-suite-XSS_simplified/CWE80_XSS/s01/CWE80_XSS__Servlet_File_72.java
Analyzing......
Preprocessing...
processing finished
start to summarize...
Generating intra-procedural summaries...
Processing callees...
Preprocessing...
processing finished
start to summarize...
Generating intra-procedural summaries...
Processing callees...
Preprocessing...
processing finished
start to summarize...
Generating intra-procedural summaries...
Processing callees...
Preprocessing...
processing finished
start to summarize...
Generating intra-procedural summaries...
Processing callees...
Preprocessing...
processing finished
start to summarize...
Generating intra-procedural summaries...
Processing callees...
Validating......
Applying path checker with solver...
Constructing solving program...
Solver-aided path checker succeeded...
finish validate
Reporting......
Report generated!

finish report
===================================================
499  /  666 

CWE80_XSS__Servlet_File_72 

{'input_token_cost': 6817, 'output_token_cost': 663, 'analysis_result': {'TPs': 1, 'FPs': 0}, 'ground_truth': {'TPs': 1, 'FPs': 1}, 'single time cost': 10.100125551223755} 

===================================================


Start to analyze the case  500 out of  666
/scratch/local/w.nimit/2292/LLMDFA/benchmark/juliet-test-suite-XSS_simplified/CWE80_XSS/s01/CWE80_XSS__Servlet_File_73.java
Analyzing......
Preprocessing...
processing finished
start to summarize...
Generating intra-procedural summaries...
Processing callees...
Preprocessing...
processing finished
start to summarize...
Generating intra-procedural summaries...
Processing callees...
Preprocessing...
processing finished
start to summarize...
Generating intra-procedural summaries...
Processing callees...
Preprocessing...
processing finished
start to summarize...
Generating intra-procedural summaries...
Processing callees...
Preprocessing...
processing finished
start to summarize...
Generating intra-procedural summaries...
Processing callees...
Validating......
Applying path checker with solver...
Constructing solving program...
Solver-aided path checker succeeded...
finish validate
Reporting......
Report generated!

finish report
===================================================
500  /  666 

CWE80_XSS__Servlet_File_73 

{'input_token_cost': 6811, 'output_token_cost': 879, 'analysis_result': {'TPs': 1, 'FPs': 0}, 'ground_truth': {'TPs': 1, 'FPs': 1}, 'single time cost': 13.257269620895386} 

===================================================


Start to analyze the case  501 out of  666
/scratch/local/w.nimit/2292/LLMDFA/benchmark/juliet-test-suite-XSS_simplified/CWE80_XSS/s01/CWE80_XSS__Servlet_File_74.java
Analyzing......
Preprocessing...
processing finished
start to summarize...
Generating intra-procedural summaries...
Processing callees...
Preprocessing...
processing finished
start to summarize...
Generating intra-procedural summaries...
Processing callees...
Preprocessing...
processing finished
start to summarize...
Generating intra-procedural summaries...
Processing callees...
Preprocessing...
processing finished
start to summarize...
Generating intra-procedural summaries...
Processing callees...
Preprocessing...
processing finished
start to summarize...
Generating intra-procedural summaries...
Processing callees...
Validating......
Applying path checker with solver...
Constructing solving program...
Solver-aided path checker succeeded...
Applying path checker with solver...
Constructing solving program...
Solver-aided path checker succeeded...
finish validate
Reporting......
Report generated!

finish report
===================================================
501  /  666 

CWE80_XSS__Servlet_File_74 

{'input_token_cost': 8528, 'output_token_cost': 1068, 'analysis_result': {'TPs': 1, 'FPs': 0}, 'ground_truth': {'TPs': 1, 'FPs': 1}, 'single time cost': 16.18666648864746} 

===================================================


Start to analyze the case  502 out of  666
/scratch/local/w.nimit/2292/LLMDFA/benchmark/juliet-test-suite-XSS_simplified/CWE80_XSS/s01/CWE80_XSS__Servlet_File_75.java
Analyzing......
Preprocessing...
processing finished
start to summarize...
Generating intra-procedural summaries...
Processing callees...
Preprocessing...
processing finished
start to summarize...
Generating intra-procedural summaries...
Processing callees...
Preprocessing...
processing finished
start to summarize...
Generating intra-procedural summaries...
Processing callees...
Preprocessing...
processing finished
start to summarize...
Generating intra-procedural summaries...
Processing callees...
Preprocessing...
processing finished
start to summarize...
Generating intra-procedural summaries...
Processing callees...
Validating......
Applying path checker with solver...
Constructing solving program...
Solver-aided path checker succeeded...
finish validate
Reporting......
Report generated!

finish report
===================================================
502  /  666 

CWE80_XSS__Servlet_File_75 

{'input_token_cost': 9780, 'output_token_cost': 925, 'analysis_result': {'TPs': 1, 'FPs': 0}, 'ground_truth': {'TPs': 1, 'FPs': 1}, 'single time cost': 14.10846471786499} 

===================================================


Start to analyze the case  503 out of  666
/scratch/local/w.nimit/2292/LLMDFA/benchmark/juliet-test-suite-XSS_simplified/CWE80_XSS/s01/CWE80_XSS__Servlet_File_81.java
Analyzing......
Preprocessing...
processing finished
start to summarize...
Generating intra-procedural summaries...
Processing callees...
Preprocessing...
processing finished
start to summarize...
Generating intra-procedural summaries...
Processing callees...
Preprocessing...
processing finished
start to summarize...
Generating intra-procedural summaries...
Processing callees...
Preprocessing...
processing finished
start to summarize...
Generating intra-procedural summaries...
Processing callees...
Preprocessing...
processing finished
start to summarize...
Generating intra-procedural summaries...
Processing callees...
Validating......
Applying path checker with solver...
Constructing solving program...
Solver-aided path checker succeeded...
finish validate
Reporting......
Report generated!

finish report
===================================================
503  /  666 

CWE80_XSS__Servlet_File_81 

{'input_token_cost': 6600, 'output_token_cost': 767, 'analysis_result': {'TPs': 1, 'FPs': 0}, 'ground_truth': {'TPs': 1, 'FPs': 1}, 'single time cost': 11.607656478881836} 

===================================================


Start to analyze the case  504 out of  666
/scratch/local/w.nimit/2292/LLMDFA/benchmark/juliet-test-suite-XSS_simplified/CWE80_XSS/s01/CWE80_XSS__Servlet_connect_tcp_22.java
Analyzing......
Preprocessing...
processing finished
start to summarize...
Generating intra-procedural summaries...
Processing callees...
Preprocessing...
processing finished
start to summarize...
Generating intra-procedural summaries...
Processing callees...
Preprocessing...
processing finished
start to summarize...
Generating intra-procedural summaries...
Processing callees...
Preprocessing...
processing finished
start to summarize...
Generating intra-procedural summaries...
Processing callees...
Preprocessing...
processing finished
start to summarize...
Generating intra-procedural summaries...
Processing callees...
Preprocessing...
processing finished
start to summarize...
Generating intra-procedural summaries...
Processing callees...
Preprocessing...
processing finished
start to summarize...
Generating intra-procedural summaries...
Processing callees...
Validating......
Applying path checker with solver...
Constructing solving program...
Constructing solving program...
Solver-aided path checker succeeded...
finish validate
Reporting......
Report generated!

finish report
===================================================
504  /  666 

CWE80_XSS__Servlet_connect_tcp_22 

{'input_token_cost': 18030, 'output_token_cost': 1804, 'analysis_result': {'TPs': 0, 'FPs': 0}, 'ground_truth': {'TPs': 1, 'FPs': 2}, 'single time cost': 27.405175924301147} 

===================================================


Start to analyze the case  505 out of  666
/scratch/local/w.nimit/2292/LLMDFA/benchmark/juliet-test-suite-XSS_simplified/CWE80_XSS/s01/CWE80_XSS__Servlet_connect_tcp_52.java
Analyzing......
Preprocessing...
processing finished
start to summarize...
Generating intra-procedural summaries...
Processing callees...
Preprocessing...
processing finished
start to summarize...
Generating intra-procedural summaries...
Processing callees...
Preprocessing...
processing finished
start to summarize...
Generating intra-procedural summaries...
Processing callees...
Preprocessing...
processing finished
start to summarize...
Generating intra-procedural summaries...
Processing callees...
Preprocessing...
processing finished
start to summarize...
Generating intra-procedural summaries...
Processing callees...
Preprocessing...
processing finished
start to summarize...
Generating intra-procedural summaries...
Processing callees...
Preprocessing...
processing finished
start to summarize...
Generating intra-procedural summaries...
Processing callees...
Validating......
Applying path checker with solver...
Constructing solving program...
Solver-aided path checker succeeded...
finish validate
Reporting......
Report generated!

finish report
===================================================
505  /  666 

CWE80_XSS__Servlet_connect_tcp_52 

{'input_token_cost': 11045, 'output_token_cost': 1500, 'analysis_result': {'TPs': 1, 'FPs': 0}, 'ground_truth': {'TPs': 1, 'FPs': 1}, 'single time cost': 22.562360763549805} 

===================================================


Start to analyze the case  506 out of  666
/scratch/local/w.nimit/2292/LLMDFA/benchmark/juliet-test-suite-XSS_simplified/CWE80_XSS/s01/CWE80_XSS__Servlet_connect_tcp_53.java
Analyzing......
Preprocessing...
processing finished
start to summarize...
Generating intra-procedural summaries...
Processing callees...
Preprocessing...
processing finished
start to summarize...
Generating intra-procedural summaries...
Processing callees...
Preprocessing...
processing finished
start to summarize...
Generating intra-procedural summaries...
Processing callees...
Preprocessing...
processing finished
start to summarize...
Generating intra-procedural summaries...
Processing callees...
Preprocessing...
processing finished
start to summarize...
Generating intra-procedural summaries...
Processing callees...
Preprocessing...
processing finished
start to summarize...
Generating intra-procedural summaries...
Processing callees...
Preprocessing...
processing finished
start to summarize...
Generating intra-procedural summaries...
Processing callees...
Preprocessing...
processing finished
start to summarize...
Generating intra-procedural summaries...
Processing callees...
Preprocessing...
processing finished
start to summarize...
Generating intra-procedural summaries...
Processing callees...
Validating......
Applying path checker with solver...
Constructing solving program...
Solver-aided path checker succeeded...
Applying path checker with solver...
Constructing solving program...
Solver-aided path checker succeeded...
finish validate
Reporting......
Report generated!

finish report
===================================================
506  /  666 

CWE80_XSS__Servlet_connect_tcp_53 

{'input_token_cost': 22572, 'output_token_cost': 2764, 'analysis_result': {'TPs': 1, 'FPs': 0}, 'ground_truth': {'TPs': 1, 'FPs': 1}, 'single time cost': 41.522305727005005} 

===================================================


Start to analyze the case  507 out of  666
/scratch/local/w.nimit/2292/LLMDFA/benchmark/juliet-test-suite-XSS_simplified/CWE80_XSS/s01/CWE80_XSS__Servlet_connect_tcp_54.java
Analyzing......
Preprocessing...
processing finished
start to summarize...
Generating intra-procedural summaries...
Processing callees...
Preprocessing...
processing finished
start to summarize...
Generating intra-procedural summaries...
Processing callees...
Preprocessing...
processing finished
start to summarize...
Generating intra-procedural summaries...
Processing callees...
Preprocessing...
processing finished
start to summarize...
Generating intra-procedural summaries...
Processing callees...
Preprocessing...
processing finished
start to summarize...
Generating intra-procedural summaries...
Processing callees...
Preprocessing...
processing finished
start to summarize...
Generating intra-procedural summaries...
Processing callees...
Preprocessing...
processing finished
start to summarize...
Generating intra-procedural summaries...
Processing callees...
Preprocessing...
processing finished
start to summarize...
Generating intra-procedural summaries...
Processing callees...
Preprocessing...
processing finished
start to summarize...
Generating intra-procedural summaries...
Processing callees...
Preprocessing...
processing finished
start to summarize...
Generating intra-procedural summaries...
Processing callees...
Preprocessing...
processing finished
start to summarize...
Generating intra-procedural summaries...
Processing callees...
Validating......
Applying path checker with solver...
Constructing solving program...
Solver-aided path checker succeeded...
Applying path checker with solver...
Constructing solving program...
Solver-aided path checker succeeded...
Applying path checker with solver...
Constructing solving program...
Solver-aided path checker succeeded...
Applying path checker with solver...
Constructing solving program...
Solver-aided path checker succeeded...
Applying path checker with solver...
Constructing solving program...
Solver-aided path checker succeeded...
Applying path checker with solver...
Constructing solving program...
Solver-aided path checker succeeded...
finish validate
Reporting......
Report generated!

finish report
===================================================
507  /  666 

CWE80_XSS__Servlet_connect_tcp_54 

{'input_token_cost': 34652, 'output_token_cost': 4287, 'analysis_result': {'TPs': 1, 'FPs': 0}, 'ground_truth': {'TPs': 1, 'FPs': 1}, 'single time cost': 64.6516900062561} 

===================================================


Start to analyze the case  508 out of  666
/scratch/local/w.nimit/2292/LLMDFA/benchmark/juliet-test-suite-XSS_simplified/CWE80_XSS/s01/CWE80_XSS__Servlet_connect_tcp_61.java
Analyzing......
Preprocessing...
processing finished
start to summarize...
Generating intra-procedural summaries...
Processing callees...
Preprocessing...
processing finished
start to summarize...
Generating intra-procedural summaries...
Processing callees...
Preprocessing...
processing finished
start to summarize...
Generating intra-procedural summaries...
Processing callees...
Preprocessing...
processing finished
start to summarize...
Generating intra-procedural summaries...
Processing callees...
Preprocessing...
processing finished
start to summarize...
Generating intra-procedural summaries...
Processing callees...
Validating......
Applying path checker with solver...
Constructing solving program...
Solver-aided path checker succeeded...
finish validate
Reporting......
Report generated!

finish report
===================================================
508  /  666 

CWE80_XSS__Servlet_connect_tcp_61 

{'input_token_cost': 9824, 'output_token_cost': 942, 'analysis_result': {'TPs': 1, 'FPs': 0}, 'ground_truth': {'TPs': 1, 'FPs': 1}, 'single time cost': 14.293888807296753} 

===================================================


Start to analyze the case  509 out of  666
/scratch/local/w.nimit/2292/LLMDFA/benchmark/juliet-test-suite-XSS_simplified/CWE80_XSS/s01/CWE80_XSS__Servlet_connect_tcp_66.java
Analyzing......
Preprocessing...
processing finished
start to summarize...
Generating intra-procedural summaries...
Processing callees...
Preprocessing...
processing finished
start to summarize...
Generating intra-procedural summaries...
Processing callees...
Preprocessing...
processing finished
start to summarize...
Generating intra-procedural summaries...
Processing callees...
Preprocessing...
processing finished
start to summarize...
Generating intra-procedural summaries...
Processing callees...
Preprocessing...
processing finished
start to summarize...
Generating intra-procedural summaries...
Processing callees...
Validating......
Applying path checker with solver...
Constructing solving program...
Solver-aided path checker succeeded...
finish validate
Reporting......
Report generated!

finish report
===================================================
509  /  666 

CWE80_XSS__Servlet_connect_tcp_66 

{'input_token_cost': 6742, 'output_token_cost': 683, 'analysis_result': {'TPs': 1, 'FPs': 0}, 'ground_truth': {'TPs': 1, 'FPs': 1}, 'single time cost': 10.374407052993774} 

===================================================


Start to analyze the case  510 out of  666
/scratch/local/w.nimit/2292/LLMDFA/benchmark/juliet-test-suite-XSS_simplified/CWE80_XSS/s01/CWE80_XSS__Servlet_connect_tcp_67.java
Analyzing......
Preprocessing...
processing finished
start to summarize...
Generating intra-procedural summaries...
Processing callees...
Preprocessing...
processing finished
start to summarize...
Generating intra-procedural summaries...
Processing callees...
Preprocessing...
processing finished
start to summarize...
Generating intra-procedural summaries...
Processing callees...
Preprocessing...
processing finished
start to summarize...
Generating intra-procedural summaries...
Processing callees...
Preprocessing...
processing finished
start to summarize...
Generating intra-procedural summaries...
Processing callees...
Validating......
Applying path checker with solver...
Constructing solving program...
Solver-aided path checker succeeded...
finish validate
Reporting......
Report generated!

finish report
===================================================
510  /  666 

CWE80_XSS__Servlet_connect_tcp_67 

{'input_token_cost': 6749, 'output_token_cost': 654, 'analysis_result': {'TPs': 1, 'FPs': 0}, 'ground_truth': {'TPs': 1, 'FPs': 1}, 'single time cost': 9.944215774536133} 

===================================================


Start to analyze the case  511 out of  666
/scratch/local/w.nimit/2292/LLMDFA/benchmark/juliet-test-suite-XSS_simplified/CWE80_XSS/s01/CWE80_XSS__Servlet_connect_tcp_68.java
Analyzing......
Preprocessing...
processing finished
start to summarize...
Generating intra-procedural summaries...
Processing callees...
Preprocessing...
processing finished
start to summarize...
Generating intra-procedural summaries...
Processing callees...
Preprocessing...
processing finished
start to summarize...
Generating intra-procedural summaries...
Processing callees...
Preprocessing...
processing finished
start to summarize...
Generating intra-procedural summaries...
Processing callees...
Preprocessing...
processing finished
start to summarize...
Generating intra-procedural summaries...
Processing callees...
Validating......
finish validate
Reporting......
Report generated!

finish report
===================================================
511  /  666 

CWE80_XSS__Servlet_connect_tcp_68 

{'input_token_cost': 8862, 'output_token_cost': 1067, 'analysis_result': {'TPs': 0, 'FPs': 0}, 'ground_truth': {'TPs': 1, 'FPs': 1}, 'single time cost': 15.972234964370728} 

===================================================


Start to analyze the case  512 out of  666
/scratch/local/w.nimit/2292/LLMDFA/benchmark/juliet-test-suite-XSS_simplified/CWE80_XSS/s01/CWE80_XSS__Servlet_connect_tcp_71.java
Analyzing......
Preprocessing...
processing finished
start to summarize...
Generating intra-procedural summaries...
Processing callees...
Preprocessing...
processing finished
start to summarize...
Generating intra-procedural summaries...
Processing callees...
Preprocessing...
processing finished
start to summarize...
Generating intra-procedural summaries...
Processing callees...
Preprocessing...
processing finished
start to summarize...
Generating intra-procedural summaries...
Processing callees...
Preprocessing...
processing finished
start to summarize...
Generating intra-procedural summaries...
Processing callees...
Validating......
finish validate
Reporting......
Report generated!

finish report
===================================================
512  /  666 

CWE80_XSS__Servlet_connect_tcp_71 

{'input_token_cost': 3304, 'output_token_cost': 316, 'analysis_result': {'TPs': 0, 'FPs': 0}, 'ground_truth': {'TPs': 1, 'FPs': 1}, 'single time cost': 4.73112416267395} 

===================================================


Start to analyze the case  513 out of  666
/scratch/local/w.nimit/2292/LLMDFA/benchmark/juliet-test-suite-XSS_simplified/CWE80_XSS/s01/CWE80_XSS__Servlet_connect_tcp_72.java
Analyzing......
Preprocessing...
processing finished
start to summarize...
Generating intra-procedural summaries...
Processing callees...
Preprocessing...
processing finished
start to summarize...
Generating intra-procedural summaries...
Processing callees...
Preprocessing...
processing finished
start to summarize...
Generating intra-procedural summaries...
Processing callees...
Preprocessing...
processing finished
start to summarize...
Generating intra-procedural summaries...
Processing callees...
Preprocessing...
processing finished
start to summarize...
Generating intra-procedural summaries...
Processing callees...
Validating......
Applying path checker with solver...
Constructing solving program...
Solver-aided path checker succeeded...
finish validate
Reporting......
Report generated!

finish report
===================================================
513  /  666 

CWE80_XSS__Servlet_connect_tcp_72 

{'input_token_cost': 6845, 'output_token_cost': 798, 'analysis_result': {'TPs': 1, 'FPs': 0}, 'ground_truth': {'TPs': 1, 'FPs': 1}, 'single time cost': 12.0618896484375} 

===================================================


Start to analyze the case  514 out of  666
/scratch/local/w.nimit/2292/LLMDFA/benchmark/juliet-test-suite-XSS_simplified/CWE80_XSS/s01/CWE80_XSS__Servlet_connect_tcp_73.java
Analyzing......
Preprocessing...
processing finished
start to summarize...
Generating intra-procedural summaries...
Processing callees...
Preprocessing...
processing finished
start to summarize...
Generating intra-procedural summaries...
Processing callees...
Preprocessing...
processing finished
start to summarize...
Generating intra-procedural summaries...
Processing callees...
Preprocessing...
processing finished
start to summarize...
Generating intra-procedural summaries...
Processing callees...
Preprocessing...
processing finished
start to summarize...
Generating intra-procedural summaries...
Processing callees...
Validating......
Applying path checker with solver...
Constructing solving program...
Solver-aided path checker succeeded...
finish validate
Reporting......
Report generated!

finish report
===================================================
514  /  666 

CWE80_XSS__Servlet_connect_tcp_73 

{'input_token_cost': 6839, 'output_token_cost': 920, 'analysis_result': {'TPs': 1, 'FPs': 0}, 'ground_truth': {'TPs': 1, 'FPs': 1}, 'single time cost': 13.850605249404907} 

===================================================


Start to analyze the case  515 out of  666
/scratch/local/w.nimit/2292/LLMDFA/benchmark/juliet-test-suite-XSS_simplified/CWE80_XSS/s01/CWE80_XSS__Servlet_connect_tcp_74.java
Analyzing......
Preprocessing...
processing finished
start to summarize...
Generating intra-procedural summaries...
Processing callees...
Preprocessing...
processing finished
start to summarize...
Generating intra-procedural summaries...
Processing callees...
Preprocessing...
processing finished
start to summarize...
Generating intra-procedural summaries...
Processing callees...
Preprocessing...
processing finished
start to summarize...
Generating intra-procedural summaries...
Processing callees...
Preprocessing...
processing finished
start to summarize...
Generating intra-procedural summaries...
Processing callees...
Validating......
Applying path checker with solver...
Constructing solving program...
Solver-aided path checker succeeded...
Applying path checker with solver...
Constructing solving program...
Solver-aided path checker succeeded...
finish validate
Reporting......
Report generated!

finish report
===================================================
515  /  666 

CWE80_XSS__Servlet_connect_tcp_74 

{'input_token_cost': 8560, 'output_token_cost': 1029, 'analysis_result': {'TPs': 1, 'FPs': 0}, 'ground_truth': {'TPs': 1, 'FPs': 1}, 'single time cost': 15.608523607254028} 

===================================================


Start to analyze the case  516 out of  666
/scratch/local/w.nimit/2292/LLMDFA/benchmark/juliet-test-suite-XSS_simplified/CWE80_XSS/s01/CWE80_XSS__Servlet_connect_tcp_75.java
Analyzing......
Preprocessing...
processing finished
start to summarize...
Generating intra-procedural summaries...
Processing callees...
Preprocessing...
processing finished
start to summarize...
Generating intra-procedural summaries...
Processing callees...
Preprocessing...
processing finished
start to summarize...
Generating intra-procedural summaries...
Processing callees...
Preprocessing...
processing finished
start to summarize...
Generating intra-procedural summaries...
Processing callees...
Preprocessing...
processing finished
start to summarize...
Generating intra-procedural summaries...
Processing callees...
Validating......
Applying path checker with solver...
Constructing solving program...
Solver-aided path checker succeeded...
finish validate
Reporting......
Report generated!

finish report
===================================================
516  /  666 

CWE80_XSS__Servlet_connect_tcp_75 

{'input_token_cost': 8270, 'output_token_cost': 749, 'analysis_result': {'TPs': 1, 'FPs': 0}, 'ground_truth': {'TPs': 1, 'FPs': 1}, 'single time cost': 11.471407890319824} 

===================================================


Start to analyze the case  517 out of  666
/scratch/local/w.nimit/2292/LLMDFA/benchmark/juliet-test-suite-XSS_simplified/CWE80_XSS/s01/CWE80_XSS__Servlet_connect_tcp_81.java
Analyzing......
Preprocessing...
processing finished
start to summarize...
Generating intra-procedural summaries...
Processing callees...
Preprocessing...
processing finished
start to summarize...
Generating intra-procedural summaries...
Processing callees...
Preprocessing...
processing finished
start to summarize...
Generating intra-procedural summaries...
Processing callees...
Preprocessing...
processing finished
start to summarize...
Generating intra-procedural summaries...
Processing callees...
Preprocessing...
processing finished
start to summarize...
Generating intra-procedural summaries...
Processing callees...
Validating......
Applying path checker with solver...
Constructing solving program...
Solver-aided path checker succeeded...
finish validate
Reporting......
Report generated!

finish report
===================================================
517  /  666 

CWE80_XSS__Servlet_connect_tcp_81 

{'input_token_cost': 6628, 'output_token_cost': 780, 'analysis_result': {'TPs': 1, 'FPs': 0}, 'ground_truth': {'TPs': 1, 'FPs': 1}, 'single time cost': 11.779128074645996} 

===================================================


Start to analyze the case  518 out of  666
/scratch/local/w.nimit/2292/LLMDFA/benchmark/juliet-test-suite-XSS_simplified/CWE80_XSS/s01/CWE80_XSS__Servlet_database_22.java
Analyzing......
Preprocessing...
processing finished
start to summarize...
Generating intra-procedural summaries...
Processing callees...
Preprocessing...
processing finished
start to summarize...
Generating intra-procedural summaries...
Processing callees...
Preprocessing...
processing finished
start to summarize...
Generating intra-procedural summaries...
Processing callees...
Preprocessing...
processing finished
start to summarize...
Generating intra-procedural summaries...
Processing callees...
Preprocessing...
processing finished
start to summarize...
Generating intra-procedural summaries...
Processing callees...
Preprocessing...
processing finished
start to summarize...
Generating intra-procedural summaries...
Processing callees...
Preprocessing...
processing finished
start to summarize...
Generating intra-procedural summaries...
Processing callees...
Validating......
Applying path checker with solver...
Constructing solving program...
Constructing solving program...
Solver-aided path checker succeeded...
finish validate
Reporting......
Report generated!

finish report
===================================================
518  /  666 

CWE80_XSS__Servlet_database_22 

{'input_token_cost': 17927, 'output_token_cost': 1638, 'analysis_result': {'TPs': 0, 'FPs': 0}, 'ground_truth': {'TPs': 1, 'FPs': 2}, 'single time cost': 25.050048828125} 

===================================================


Start to analyze the case  519 out of  666
/scratch/local/w.nimit/2292/LLMDFA/benchmark/juliet-test-suite-XSS_simplified/CWE80_XSS/s01/CWE80_XSS__Servlet_database_51.java
Analyzing......
Preprocessing...
processing finished
start to summarize...
Generating intra-procedural summaries...
Processing callees...
Preprocessing...
processing finished
start to summarize...
Generating intra-procedural summaries...
Processing callees...
Preprocessing...
processing finished
start to summarize...
Generating intra-procedural summaries...
Processing callees...
Preprocessing...
processing finished
start to summarize...
Generating intra-procedural summaries...
Processing callees...
Preprocessing...
processing finished
start to summarize...
Generating intra-procedural summaries...
Processing callees...
Validating......
Applying path checker with solver...
Constructing solving program...
Solver-aided path checker succeeded...
finish validate
Reporting......
Report generated!

finish report
===================================================
519  /  666 

CWE80_XSS__Servlet_database_51 

{'input_token_cost': 6558, 'output_token_cost': 638, 'analysis_result': {'TPs': 1, 'FPs': 0}, 'ground_truth': {'TPs': 1, 'FPs': 1}, 'single time cost': 9.742966890335083} 

===================================================


Start to analyze the case  520 out of  666
/scratch/local/w.nimit/2292/LLMDFA/benchmark/juliet-test-suite-XSS_simplified/CWE80_XSS/s01/CWE80_XSS__Servlet_database_52.java
Analyzing......
Preprocessing...
processing finished
start to summarize...
Generating intra-procedural summaries...
Processing callees...
Preprocessing...
processing finished
start to summarize...
Generating intra-procedural summaries...
Processing callees...
Preprocessing...
processing finished
start to summarize...
Generating intra-procedural summaries...
Processing callees...
Preprocessing...
processing finished
start to summarize...
Generating intra-procedural summaries...
Processing callees...
Preprocessing...
processing finished
start to summarize...
Generating intra-procedural summaries...
Processing callees...
Preprocessing...
processing finished
start to summarize...
Generating intra-procedural summaries...
Processing callees...
Preprocessing...
processing finished
start to summarize...
Generating intra-procedural summaries...
Processing callees...
Validating......
Applying path checker with solver...
Constructing solving program...
Solver-aided path checker succeeded...
finish validate
Reporting......
Report generated!

finish report
===================================================
520  /  666 

CWE80_XSS__Servlet_database_52 

{'input_token_cost': 12076, 'output_token_cost': 1170, 'analysis_result': {'TPs': 1, 'FPs': 0}, 'ground_truth': {'TPs': 1, 'FPs': 1}, 'single time cost': 17.69023871421814} 

===================================================


Start to analyze the case  521 out of  666
/scratch/local/w.nimit/2292/LLMDFA/benchmark/juliet-test-suite-XSS_simplified/CWE80_XSS/s01/CWE80_XSS__Servlet_database_53.java
Analyzing......
Preprocessing...
processing finished
start to summarize...
Generating intra-procedural summaries...
Processing callees...
Preprocessing...
processing finished
start to summarize...
Generating intra-procedural summaries...
Processing callees...
Preprocessing...
processing finished
start to summarize...
Generating intra-procedural summaries...
Processing callees...
Preprocessing...
processing finished
start to summarize...
Generating intra-procedural summaries...
Processing callees...
Preprocessing...
processing finished
start to summarize...
Generating intra-procedural summaries...
Processing callees...
Preprocessing...
processing finished
start to summarize...
Generating intra-procedural summaries...
Processing callees...
Preprocessing...
processing finished
start to summarize...
Generating intra-procedural summaries...
Processing callees...
Preprocessing...
processing finished
start to summarize...
Generating intra-procedural summaries...
Processing callees...
Preprocessing...
processing finished
start to summarize...
Generating intra-procedural summaries...
Processing callees...
Validating......
Applying path checker with solver...
Constructing solving program...
Solver-aided path checker succeeded...
finish validate
Reporting......
Report generated!

finish report
===================================================
521  /  666 

CWE80_XSS__Servlet_database_53 

{'input_token_cost': 18612, 'output_token_cost': 2105, 'analysis_result': {'TPs': 1, 'FPs': 0}, 'ground_truth': {'TPs': 1, 'FPs': 1}, 'single time cost': 31.611703634262085} 

===================================================


Start to analyze the case  522 out of  666
/scratch/local/w.nimit/2292/LLMDFA/benchmark/juliet-test-suite-XSS_simplified/CWE80_XSS/s01/CWE80_XSS__Servlet_database_54.java
Analyzing......
Preprocessing...
processing finished
start to summarize...
Generating intra-procedural summaries...
Processing callees...
Preprocessing...
processing finished
start to summarize...
Generating intra-procedural summaries...
Processing callees...
Preprocessing...
processing finished
start to summarize...
Generating intra-procedural summaries...
Processing callees...
Preprocessing...
processing finished
start to summarize...
Generating intra-procedural summaries...
Processing callees...
Preprocessing...
processing finished
start to summarize...
Generating intra-procedural summaries...
Processing callees...
Preprocessing...
processing finished
start to summarize...
Generating intra-procedural summaries...
Processing callees...
Preprocessing...
processing finished
start to summarize...
Generating intra-procedural summaries...
Processing callees...
Preprocessing...
processing finished
start to summarize...
Generating intra-procedural summaries...
Processing callees...
Preprocessing...
processing finished
start to summarize...
Generating intra-procedural summaries...
Processing callees...
Preprocessing...
processing finished
start to summarize...
Generating intra-procedural summaries...
Processing callees...
Preprocessing...
processing finished
start to summarize...
Generating intra-procedural summaries...
Processing callees...
Validating......
Applying path checker with solver...
Constructing solving program...
Solver-aided path checker succeeded...
Applying path checker with solver...
Constructing solving program...
Solver-aided path checker succeeded...
Applying path checker with solver...
Constructing solving program...
Solver-aided path checker succeeded...
Applying path checker with solver...
Constructing solving program...
Solver-aided path checker succeeded...
finish validate
Reporting......
Report generated!

finish report
===================================================
522  /  666 

CWE80_XSS__Servlet_database_54 

{'input_token_cost': 30090, 'output_token_cost': 3689, 'analysis_result': {'TPs': 1, 'FPs': 0}, 'ground_truth': {'TPs': 1, 'FPs': 1}, 'single time cost': 55.611106872558594} 

===================================================


Start to analyze the case  523 out of  666
/scratch/local/w.nimit/2292/LLMDFA/benchmark/juliet-test-suite-XSS_simplified/CWE80_XSS/s01/CWE80_XSS__Servlet_database_61.java
Analyzing......
Preprocessing...
processing finished
start to summarize...
Generating intra-procedural summaries...
Processing callees...
Preprocessing...
processing finished
start to summarize...
Generating intra-procedural summaries...
Processing callees...
Preprocessing...
processing finished
start to summarize...
Generating intra-procedural summaries...
Processing callees...
Preprocessing...
processing finished
start to summarize...
Generating intra-procedural summaries...
Processing callees...
Preprocessing...
processing finished
start to summarize...
Generating intra-procedural summaries...
Processing callees...
Validating......
Applying path checker with solver...
Constructing solving program...
Solver-aided path checker succeeded...
finish validate
Reporting......
Report generated!

finish report
===================================================
523  /  666 

CWE80_XSS__Servlet_database_61 

{'input_token_cost': 9755, 'output_token_cost': 919, 'analysis_result': {'TPs': 1, 'FPs': 0}, 'ground_truth': {'TPs': 1, 'FPs': 1}, 'single time cost': 13.97445797920227} 

===================================================


Start to analyze the case  524 out of  666
/scratch/local/w.nimit/2292/LLMDFA/benchmark/juliet-test-suite-XSS_simplified/CWE80_XSS/s01/CWE80_XSS__Servlet_database_66.java
Analyzing......
Preprocessing...
processing finished
start to summarize...
Generating intra-procedural summaries...
Processing callees...
Preprocessing...
processing finished
start to summarize...
Generating intra-procedural summaries...
Processing callees...
Preprocessing...
processing finished
start to summarize...
Generating intra-procedural summaries...
Processing callees...
Preprocessing...
processing finished
start to summarize...
Generating intra-procedural summaries...
Processing callees...
Preprocessing...
processing finished
start to summarize...
Generating intra-procedural summaries...
Processing callees...
Validating......
Applying path checker with solver...
Constructing solving program...
Solver-aided path checker succeeded...
finish validate
Reporting......
Report generated!

finish report
===================================================
524  /  666 

CWE80_XSS__Servlet_database_66 

{'input_token_cost': 6663, 'output_token_cost': 759, 'analysis_result': {'TPs': 1, 'FPs': 0}, 'ground_truth': {'TPs': 1, 'FPs': 1}, 'single time cost': 11.499621868133545} 

===================================================


Start to analyze the case  525 out of  666
/scratch/local/w.nimit/2292/LLMDFA/benchmark/juliet-test-suite-XSS_simplified/CWE80_XSS/s01/CWE80_XSS__Servlet_database_67.java
Analyzing......
Preprocessing...
processing finished
start to summarize...
Generating intra-procedural summaries...
Processing callees...
Preprocessing...
processing finished
start to summarize...
Generating intra-procedural summaries...
Processing callees...
Preprocessing...
processing finished
start to summarize...
Generating intra-procedural summaries...
Processing callees...
Preprocessing...
processing finished
start to summarize...
Generating intra-procedural summaries...
Processing callees...
Preprocessing...
processing finished
start to summarize...
Generating intra-procedural summaries...
Processing callees...
Validating......
Applying path checker with solver...
Constructing solving program...
Solver-aided path checker succeeded...
finish validate
Reporting......
Report generated!

finish report
===================================================
525  /  666 

CWE80_XSS__Servlet_database_67 

{'input_token_cost': 6668, 'output_token_cost': 636, 'analysis_result': {'TPs': 1, 'FPs': 0}, 'ground_truth': {'TPs': 1, 'FPs': 1}, 'single time cost': 9.690964937210083} 

===================================================


Start to analyze the case  526 out of  666
/scratch/local/w.nimit/2292/LLMDFA/benchmark/juliet-test-suite-XSS_simplified/CWE80_XSS/s01/CWE80_XSS__Servlet_database_68.java
Analyzing......
Preprocessing...
processing finished
start to summarize...
Generating intra-procedural summaries...
Processing callees...
Preprocessing...
processing finished
start to summarize...
Generating intra-procedural summaries...
Processing callees...
Preprocessing...
processing finished
start to summarize...
Generating intra-procedural summaries...
Processing callees...
Preprocessing...
processing finished
start to summarize...
Generating intra-procedural summaries...
Processing callees...
Preprocessing...
processing finished
start to summarize...
Generating intra-procedural summaries...
Processing callees...
Validating......
Applying path checker with solver...
Constructing solving program...
Solver-aided path checker succeeded...
Applying path checker with solver...
Constructing solving program...
Solver-aided path checker succeeded...
finish validate
Reporting......
Report generated!

finish report
===================================================
526  /  666 

CWE80_XSS__Servlet_database_68 

{'input_token_cost': 11237, 'output_token_cost': 1309, 'analysis_result': {'TPs': 1, 'FPs': 0}, 'ground_truth': {'TPs': 1, 'FPs': 1}, 'single time cost': 20.04155135154724} 

===================================================


Start to analyze the case  527 out of  666
/scratch/local/w.nimit/2292/LLMDFA/benchmark/juliet-test-suite-XSS_simplified/CWE80_XSS/s01/CWE80_XSS__Servlet_database_71.java
Analyzing......
Preprocessing...
processing finished
start to summarize...
Generating intra-procedural summaries...
Processing callees...
Preprocessing...
processing finished
start to summarize...
Generating intra-procedural summaries...
Processing callees...
Preprocessing...
processing finished
start to summarize...
Generating intra-procedural summaries...
Processing callees...
Preprocessing...
processing finished
start to summarize...
Generating intra-procedural summaries...
Processing callees...
Preprocessing...
processing finished
start to summarize...
Generating intra-procedural summaries...
Processing callees...
Validating......
finish validate
Reporting......
Report generated!

finish report
===================================================
527  /  666 

CWE80_XSS__Servlet_database_71 

{'input_token_cost': 3254, 'output_token_cost': 391, 'analysis_result': {'TPs': 0, 'FPs': 0}, 'ground_truth': {'TPs': 1, 'FPs': 1}, 'single time cost': 5.84135365486145} 

===================================================


Start to analyze the case  528 out of  666
/scratch/local/w.nimit/2292/LLMDFA/benchmark/juliet-test-suite-XSS_simplified/CWE80_XSS/s01/CWE80_XSS__Servlet_database_72.java
Analyzing......
Preprocessing...
processing finished
start to summarize...
Generating intra-procedural summaries...
Processing callees...
Preprocessing...
processing finished
start to summarize...
Generating intra-procedural summaries...
Processing callees...
Preprocessing...
processing finished
start to summarize...
Generating intra-procedural summaries...
Processing callees...
Preprocessing...
processing finished
start to summarize...
Generating intra-procedural summaries...
Processing callees...
Preprocessing...
processing finished
start to summarize...
Generating intra-procedural summaries...
Processing callees...
Validating......
Applying path checker with solver...
Constructing solving program...
Solver-aided path checker succeeded...
finish validate
Reporting......
Report generated!

finish report
===================================================
528  /  666 

CWE80_XSS__Servlet_database_72 

{'input_token_cost': 6766, 'output_token_cost': 962, 'analysis_result': {'TPs': 1, 'FPs': 0}, 'ground_truth': {'TPs': 1, 'FPs': 1}, 'single time cost': 14.491474390029907} 

===================================================


Start to analyze the case  529 out of  666
/scratch/local/w.nimit/2292/LLMDFA/benchmark/juliet-test-suite-XSS_simplified/CWE80_XSS/s01/CWE80_XSS__Servlet_database_73.java
Analyzing......
Preprocessing...
processing finished
start to summarize...
Generating intra-procedural summaries...
Processing callees...
Preprocessing...
processing finished
start to summarize...
Generating intra-procedural summaries...
Processing callees...
Preprocessing...
processing finished
start to summarize...
Generating intra-procedural summaries...
Processing callees...
Preprocessing...
processing finished
start to summarize...
Generating intra-procedural summaries...
Processing callees...
Preprocessing...
processing finished
start to summarize...
Generating intra-procedural summaries...
Processing callees...
Validating......
Applying path checker with solver...
Constructing solving program...
Solver-aided path checker succeeded...
finish validate
Reporting......
Report generated!

finish report
===================================================
529  /  666 

CWE80_XSS__Servlet_database_73 

{'input_token_cost': 6760, 'output_token_cost': 710, 'analysis_result': {'TPs': 1, 'FPs': 0}, 'ground_truth': {'TPs': 1, 'FPs': 1}, 'single time cost': 10.782198190689087} 

===================================================


Start to analyze the case  530 out of  666
/scratch/local/w.nimit/2292/LLMDFA/benchmark/juliet-test-suite-XSS_simplified/CWE80_XSS/s01/CWE80_XSS__Servlet_database_74.java
Analyzing......
Preprocessing...
processing finished
start to summarize...
Generating intra-procedural summaries...
Processing callees...
Preprocessing...
processing finished
start to summarize...
Generating intra-procedural summaries...
Processing callees...
Preprocessing...
processing finished
start to summarize...
Generating intra-procedural summaries...
Processing callees...
Preprocessing...
processing finished
start to summarize...
Generating intra-procedural summaries...
Processing callees...
Preprocessing...
processing finished
start to summarize...
Generating intra-procedural summaries...
Processing callees...
Validating......
Applying path checker with solver...
Constructing solving program...
Solver-aided path checker succeeded...
Applying path checker with solver...
Constructing solving program...
Solver-aided path checker succeeded...
finish validate
Reporting......
Report generated!

finish report
===================================================
530  /  666 

CWE80_XSS__Servlet_database_74 

{'input_token_cost': 8477, 'output_token_cost': 1101, 'analysis_result': {'TPs': 1, 'FPs': 0}, 'ground_truth': {'TPs': 1, 'FPs': 1}, 'single time cost': 16.68373417854309} 

===================================================


Start to analyze the case  531 out of  666
/scratch/local/w.nimit/2292/LLMDFA/benchmark/juliet-test-suite-XSS_simplified/CWE80_XSS/s01/CWE80_XSS__Servlet_database_75.java
Analyzing......
Preprocessing...
processing finished
start to summarize...
Generating intra-procedural summaries...
Processing callees...
Preprocessing...
processing finished
start to summarize...
Generating intra-procedural summaries...
Processing callees...
Preprocessing...
processing finished
start to summarize...
Generating intra-procedural summaries...
Processing callees...
Preprocessing...
processing finished
start to summarize...
Generating intra-procedural summaries...
Processing callees...
Preprocessing...
processing finished
start to summarize...
Generating intra-procedural summaries...
Processing callees...
Validating......
Applying path checker with solver...
Constructing solving program...
Solver-aided path checker succeeded...
finish validate
Reporting......
Report generated!

finish report
===================================================
531  /  666 

CWE80_XSS__Servlet_database_75 

{'input_token_cost': 8185, 'output_token_cost': 657, 'analysis_result': {'TPs': 1, 'FPs': 0}, 'ground_truth': {'TPs': 1, 'FPs': 1}, 'single time cost': 10.129976511001587} 

===================================================


Start to analyze the case  532 out of  666
/scratch/local/w.nimit/2292/LLMDFA/benchmark/juliet-test-suite-XSS_simplified/CWE80_XSS/s01/CWE80_XSS__Servlet_database_81.java
Analyzing......
Preprocessing...
processing finished
start to summarize...
Generating intra-procedural summaries...
Processing callees...
Preprocessing...
processing finished
start to summarize...
Generating intra-procedural summaries...
Processing callees...
Preprocessing...
processing finished
start to summarize...
Generating intra-procedural summaries...
Processing callees...
Preprocessing...
processing finished
start to summarize...
Generating intra-procedural summaries...
Processing callees...
Preprocessing...
processing finished
start to summarize...
Generating intra-procedural summaries...
Processing callees...
Validating......
Applying path checker with solver...
Constructing solving program...
Solver-aided path checker succeeded...
finish validate
Reporting......
Report generated!

finish report
===================================================
532  /  666 

CWE80_XSS__Servlet_database_81 

{'input_token_cost': 6548, 'output_token_cost': 675, 'analysis_result': {'TPs': 1, 'FPs': 0}, 'ground_truth': {'TPs': 1, 'FPs': 1}, 'single time cost': 10.262244701385498} 

===================================================


Start to analyze the case  533 out of  666
/scratch/local/w.nimit/2292/LLMDFA/benchmark/juliet-test-suite-XSS_simplified/CWE80_XSS/s01/CWE80_XSS__Servlet_getCookies_Servlet_22.java
Analyzing......
Preprocessing...
processing finished
start to summarize...
Generating intra-procedural summaries...
Processing callees...
Preprocessing...
processing finished
start to summarize...
Generating intra-procedural summaries...
Processing callees...
Preprocessing...
processing finished
start to summarize...
Generating intra-procedural summaries...
Processing callees...
Preprocessing...
processing finished
start to summarize...
Generating intra-procedural summaries...
Processing callees...
Preprocessing...
processing finished
start to summarize...
Generating intra-procedural summaries...
Processing callees...
Preprocessing...
processing finished
start to summarize...
Generating intra-procedural summaries...
Processing callees...
Preprocessing...
processing finished
start to summarize...
Generating intra-procedural summaries...
Processing callees...
Validating......
Applying path checker with solver...
Constructing solving program...
Constructing solving program...
Solver-aided path checker succeeded...
Applying path checker with solver...
Constructing solving program...
Solver-aided path checker succeeded...
Applying path checker with solver...
Constructing solving program...
Solver-aided path checker succeeded...
Applying path checker with solver...
Constructing solving program...
Solver-aided path checker succeeded...
finish validate
Reporting......
Report generated!

finish report
===================================================
533  /  666 

CWE80_XSS__Servlet_getCookies_Servlet_22 

{'input_token_cost': 25420, 'output_token_cost': 3064, 'analysis_result': {'TPs': 1, 'FPs': 2}, 'ground_truth': {'TPs': 1, 'FPs': 2}, 'single time cost': 46.445613622665405} 

===================================================


Start to analyze the case  534 out of  666
/scratch/local/w.nimit/2292/LLMDFA/benchmark/juliet-test-suite-XSS_simplified/CWE80_XSS/s01/CWE80_XSS__Servlet_getCookies_Servlet_51.java
Analyzing......
Preprocessing...
processing finished
start to summarize...
Generating intra-procedural summaries...
Processing callees...
Preprocessing...
processing finished
start to summarize...
Generating intra-procedural summaries...
Processing callees...
Preprocessing...
processing finished
start to summarize...
Generating intra-procedural summaries...
Processing callees...
Preprocessing...
processing finished
start to summarize...
Generating intra-procedural summaries...
Processing callees...
Preprocessing...
processing finished
start to summarize...
Generating intra-procedural summaries...
Processing callees...
Validating......
Applying path checker with solver...
Constructing solving program...
Solver-aided path checker succeeded...
finish validate
Reporting......
Report generated!

finish report
===================================================
534  /  666 

CWE80_XSS__Servlet_getCookies_Servlet_51 

{'input_token_cost': 5232, 'output_token_cost': 609, 'analysis_result': {'TPs': 1, 'FPs': 0}, 'ground_truth': {'TPs': 1, 'FPs': 1}, 'single time cost': 9.267939567565918} 

===================================================


Start to analyze the case  535 out of  666
/scratch/local/w.nimit/2292/LLMDFA/benchmark/juliet-test-suite-XSS_simplified/CWE80_XSS/s01/CWE80_XSS__Servlet_getCookies_Servlet_52.java
Analyzing......
Preprocessing...
processing finished
start to summarize...
Generating intra-procedural summaries...
Processing callees...
Preprocessing...
processing finished
start to summarize...
Generating intra-procedural summaries...
Processing callees...
Preprocessing...
processing finished
start to summarize...
Generating intra-procedural summaries...
Processing callees...
Preprocessing...
processing finished
start to summarize...
Generating intra-procedural summaries...
Processing callees...
Preprocessing...
processing finished
start to summarize...
Generating intra-procedural summaries...
Processing callees...
Preprocessing...
processing finished
start to summarize...
Generating intra-procedural summaries...
Processing callees...
Preprocessing...
processing finished
start to summarize...
Generating intra-procedural summaries...
Processing callees...
Validating......
Applying path checker with solver...
Constructing solving program...
Solver-aided path checker succeeded...
finish validate
Reporting......
Report generated!

finish report
===================================================
535  /  666 

CWE80_XSS__Servlet_getCookies_Servlet_52 

{'input_token_cost': 8518, 'output_token_cost': 1051, 'analysis_result': {'TPs': 1, 'FPs': 0}, 'ground_truth': {'TPs': 1, 'FPs': 1}, 'single time cost': 15.858585119247437} 

===================================================


Start to analyze the case  536 out of  666
/scratch/local/w.nimit/2292/LLMDFA/benchmark/juliet-test-suite-XSS_simplified/CWE80_XSS/s01/CWE80_XSS__Servlet_getCookies_Servlet_53.java
Analyzing......
Preprocessing...
processing finished
start to summarize...
Generating intra-procedural summaries...
Processing callees...
Preprocessing...
processing finished
start to summarize...
Generating intra-procedural summaries...
Processing callees...
Preprocessing...
processing finished
start to summarize...
Generating intra-procedural summaries...
Processing callees...
Preprocessing...
processing finished
start to summarize...
Generating intra-procedural summaries...
Processing callees...
Preprocessing...
processing finished
start to summarize...
Generating intra-procedural summaries...
Processing callees...
Preprocessing...
processing finished
start to summarize...
Generating intra-procedural summaries...
Processing callees...
Preprocessing...
processing finished
start to summarize...
Generating intra-procedural summaries...
Processing callees...
Preprocessing...
processing finished
start to summarize...
Generating intra-procedural summaries...
Processing callees...
Preprocessing...
processing finished
start to summarize...
Generating intra-procedural summaries...
Processing callees...
Validating......
finish validate
Reporting......
Report generated!

finish report
===================================================
536  /  666 

CWE80_XSS__Servlet_getCookies_Servlet_53 

{'input_token_cost': 3543, 'output_token_cost': 393, 'analysis_result': {'TPs': 0, 'FPs': 0}, 'ground_truth': {'TPs': 1, 'FPs': 1}, 'single time cost': 5.878779649734497} 

===================================================


Start to analyze the case  537 out of  666
/scratch/local/w.nimit/2292/LLMDFA/benchmark/juliet-test-suite-XSS_simplified/CWE80_XSS/s01/CWE80_XSS__Servlet_getCookies_Servlet_54.java
Analyzing......
Preprocessing...
processing finished
start to summarize...
Generating intra-procedural summaries...
Processing callees...
Preprocessing...
processing finished
start to summarize...
Generating intra-procedural summaries...
Processing callees...
Preprocessing...
processing finished
start to summarize...
Generating intra-procedural summaries...
Processing callees...
Preprocessing...
processing finished
start to summarize...
Generating intra-procedural summaries...
Processing callees...
Preprocessing...
processing finished
start to summarize...
Generating intra-procedural summaries...
Processing callees...
Preprocessing...
processing finished
start to summarize...
Generating intra-procedural summaries...
Processing callees...
Preprocessing...
processing finished
start to summarize...
Generating intra-procedural summaries...
Processing callees...
Preprocessing...
processing finished
start to summarize...
Generating intra-procedural summaries...
Processing callees...
Preprocessing...
processing finished
start to summarize...
Generating intra-procedural summaries...
Processing callees...
Preprocessing...
processing finished
start to summarize...
Generating intra-procedural summaries...
Processing callees...
Preprocessing...
processing finished
start to summarize...
Generating intra-procedural summaries...
Processing callees...
Validating......
Applying path checker with solver...
Constructing solving program...
Solver-aided path checker succeeded...
finish validate
Reporting......
Report generated!

finish report
===================================================
537  /  666 

CWE80_XSS__Servlet_getCookies_Servlet_54 

{'input_token_cost': 33776, 'output_token_cost': 3787, 'analysis_result': {'TPs': 1, 'FPs': 0}, 'ground_truth': {'TPs': 1, 'FPs': 1}, 'single time cost': 56.83248805999756} 

===================================================


Start to analyze the case  538 out of  666
/scratch/local/w.nimit/2292/LLMDFA/benchmark/juliet-test-suite-XSS_simplified/CWE80_XSS/s01/CWE80_XSS__Servlet_getCookies_Servlet_61.java
Analyzing......
Preprocessing...
processing finished
start to summarize...
Generating intra-procedural summaries...
Processing callees...
Preprocessing...
processing finished
start to summarize...
Generating intra-procedural summaries...
Processing callees...
Preprocessing...
processing finished
start to summarize...
Generating intra-procedural summaries...
Processing callees...
Preprocessing...
processing finished
start to summarize...
Generating intra-procedural summaries...
Processing callees...
Preprocessing...
processing finished
start to summarize...
Generating intra-procedural summaries...
Processing callees...
Validating......
Applying path checker with solver...
Constructing solving program...
Solver-aided path checker succeeded...
Applying path checker with solver...
Constructing solving program...
Solver-aided path checker succeeded...
Applying path checker with solver...
Constructing solving program...
Solver-aided path checker succeeded...
finish validate
Reporting......
Report generated!

finish report
===================================================
538  /  666 

CWE80_XSS__Servlet_getCookies_Servlet_61 

{'input_token_cost': 11895, 'output_token_cost': 1277, 'analysis_result': {'TPs': 2, 'FPs': 1}, 'ground_truth': {'TPs': 1, 'FPs': 1}, 'single time cost': 19.515418529510498} 

===================================================


Start to analyze the case  539 out of  666
/scratch/local/w.nimit/2292/LLMDFA/benchmark/juliet-test-suite-XSS_simplified/CWE80_XSS/s01/CWE80_XSS__Servlet_getCookies_Servlet_66.java
Analyzing......
Preprocessing...
processing finished
start to summarize...
Generating intra-procedural summaries...
Processing callees...
Preprocessing...
processing finished
start to summarize...
Generating intra-procedural summaries...
Processing callees...
Preprocessing...
processing finished
start to summarize...
Generating intra-procedural summaries...
Processing callees...
Preprocessing...
processing finished
start to summarize...
Generating intra-procedural summaries...
Processing callees...
Preprocessing...
processing finished
start to summarize...
Generating intra-procedural summaries...
Processing callees...
Validating......
Applying path checker with solver...
Constructing solving program...
Solver-aided path checker succeeded...
finish validate
Reporting......
Report generated!

finish report
===================================================
539  /  666 

CWE80_XSS__Servlet_getCookies_Servlet_66 

{'input_token_cost': 5337, 'output_token_cost': 922, 'analysis_result': {'TPs': 1, 'FPs': 0}, 'ground_truth': {'TPs': 1, 'FPs': 1}, 'single time cost': 13.853487730026245} 

===================================================


Start to analyze the case  540 out of  666
/scratch/local/w.nimit/2292/LLMDFA/benchmark/juliet-test-suite-XSS_simplified/CWE80_XSS/s01/CWE80_XSS__Servlet_getCookies_Servlet_67.java
Analyzing......
Preprocessing...
processing finished
start to summarize...
Generating intra-procedural summaries...
Processing callees...
Preprocessing...
processing finished
start to summarize...
Generating intra-procedural summaries...
Processing callees...
Preprocessing...
processing finished
start to summarize...
Generating intra-procedural summaries...
Processing callees...
Preprocessing...
processing finished
start to summarize...
Generating intra-procedural summaries...
Processing callees...
Preprocessing...
processing finished
start to summarize...
Generating intra-procedural summaries...
Processing callees...
Validating......
Applying path checker with solver...
Constructing solving program...
Solver-aided path checker succeeded...
Applying path checker with solver...
Constructing solving program...
Solver-aided path checker succeeded...
Applying path checker with solver...
Constructing solving program...
Solver-aided path checker succeeded...
finish validate
Reporting......
Report generated!

finish report
===================================================
540  /  666 

CWE80_XSS__Servlet_getCookies_Servlet_67 

{'input_token_cost': 8785, 'output_token_cost': 1311, 'analysis_result': {'TPs': 1, 'FPs': 0}, 'ground_truth': {'TPs': 1, 'FPs': 1}, 'single time cost': 19.885201930999756} 

===================================================


Start to analyze the case  541 out of  666
/scratch/local/w.nimit/2292/LLMDFA/benchmark/juliet-test-suite-XSS_simplified/CWE80_XSS/s01/CWE80_XSS__Servlet_getCookies_Servlet_68.java
Analyzing......
Preprocessing...
processing finished
start to summarize...
Generating intra-procedural summaries...
Processing callees...
Preprocessing...
processing finished
start to summarize...
Generating intra-procedural summaries...
Processing callees...
Preprocessing...
processing finished
start to summarize...
Generating intra-procedural summaries...
Processing callees...
Preprocessing...
processing finished
start to summarize...
Generating intra-procedural summaries...
Processing callees...
Preprocessing...
processing finished
start to summarize...
Generating intra-procedural summaries...
Processing callees...
Validating......
Applying path checker with solver...
Constructing solving program...
Solver-aided path checker succeeded...
Applying path checker with solver...
Constructing solving program...
Solver-aided path checker succeeded...
Applying path checker with solver...
Constructing solving program...
Constructing solving program...
Solver-aided path checker succeeded...
Applying path checker with solver...
Constructing solving program...
Solver-aided path checker succeeded...
finish validate
Reporting......
Report generated!

finish report
===================================================
541  /  666 

CWE80_XSS__Servlet_getCookies_Servlet_68 

{'input_token_cost': 12537, 'output_token_cost': 1713, 'analysis_result': {'TPs': 2, 'FPs': 1}, 'ground_truth': {'TPs': 1, 'FPs': 1}, 'single time cost': 26.22300124168396} 

===================================================


Start to analyze the case  542 out of  666
/scratch/local/w.nimit/2292/LLMDFA/benchmark/juliet-test-suite-XSS_simplified/CWE80_XSS/s01/CWE80_XSS__Servlet_getCookies_Servlet_71.java
Analyzing......
Preprocessing...
processing finished
start to summarize...
Generating intra-procedural summaries...
Processing callees...
Preprocessing...
processing finished
start to summarize...
Generating intra-procedural summaries...
Processing callees...
Preprocessing...
processing finished
start to summarize...
Generating intra-procedural summaries...
Processing callees...
Preprocessing...
processing finished
start to summarize...
Generating intra-procedural summaries...
Processing callees...
Preprocessing...
processing finished
start to summarize...
Generating intra-procedural summaries...
Processing callees...
Validating......
Applying path checker with solver...
Constructing solving program...
Solver-aided path checker succeeded...
Applying path checker with solver...
Constructing solving program...
Solver-aided path checker succeeded...
finish validate
Reporting......
Report generated!

finish report
===================================================
542  /  666 

CWE80_XSS__Servlet_getCookies_Servlet_71 

{'input_token_cost': 5772, 'output_token_cost': 746, 'analysis_result': {'TPs': 1, 'FPs': 0}, 'ground_truth': {'TPs': 1, 'FPs': 1}, 'single time cost': 11.378411054611206} 

===================================================


Start to analyze the case  543 out of  666
/scratch/local/w.nimit/2292/LLMDFA/benchmark/juliet-test-suite-XSS_simplified/CWE80_XSS/s01/CWE80_XSS__Servlet_getCookies_Servlet_72.java
Analyzing......
Preprocessing...
processing finished
start to summarize...
Generating intra-procedural summaries...
Processing callees...
Preprocessing...
processing finished
start to summarize...
Generating intra-procedural summaries...
Processing callees...
Preprocessing...
processing finished
start to summarize...
Generating intra-procedural summaries...
Processing callees...
Preprocessing...
processing finished
start to summarize...
Generating intra-procedural summaries...
Processing callees...
Preprocessing...
processing finished
start to summarize...
Generating intra-procedural summaries...
Processing callees...
Validating......
Applying path checker with solver...
Constructing solving program...
Solver-aided path checker succeeded...
finish validate
Reporting......
Report generated!

finish report
===================================================
543  /  666 

CWE80_XSS__Servlet_getCookies_Servlet_72 

{'input_token_cost': 6586, 'output_token_cost': 1004, 'analysis_result': {'TPs': 1, 'FPs': 0}, 'ground_truth': {'TPs': 1, 'FPs': 1}, 'single time cost': 15.09160327911377} 

===================================================


Start to analyze the case  544 out of  666
/scratch/local/w.nimit/2292/LLMDFA/benchmark/juliet-test-suite-XSS_simplified/CWE80_XSS/s01/CWE80_XSS__Servlet_getCookies_Servlet_73.java
Analyzing......
Preprocessing...
processing finished
start to summarize...
Generating intra-procedural summaries...
Processing callees...
Preprocessing...
processing finished
start to summarize...
Generating intra-procedural summaries...
Processing callees...
Preprocessing...
processing finished
start to summarize...
Generating intra-procedural summaries...
Processing callees...
Preprocessing...
processing finished
start to summarize...
Generating intra-procedural summaries...
Processing callees...
Preprocessing...
processing finished
start to summarize...
Generating intra-procedural summaries...
Processing callees...
Validating......
Applying path checker with solver...
Constructing solving program...
Solver-aided path checker succeeded...
finish validate
Reporting......
Report generated!

finish report
===================================================
544  /  666 

CWE80_XSS__Servlet_getCookies_Servlet_73 

{'input_token_cost': 6580, 'output_token_cost': 1043, 'analysis_result': {'TPs': 1, 'FPs': 0}, 'ground_truth': {'TPs': 1, 'FPs': 1}, 'single time cost': 15.668621301651001} 

===================================================


Start to analyze the case  545 out of  666
/scratch/local/w.nimit/2292/LLMDFA/benchmark/juliet-test-suite-XSS_simplified/CWE80_XSS/s01/CWE80_XSS__Servlet_getCookies_Servlet_74.java
Analyzing......
Preprocessing...
processing finished
start to summarize...
Generating intra-procedural summaries...
Processing callees...
Preprocessing...
processing finished
start to summarize...
Generating intra-procedural summaries...
Processing callees...
Preprocessing...
processing finished
start to summarize...
Generating intra-procedural summaries...
Processing callees...
Preprocessing...
processing finished
start to summarize...
Generating intra-procedural summaries...
Processing callees...
Preprocessing...
processing finished
start to summarize...
Generating intra-procedural summaries...
Processing callees...
Validating......
Applying path checker with solver...
Constructing solving program...
Solver-aided path checker succeeded...
finish validate
Reporting......
Report generated!

finish report
===================================================
545  /  666 

CWE80_XSS__Servlet_getCookies_Servlet_74 

{'input_token_cost': 6596, 'output_token_cost': 996, 'analysis_result': {'TPs': 1, 'FPs': 0}, 'ground_truth': {'TPs': 1, 'FPs': 1}, 'single time cost': 14.976949691772461} 

===================================================


Start to analyze the case  546 out of  666
/scratch/local/w.nimit/2292/LLMDFA/benchmark/juliet-test-suite-XSS_simplified/CWE80_XSS/s01/CWE80_XSS__Servlet_getCookies_Servlet_75.java
Analyzing......
Preprocessing...
processing finished
start to summarize...
Generating intra-procedural summaries...
Processing callees...
Preprocessing...
processing finished
start to summarize...
Generating intra-procedural summaries...
Processing callees...
Preprocessing...
processing finished
start to summarize...
Generating intra-procedural summaries...
Processing callees...
Preprocessing...
processing finished
start to summarize...
Generating intra-procedural summaries...
Processing callees...
Preprocessing...
processing finished
start to summarize...
Generating intra-procedural summaries...
Processing callees...
Validating......
Applying path checker with solver...
Constructing solving program...
Refining solving program...
Solver-aided path checker succeeded...
finish validate
Reporting......
Report generated!

finish report
===================================================
546  /  666 

CWE80_XSS__Servlet_getCookies_Servlet_75 

{'input_token_cost': 7656, 'output_token_cost': 1179, 'analysis_result': {'TPs': 1, 'FPs': 0}, 'ground_truth': {'TPs': 1, 'FPs': 1}, 'single time cost': 17.830827236175537} 

===================================================


Start to analyze the case  547 out of  666
/scratch/local/w.nimit/2292/LLMDFA/benchmark/juliet-test-suite-XSS_simplified/CWE80_XSS/s01/CWE80_XSS__Servlet_getCookies_Servlet_81.java
Analyzing......
Preprocessing...
processing finished
start to summarize...
Generating intra-procedural summaries...
Processing callees...
Preprocessing...
processing finished
start to summarize...
Generating intra-procedural summaries...
Processing callees...
Preprocessing...
processing finished
start to summarize...
Generating intra-procedural summaries...
Processing callees...
Preprocessing...
processing finished
start to summarize...
Generating intra-procedural summaries...
Processing callees...
Preprocessing...
processing finished
start to summarize...
Generating intra-procedural summaries...
Processing callees...
Validating......
Applying path checker with solver...
Constructing solving program...
Solver-aided path checker succeeded...
finish validate
Reporting......
Report generated!

finish report
===================================================
547  /  666 

CWE80_XSS__Servlet_getCookies_Servlet_81 

{'input_token_cost': 5222, 'output_token_cost': 713, 'analysis_result': {'TPs': 1, 'FPs': 0}, 'ground_truth': {'TPs': 1, 'FPs': 1}, 'single time cost': 10.785158634185791} 

===================================================


Start to analyze the case  548 out of  666
/scratch/local/w.nimit/2292/LLMDFA/benchmark/juliet-test-suite-XSS_simplified/CWE80_XSS/s01/CWE80_XSS__Servlet_getParameter_Servlet_22.java
Analyzing......
Preprocessing...
processing finished
start to summarize...
Generating intra-procedural summaries...
Processing callees...
Preprocessing...
processing finished
start to summarize...
Generating intra-procedural summaries...
Processing callees...
Preprocessing...
processing finished
start to summarize...
Generating intra-procedural summaries...
Processing callees...
Preprocessing...
processing finished
start to summarize...
Generating intra-procedural summaries...
Processing callees...
Preprocessing...
processing finished
start to summarize...
Generating intra-procedural summaries...
Processing callees...
Preprocessing...
processing finished
start to summarize...
Generating intra-procedural summaries...
Processing callees...
Preprocessing...
processing finished
start to summarize...
Generating intra-procedural summaries...
Processing callees...
Validating......
Applying path checker with solver...
Constructing solving program...
Constructing solving program...
Solver-aided path checker succeeded...
Applying path checker with solver...
Constructing solving program...
Solver-aided path checker succeeded...
Applying path checker with solver...
Constructing solving program...
Solver-aided path checker succeeded...
Applying path checker with solver...
Constructing solving program...
Solver-aided path checker succeeded...
finish validate
Reporting......
Report generated!

finish report
===================================================
548  /  666 

CWE80_XSS__Servlet_getParameter_Servlet_22 

{'input_token_cost': 25189, 'output_token_cost': 2839, 'analysis_result': {'TPs': 1, 'FPs': 2}, 'ground_truth': {'TPs': 1, 'FPs': 2}, 'single time cost': 43.133180141448975} 

===================================================


Start to analyze the case  549 out of  666
/scratch/local/w.nimit/2292/LLMDFA/benchmark/juliet-test-suite-XSS_simplified/CWE80_XSS/s01/CWE80_XSS__Servlet_getParameter_Servlet_51.java
Analyzing......
Preprocessing...
processing finished
start to summarize...
Generating intra-procedural summaries...
Processing callees...
Preprocessing...
processing finished
start to summarize...
Generating intra-procedural summaries...
Processing callees...
Preprocessing...
processing finished
start to summarize...
Generating intra-procedural summaries...
Processing callees...
Preprocessing...
processing finished
start to summarize...
Generating intra-procedural summaries...
Processing callees...
Preprocessing...
processing finished
start to summarize...
Generating intra-procedural summaries...
Processing callees...
Validating......
Applying path checker with solver...
Constructing solving program...
Solver-aided path checker succeeded...
finish validate
Reporting......
Report generated!

finish report
===================================================
549  /  666 

CWE80_XSS__Servlet_getParameter_Servlet_51 

{'input_token_cost': 7254, 'output_token_cost': 816, 'analysis_result': {'TPs': 1, 'FPs': 0}, 'ground_truth': {'TPs': 1, 'FPs': 1}, 'single time cost': 12.348597049713135} 

===================================================


Start to analyze the case  550 out of  666
/scratch/local/w.nimit/2292/LLMDFA/benchmark/juliet-test-suite-XSS_simplified/CWE80_XSS/s01/CWE80_XSS__Servlet_getParameter_Servlet_52.java
Analyzing......
Preprocessing...
processing finished
start to summarize...
Generating intra-procedural summaries...
Processing callees...
Preprocessing...
processing finished
start to summarize...
Generating intra-procedural summaries...
Processing callees...
Preprocessing...
processing finished
start to summarize...
Generating intra-procedural summaries...
Processing callees...
Preprocessing...
processing finished
start to summarize...
Generating intra-procedural summaries...
Processing callees...
Preprocessing...
processing finished
start to summarize...
Generating intra-procedural summaries...
Processing callees...
Preprocessing...
processing finished
start to summarize...
Generating intra-procedural summaries...
Processing callees...
Preprocessing...
processing finished
start to summarize...
Generating intra-procedural summaries...
Processing callees...
Validating......
Applying path checker with solver...
Constructing solving program...
Solver-aided path checker succeeded...
finish validate
Reporting......
Report generated!

finish report
===================================================
550  /  666 

CWE80_XSS__Servlet_getParameter_Servlet_52 

{'input_token_cost': 17094, 'output_token_cost': 2027, 'analysis_result': {'TPs': 1, 'FPs': 0}, 'ground_truth': {'TPs': 1, 'FPs': 1}, 'single time cost': 30.417993783950806} 

===================================================


Start to analyze the case  551 out of  666
/scratch/local/w.nimit/2292/LLMDFA/benchmark/juliet-test-suite-XSS_simplified/CWE80_XSS/s01/CWE80_XSS__Servlet_getParameter_Servlet_53.java
Analyzing......
Preprocessing...
processing finished
start to summarize...
Generating intra-procedural summaries...
Processing callees...
Preprocessing...
processing finished
start to summarize...
Generating intra-procedural summaries...
Processing callees...
Preprocessing...
processing finished
start to summarize...
Generating intra-procedural summaries...
Processing callees...
Preprocessing...
processing finished
start to summarize...
Generating intra-procedural summaries...
Processing callees...
Preprocessing...
processing finished
start to summarize...
Generating intra-procedural summaries...
Processing callees...
Preprocessing...
processing finished
start to summarize...
Generating intra-procedural summaries...
Processing callees...
Preprocessing...
processing finished
start to summarize...
Generating intra-procedural summaries...
Processing callees...
Preprocessing...
processing finished
start to summarize...
Generating intra-procedural summaries...
Processing callees...
Preprocessing...
processing finished
start to summarize...
Generating intra-procedural summaries...
Processing callees...
Validating......
Applying path checker with solver...
Constructing solving program...
Solver-aided path checker succeeded...
Applying path checker with solver...
Constructing solving program...
Solver-aided path checker succeeded...
Applying path checker with solver...
Constructing solving program...
Solver-aided path checker succeeded...
Applying path checker with solver...
Constructing solving program...
Solver-aided path checker succeeded...
Applying path checker with solver...
Constructing solving program...
Solver-aided path checker succeeded...
finish validate
Reporting......
Report generated!

finish report
===================================================
551  /  666 

CWE80_XSS__Servlet_getParameter_Servlet_53 

{'input_token_cost': 29174, 'output_token_cost': 3476, 'analysis_result': {'TPs': 1, 'FPs': 0}, 'ground_truth': {'TPs': 1, 'FPs': 1}, 'single time cost': 52.50865912437439} 

===================================================


Start to analyze the case  552 out of  666
/scratch/local/w.nimit/2292/LLMDFA/benchmark/juliet-test-suite-XSS_simplified/CWE80_XSS/s01/CWE80_XSS__Servlet_getParameter_Servlet_54.java
Analyzing......
Preprocessing...
processing finished
start to summarize...
Generating intra-procedural summaries...
Processing callees...
Preprocessing...
processing finished
start to summarize...
Generating intra-procedural summaries...
Processing callees...
Preprocessing...
processing finished
start to summarize...
Generating intra-procedural summaries...
Processing callees...
Preprocessing...
processing finished
start to summarize...
Generating intra-procedural summaries...
Processing callees...
Preprocessing...
processing finished
start to summarize...
Generating intra-procedural summaries...
Processing callees...
Preprocessing...
processing finished
start to summarize...
Generating intra-procedural summaries...
Processing callees...
Preprocessing...
processing finished
start to summarize...
Generating intra-procedural summaries...
Processing callees...
Preprocessing...
processing finished
start to summarize...
Generating intra-procedural summaries...
Processing callees...
Preprocessing...
processing finished
start to summarize...
Generating intra-procedural summaries...
Processing callees...
Preprocessing...
processing finished
start to summarize...
Generating intra-procedural summaries...
Processing callees...
Preprocessing...
processing finished
start to summarize...
Generating intra-procedural summaries...
Processing callees...
Validating......
Applying path checker with solver...
Constructing solving program...
Solver-aided path checker succeeded...
Applying path checker with solver...
Constructing solving program...
Solver-aided path checker succeeded...
Applying path checker with solver...
Constructing solving program...
Solver-aided path checker succeeded...
Applying path checker with solver...
Constructing solving program...
Solver-aided path checker succeeded...
Applying path checker with solver...
Constructing solving program...
Solver-aided path checker succeeded...
Applying path checker with solver...
Constructing solving program...
Solver-aided path checker succeeded...
Applying path checker with solver...
Constructing solving program...
Solver-aided path checker succeeded...
Applying path checker with solver...
Constructing solving program...
Solver-aided path checker succeeded...
finish validate
Reporting......
Report generated!

finish report
===================================================
552  /  666 

CWE80_XSS__Servlet_getParameter_Servlet_54 

{'input_token_cost': 40694, 'output_token_cost': 5047, 'analysis_result': {'TPs': 1, 'FPs': 0}, 'ground_truth': {'TPs': 1, 'FPs': 1}, 'single time cost': 76.23527669906616} 

===================================================


Start to analyze the case  553 out of  666
/scratch/local/w.nimit/2292/LLMDFA/benchmark/juliet-test-suite-XSS_simplified/CWE80_XSS/s01/CWE80_XSS__Servlet_getParameter_Servlet_61.java
Analyzing......
Preprocessing...
processing finished
start to summarize...
Generating intra-procedural summaries...
Processing callees...
Preprocessing...
processing finished
start to summarize...
Generating intra-procedural summaries...
Processing callees...
Preprocessing...
processing finished
start to summarize...
Generating intra-procedural summaries...
Processing callees...
Preprocessing...
processing finished
start to summarize...
Generating intra-procedural summaries...
Processing callees...
Preprocessing...
processing finished
start to summarize...
Generating intra-procedural summaries...
Processing callees...
Validating......
Applying path checker with solver...
Constructing solving program...
Solver-aided path checker succeeded...
Applying path checker with solver...
Constructing solving program...
Solver-aided path checker succeeded...
Applying path checker with solver...
Constructing solving program...
Solver-aided path checker succeeded...
finish validate
Reporting......
Report generated!

finish report
===================================================
553  /  666 

CWE80_XSS__Servlet_getParameter_Servlet_61 

{'input_token_cost': 11688, 'output_token_cost': 1247, 'analysis_result': {'TPs': 2, 'FPs': 1}, 'ground_truth': {'TPs': 1, 'FPs': 1}, 'single time cost': 18.964545965194702} 

===================================================


Start to analyze the case  554 out of  666
/scratch/local/w.nimit/2292/LLMDFA/benchmark/juliet-test-suite-XSS_simplified/CWE80_XSS/s01/CWE80_XSS__Servlet_getParameter_Servlet_66.java
Analyzing......
Preprocessing...
processing finished
start to summarize...
Generating intra-procedural summaries...
Processing callees...
Preprocessing...
processing finished
start to summarize...
Generating intra-procedural summaries...
Processing callees...
Preprocessing...
processing finished
start to summarize...
Generating intra-procedural summaries...
Processing callees...
Preprocessing...
processing finished
start to summarize...
Generating intra-procedural summaries...
Processing callees...
Preprocessing...
processing finished
start to summarize...
Generating intra-procedural summaries...
Processing callees...
Validating......
Applying path checker with solver...
Constructing solving program...
Solver-aided path checker succeeded...
finish validate
Reporting......
Report generated!

finish report
===================================================
554  /  666 

CWE80_XSS__Servlet_getParameter_Servlet_66 

{'input_token_cost': 7389, 'output_token_cost': 926, 'analysis_result': {'TPs': 1, 'FPs': 0}, 'ground_truth': {'TPs': 1, 'FPs': 1}, 'single time cost': 13.948301553726196} 

===================================================


Start to analyze the case  555 out of  666
/scratch/local/w.nimit/2292/LLMDFA/benchmark/juliet-test-suite-XSS_simplified/CWE80_XSS/s01/CWE80_XSS__Servlet_getParameter_Servlet_67.java
Analyzing......
Preprocessing...
processing finished
start to summarize...
Generating intra-procedural summaries...
Processing callees...
Preprocessing...
processing finished
start to summarize...
Generating intra-procedural summaries...
Processing callees...
Preprocessing...
processing finished
start to summarize...
Generating intra-procedural summaries...
Processing callees...
Preprocessing...
processing finished
start to summarize...
Generating intra-procedural summaries...
Processing callees...
Preprocessing...
processing finished
start to summarize...
Generating intra-procedural summaries...
Processing callees...
Validating......
Applying path checker with solver...
Constructing solving program...
Solver-aided path checker succeeded...
finish validate
Reporting......
Report generated!

finish report
===================================================
555  /  666 

CWE80_XSS__Servlet_getParameter_Servlet_67 

{'input_token_cost': 5114, 'output_token_cost': 641, 'analysis_result': {'TPs': 1, 'FPs': 0}, 'ground_truth': {'TPs': 1, 'FPs': 1}, 'single time cost': 9.70075011253357} 

===================================================


Start to analyze the case  556 out of  666
/scratch/local/w.nimit/2292/LLMDFA/benchmark/juliet-test-suite-XSS_simplified/CWE80_XSS/s01/CWE80_XSS__Servlet_getParameter_Servlet_68.java
Analyzing......
Preprocessing...
processing finished
start to summarize...
Generating intra-procedural summaries...
Processing callees...
Preprocessing...
processing finished
start to summarize...
Generating intra-procedural summaries...
Processing callees...
Preprocessing...
processing finished
start to summarize...
Generating intra-procedural summaries...
Processing callees...
Preprocessing...
processing finished
start to summarize...
Generating intra-procedural summaries...
Processing callees...
Preprocessing...
processing finished
start to summarize...
Generating intra-procedural summaries...
Processing callees...
Validating......
Applying path checker with solver...
Constructing solving program...
Solver-aided path checker succeeded...
Applying path checker with solver...
Constructing solving program...
Solver-aided path checker succeeded...
finish validate
Reporting......
Report generated!

finish report
===================================================
556  /  666 

CWE80_XSS__Servlet_getParameter_Servlet_68 

{'input_token_cost': 9235, 'output_token_cost': 1171, 'analysis_result': {'TPs': 1, 'FPs': 1}, 'ground_truth': {'TPs': 1, 'FPs': 1}, 'single time cost': 17.776982307434082} 

===================================================


Start to analyze the case  557 out of  666
/scratch/local/w.nimit/2292/LLMDFA/benchmark/juliet-test-suite-XSS_simplified/CWE80_XSS/s01/CWE80_XSS__Servlet_getParameter_Servlet_71.java
Analyzing......
Preprocessing...
processing finished
start to summarize...
Generating intra-procedural summaries...
Processing callees...
Preprocessing...
processing finished
start to summarize...
Generating intra-procedural summaries...
Processing callees...
Preprocessing...
processing finished
start to summarize...
Generating intra-procedural summaries...
Processing callees...
Preprocessing...
processing finished
start to summarize...
Generating intra-procedural summaries...
Processing callees...
Preprocessing...
processing finished
start to summarize...
Generating intra-procedural summaries...
Processing callees...
Validating......
Applying path checker with solver...
Constructing solving program...
Solver-aided path checker succeeded...
finish validate
Reporting......
Report generated!

finish report
===================================================
557  /  666 

CWE80_XSS__Servlet_getParameter_Servlet_71 

{'input_token_cost': 3914, 'output_token_cost': 604, 'analysis_result': {'TPs': 1, 'FPs': 0}, 'ground_truth': {'TPs': 1, 'FPs': 1}, 'single time cost': 9.133370876312256} 

===================================================


Start to analyze the case  558 out of  666
/scratch/local/w.nimit/2292/LLMDFA/benchmark/juliet-test-suite-XSS_simplified/CWE80_XSS/s01/CWE80_XSS__Servlet_getParameter_Servlet_72.java
Analyzing......
Preprocessing...
processing finished
start to summarize...
Generating intra-procedural summaries...
Processing callees...
Preprocessing...
processing finished
start to summarize...
Generating intra-procedural summaries...
Processing callees...
Preprocessing...
processing finished
start to summarize...
Generating intra-procedural summaries...
Processing callees...
Preprocessing...
processing finished
start to summarize...
Generating intra-procedural summaries...
Processing callees...
Preprocessing...
processing finished
start to summarize...
Generating intra-procedural summaries...
Processing callees...
Validating......
Applying path checker with solver...
Constructing solving program...
Solver-aided path checker succeeded...
Applying path checker with solver...
Constructing solving program...
Solver-aided path checker succeeded...
finish validate
Reporting......
Report generated!

finish report
===================================================
558  /  666 

CWE80_XSS__Servlet_getParameter_Servlet_72 

{'input_token_cost': 8060, 'output_token_cost': 1092, 'analysis_result': {'TPs': 1, 'FPs': 0}, 'ground_truth': {'TPs': 1, 'FPs': 1}, 'single time cost': 16.515857934951782} 

===================================================


Start to analyze the case  559 out of  666
/scratch/local/w.nimit/2292/LLMDFA/benchmark/juliet-test-suite-XSS_simplified/CWE80_XSS/s01/CWE80_XSS__Servlet_getParameter_Servlet_73.java
Analyzing......
Preprocessing...
processing finished
start to summarize...
Generating intra-procedural summaries...
Processing callees...
Preprocessing...
processing finished
start to summarize...
Generating intra-procedural summaries...
Processing callees...
Preprocessing...
processing finished
start to summarize...
Generating intra-procedural summaries...
Processing callees...
Preprocessing...
processing finished
start to summarize...
Generating intra-procedural summaries...
Processing callees...
Preprocessing...
processing finished
start to summarize...
Generating intra-procedural summaries...
Processing callees...
Validating......
Applying path checker with solver...
Constructing solving program...
Solver-aided path checker succeeded...
Applying path checker with solver...
Constructing solving program...
Solver-aided path checker succeeded...
finish validate
Reporting......
Report generated!

finish report
===================================================
559  /  666 

CWE80_XSS__Servlet_getParameter_Servlet_73 

{'input_token_cost': 6909, 'output_token_cost': 886, 'analysis_result': {'TPs': 1, 'FPs': 0}, 'ground_truth': {'TPs': 1, 'FPs': 1}, 'single time cost': 13.468984127044678} 

===================================================


Start to analyze the case  560 out of  666
/scratch/local/w.nimit/2292/LLMDFA/benchmark/juliet-test-suite-XSS_simplified/CWE80_XSS/s01/CWE80_XSS__Servlet_getParameter_Servlet_74.java
Analyzing......
Preprocessing...
processing finished
start to summarize...
Generating intra-procedural summaries...
Processing callees...
Preprocessing...
processing finished
start to summarize...
Generating intra-procedural summaries...
Processing callees...
Preprocessing...
processing finished
start to summarize...
Generating intra-procedural summaries...
Processing callees...
Preprocessing...
processing finished
start to summarize...
Generating intra-procedural summaries...
Processing callees...
Preprocessing...
processing finished
start to summarize...
Generating intra-procedural summaries...
Processing callees...
Validating......
Applying path checker with solver...
Constructing solving program...
Solver-aided path checker succeeded...
finish validate
Reporting......
Report generated!

finish report
===================================================
560  /  666 

CWE80_XSS__Servlet_getParameter_Servlet_74 

{'input_token_cost': 6365, 'output_token_cost': 824, 'analysis_result': {'TPs': 1, 'FPs': 0}, 'ground_truth': {'TPs': 1, 'FPs': 1}, 'single time cost': 12.424437522888184} 

===================================================


Start to analyze the case  561 out of  666
/scratch/local/w.nimit/2292/LLMDFA/benchmark/juliet-test-suite-XSS_simplified/CWE80_XSS/s01/CWE80_XSS__Servlet_getParameter_Servlet_75.java
Analyzing......
Preprocessing...
processing finished
start to summarize...
Generating intra-procedural summaries...
Processing callees...
Preprocessing...
processing finished
start to summarize...
Generating intra-procedural summaries...
Processing callees...
Preprocessing...
processing finished
start to summarize...
Generating intra-procedural summaries...
Processing callees...
Preprocessing...
processing finished
start to summarize...
Generating intra-procedural summaries...
Processing callees...
Preprocessing...
processing finished
start to summarize...
Generating intra-procedural summaries...
Processing callees...
Validating......
Applying path checker with solver...
Constructing solving program...
Solver-aided path checker succeeded...
Applying path checker with solver...
Constructing solving program...
Solver-aided path checker succeeded...
finish validate
Reporting......
Report generated!

finish report
===================================================
561  /  666 

CWE80_XSS__Servlet_getParameter_Servlet_75 

{'input_token_cost': 10249, 'output_token_cost': 1157, 'analysis_result': {'TPs': 1, 'FPs': 0}, 'ground_truth': {'TPs': 1, 'FPs': 1}, 'single time cost': 17.615541696548462} 

===================================================


Start to analyze the case  562 out of  666
/scratch/local/w.nimit/2292/LLMDFA/benchmark/juliet-test-suite-XSS_simplified/CWE80_XSS/s01/CWE80_XSS__Servlet_getParameter_Servlet_81.java
Analyzing......
Preprocessing...
processing finished
start to summarize...
Generating intra-procedural summaries...
Processing callees...
Preprocessing...
processing finished
start to summarize...
Generating intra-procedural summaries...
Processing callees...
Preprocessing...
processing finished
start to summarize...
Generating intra-procedural summaries...
Processing callees...
Preprocessing...
processing finished
start to summarize...
Generating intra-procedural summaries...
Processing callees...
Preprocessing...
processing finished
start to summarize...
Generating intra-procedural summaries...
Processing callees...
Validating......
Applying path checker with solver...
Constructing solving program...
Solver-aided path checker succeeded...
finish validate
Reporting......
Report generated!

finish report
===================================================
562  /  666 

CWE80_XSS__Servlet_getParameter_Servlet_81 

{'input_token_cost': 6115, 'output_token_cost': 649, 'analysis_result': {'TPs': 1, 'FPs': 0}, 'ground_truth': {'TPs': 1, 'FPs': 1}, 'single time cost': 9.871623277664185} 

===================================================


Start to analyze the case  563 out of  666
/scratch/local/w.nimit/2292/LLMDFA/benchmark/juliet-test-suite-XSS_simplified/CWE80_XSS/s01/CWE80_XSS__Servlet_getQueryString_Servlet_22.java
Analyzing......
Preprocessing...
processing finished
start to summarize...
Generating intra-procedural summaries...
Processing callees...
Preprocessing...
processing finished
start to summarize...
Generating intra-procedural summaries...
Processing callees...
Preprocessing...
processing finished
start to summarize...
Generating intra-procedural summaries...
Processing callees...
Preprocessing...
processing finished
start to summarize...
Generating intra-procedural summaries...
Processing callees...
Preprocessing...
processing finished
start to summarize...
Generating intra-procedural summaries...
Processing callees...
Preprocessing...
processing finished
start to summarize...
Generating intra-procedural summaries...
Processing callees...
Preprocessing...
processing finished
start to summarize...
Generating intra-procedural summaries...
Processing callees...
Validating......
Applying path checker with solver...
Constructing solving program...
Constructing solving program...
Solver-aided path checker succeeded...
finish validate
Reporting......
Report generated!

finish report
===================================================
563  /  666 

CWE80_XSS__Servlet_getQueryString_Servlet_22 

{'input_token_cost': 16868, 'output_token_cost': 1851, 'analysis_result': {'TPs': 0, 'FPs': 0}, 'ground_truth': {'TPs': 1, 'FPs': 2}, 'single time cost': 28.049760341644287} 

===================================================


Start to analyze the case  564 out of  666
/scratch/local/w.nimit/2292/LLMDFA/benchmark/juliet-test-suite-XSS_simplified/CWE80_XSS/s01/CWE80_XSS__Servlet_getQueryString_Servlet_51.java
Analyzing......
Preprocessing...
processing finished
start to summarize...
Generating intra-procedural summaries...
Processing callees...
Preprocessing...
processing finished
start to summarize...
Generating intra-procedural summaries...
Processing callees...
Preprocessing...
processing finished
start to summarize...
Generating intra-procedural summaries...
Processing callees...
Preprocessing...
processing finished
start to summarize...
Generating intra-procedural summaries...
Processing callees...
Preprocessing...
processing finished
start to summarize...
Generating intra-procedural summaries...
Processing callees...
Validating......
Applying path checker with solver...
Constructing solving program...
Solver-aided path checker succeeded...
finish validate
Reporting......
Report generated!

finish report
===================================================
564  /  666 

CWE80_XSS__Servlet_getQueryString_Servlet_51 

{'input_token_cost': 6495, 'output_token_cost': 851, 'analysis_result': {'TPs': 1, 'FPs': 0}, 'ground_truth': {'TPs': 1, 'FPs': 1}, 'single time cost': 12.850369930267334} 

===================================================


Start to analyze the case  565 out of  666
/scratch/local/w.nimit/2292/LLMDFA/benchmark/juliet-test-suite-XSS_simplified/CWE80_XSS/s01/CWE80_XSS__Servlet_getQueryString_Servlet_52.java
Analyzing......
Preprocessing...
processing finished
start to summarize...
Generating intra-procedural summaries...
Processing callees...
Preprocessing...
processing finished
start to summarize...
Generating intra-procedural summaries...
Processing callees...
Preprocessing...
processing finished
start to summarize...
Generating intra-procedural summaries...
Processing callees...
Preprocessing...
processing finished
start to summarize...
Generating intra-procedural summaries...
Processing callees...
Preprocessing...
processing finished
start to summarize...
Generating intra-procedural summaries...
Processing callees...
Preprocessing...
processing finished
start to summarize...
Generating intra-procedural summaries...
Processing callees...
Preprocessing...
processing finished
start to summarize...
Generating intra-procedural summaries...
Processing callees...
Validating......
Applying path checker with solver...
Constructing solving program...
Solver-aided path checker succeeded...
finish validate
Reporting......
Report generated!

finish report
===================================================
565  /  666 

CWE80_XSS__Servlet_getQueryString_Servlet_52 

{'input_token_cost': 14195, 'output_token_cost': 1601, 'analysis_result': {'TPs': 1, 'FPs': 0}, 'ground_truth': {'TPs': 1, 'FPs': 1}, 'single time cost': 24.08366370201111} 

===================================================


Start to analyze the case  566 out of  666
/scratch/local/w.nimit/2292/LLMDFA/benchmark/juliet-test-suite-XSS_simplified/CWE80_XSS/s01/CWE80_XSS__Servlet_getQueryString_Servlet_53.java
Analyzing......
Preprocessing...
processing finished
start to summarize...
Generating intra-procedural summaries...
Processing callees...
Preprocessing...
processing finished
start to summarize...
Generating intra-procedural summaries...
Processing callees...
Preprocessing...
processing finished
start to summarize...
Generating intra-procedural summaries...
Processing callees...
Preprocessing...
processing finished
start to summarize...
Generating intra-procedural summaries...
Processing callees...
Preprocessing...
processing finished
start to summarize...
Generating intra-procedural summaries...
Processing callees...
Preprocessing...
processing finished
start to summarize...
Generating intra-procedural summaries...
Processing callees...
Preprocessing...
processing finished
start to summarize...
Generating intra-procedural summaries...
Processing callees...
Preprocessing...
processing finished
start to summarize...
Generating intra-procedural summaries...
Processing callees...
Preprocessing...
processing finished
start to summarize...
Generating intra-procedural summaries...
Processing callees...
Validating......
Applying path checker with solver...
Constructing solving program...
Solver-aided path checker succeeded...
finish validate
Reporting......
Report generated!

finish report
===================================================
566  /  666 

CWE80_XSS__Servlet_getQueryString_Servlet_53 

{'input_token_cost': 24053, 'output_token_cost': 2909, 'analysis_result': {'TPs': 1, 'FPs': 0}, 'ground_truth': {'TPs': 1, 'FPs': 1}, 'single time cost': 43.601948261260986} 

===================================================


Start to analyze the case  567 out of  666
/scratch/local/w.nimit/2292/LLMDFA/benchmark/juliet-test-suite-XSS_simplified/CWE80_XSS/s01/CWE80_XSS__Servlet_getQueryString_Servlet_54.java
Analyzing......
Preprocessing...
processing finished
start to summarize...
Generating intra-procedural summaries...
Processing callees...
Preprocessing...
processing finished
start to summarize...
Generating intra-procedural summaries...
Processing callees...
Preprocessing...
processing finished
start to summarize...
Generating intra-procedural summaries...
Processing callees...
Preprocessing...
processing finished
start to summarize...
Generating intra-procedural summaries...
Processing callees...
Preprocessing...
processing finished
start to summarize...
Generating intra-procedural summaries...
Processing callees...
Preprocessing...
processing finished
start to summarize...
Generating intra-procedural summaries...
Processing callees...
Preprocessing...
processing finished
start to summarize...
Generating intra-procedural summaries...
Processing callees...
Preprocessing...
processing finished
start to summarize...
Generating intra-procedural summaries...
Processing callees...
Preprocessing...
processing finished
start to summarize...
Generating intra-procedural summaries...
Processing callees...
Preprocessing...
processing finished
start to summarize...
Generating intra-procedural summaries...
Processing callees...
Preprocessing...
processing finished
start to summarize...
Generating intra-procedural summaries...
Processing callees...
Validating......
Applying path checker with solver...
Constructing solving program...
Solver-aided path checker succeeded...
Applying path checker with solver...
Constructing solving program...
Solver-aided path checker succeeded...
Applying path checker with solver...
Constructing solving program...
Solver-aided path checker succeeded...
Applying path checker with solver...
Constructing solving program...
Solver-aided path checker succeeded...
Applying path checker with solver...
Constructing solving program...
Solver-aided path checker succeeded...
Applying path checker with solver...
Constructing solving program...
Solver-aided path checker succeeded...
Applying path checker with solver...
Constructing solving program...
Solver-aided path checker succeeded...
Applying path checker with solver...
Constructing solving program...
Solver-aided path checker succeeded...
finish validate
Reporting......
Report generated!

finish report
===================================================
567  /  666 

CWE80_XSS__Servlet_getQueryString_Servlet_54 

{'input_token_cost': 37838, 'output_token_cost': 4595, 'analysis_result': {'TPs': 1, 'FPs': 0}, 'ground_truth': {'TPs': 1, 'FPs': 1}, 'single time cost': 69.580575466156} 

===================================================


Start to analyze the case  568 out of  666
/scratch/local/w.nimit/2292/LLMDFA/benchmark/juliet-test-suite-XSS_simplified/CWE80_XSS/s01/CWE80_XSS__Servlet_getQueryString_Servlet_61.java
Analyzing......
Preprocessing...
processing finished
start to summarize...
Generating intra-procedural summaries...
Processing callees...
Preprocessing...
processing finished
start to summarize...
Generating intra-procedural summaries...
Processing callees...
Preprocessing...
processing finished
start to summarize...
Generating intra-procedural summaries...
Processing callees...
Preprocessing...
processing finished
start to summarize...
Generating intra-procedural summaries...
Processing callees...
Preprocessing...
processing finished
start to summarize...
Generating intra-procedural summaries...
Processing callees...
Validating......
Applying path checker with solver...
Constructing solving program...
Solver-aided path checker succeeded...
finish validate
Reporting......
Report generated!

finish report
===================================================
568  /  666 

CWE80_XSS__Servlet_getQueryString_Servlet_61 

{'input_token_cost': 8645, 'output_token_cost': 856, 'analysis_result': {'TPs': 1, 'FPs': 0}, 'ground_truth': {'TPs': 1, 'FPs': 1}, 'single time cost': 12.982180833816528} 

===================================================


Start to analyze the case  569 out of  666
/scratch/local/w.nimit/2292/LLMDFA/benchmark/juliet-test-suite-XSS_simplified/CWE80_XSS/s01/CWE80_XSS__Servlet_getQueryString_Servlet_66.java
Analyzing......
Preprocessing...
processing finished
start to summarize...
Generating intra-procedural summaries...
Processing callees...
Preprocessing...
processing finished
start to summarize...
Generating intra-procedural summaries...
Processing callees...
Preprocessing...
processing finished
start to summarize...
Generating intra-procedural summaries...
Processing callees...
Preprocessing...
processing finished
start to summarize...
Generating intra-procedural summaries...
Processing callees...
Preprocessing...
processing finished
start to summarize...
Generating intra-procedural summaries...
Processing callees...
Validating......
Applying path checker with solver...
Constructing solving program...
Solver-aided path checker succeeded...
finish validate
Reporting......
Report generated!

finish report
===================================================
569  /  666 

CWE80_XSS__Servlet_getQueryString_Servlet_66 

{'input_token_cost': 6614, 'output_token_cost': 747, 'analysis_result': {'TPs': 1, 'FPs': 0}, 'ground_truth': {'TPs': 1, 'FPs': 1}, 'single time cost': 11.327887773513794} 

===================================================


Start to analyze the case  570 out of  666
/scratch/local/w.nimit/2292/LLMDFA/benchmark/juliet-test-suite-XSS_simplified/CWE80_XSS/s01/CWE80_XSS__Servlet_getQueryString_Servlet_67.java
Analyzing......
Preprocessing...
processing finished
start to summarize...
Generating intra-procedural summaries...
Processing callees...
Preprocessing...
processing finished
start to summarize...
Generating intra-procedural summaries...
Processing callees...
Preprocessing...
processing finished
start to summarize...
Generating intra-procedural summaries...
Processing callees...
Preprocessing...
processing finished
start to summarize...
Generating intra-procedural summaries...
Processing callees...
Preprocessing...
processing finished
start to summarize...
Generating intra-procedural summaries...
Processing callees...
Validating......
Applying path checker with solver...
Constructing solving program...
Solver-aided path checker succeeded...
finish validate
Reporting......
Report generated!

finish report
===================================================
570  /  666 

CWE80_XSS__Servlet_getQueryString_Servlet_67 

{'input_token_cost': 6639, 'output_token_cost': 744, 'analysis_result': {'TPs': 1, 'FPs': 0}, 'ground_truth': {'TPs': 1, 'FPs': 1}, 'single time cost': 11.290395259857178} 

===================================================


Start to analyze the case  571 out of  666
/scratch/local/w.nimit/2292/LLMDFA/benchmark/juliet-test-suite-XSS_simplified/CWE80_XSS/s01/CWE80_XSS__Servlet_getQueryString_Servlet_68.java
Analyzing......
Preprocessing...
processing finished
start to summarize...
Generating intra-procedural summaries...
Processing callees...
Preprocessing...
processing finished
start to summarize...
Generating intra-procedural summaries...
Processing callees...
Preprocessing...
processing finished
start to summarize...
Generating intra-procedural summaries...
Processing callees...
Preprocessing...
processing finished
start to summarize...
Generating intra-procedural summaries...
Processing callees...
Preprocessing...
processing finished
start to summarize...
Generating intra-procedural summaries...
Processing callees...
Validating......
Applying path checker with solver...
Constructing solving program...
Solver-aided path checker succeeded...
Applying path checker with solver...
Constructing solving program...
Solver-aided path checker succeeded...
finish validate
Reporting......
Report generated!

finish report
===================================================
571  /  666 

CWE80_XSS__Servlet_getQueryString_Servlet_68 

{'input_token_cost': 9665, 'output_token_cost': 1464, 'analysis_result': {'TPs': 1, 'FPs': 0}, 'ground_truth': {'TPs': 1, 'FPs': 1}, 'single time cost': 22.06862998008728} 

===================================================


Start to analyze the case  572 out of  666
/scratch/local/w.nimit/2292/LLMDFA/benchmark/juliet-test-suite-XSS_simplified/CWE80_XSS/s01/CWE80_XSS__Servlet_getQueryString_Servlet_71.java
Analyzing......
Preprocessing...
processing finished
start to summarize...
Generating intra-procedural summaries...
Processing callees...
Preprocessing...
processing finished
start to summarize...
Generating intra-procedural summaries...
Processing callees...
Preprocessing...
processing finished
start to summarize...
Generating intra-procedural summaries...
Processing callees...
Preprocessing...
processing finished
start to summarize...
Generating intra-procedural summaries...
Processing callees...
Preprocessing...
processing finished
start to summarize...
Generating intra-procedural summaries...
Processing callees...
Validating......
Applying path checker with solver...
Constructing solving program...
Solver-aided path checker succeeded...
finish validate
Reporting......
Report generated!

finish report
===================================================
572  /  666 

CWE80_XSS__Servlet_getQueryString_Servlet_71 

{'input_token_cost': 4160, 'output_token_cost': 511, 'analysis_result': {'TPs': 1, 'FPs': 0}, 'ground_truth': {'TPs': 1, 'FPs': 1}, 'single time cost': 7.783130168914795} 

===================================================


Start to analyze the case  573 out of  666
/scratch/local/w.nimit/2292/LLMDFA/benchmark/juliet-test-suite-XSS_simplified/CWE80_XSS/s01/CWE80_XSS__Servlet_getQueryString_Servlet_72.java
Analyzing......
Preprocessing...
processing finished
start to summarize...
Generating intra-procedural summaries...
Processing callees...
Preprocessing...
processing finished
start to summarize...
Generating intra-procedural summaries...
Processing callees...
Preprocessing...
processing finished
start to summarize...
Generating intra-procedural summaries...
Processing callees...
Preprocessing...
processing finished
start to summarize...
Generating intra-procedural summaries...
Processing callees...
Preprocessing...
processing finished
start to summarize...
Generating intra-procedural summaries...
Processing callees...
Validating......
Applying path checker with solver...
Constructing solving program...
Solver-aided path checker succeeded...
finish validate
Reporting......
Report generated!

finish report
===================================================
573  /  666 

CWE80_XSS__Servlet_getQueryString_Servlet_72 

{'input_token_cost': 5575, 'output_token_cost': 646, 'analysis_result': {'TPs': 1, 'FPs': 0}, 'ground_truth': {'TPs': 1, 'FPs': 1}, 'single time cost': 9.818442821502686} 

===================================================


Start to analyze the case  574 out of  666
/scratch/local/w.nimit/2292/LLMDFA/benchmark/juliet-test-suite-XSS_simplified/CWE80_XSS/s01/CWE80_XSS__Servlet_getQueryString_Servlet_73.java
Analyzing......
Preprocessing...
processing finished
start to summarize...
Generating intra-procedural summaries...
Processing callees...
Preprocessing...
processing finished
start to summarize...
Generating intra-procedural summaries...
Processing callees...
Preprocessing...
processing finished
start to summarize...
Generating intra-procedural summaries...
Processing callees...
Preprocessing...
processing finished
start to summarize...
Generating intra-procedural summaries...
Processing callees...
Preprocessing...
processing finished
start to summarize...
Generating intra-procedural summaries...
Processing callees...
Validating......
Applying path checker with solver...
Constructing solving program...
Solver-aided path checker succeeded...
finish validate
Reporting......
Report generated!

finish report
===================================================
574  /  666 

CWE80_XSS__Servlet_getQueryString_Servlet_73 

{'input_token_cost': 5569, 'output_token_cost': 603, 'analysis_result': {'TPs': 1, 'FPs': 0}, 'ground_truth': {'TPs': 1, 'FPs': 1}, 'single time cost': 9.201798677444458} 

===================================================


Start to analyze the case  575 out of  666
/scratch/local/w.nimit/2292/LLMDFA/benchmark/juliet-test-suite-XSS_simplified/CWE80_XSS/s01/CWE80_XSS__Servlet_getQueryString_Servlet_74.java
Analyzing......
Preprocessing...
processing finished
start to summarize...
Generating intra-procedural summaries...
Processing callees...
Preprocessing...
processing finished
start to summarize...
Generating intra-procedural summaries...
Processing callees...
Preprocessing...
processing finished
start to summarize...
Generating intra-procedural summaries...
Processing callees...
Preprocessing...
processing finished
start to summarize...
Generating intra-procedural summaries...
Processing callees...
Preprocessing...
processing finished
start to summarize...
Generating intra-procedural summaries...
Processing callees...
Validating......
Applying path checker with solver...
Constructing solving program...
Solver-aided path checker succeeded...
Applying path checker with solver...
Constructing solving program...
Solver-aided path checker succeeded...
finish validate
Reporting......
Report generated!

finish report
===================================================
575  /  666 

CWE80_XSS__Servlet_getQueryString_Servlet_74 

{'input_token_cost': 8440, 'output_token_cost': 1030, 'analysis_result': {'TPs': 1, 'FPs': 0}, 'ground_truth': {'TPs': 1, 'FPs': 1}, 'single time cost': 15.636628866195679} 

===================================================


Start to analyze the case  576 out of  666
/scratch/local/w.nimit/2292/LLMDFA/benchmark/juliet-test-suite-XSS_simplified/CWE80_XSS/s01/CWE80_XSS__Servlet_getQueryString_Servlet_75.java
Analyzing......
Preprocessing...
processing finished
start to summarize...
Generating intra-procedural summaries...
Processing callees...
Preprocessing...
processing finished
start to summarize...
Generating intra-procedural summaries...
Processing callees...
Preprocessing...
processing finished
start to summarize...
Generating intra-procedural summaries...
Processing callees...
Preprocessing...
processing finished
start to summarize...
Generating intra-procedural summaries...
Processing callees...
Preprocessing...
processing finished
start to summarize...
Generating intra-procedural summaries...
Processing callees...
Validating......
Applying path checker with solver...
Constructing solving program...
Solver-aided path checker succeeded...
finish validate
Reporting......
Report generated!

finish report
===================================================
576  /  666 

CWE80_XSS__Servlet_getQueryString_Servlet_75 

{'input_token_cost': 6952, 'output_token_cost': 818, 'analysis_result': {'TPs': 1, 'FPs': 0}, 'ground_truth': {'TPs': 1, 'FPs': 1}, 'single time cost': 12.416320323944092} 

===================================================


Start to analyze the case  577 out of  666
/scratch/local/w.nimit/2292/LLMDFA/benchmark/juliet-test-suite-XSS_simplified/CWE80_XSS/s01/CWE80_XSS__Servlet_getQueryString_Servlet_81.java
Analyzing......
Preprocessing...
processing finished
start to summarize...
Generating intra-procedural summaries...
Processing callees...
Preprocessing...
processing finished
start to summarize...
Generating intra-procedural summaries...
Processing callees...
Preprocessing...
processing finished
start to summarize...
Generating intra-procedural summaries...
Processing callees...
Preprocessing...
processing finished
start to summarize...
Generating intra-procedural summaries...
Processing callees...
Preprocessing...
processing finished
start to summarize...
Generating intra-procedural summaries...
Processing callees...
Validating......
Applying path checker with solver...
Constructing solving program...
Solver-aided path checker succeeded...
finish validate
Reporting......
Report generated!

finish report
===================================================
577  /  666 

CWE80_XSS__Servlet_getQueryString_Servlet_81 

{'input_token_cost': 5357, 'output_token_cost': 665, 'analysis_result': {'TPs': 1, 'FPs': 0}, 'ground_truth': {'TPs': 1, 'FPs': 1}, 'single time cost': 10.062417268753052} 

===================================================


Start to analyze the case  578 out of  666
/scratch/local/w.nimit/2292/LLMDFA/benchmark/juliet-test-suite-XSS_simplified/CWE80_XSS/s01/CWE80_XSS__Servlet_listen_tcp_22.java
Analyzing......
Preprocessing...
processing finished
start to summarize...
Generating intra-procedural summaries...
Processing callees...
Preprocessing...
processing finished
start to summarize...
Generating intra-procedural summaries...
Processing callees...
Preprocessing...
processing finished
start to summarize...
Generating intra-procedural summaries...
Processing callees...
Preprocessing...
processing finished
start to summarize...
Generating intra-procedural summaries...
Processing callees...
Preprocessing...
processing finished
start to summarize...
Generating intra-procedural summaries...
Processing callees...
Preprocessing...
processing finished
start to summarize...
Generating intra-procedural summaries...
Processing callees...
Preprocessing...
processing finished
start to summarize...
Generating intra-procedural summaries...
Processing callees...
Validating......
Applying path checker with solver...
Constructing solving program...
Constructing solving program...
Solver-aided path checker succeeded...
finish validate
Reporting......
Report generated!

finish report
===================================================
578  /  666 

CWE80_XSS__Servlet_listen_tcp_22 

{'input_token_cost': 18369, 'output_token_cost': 1940, 'analysis_result': {'TPs': 0, 'FPs': 0}, 'ground_truth': {'TPs': 1, 'FPs': 2}, 'single time cost': 29.428970336914062} 

===================================================


Start to analyze the case  579 out of  666
/scratch/local/w.nimit/2292/LLMDFA/benchmark/juliet-test-suite-XSS_simplified/CWE80_XSS/s01/CWE80_XSS__Servlet_listen_tcp_51.java
Analyzing......
Preprocessing...
processing finished
start to summarize...
Generating intra-procedural summaries...
Processing callees...
Preprocessing...
processing finished
start to summarize...
Generating intra-procedural summaries...
Processing callees...
Preprocessing...
processing finished
start to summarize...
Generating intra-procedural summaries...
Processing callees...
Preprocessing...
processing finished
start to summarize...
Generating intra-procedural summaries...
Processing callees...
Preprocessing...
processing finished
start to summarize...
Generating intra-procedural summaries...
Processing callees...
Validating......
finish validate
Reporting......
Report generated!

finish report
===================================================
579  /  666 

CWE80_XSS__Servlet_listen_tcp_51 

{'input_token_cost': 5305, 'output_token_cost': 808, 'analysis_result': {'TPs': 0, 'FPs': 0}, 'ground_truth': {'TPs': 1, 'FPs': 1}, 'single time cost': 12.167705535888672} 

===================================================


Start to analyze the case  580 out of  666
/scratch/local/w.nimit/2292/LLMDFA/benchmark/juliet-test-suite-XSS_simplified/CWE80_XSS/s01/CWE80_XSS__Servlet_listen_tcp_52.java
Analyzing......
Preprocessing...
processing finished
start to summarize...
Generating intra-procedural summaries...
Processing callees...
Preprocessing...
processing finished
start to summarize...
Generating intra-procedural summaries...
Processing callees...
Preprocessing...
processing finished
start to summarize...
Generating intra-procedural summaries...
Processing callees...
Preprocessing...
processing finished
start to summarize...
Generating intra-procedural summaries...
Processing callees...
Preprocessing...
processing finished
start to summarize...
Generating intra-procedural summaries...
Processing callees...
Preprocessing...
processing finished
start to summarize...
Generating intra-procedural summaries...
Processing callees...
Preprocessing...
processing finished
start to summarize...
Generating intra-procedural summaries...
Processing callees...
Validating......
Applying path checker with solver...
Constructing solving program...
Solver-aided path checker succeeded...
Applying path checker with solver...
Constructing solving program...
Solver-aided path checker succeeded...
Applying path checker with solver...
Constructing solving program...
Solver-aided path checker succeeded...
finish validate
Reporting......
Report generated!

finish report
===================================================
580  /  666 

CWE80_XSS__Servlet_listen_tcp_52 

{'input_token_cost': 16926, 'output_token_cost': 2254, 'analysis_result': {'TPs': 1, 'FPs': 0}, 'ground_truth': {'TPs': 1, 'FPs': 1}, 'single time cost': 33.95298624038696} 

===================================================


Start to analyze the case  581 out of  666
/scratch/local/w.nimit/2292/LLMDFA/benchmark/juliet-test-suite-XSS_simplified/CWE80_XSS/s01/CWE80_XSS__Servlet_listen_tcp_53.java
Analyzing......
Preprocessing...
processing finished
start to summarize...
Generating intra-procedural summaries...
Processing callees...
Preprocessing...
processing finished
start to summarize...
Generating intra-procedural summaries...
Processing callees...
Preprocessing...
processing finished
start to summarize...
Generating intra-procedural summaries...
Processing callees...
Preprocessing...
processing finished
start to summarize...
Generating intra-procedural summaries...
Processing callees...
Preprocessing...
processing finished
start to summarize...
Generating intra-procedural summaries...
Processing callees...
Preprocessing...
processing finished
start to summarize...
Generating intra-procedural summaries...
Processing callees...
Preprocessing...
processing finished
start to summarize...
Generating intra-procedural summaries...
Processing callees...
Preprocessing...
processing finished
start to summarize...
Generating intra-procedural summaries...
Processing callees...
Preprocessing...
processing finished
start to summarize...
Generating intra-procedural summaries...
Processing callees...
Validating......
Applying path checker with solver...
Constructing solving program...
Solver-aided path checker succeeded...
Applying path checker with solver...
Constructing solving program...
Solver-aided path checker succeeded...
Applying path checker with solver...
Constructing solving program...
Solver-aided path checker succeeded...
Applying path checker with solver...
Constructing solving program...
Solver-aided path checker succeeded...
Applying path checker with solver...
Constructing solving program...
Solver-aided path checker succeeded...
Applying path checker with solver...
Constructing solving program...
Solver-aided path checker succeeded...
Applying path checker with solver...
Constructing solving program...
Solver-aided path checker succeeded...
finish validate
Reporting......
Report generated!

finish report
===================================================
581  /  666 

CWE80_XSS__Servlet_listen_tcp_53 

{'input_token_cost': 29006, 'output_token_cost': 4076, 'analysis_result': {'TPs': 1, 'FPs': 0}, 'ground_truth': {'TPs': 1, 'FPs': 1}, 'single time cost': 61.54444742202759} 

===================================================


Start to analyze the case  582 out of  666
/scratch/local/w.nimit/2292/LLMDFA/benchmark/juliet-test-suite-XSS_simplified/CWE80_XSS/s01/CWE80_XSS__Servlet_listen_tcp_54.java
Analyzing......
Preprocessing...
processing finished
start to summarize...
Generating intra-procedural summaries...
Processing callees...
Preprocessing...
processing finished
start to summarize...
Generating intra-procedural summaries...
Processing callees...
Preprocessing...
processing finished
start to summarize...
Generating intra-procedural summaries...
Processing callees...
Preprocessing...
processing finished
start to summarize...
Generating intra-procedural summaries...
Processing callees...
Preprocessing...
processing finished
start to summarize...
Generating intra-procedural summaries...
Processing callees...
Preprocessing...
processing finished
start to summarize...
Generating intra-procedural summaries...
Processing callees...
Preprocessing...
processing finished
start to summarize...
Generating intra-procedural summaries...
Processing callees...
Preprocessing...
processing finished
start to summarize...
Generating intra-procedural summaries...
Processing callees...
Preprocessing...
processing finished
start to summarize...
Generating intra-procedural summaries...
Processing callees...
Preprocessing...
processing finished
start to summarize...
Generating intra-procedural summaries...
Processing callees...
Preprocessing...
processing finished
start to summarize...
Generating intra-procedural summaries...
Processing callees...
Validating......
Applying path checker with solver...
Constructing solving program...
Solver-aided path checker succeeded...
Applying path checker with solver...
Constructing solving program...
Solver-aided path checker succeeded...
Applying path checker with solver...
Constructing solving program...
Solver-aided path checker succeeded...
Applying path checker with solver...
Constructing solving program...
Solver-aided path checker succeeded...
finish validate
Reporting......
Report generated!

finish report
===================================================
582  /  666 

CWE80_XSS__Servlet_listen_tcp_54 

{'input_token_cost': 30606, 'output_token_cost': 3483, 'analysis_result': {'TPs': 1, 'FPs': 0}, 'ground_truth': {'TPs': 1, 'FPs': 1}, 'single time cost': 52.57181644439697} 

===================================================


Start to analyze the case  583 out of  666
/scratch/local/w.nimit/2292/LLMDFA/benchmark/juliet-test-suite-XSS_simplified/CWE80_XSS/s01/CWE80_XSS__Servlet_listen_tcp_61.java
Analyzing......
Preprocessing...
processing finished
start to summarize...
Generating intra-procedural summaries...
Processing callees...
Preprocessing...
processing finished
start to summarize...
Generating intra-procedural summaries...
Processing callees...
Preprocessing...
processing finished
start to summarize...
Generating intra-procedural summaries...
Processing callees...
Preprocessing...
processing finished
start to summarize...
Generating intra-procedural summaries...
Processing callees...
Preprocessing...
processing finished
start to summarize...
Generating intra-procedural summaries...
Processing callees...
Validating......
Applying path checker with solver...
Constructing solving program...
Solver-aided path checker succeeded...
finish validate
Reporting......
Report generated!

finish report
===================================================
583  /  666 

CWE80_XSS__Servlet_listen_tcp_61 

{'input_token_cost': 10163, 'output_token_cost': 942, 'analysis_result': {'TPs': 1, 'FPs': 0}, 'ground_truth': {'TPs': 1, 'FPs': 1}, 'single time cost': 14.320954322814941} 

===================================================


Start to analyze the case  584 out of  666
/scratch/local/w.nimit/2292/LLMDFA/benchmark/juliet-test-suite-XSS_simplified/CWE80_XSS/s01/CWE80_XSS__Servlet_listen_tcp_66.java
Analyzing......
Preprocessing...
processing finished
start to summarize...
Generating intra-procedural summaries...
Processing callees...
Preprocessing...
processing finished
start to summarize...
Generating intra-procedural summaries...
Processing callees...
Preprocessing...
processing finished
start to summarize...
Generating intra-procedural summaries...
Processing callees...
Preprocessing...
processing finished
start to summarize...
Generating intra-procedural summaries...
Processing callees...
Preprocessing...
processing finished
start to summarize...
Generating intra-procedural summaries...
Processing callees...
Validating......
Applying path checker with solver...
Constructing solving program...
Solver-aided path checker succeeded...
finish validate
Reporting......
Report generated!

finish report
===================================================
584  /  666 

CWE80_XSS__Servlet_listen_tcp_66 

{'input_token_cost': 7096, 'output_token_cost': 707, 'analysis_result': {'TPs': 1, 'FPs': 0}, 'ground_truth': {'TPs': 1, 'FPs': 1}, 'single time cost': 10.75096607208252} 

===================================================


Start to analyze the case  585 out of  666
/scratch/local/w.nimit/2292/LLMDFA/benchmark/juliet-test-suite-XSS_simplified/CWE80_XSS/s01/CWE80_XSS__Servlet_listen_tcp_67.java
Analyzing......
Preprocessing...
processing finished
start to summarize...
Generating intra-procedural summaries...
Processing callees...
Preprocessing...
processing finished
start to summarize...
Generating intra-procedural summaries...
Processing callees...
Preprocessing...
processing finished
start to summarize...
Generating intra-procedural summaries...
Processing callees...
Preprocessing...
processing finished
start to summarize...
Generating intra-procedural summaries...
Processing callees...
Preprocessing...
processing finished
start to summarize...
Generating intra-procedural summaries...
Processing callees...
Validating......
Applying path checker with solver...
Constructing solving program...
Solver-aided path checker succeeded...
finish validate
Reporting......
Report generated!

finish report
===================================================
585  /  666 

CWE80_XSS__Servlet_listen_tcp_67 

{'input_token_cost': 8260, 'output_token_cost': 822, 'analysis_result': {'TPs': 1, 'FPs': 0}, 'ground_truth': {'TPs': 1, 'FPs': 1}, 'single time cost': 12.453766584396362} 

===================================================


Start to analyze the case  586 out of  666
/scratch/local/w.nimit/2292/LLMDFA/benchmark/juliet-test-suite-XSS_simplified/CWE80_XSS/s01/CWE80_XSS__Servlet_listen_tcp_68.java
Analyzing......
Preprocessing...
processing finished
start to summarize...
Generating intra-procedural summaries...
Processing callees...
Preprocessing...
processing finished
start to summarize...
Generating intra-procedural summaries...
Processing callees...
Preprocessing...
processing finished
start to summarize...
Generating intra-procedural summaries...
Processing callees...
Preprocessing...
processing finished
start to summarize...
Generating intra-procedural summaries...
Processing callees...
Preprocessing...
processing finished
start to summarize...
Generating intra-procedural summaries...
Processing callees...
Validating......
finish validate
Reporting......
Report generated!

finish report
===================================================
586  /  666 

CWE80_XSS__Servlet_listen_tcp_68 

{'input_token_cost': 9334, 'output_token_cost': 801, 'analysis_result': {'TPs': 0, 'FPs': 0}, 'ground_truth': {'TPs': 1, 'FPs': 1}, 'single time cost': 12.089041709899902} 

===================================================


Start to analyze the case  587 out of  666
/scratch/local/w.nimit/2292/LLMDFA/benchmark/juliet-test-suite-XSS_simplified/CWE80_XSS/s01/CWE80_XSS__Servlet_listen_tcp_71.java
Analyzing......
Preprocessing...
processing finished
start to summarize...
Generating intra-procedural summaries...
Processing callees...
Preprocessing...
processing finished
start to summarize...
Generating intra-procedural summaries...
Processing callees...
Preprocessing...
processing finished
start to summarize...
Generating intra-procedural summaries...
Processing callees...
Preprocessing...
processing finished
start to summarize...
Generating intra-procedural summaries...
Processing callees...
Preprocessing...
processing finished
start to summarize...
Generating intra-procedural summaries...
Processing callees...
Validating......
finish validate
Reporting......
Report generated!

finish report
===================================================
587  /  666 

CWE80_XSS__Servlet_listen_tcp_71 

{'input_token_cost': 3540, 'output_token_cost': 322, 'analysis_result': {'TPs': 0, 'FPs': 0}, 'ground_truth': {'TPs': 1, 'FPs': 1}, 'single time cost': 4.830241680145264} 

===================================================


Start to analyze the case  588 out of  666
/scratch/local/w.nimit/2292/LLMDFA/benchmark/juliet-test-suite-XSS_simplified/CWE80_XSS/s01/CWE80_XSS__Servlet_listen_tcp_72.java
Analyzing......
Preprocessing...
processing finished
start to summarize...
Generating intra-procedural summaries...
Processing callees...
Preprocessing...
processing finished
start to summarize...
Generating intra-procedural summaries...
Processing callees...
Preprocessing...
processing finished
start to summarize...
Generating intra-procedural summaries...
Processing callees...
Preprocessing...
processing finished
start to summarize...
Generating intra-procedural summaries...
Processing callees...
Preprocessing...
processing finished
start to summarize...
Generating intra-procedural summaries...
Processing callees...
Validating......
Applying path checker with solver...
Constructing solving program...
Solver-aided path checker succeeded...
finish validate
Reporting......
Report generated!

finish report
===================================================
588  /  666 

CWE80_XSS__Servlet_listen_tcp_72 

{'input_token_cost': 7199, 'output_token_cost': 743, 'analysis_result': {'TPs': 1, 'FPs': 0}, 'ground_truth': {'TPs': 1, 'FPs': 1}, 'single time cost': 11.269644737243652} 

===================================================


Start to analyze the case  589 out of  666
/scratch/local/w.nimit/2292/LLMDFA/benchmark/juliet-test-suite-XSS_simplified/CWE80_XSS/s01/CWE80_XSS__Servlet_listen_tcp_73.java
Analyzing......
Preprocessing...
processing finished
start to summarize...
Generating intra-procedural summaries...
Processing callees...
Preprocessing...
processing finished
start to summarize...
Generating intra-procedural summaries...
Processing callees...
Preprocessing...
processing finished
start to summarize...
Generating intra-procedural summaries...
Processing callees...
Preprocessing...
processing finished
start to summarize...
Generating intra-procedural summaries...
Processing callees...
Preprocessing...
processing finished
start to summarize...
Generating intra-procedural summaries...
Processing callees...
Validating......
Applying path checker with solver...
Constructing solving program...
Solver-aided path checker succeeded...
finish validate
Reporting......
Report generated!

finish report
===================================================
589  /  666 

CWE80_XSS__Servlet_listen_tcp_73 

{'input_token_cost': 7193, 'output_token_cost': 667, 'analysis_result': {'TPs': 1, 'FPs': 0}, 'ground_truth': {'TPs': 1, 'FPs': 1}, 'single time cost': 10.164082527160645} 

===================================================


Start to analyze the case  590 out of  666
/scratch/local/w.nimit/2292/LLMDFA/benchmark/juliet-test-suite-XSS_simplified/CWE80_XSS/s01/CWE80_XSS__Servlet_listen_tcp_74.java
Analyzing......
Preprocessing...
processing finished
start to summarize...
Generating intra-procedural summaries...
Processing callees...
Preprocessing...
processing finished
start to summarize...
Generating intra-procedural summaries...
Processing callees...
Preprocessing...
processing finished
start to summarize...
Generating intra-procedural summaries...
Processing callees...
Preprocessing...
processing finished
start to summarize...
Generating intra-procedural summaries...
Processing callees...
Preprocessing...
processing finished
start to summarize...
Generating intra-procedural summaries...
Processing callees...
Validating......
Applying path checker with solver...
Constructing solving program...
Solver-aided path checker succeeded...
finish validate
Reporting......
Report generated!

finish report
===================================================
590  /  666 

CWE80_XSS__Servlet_listen_tcp_74 

{'input_token_cost': 7207, 'output_token_cost': 695, 'analysis_result': {'TPs': 1, 'FPs': 0}, 'ground_truth': {'TPs': 1, 'FPs': 1}, 'single time cost': 10.568861484527588} 

===================================================


Start to analyze the case  591 out of  666
/scratch/local/w.nimit/2292/LLMDFA/benchmark/juliet-test-suite-XSS_simplified/CWE80_XSS/s01/CWE80_XSS__Servlet_listen_tcp_75.java
Analyzing......
Preprocessing...
processing finished
start to summarize...
Generating intra-procedural summaries...
Processing callees...
Preprocessing...
processing finished
start to summarize...
Generating intra-procedural summaries...
Processing callees...
Preprocessing...
processing finished
start to summarize...
Generating intra-procedural summaries...
Processing callees...
Preprocessing...
processing finished
start to summarize...
Generating intra-procedural summaries...
Processing callees...
Preprocessing...
processing finished
start to summarize...
Generating intra-procedural summaries...
Processing callees...
Validating......
Applying path checker with solver...
Constructing solving program...
Solver-aided path checker succeeded...
finish validate
Reporting......
Report generated!

finish report
===================================================
591  /  666 

CWE80_XSS__Servlet_listen_tcp_75 

{'input_token_cost': 10215, 'output_token_cost': 1158, 'analysis_result': {'TPs': 1, 'FPs': 0}, 'ground_truth': {'TPs': 1, 'FPs': 1}, 'single time cost': 17.563825607299805} 

===================================================


Start to analyze the case  592 out of  666
/scratch/local/w.nimit/2292/LLMDFA/benchmark/juliet-test-suite-XSS_simplified/CWE80_XSS/s01/CWE80_XSS__Servlet_listen_tcp_81.java
Analyzing......
Preprocessing...
processing finished
start to summarize...
Generating intra-procedural summaries...
Processing callees...
Preprocessing...
processing finished
start to summarize...
Generating intra-procedural summaries...
Processing callees...
Preprocessing...
processing finished
start to summarize...
Generating intra-procedural summaries...
Processing callees...
Preprocessing...
processing finished
start to summarize...
Generating intra-procedural summaries...
Processing callees...
Preprocessing...
processing finished
start to summarize...
Generating intra-procedural summaries...
Processing callees...
Validating......
Applying path checker with solver...
Constructing solving program...
Solver-aided path checker succeeded...
finish validate
Reporting......
Report generated!

finish report
===================================================
592  /  666 

CWE80_XSS__Servlet_listen_tcp_81 

{'input_token_cost': 6982, 'output_token_cost': 914, 'analysis_result': {'TPs': 1, 'FPs': 0}, 'ground_truth': {'TPs': 1, 'FPs': 1}, 'single time cost': 13.781886100769043} 

===================================================


Start to analyze the case  593 out of  666
/scratch/local/w.nimit/2292/LLMDFA/benchmark/juliet-test-suite-XSS_simplified/CWE80_XSS/s02/CWE80_XSS__Servlet_PropertiesFile_01.java
Analyzing......
Preprocessing...
processing finished
start to summarize...
Generating intra-procedural summaries...
Processing callees...
Preprocessing...
processing finished
start to summarize...
Generating intra-procedural summaries...
Processing callees...
Preprocessing...
processing finished
start to summarize...
Generating intra-procedural summaries...
Processing callees...
Validating......
Applying path checker with solver...
Constructing solving program...
Solver-aided path checker succeeded...
finish validate
Reporting......
Report generated!

finish report
===================================================
593  /  666 

CWE80_XSS__Servlet_PropertiesFile_01 

{'input_token_cost': 1979, 'output_token_cost': 218, 'analysis_result': {'TPs': 1, 'FPs': 0}, 'ground_truth': {'TPs': 1, 'FPs': 1}, 'single time cost': 3.43975830078125} 

===================================================


Start to analyze the case  594 out of  666
/scratch/local/w.nimit/2292/LLMDFA/benchmark/juliet-test-suite-XSS_simplified/CWE80_XSS/s02/CWE80_XSS__Servlet_PropertiesFile_02.java
Analyzing......
Preprocessing...
processing finished
start to summarize...
Generating intra-procedural summaries...
Processing callees...
Preprocessing...
processing finished
start to summarize...
Generating intra-procedural summaries...
Processing callees...
Preprocessing...
processing finished
start to summarize...
Generating intra-procedural summaries...
Processing callees...
Preprocessing...
processing finished
start to summarize...
Generating intra-procedural summaries...
Processing callees...
Validating......
Applying path checker with solver...
Constructing solving program...
Solver-aided path checker succeeded...
finish validate
Reporting......
Report generated!

finish report
===================================================
594  /  666 

CWE80_XSS__Servlet_PropertiesFile_02 

{'input_token_cost': 2017, 'output_token_cost': 270, 'analysis_result': {'TPs': 1, 'FPs': 0}, 'ground_truth': {'TPs': 1, 'FPs': 2}, 'single time cost': 4.214918613433838} 

===================================================


Start to analyze the case  595 out of  666
/scratch/local/w.nimit/2292/LLMDFA/benchmark/juliet-test-suite-XSS_simplified/CWE80_XSS/s02/CWE80_XSS__Servlet_PropertiesFile_03.java
Analyzing......
Preprocessing...
processing finished
start to summarize...
Generating intra-procedural summaries...
Processing callees...
Preprocessing...
processing finished
start to summarize...
Generating intra-procedural summaries...
Processing callees...
Preprocessing...
processing finished
start to summarize...
Generating intra-procedural summaries...
Processing callees...
Preprocessing...
processing finished
start to summarize...
Generating intra-procedural summaries...
Processing callees...
Validating......
Applying path checker with solver...
Constructing solving program...
Constructing solving program...
Solver-aided path checker succeeded...
finish validate
Reporting......
Report generated!

finish report
===================================================
595  /  666 

CWE80_XSS__Servlet_PropertiesFile_03 

{'input_token_cost': 2571, 'output_token_cost': 366, 'analysis_result': {'TPs': 1, 'FPs': 0}, 'ground_truth': {'TPs': 1, 'FPs': 2}, 'single time cost': 5.751362323760986} 

===================================================


Start to analyze the case  596 out of  666
/scratch/local/w.nimit/2292/LLMDFA/benchmark/juliet-test-suite-XSS_simplified/CWE80_XSS/s02/CWE80_XSS__Servlet_PropertiesFile_04.java
Analyzing......
Preprocessing...
processing finished
start to summarize...
Generating intra-procedural summaries...
Processing callees...
Preprocessing...
processing finished
start to summarize...
Generating intra-procedural summaries...
Processing callees...
Preprocessing...
processing finished
start to summarize...
Generating intra-procedural summaries...
Processing callees...
Preprocessing...
processing finished
start to summarize...
Generating intra-procedural summaries...
Processing callees...
Validating......
Applying path checker with solver...
Constructing solving program...
Constructing solving program...
Solver-aided path checker succeeded...
finish validate
Reporting......
Report generated!

finish report
===================================================
596  /  666 

CWE80_XSS__Servlet_PropertiesFile_04 

{'input_token_cost': 2702, 'output_token_cost': 665, 'analysis_result': {'TPs': 1, 'FPs': 0}, 'ground_truth': {'TPs': 1, 'FPs': 2}, 'single time cost': 10.148456573486328} 

===================================================


Start to analyze the case  597 out of  666
/scratch/local/w.nimit/2292/LLMDFA/benchmark/juliet-test-suite-XSS_simplified/CWE80_XSS/s02/CWE80_XSS__Servlet_PropertiesFile_05.java
Analyzing......
Preprocessing...
processing finished
start to summarize...
Generating intra-procedural summaries...
Processing callees...
Preprocessing...
processing finished
start to summarize...
Generating intra-procedural summaries...
Processing callees...
Preprocessing...
processing finished
start to summarize...
Generating intra-procedural summaries...
Processing callees...
Preprocessing...
processing finished
start to summarize...
Generating intra-procedural summaries...
Processing callees...
Validating......
Applying path checker with solver...
Constructing solving program...
Constructing solving program...
Solver-aided path checker succeeded...
finish validate
Reporting......
Report generated!

finish report
===================================================
597  /  666 

CWE80_XSS__Servlet_PropertiesFile_05 

{'input_token_cost': 2677, 'output_token_cost': 367, 'analysis_result': {'TPs': 1, 'FPs': 0}, 'ground_truth': {'TPs': 1, 'FPs': 2}, 'single time cost': 5.771548748016357} 

===================================================


Start to analyze the case  598 out of  666
/scratch/local/w.nimit/2292/LLMDFA/benchmark/juliet-test-suite-XSS_simplified/CWE80_XSS/s02/CWE80_XSS__Servlet_PropertiesFile_06.java
Analyzing......
Preprocessing...
processing finished
start to summarize...
Generating intra-procedural summaries...
Processing callees...
Preprocessing...
processing finished
start to summarize...
Generating intra-procedural summaries...
Processing callees...
Preprocessing...
processing finished
start to summarize...
Generating intra-procedural summaries...
Processing callees...
Preprocessing...
processing finished
start to summarize...
Generating intra-procedural summaries...
Processing callees...
Validating......
Applying path checker with solver...
Constructing solving program...
Constructing solving program...
Solver-aided path checker succeeded...
finish validate
Reporting......
Report generated!

finish report
===================================================
598  /  666 

CWE80_XSS__Servlet_PropertiesFile_06 

{'input_token_cost': 2720, 'output_token_cost': 409, 'analysis_result': {'TPs': 1, 'FPs': 0}, 'ground_truth': {'TPs': 1, 'FPs': 2}, 'single time cost': 6.477054834365845} 

===================================================


Start to analyze the case  599 out of  666
/scratch/local/w.nimit/2292/LLMDFA/benchmark/juliet-test-suite-XSS_simplified/CWE80_XSS/s02/CWE80_XSS__Servlet_PropertiesFile_07.java
Analyzing......
Preprocessing...
processing finished
start to summarize...
Generating intra-procedural summaries...
Processing callees...
Preprocessing...
processing finished
start to summarize...
Generating intra-procedural summaries...
Processing callees...
Preprocessing...
processing finished
start to summarize...
Generating intra-procedural summaries...
Processing callees...
Preprocessing...
processing finished
start to summarize...
Generating intra-procedural summaries...
Processing callees...
Validating......
Applying path checker with solver...
Constructing solving program...
Constructing solving program...
Solver-aided path checker succeeded...
finish validate
Reporting......
Report generated!

finish report
===================================================
599  /  666 

CWE80_XSS__Servlet_PropertiesFile_07 

{'input_token_cost': 2690, 'output_token_cost': 370, 'analysis_result': {'TPs': 1, 'FPs': 0}, 'ground_truth': {'TPs': 1, 'FPs': 2}, 'single time cost': 5.826184034347534} 

===================================================


Start to analyze the case  600 out of  666
/scratch/local/w.nimit/2292/LLMDFA/benchmark/juliet-test-suite-XSS_simplified/CWE80_XSS/s02/CWE80_XSS__Servlet_PropertiesFile_08.java
Analyzing......
Preprocessing...
processing finished
start to summarize...
Generating intra-procedural summaries...
Processing callees...
Preprocessing...
processing finished
start to summarize...
Generating intra-procedural summaries...
Processing callees...
Preprocessing...
processing finished
start to summarize...
Generating intra-procedural summaries...
Processing callees...
Preprocessing...
processing finished
start to summarize...
Generating intra-procedural summaries...
Processing callees...
Preprocessing...
processing finished
start to summarize...
Generating intra-procedural summaries...
Processing callees...
Preprocessing...
processing finished
start to summarize...
Generating intra-procedural summaries...
Processing callees...
start to summarize...
Generating intra-procedural summaries...
Processing callees...
Validating......
Applying path checker with solver...
Constructing solving program...
Constructing solving program...
Solver-aided path checker succeeded...
finish validate
Reporting......
Report generated!

finish report
===================================================
600  /  666 

CWE80_XSS__Servlet_PropertiesFile_08 

{'input_token_cost': 2568, 'output_token_cost': 387, 'analysis_result': {'TPs': 1, 'FPs': 0}, 'ground_truth': {'TPs': 1, 'FPs': 2}, 'single time cost': 6.079461574554443} 

===================================================


Start to analyze the case  601 out of  666
/scratch/local/w.nimit/2292/LLMDFA/benchmark/juliet-test-suite-XSS_simplified/CWE80_XSS/s02/CWE80_XSS__Servlet_PropertiesFile_09.java
Analyzing......
Preprocessing...
processing finished
start to summarize...
Generating intra-procedural summaries...
Processing callees...
Preprocessing...
processing finished
start to summarize...
Generating intra-procedural summaries...
Processing callees...
Preprocessing...
processing finished
start to summarize...
Generating intra-procedural summaries...
Processing callees...
Preprocessing...
processing finished
start to summarize...
Generating intra-procedural summaries...
Processing callees...
Validating......
Applying path checker with solver...
Constructing solving program...
Constructing solving program...
Solver-aided path checker succeeded...
finish validate
Reporting......
Report generated!

finish report
===================================================
601  /  666 

CWE80_XSS__Servlet_PropertiesFile_09 

{'input_token_cost': 2702, 'output_token_cost': 411, 'analysis_result': {'TPs': 1, 'FPs': 0}, 'ground_truth': {'TPs': 1, 'FPs': 2}, 'single time cost': 6.417622327804565} 

===================================================


Start to analyze the case  602 out of  666
/scratch/local/w.nimit/2292/LLMDFA/benchmark/juliet-test-suite-XSS_simplified/CWE80_XSS/s02/CWE80_XSS__Servlet_PropertiesFile_10.java
Analyzing......
Preprocessing...
processing finished
start to summarize...
Generating intra-procedural summaries...
Processing callees...
Preprocessing...
processing finished
start to summarize...
Generating intra-procedural summaries...
Processing callees...
Preprocessing...
processing finished
start to summarize...
Generating intra-procedural summaries...
Processing callees...
Preprocessing...
processing finished
start to summarize...
Generating intra-procedural summaries...
Processing callees...
Validating......
Applying path checker with solver...
Constructing solving program...
Constructing solving program...
Solver-aided path checker succeeded...
finish validate
Reporting......
Report generated!

finish report
===================================================
602  /  666 

CWE80_XSS__Servlet_PropertiesFile_10 

{'input_token_cost': 2687, 'output_token_cost': 401, 'analysis_result': {'TPs': 1, 'FPs': 0}, 'ground_truth': {'TPs': 1, 'FPs': 2}, 'single time cost': 6.270936727523804} 

===================================================


Start to analyze the case  603 out of  666
/scratch/local/w.nimit/2292/LLMDFA/benchmark/juliet-test-suite-XSS_simplified/CWE80_XSS/s02/CWE80_XSS__Servlet_PropertiesFile_11.java
Analyzing......
Preprocessing...
processing finished
start to summarize...
Generating intra-procedural summaries...
Processing callees...
Preprocessing...
processing finished
start to summarize...
Generating intra-procedural summaries...
Processing callees...
Preprocessing...
processing finished
start to summarize...
Generating intra-procedural summaries...
Processing callees...
Preprocessing...
processing finished
start to summarize...
Generating intra-procedural summaries...
Processing callees...
Validating......
Applying path checker with solver...
Constructing solving program...
Constructing solving program...
Solver-aided path checker succeeded...
finish validate
Reporting......
Report generated!

finish report
===================================================
603  /  666 

CWE80_XSS__Servlet_PropertiesFile_11 

{'input_token_cost': 2576, 'output_token_cost': 457, 'analysis_result': {'TPs': 1, 'FPs': 0}, 'ground_truth': {'TPs': 1, 'FPs': 2}, 'single time cost': 7.08337926864624} 

===================================================


Start to analyze the case  604 out of  666
/scratch/local/w.nimit/2292/LLMDFA/benchmark/juliet-test-suite-XSS_simplified/CWE80_XSS/s02/CWE80_XSS__Servlet_PropertiesFile_12.java
Analyzing......
Preprocessing...
processing finished
start to summarize...
Generating intra-procedural summaries...
Processing callees...
Preprocessing...
processing finished
start to summarize...
Generating intra-procedural summaries...
Processing callees...
Preprocessing...
processing finished
start to summarize...
Generating intra-procedural summaries...
Processing callees...
Validating......
Applying path checker with solver...
Constructing solving program...
Constructing solving program...
Solver-aided path checker succeeded...
finish validate
Reporting......
Report generated!

finish report
===================================================
604  /  666 

CWE80_XSS__Servlet_PropertiesFile_12 

{'input_token_cost': 2590, 'output_token_cost': 392, 'analysis_result': {'TPs': 1, 'FPs': 0}, 'ground_truth': {'TPs': 1, 'FPs': 1}, 'single time cost': 6.143427848815918} 

===================================================


Start to analyze the case  605 out of  666
/scratch/local/w.nimit/2292/LLMDFA/benchmark/juliet-test-suite-XSS_simplified/CWE80_XSS/s02/CWE80_XSS__Servlet_PropertiesFile_13.java
Analyzing......
Preprocessing...
processing finished
start to summarize...
Generating intra-procedural summaries...
Processing callees...
Preprocessing...
processing finished
start to summarize...
Generating intra-procedural summaries...
Processing callees...
Preprocessing...
processing finished
start to summarize...
Generating intra-procedural summaries...
Processing callees...
Preprocessing...
processing finished
start to summarize...
Generating intra-procedural summaries...
Processing callees...
Validating......
Applying path checker with solver...
Constructing solving program...
Constructing solving program...
Solver-aided path checker succeeded...
finish validate
Reporting......
Report generated!

finish report
===================================================
605  /  666 

CWE80_XSS__Servlet_PropertiesFile_13 

{'input_token_cost': 2720, 'output_token_cost': 402, 'analysis_result': {'TPs': 1, 'FPs': 0}, 'ground_truth': {'TPs': 1, 'FPs': 2}, 'single time cost': 6.293971300125122} 

===================================================


Start to analyze the case  606 out of  666
/scratch/local/w.nimit/2292/LLMDFA/benchmark/juliet-test-suite-XSS_simplified/CWE80_XSS/s02/CWE80_XSS__Servlet_PropertiesFile_14.java
Analyzing......
Preprocessing...
processing finished
start to summarize...
Generating intra-procedural summaries...
Processing callees...
Preprocessing...
processing finished
start to summarize...
Generating intra-procedural summaries...
Processing callees...
Preprocessing...
processing finished
start to summarize...
Generating intra-procedural summaries...
Processing callees...
Preprocessing...
processing finished
start to summarize...
Generating intra-procedural summaries...
Processing callees...
Validating......
Applying path checker with solver...
Constructing solving program...
Constructing solving program...
Solver-aided path checker succeeded...
finish validate
Reporting......
Report generated!

finish report
===================================================
606  /  666 

CWE80_XSS__Servlet_PropertiesFile_14 

{'input_token_cost': 2700, 'output_token_cost': 443, 'analysis_result': {'TPs': 1, 'FPs': 0}, 'ground_truth': {'TPs': 1, 'FPs': 2}, 'single time cost': 6.884258270263672} 

===================================================


Start to analyze the case  607 out of  666
/scratch/local/w.nimit/2292/LLMDFA/benchmark/juliet-test-suite-XSS_simplified/CWE80_XSS/s02/CWE80_XSS__Servlet_PropertiesFile_15.java
Analyzing......
Preprocessing...
processing finished
start to summarize...
Generating intra-procedural summaries...
Processing callees...
Preprocessing...
processing finished
start to summarize...
Generating intra-procedural summaries...
Processing callees...
Preprocessing...
processing finished
start to summarize...
Generating intra-procedural summaries...
Processing callees...
Preprocessing...
processing finished
start to summarize...
Generating intra-procedural summaries...
Processing callees...
Validating......
Applying path checker with solver...
Constructing solving program...
Solver-aided path checker succeeded...
finish validate
Reporting......
Report generated!

finish report
===================================================
607  /  666 

CWE80_XSS__Servlet_PropertiesFile_15 

{'input_token_cost': 2036, 'output_token_cost': 242, 'analysis_result': {'TPs': 1, 'FPs': 0}, 'ground_truth': {'TPs': 1, 'FPs': 2}, 'single time cost': 3.804565668106079} 

===================================================


Start to analyze the case  608 out of  666
/scratch/local/w.nimit/2292/LLMDFA/benchmark/juliet-test-suite-XSS_simplified/CWE80_XSS/s02/CWE80_XSS__Servlet_PropertiesFile_16.java
Analyzing......
Preprocessing...
processing finished
start to summarize...
Generating intra-procedural summaries...
Processing callees...
Preprocessing...
processing finished
start to summarize...
Generating intra-procedural summaries...
Processing callees...
Preprocessing...
processing finished
start to summarize...
Generating intra-procedural summaries...
Processing callees...
Validating......
Applying path checker with solver...
Constructing solving program...
Solver-aided path checker succeeded...
finish validate
Reporting......
Report generated!

finish report
===================================================
608  /  666 

CWE80_XSS__Servlet_PropertiesFile_16 

{'input_token_cost': 1992, 'output_token_cost': 227, 'analysis_result': {'TPs': 1, 'FPs': 0}, 'ground_truth': {'TPs': 1, 'FPs': 1}, 'single time cost': 3.5694000720977783} 

===================================================


Start to analyze the case  609 out of  666
/scratch/local/w.nimit/2292/LLMDFA/benchmark/juliet-test-suite-XSS_simplified/CWE80_XSS/s02/CWE80_XSS__Servlet_PropertiesFile_17.java
Analyzing......
Preprocessing...
processing finished
start to summarize...
Generating intra-procedural summaries...
Processing callees...
Preprocessing...
processing finished
start to summarize...
Generating intra-procedural summaries...
Processing callees...
Preprocessing...
processing finished
start to summarize...
Generating intra-procedural summaries...
Processing callees...
Validating......
Applying path checker with solver...
Constructing solving program...
Solver-aided path checker succeeded...
finish validate
Reporting......
Report generated!

finish report
===================================================
609  /  666 

CWE80_XSS__Servlet_PropertiesFile_17 

{'input_token_cost': 2006, 'output_token_cost': 251, 'analysis_result': {'TPs': 1, 'FPs': 0}, 'ground_truth': {'TPs': 1, 'FPs': 1}, 'single time cost': 3.89485502243042} 

===================================================


Start to analyze the case  610 out of  666
/scratch/local/w.nimit/2292/LLMDFA/benchmark/juliet-test-suite-XSS_simplified/CWE80_XSS/s02/CWE80_XSS__Servlet_PropertiesFile_21.java
Analyzing......
Preprocessing...
processing finished
start to summarize...
Generating intra-procedural summaries...
Processing callees...
Preprocessing...
processing finished
start to summarize...
Generating intra-procedural summaries...
Processing callees...
Preprocessing...
processing finished
start to summarize...
Generating intra-procedural summaries...
Processing callees...
Preprocessing...
processing finished
start to summarize...
Generating intra-procedural summaries...
Processing callees...
Preprocessing...
processing finished
start to summarize...
Generating intra-procedural summaries...
Processing callees...
Preprocessing...
processing finished
start to summarize...
Generating intra-procedural summaries...
Processing callees...
Preprocessing...
processing finished
start to summarize...
Generating intra-procedural summaries...
Processing callees...
Validating......
Applying path checker with solver...
Constructing solving program...
Constructing solving program...
Solver-aided path checker succeeded...
finish validate
Reporting......
Report generated!

finish report
===================================================
610  /  666 

CWE80_XSS__Servlet_PropertiesFile_21 

{'input_token_cost': 17024, 'output_token_cost': 1780, 'analysis_result': {'TPs': 1, 'FPs': 0}, 'ground_truth': {'TPs': 1, 'FPs': 2}, 'single time cost': 27.035531282424927} 

===================================================


Start to analyze the case  611 out of  666
/scratch/local/w.nimit/2292/LLMDFA/benchmark/juliet-test-suite-XSS_simplified/CWE80_XSS/s02/CWE80_XSS__Servlet_PropertiesFile_31.java
Analyzing......
Preprocessing...
processing finished
start to summarize...
Generating intra-procedural summaries...
Processing callees...
Preprocessing...
processing finished
start to summarize...
Generating intra-procedural summaries...
Processing callees...
Preprocessing...
processing finished
start to summarize...
Generating intra-procedural summaries...
Processing callees...
Validating......
Applying path checker with solver...
Constructing solving program...
Solver-aided path checker succeeded...
finish validate
Reporting......
Report generated!

finish report
===================================================
611  /  666 

CWE80_XSS__Servlet_PropertiesFile_31 

{'input_token_cost': 2038, 'output_token_cost': 289, 'analysis_result': {'TPs': 1, 'FPs': 0}, 'ground_truth': {'TPs': 1, 'FPs': 1}, 'single time cost': 4.461546182632446} 

===================================================


Start to analyze the case  612 out of  666
/scratch/local/w.nimit/2292/LLMDFA/benchmark/juliet-test-suite-XSS_simplified/CWE80_XSS/s02/CWE80_XSS__Servlet_PropertiesFile_41.java
Analyzing......
Preprocessing...
processing finished
start to summarize...
Generating intra-procedural summaries...
Processing callees...
Preprocessing...
processing finished
start to summarize...
Generating intra-procedural summaries...
Processing callees...
Preprocessing...
processing finished
start to summarize...
Generating intra-procedural summaries...
Processing callees...
Preprocessing...
processing finished
start to summarize...
Generating intra-procedural summaries...
Processing callees...
Preprocessing...
processing finished
start to summarize...
Generating intra-procedural summaries...
Processing callees...
Validating......
Applying path checker with solver...
Constructing solving program...
Solver-aided path checker succeeded...
finish validate
Reporting......
Report generated!

finish report
===================================================
612  /  666 

CWE80_XSS__Servlet_PropertiesFile_41 

{'input_token_cost': 5784, 'output_token_cost': 812, 'analysis_result': {'TPs': 1, 'FPs': 0}, 'ground_truth': {'TPs': 1, 'FPs': 1}, 'single time cost': 12.256933689117432} 

===================================================


Start to analyze the case  613 out of  666
/scratch/local/w.nimit/2292/LLMDFA/benchmark/juliet-test-suite-XSS_simplified/CWE80_XSS/s02/CWE80_XSS__Servlet_PropertiesFile_42.java
Analyzing......
Preprocessing...
processing finished
start to summarize...
Generating intra-procedural summaries...
Processing callees...
Preprocessing...
processing finished
start to summarize...
Generating intra-procedural summaries...
Processing callees...
Preprocessing...
processing finished
start to summarize...
Generating intra-procedural summaries...
Processing callees...
Preprocessing...
processing finished
start to summarize...
Generating intra-procedural summaries...
Processing callees...
Preprocessing...
processing finished
start to summarize...
Generating intra-procedural summaries...
Processing callees...
Validating......
Applying path checker with solver...
Constructing solving program...
Solver-aided path checker succeeded...
finish validate
Reporting......
Report generated!

finish report
===================================================
613  /  666 

CWE80_XSS__Servlet_PropertiesFile_42 

{'input_token_cost': 9080, 'output_token_cost': 835, 'analysis_result': {'TPs': 1, 'FPs': 0}, 'ground_truth': {'TPs': 1, 'FPs': 1}, 'single time cost': 12.727848768234253} 

===================================================


Start to analyze the case  614 out of  666
/scratch/local/w.nimit/2292/LLMDFA/benchmark/juliet-test-suite-XSS_simplified/CWE80_XSS/s02/CWE80_XSS__Servlet_PropertiesFile_45.java
Analyzing......
Preprocessing...
processing finished
start to summarize...
Generating intra-procedural summaries...
Processing callees...
Preprocessing...
processing finished
start to summarize...
Generating intra-procedural summaries...
Processing callees...
Preprocessing...
processing finished
start to summarize...
Generating intra-procedural summaries...
Processing callees...
Preprocessing...
processing finished
start to summarize...
Generating intra-procedural summaries...
Processing callees...
Preprocessing...
processing finished
start to summarize...
Generating intra-procedural summaries...
Processing callees...
Validating......
Applying path checker with solver...
Constructing solving program...
Solver-aided path checker succeeded...
finish validate
Reporting......
Report generated!

finish report
===================================================
614  /  666 

CWE80_XSS__Servlet_PropertiesFile_45 

{'input_token_cost': 8089, 'output_token_cost': 933, 'analysis_result': {'TPs': 1, 'FPs': 0}, 'ground_truth': {'TPs': 1, 'FPs': 1}, 'single time cost': 14.110634088516235} 

===================================================


Start to analyze the case  615 out of  666
/scratch/local/w.nimit/2292/LLMDFA/benchmark/juliet-test-suite-XSS_simplified/CWE80_XSS/s02/CWE80_XSS__Servlet_URLConnection_01.java
Analyzing......
Preprocessing...
processing finished
start to summarize...
Generating intra-procedural summaries...
Processing callees...
Preprocessing...
processing finished
start to summarize...
Generating intra-procedural summaries...
Processing callees...
Preprocessing...
processing finished
start to summarize...
Generating intra-procedural summaries...
Processing callees...
Validating......
Applying path checker with solver...
Constructing solving program...
Solver-aided path checker succeeded...
finish validate
Reporting......
Report generated!

finish report
===================================================
615  /  666 

CWE80_XSS__Servlet_URLConnection_01 

{'input_token_cost': 2118, 'output_token_cost': 251, 'analysis_result': {'TPs': 1, 'FPs': 0}, 'ground_truth': {'TPs': 1, 'FPs': 1}, 'single time cost': 3.9306955337524414} 

===================================================


Start to analyze the case  616 out of  666
/scratch/local/w.nimit/2292/LLMDFA/benchmark/juliet-test-suite-XSS_simplified/CWE80_XSS/s02/CWE80_XSS__Servlet_URLConnection_02.java
Analyzing......
Preprocessing...
processing finished
start to summarize...
Generating intra-procedural summaries...
Processing callees...
Preprocessing...
processing finished
start to summarize...
Generating intra-procedural summaries...
Processing callees...
Preprocessing...
processing finished
start to summarize...
Generating intra-procedural summaries...
Processing callees...
Preprocessing...
processing finished
start to summarize...
Generating intra-procedural summaries...
Processing callees...
Validating......
Applying path checker with solver...
Constructing solving program...
Solver-aided path checker succeeded...
finish validate
Reporting......
Report generated!

finish report
===================================================
616  /  666 

CWE80_XSS__Servlet_URLConnection_02 

{'input_token_cost': 2156, 'output_token_cost': 248, 'analysis_result': {'TPs': 1, 'FPs': 0}, 'ground_truth': {'TPs': 1, 'FPs': 2}, 'single time cost': 3.90822172164917} 

===================================================


Start to analyze the case  617 out of  666
/scratch/local/w.nimit/2292/LLMDFA/benchmark/juliet-test-suite-XSS_simplified/CWE80_XSS/s02/CWE80_XSS__Servlet_URLConnection_03.java
Analyzing......
Preprocessing...
processing finished
start to summarize...
Generating intra-procedural summaries...
Processing callees...
Preprocessing...
processing finished
start to summarize...
Generating intra-procedural summaries...
Processing callees...
Preprocessing...
processing finished
start to summarize...
Generating intra-procedural summaries...
Processing callees...
Preprocessing...
processing finished
start to summarize...
Generating intra-procedural summaries...
Processing callees...
Validating......
Applying path checker with solver...
Constructing solving program...
Constructing solving program...
Solver-aided path checker succeeded...
finish validate
Reporting......
Report generated!

finish report
===================================================
617  /  666 

CWE80_XSS__Servlet_URLConnection_03 

{'input_token_cost': 2710, 'output_token_cost': 372, 'analysis_result': {'TPs': 1, 'FPs': 0}, 'ground_truth': {'TPs': 1, 'FPs': 2}, 'single time cost': 5.834829092025757} 

===================================================


Start to analyze the case  618 out of  666
/scratch/local/w.nimit/2292/LLMDFA/benchmark/juliet-test-suite-XSS_simplified/CWE80_XSS/s02/CWE80_XSS__Servlet_URLConnection_04.java
Analyzing......
Preprocessing...
processing finished
start to summarize...
Generating intra-procedural summaries...
Processing callees...
Preprocessing...
processing finished
start to summarize...
Generating intra-procedural summaries...
Processing callees...
Preprocessing...
processing finished
start to summarize...
Generating intra-procedural summaries...
Processing callees...
Preprocessing...
processing finished
start to summarize...
Generating intra-procedural summaries...
Processing callees...
Validating......
Applying path checker with solver...
Constructing solving program...
Constructing solving program...
Solver-aided path checker succeeded...
finish validate
Reporting......
Report generated!

finish report
===================================================
618  /  666 

CWE80_XSS__Servlet_URLConnection_04 

{'input_token_cost': 2841, 'output_token_cost': 471, 'analysis_result': {'TPs': 1, 'FPs': 0}, 'ground_truth': {'TPs': 1, 'FPs': 2}, 'single time cost': 7.29830265045166} 

===================================================


Start to analyze the case  619 out of  666
/scratch/local/w.nimit/2292/LLMDFA/benchmark/juliet-test-suite-XSS_simplified/CWE80_XSS/s02/CWE80_XSS__Servlet_URLConnection_05.java
Analyzing......
Preprocessing...
processing finished
start to summarize...
Generating intra-procedural summaries...
Processing callees...
Preprocessing...
processing finished
start to summarize...
Generating intra-procedural summaries...
Processing callees...
Preprocessing...
processing finished
start to summarize...
Generating intra-procedural summaries...
Processing callees...
Preprocessing...
processing finished
start to summarize...
Generating intra-procedural summaries...
Processing callees...
Validating......
Applying path checker with solver...
Constructing solving program...
Constructing solving program...
Solver-aided path checker succeeded...
finish validate
Reporting......
Report generated!

finish report
===================================================
619  /  666 

CWE80_XSS__Servlet_URLConnection_05 

{'input_token_cost': 2816, 'output_token_cost': 370, 'analysis_result': {'TPs': 1, 'FPs': 0}, 'ground_truth': {'TPs': 1, 'FPs': 2}, 'single time cost': 5.836725473403931} 

===================================================


Start to analyze the case  620 out of  666
/scratch/local/w.nimit/2292/LLMDFA/benchmark/juliet-test-suite-XSS_simplified/CWE80_XSS/s02/CWE80_XSS__Servlet_URLConnection_06.java
Analyzing......
Preprocessing...
processing finished
start to summarize...
Generating intra-procedural summaries...
Processing callees...
Preprocessing...
processing finished
start to summarize...
Generating intra-procedural summaries...
Processing callees...
Preprocessing...
processing finished
start to summarize...
Generating intra-procedural summaries...
Processing callees...
Preprocessing...
processing finished
start to summarize...
Generating intra-procedural summaries...
Processing callees...
Validating......
Applying path checker with solver...
Constructing solving program...
Constructing solving program...
Solver-aided path checker succeeded...
finish validate
Reporting......
Report generated!

finish report
===================================================
620  /  666 

CWE80_XSS__Servlet_URLConnection_06 

{'input_token_cost': 2859, 'output_token_cost': 398, 'analysis_result': {'TPs': 1, 'FPs': 0}, 'ground_truth': {'TPs': 1, 'FPs': 2}, 'single time cost': 6.236695766448975} 

===================================================


Start to analyze the case  621 out of  666
/scratch/local/w.nimit/2292/LLMDFA/benchmark/juliet-test-suite-XSS_simplified/CWE80_XSS/s02/CWE80_XSS__Servlet_URLConnection_07.java
Analyzing......
Preprocessing...
processing finished
start to summarize...
Generating intra-procedural summaries...
Processing callees...
Preprocessing...
processing finished
start to summarize...
Generating intra-procedural summaries...
Processing callees...
Preprocessing...
processing finished
start to summarize...
Generating intra-procedural summaries...
Processing callees...
Preprocessing...
processing finished
start to summarize...
Generating intra-procedural summaries...
Processing callees...
Validating......
Applying path checker with solver...
Constructing solving program...
Constructing solving program...
Solver-aided path checker succeeded...
finish validate
Reporting......
Report generated!

finish report
===================================================
621  /  666 

CWE80_XSS__Servlet_URLConnection_07 

{'input_token_cost': 2829, 'output_token_cost': 359, 'analysis_result': {'TPs': 1, 'FPs': 0}, 'ground_truth': {'TPs': 1, 'FPs': 2}, 'single time cost': 5.66796088218689} 

===================================================


Start to analyze the case  622 out of  666
/scratch/local/w.nimit/2292/LLMDFA/benchmark/juliet-test-suite-XSS_simplified/CWE80_XSS/s02/CWE80_XSS__Servlet_URLConnection_08.java
Analyzing......
Preprocessing...
processing finished
start to summarize...
Generating intra-procedural summaries...
Processing callees...
Preprocessing...
processing finished
start to summarize...
Generating intra-procedural summaries...
Processing callees...
Preprocessing...
processing finished
start to summarize...
Generating intra-procedural summaries...
Processing callees...
Preprocessing...
processing finished
start to summarize...
Generating intra-procedural summaries...
Processing callees...
Preprocessing...
processing finished
start to summarize...
Generating intra-procedural summaries...
Processing callees...
Preprocessing...
processing finished
start to summarize...
Generating intra-procedural summaries...
Processing callees...
start to summarize...
Generating intra-procedural summaries...
Processing callees...
Validating......
Applying path checker with solver...
Constructing solving program...
Constructing solving program...
Solver-aided path checker succeeded...
finish validate
Reporting......
Report generated!

finish report
===================================================
622  /  666 

CWE80_XSS__Servlet_URLConnection_08 

{'input_token_cost': 2707, 'output_token_cost': 394, 'analysis_result': {'TPs': 1, 'FPs': 0}, 'ground_truth': {'TPs': 1, 'FPs': 2}, 'single time cost': 6.161858320236206} 

===================================================


Start to analyze the case  623 out of  666
/scratch/local/w.nimit/2292/LLMDFA/benchmark/juliet-test-suite-XSS_simplified/CWE80_XSS/s02/CWE80_XSS__Servlet_URLConnection_09.java
Analyzing......
Preprocessing...
processing finished
start to summarize...
Generating intra-procedural summaries...
Processing callees...
Preprocessing...
processing finished
start to summarize...
Generating intra-procedural summaries...
Processing callees...
Preprocessing...
processing finished
start to summarize...
Generating intra-procedural summaries...
Processing callees...
Preprocessing...
processing finished
start to summarize...
Generating intra-procedural summaries...
Processing callees...
Validating......
Applying path checker with solver...
Constructing solving program...
Constructing solving program...
Solver-aided path checker succeeded...
finish validate
Reporting......
Report generated!

finish report
===================================================
623  /  666 

CWE80_XSS__Servlet_URLConnection_09 

{'input_token_cost': 2841, 'output_token_cost': 366, 'analysis_result': {'TPs': 1, 'FPs': 0}, 'ground_truth': {'TPs': 1, 'FPs': 2}, 'single time cost': 5.776866912841797} 

===================================================


Start to analyze the case  624 out of  666
/scratch/local/w.nimit/2292/LLMDFA/benchmark/juliet-test-suite-XSS_simplified/CWE80_XSS/s02/CWE80_XSS__Servlet_URLConnection_10.java
Analyzing......
Preprocessing...
processing finished
start to summarize...
Generating intra-procedural summaries...
Processing callees...
Preprocessing...
processing finished
start to summarize...
Generating intra-procedural summaries...
Processing callees...
Preprocessing...
processing finished
start to summarize...
Generating intra-procedural summaries...
Processing callees...
Preprocessing...
processing finished
start to summarize...
Generating intra-procedural summaries...
Processing callees...
Validating......
finish validate
Reporting......
Report generated!

finish report
===================================================
624  /  666 

CWE80_XSS__Servlet_URLConnection_10 

{'input_token_cost': 1612, 'output_token_cost': 138, 'analysis_result': {'TPs': 0, 'FPs': 0}, 'ground_truth': {'TPs': 1, 'FPs': 2}, 'single time cost': 2.1230571269989014} 

===================================================


Start to analyze the case  625 out of  666
/scratch/local/w.nimit/2292/LLMDFA/benchmark/juliet-test-suite-XSS_simplified/CWE80_XSS/s02/CWE80_XSS__Servlet_URLConnection_11.java
Analyzing......
Preprocessing...
processing finished
start to summarize...
Generating intra-procedural summaries...
Processing callees...
Preprocessing...
processing finished
start to summarize...
Generating intra-procedural summaries...
Processing callees...
Preprocessing...
processing finished
start to summarize...
Generating intra-procedural summaries...
Processing callees...
Preprocessing...
processing finished
start to summarize...
Generating intra-procedural summaries...
Processing callees...
Validating......
finish validate
Reporting......
Report generated!

finish report
===================================================
625  /  666 

CWE80_XSS__Servlet_URLConnection_11 

{'input_token_cost': 1613, 'output_token_cost': 134, 'analysis_result': {'TPs': 0, 'FPs': 0}, 'ground_truth': {'TPs': 1, 'FPs': 2}, 'single time cost': 2.075913667678833} 

===================================================


Start to analyze the case  626 out of  666
/scratch/local/w.nimit/2292/LLMDFA/benchmark/juliet-test-suite-XSS_simplified/CWE80_XSS/s02/CWE80_XSS__Servlet_URLConnection_12.java
Analyzing......
Preprocessing...
processing finished
start to summarize...
Generating intra-procedural summaries...
Processing callees...
Preprocessing...
processing finished
start to summarize...
Generating intra-procedural summaries...
Processing callees...
Preprocessing...
processing finished
start to summarize...
Generating intra-procedural summaries...
Processing callees...
Validating......
Applying path checker with solver...
Constructing solving program...
Constructing solving program...
Solver-aided path checker succeeded...
finish validate
Reporting......
Report generated!

finish report
===================================================
626  /  666 

CWE80_XSS__Servlet_URLConnection_12 

{'input_token_cost': 2729, 'output_token_cost': 412, 'analysis_result': {'TPs': 1, 'FPs': 0}, 'ground_truth': {'TPs': 1, 'FPs': 1}, 'single time cost': 6.467851161956787} 

===================================================


Start to analyze the case  627 out of  666
/scratch/local/w.nimit/2292/LLMDFA/benchmark/juliet-test-suite-XSS_simplified/CWE80_XSS/s02/CWE80_XSS__Servlet_URLConnection_13.java
Analyzing......
Preprocessing...
processing finished
start to summarize...
Generating intra-procedural summaries...
Processing callees...
Preprocessing...
processing finished
start to summarize...
Generating intra-procedural summaries...
Processing callees...
Preprocessing...
processing finished
start to summarize...
Generating intra-procedural summaries...
Processing callees...
Preprocessing...
processing finished
start to summarize...
Generating intra-procedural summaries...
Processing callees...
Validating......
Applying path checker with solver...
Constructing solving program...
Constructing solving program...
Solver-aided path checker succeeded...
finish validate
Reporting......
Report generated!

finish report
===================================================
627  /  666 

CWE80_XSS__Servlet_URLConnection_13 

{'input_token_cost': 2859, 'output_token_cost': 403, 'analysis_result': {'TPs': 1, 'FPs': 0}, 'ground_truth': {'TPs': 1, 'FPs': 2}, 'single time cost': 6.318798542022705} 

===================================================


Start to analyze the case  628 out of  666
/scratch/local/w.nimit/2292/LLMDFA/benchmark/juliet-test-suite-XSS_simplified/CWE80_XSS/s02/CWE80_XSS__Servlet_URLConnection_14.java
Analyzing......
Preprocessing...
processing finished
start to summarize...
Generating intra-procedural summaries...
Processing callees...
Preprocessing...
processing finished
start to summarize...
Generating intra-procedural summaries...
Processing callees...
Preprocessing...
processing finished
start to summarize...
Generating intra-procedural summaries...
Processing callees...
Preprocessing...
processing finished
start to summarize...
Generating intra-procedural summaries...
Processing callees...
Validating......
Applying path checker with solver...
Constructing solving program...
Constructing solving program...
Solver-aided path checker succeeded...
finish validate
Reporting......
Report generated!

finish report
===================================================
628  /  666 

CWE80_XSS__Servlet_URLConnection_14 

{'input_token_cost': 2839, 'output_token_cost': 449, 'analysis_result': {'TPs': 1, 'FPs': 0}, 'ground_truth': {'TPs': 1, 'FPs': 2}, 'single time cost': 6.9691455364227295} 

===================================================


Start to analyze the case  629 out of  666
/scratch/local/w.nimit/2292/LLMDFA/benchmark/juliet-test-suite-XSS_simplified/CWE80_XSS/s02/CWE80_XSS__Servlet_URLConnection_15.java
Analyzing......
Preprocessing...
processing finished
start to summarize...
Generating intra-procedural summaries...
Processing callees...
Preprocessing...
processing finished
start to summarize...
Generating intra-procedural summaries...
Processing callees...
Preprocessing...
processing finished
start to summarize...
Generating intra-procedural summaries...
Processing callees...
Preprocessing...
processing finished
start to summarize...
Generating intra-procedural summaries...
Processing callees...
Validating......
Applying path checker with solver...
Constructing solving program...
Solver-aided path checker succeeded...
finish validate
Reporting......
Report generated!

finish report
===================================================
629  /  666 

CWE80_XSS__Servlet_URLConnection_15 

{'input_token_cost': 2175, 'output_token_cost': 257, 'analysis_result': {'TPs': 1, 'FPs': 0}, 'ground_truth': {'TPs': 1, 'FPs': 2}, 'single time cost': 4.02665638923645} 

===================================================


Start to analyze the case  630 out of  666
/scratch/local/w.nimit/2292/LLMDFA/benchmark/juliet-test-suite-XSS_simplified/CWE80_XSS/s02/CWE80_XSS__Servlet_URLConnection_16.java
Analyzing......
Preprocessing...
processing finished
start to summarize...
Generating intra-procedural summaries...
Processing callees...
Preprocessing...
processing finished
start to summarize...
Generating intra-procedural summaries...
Processing callees...
Preprocessing...
processing finished
start to summarize...
Generating intra-procedural summaries...
Processing callees...
Validating......
Applying path checker with solver...
Constructing solving program...
Solver-aided path checker succeeded...
finish validate
Reporting......
Report generated!

finish report
===================================================
630  /  666 

CWE80_XSS__Servlet_URLConnection_16 

{'input_token_cost': 2131, 'output_token_cost': 239, 'analysis_result': {'TPs': 1, 'FPs': 0}, 'ground_truth': {'TPs': 1, 'FPs': 1}, 'single time cost': 3.761997699737549} 

===================================================


Start to analyze the case  631 out of  666
/scratch/local/w.nimit/2292/LLMDFA/benchmark/juliet-test-suite-XSS_simplified/CWE80_XSS/s02/CWE80_XSS__Servlet_URLConnection_17.java
Analyzing......
Preprocessing...
processing finished
start to summarize...
Generating intra-procedural summaries...
Processing callees...
Preprocessing...
processing finished
start to summarize...
Generating intra-procedural summaries...
Processing callees...
Preprocessing...
processing finished
start to summarize...
Generating intra-procedural summaries...
Processing callees...
Validating......
Applying path checker with solver...
Constructing solving program...
Solver-aided path checker succeeded...
finish validate
Reporting......
Report generated!

finish report
===================================================
631  /  666 

CWE80_XSS__Servlet_URLConnection_17 

{'input_token_cost': 2145, 'output_token_cost': 314, 'analysis_result': {'TPs': 1, 'FPs': 0}, 'ground_truth': {'TPs': 1, 'FPs': 1}, 'single time cost': 4.909470319747925} 

===================================================


Start to analyze the case  632 out of  666
/scratch/local/w.nimit/2292/LLMDFA/benchmark/juliet-test-suite-XSS_simplified/CWE80_XSS/s02/CWE80_XSS__Servlet_URLConnection_21.java
Analyzing......
Preprocessing...
processing finished
start to summarize...
Generating intra-procedural summaries...
Processing callees...
Preprocessing...
processing finished
start to summarize...
Generating intra-procedural summaries...
Processing callees...
Preprocessing...
processing finished
start to summarize...
Generating intra-procedural summaries...
Processing callees...
Preprocessing...
processing finished
start to summarize...
Generating intra-procedural summaries...
Processing callees...
Preprocessing...
processing finished
start to summarize...
Generating intra-procedural summaries...
Processing callees...
Preprocessing...
processing finished
start to summarize...
Generating intra-procedural summaries...
Processing callees...
Preprocessing...
processing finished
start to summarize...
Generating intra-procedural summaries...
Processing callees...
Validating......
Applying path checker with solver...
Constructing solving program...
Constructing solving program...
Solver-aided path checker succeeded...
finish validate
Reporting......
Report generated!

finish report
===================================================
632  /  666 

CWE80_XSS__Servlet_URLConnection_21 

{'input_token_cost': 17441, 'output_token_cost': 1754, 'analysis_result': {'TPs': 1, 'FPs': 0}, 'ground_truth': {'TPs': 1, 'FPs': 2}, 'single time cost': 26.480537176132202} 

===================================================


Start to analyze the case  633 out of  666
/scratch/local/w.nimit/2292/LLMDFA/benchmark/juliet-test-suite-XSS_simplified/CWE80_XSS/s02/CWE80_XSS__Servlet_URLConnection_31.java
Analyzing......
Preprocessing...
processing finished
start to summarize...
Generating intra-procedural summaries...
Processing callees...
Preprocessing...
processing finished
start to summarize...
Generating intra-procedural summaries...
Processing callees...
Preprocessing...
processing finished
start to summarize...
Generating intra-procedural summaries...
Processing callees...
Validating......
Applying path checker with solver...
Constructing solving program...
Solver-aided path checker succeeded...
finish validate
Reporting......
Report generated!

finish report
===================================================
633  /  666 

CWE80_XSS__Servlet_URLConnection_31 

{'input_token_cost': 2177, 'output_token_cost': 328, 'analysis_result': {'TPs': 1, 'FPs': 0}, 'ground_truth': {'TPs': 1, 'FPs': 1}, 'single time cost': 5.035268306732178} 

===================================================


Start to analyze the case  634 out of  666
/scratch/local/w.nimit/2292/LLMDFA/benchmark/juliet-test-suite-XSS_simplified/CWE80_XSS/s02/CWE80_XSS__Servlet_URLConnection_41.java
Analyzing......
Preprocessing...
processing finished
start to summarize...
Generating intra-procedural summaries...
Processing callees...
Preprocessing...
processing finished
start to summarize...
Generating intra-procedural summaries...
Processing callees...
Preprocessing...
processing finished
start to summarize...
Generating intra-procedural summaries...
Processing callees...
Preprocessing...
processing finished
start to summarize...
Generating intra-procedural summaries...
Processing callees...
Preprocessing...
processing finished
start to summarize...
Generating intra-procedural summaries...
Processing callees...
Validating......
Applying path checker with solver...
Constructing solving program...
Solver-aided path checker succeeded...
finish validate
Reporting......
Report generated!

finish report
===================================================
634  /  666 

CWE80_XSS__Servlet_URLConnection_41 

{'input_token_cost': 6201, 'output_token_cost': 571, 'analysis_result': {'TPs': 1, 'FPs': 0}, 'ground_truth': {'TPs': 1, 'FPs': 1}, 'single time cost': 8.669816493988037} 

===================================================


Start to analyze the case  635 out of  666
/scratch/local/w.nimit/2292/LLMDFA/benchmark/juliet-test-suite-XSS_simplified/CWE80_XSS/s02/CWE80_XSS__Servlet_URLConnection_42.java
Analyzing......
Preprocessing...
processing finished
start to summarize...
Generating intra-procedural summaries...
Processing callees...
Preprocessing...
processing finished
start to summarize...
Generating intra-procedural summaries...
Processing callees...
Preprocessing...
processing finished
start to summarize...
Generating intra-procedural summaries...
Processing callees...
Preprocessing...
processing finished
start to summarize...
Generating intra-procedural summaries...
Processing callees...
Preprocessing...
processing finished
start to summarize...
Generating intra-procedural summaries...
Processing callees...
Validating......
Applying path checker with solver...
Constructing solving program...
Solver-aided path checker succeeded...
finish validate
Reporting......
Report generated!

finish report
===================================================
635  /  666 

CWE80_XSS__Servlet_URLConnection_42 

{'input_token_cost': 9497, 'output_token_cost': 759, 'analysis_result': {'TPs': 1, 'FPs': 0}, 'ground_truth': {'TPs': 1, 'FPs': 1}, 'single time cost': 11.527475357055664} 

===================================================


Start to analyze the case  636 out of  666
/scratch/local/w.nimit/2292/LLMDFA/benchmark/juliet-test-suite-XSS_simplified/CWE80_XSS/s02/CWE80_XSS__Servlet_URLConnection_45.java
Analyzing......
Preprocessing...
processing finished
start to summarize...
Generating intra-procedural summaries...
Processing callees...
Preprocessing...
processing finished
start to summarize...
Generating intra-procedural summaries...
Processing callees...
Preprocessing...
processing finished
start to summarize...
Generating intra-procedural summaries...
Processing callees...
Preprocessing...
processing finished
start to summarize...
Generating intra-procedural summaries...
Processing callees...
Preprocessing...
processing finished
start to summarize...
Generating intra-procedural summaries...
Processing callees...
Validating......
Applying path checker with solver...
Constructing solving program...
Solver-aided path checker succeeded...
finish validate
Reporting......
Report generated!

finish report
===================================================
636  /  666 

CWE80_XSS__Servlet_URLConnection_45 

{'input_token_cost': 7378, 'output_token_cost': 799, 'analysis_result': {'TPs': 1, 'FPs': 0}, 'ground_truth': {'TPs': 1, 'FPs': 1}, 'single time cost': 12.031732082366943} 

===================================================


Start to analyze the case  637 out of  666
/scratch/local/w.nimit/2292/LLMDFA/benchmark/juliet-test-suite-XSS_simplified/CWE80_XSS/s02/CWE80_XSS__Servlet_PropertiesFile_22.java
Analyzing......
Preprocessing...
processing finished
start to summarize...
Generating intra-procedural summaries...
Processing callees...
Preprocessing...
processing finished
start to summarize...
Generating intra-procedural summaries...
Processing callees...
Preprocessing...
processing finished
start to summarize...
Generating intra-procedural summaries...
Processing callees...
Preprocessing...
processing finished
start to summarize...
Generating intra-procedural summaries...
Processing callees...
Preprocessing...
processing finished
start to summarize...
Generating intra-procedural summaries...
Processing callees...
Preprocessing...
processing finished
start to summarize...
Generating intra-procedural summaries...
Processing callees...
Preprocessing...
processing finished
start to summarize...
Generating intra-procedural summaries...
Processing callees...
Validating......
Applying path checker with solver...
Constructing solving program...
Constructing solving program...
Solver-aided path checker succeeded...
finish validate
Reporting......
Report generated!

finish report
===================================================
637  /  666 

CWE80_XSS__Servlet_PropertiesFile_22 

{'input_token_cost': 17283, 'output_token_cost': 2070, 'analysis_result': {'TPs': 0, 'FPs': 0}, 'ground_truth': {'TPs': 1, 'FPs': 2}, 'single time cost': 31.406339406967163} 

===================================================


Start to analyze the case  638 out of  666
/scratch/local/w.nimit/2292/LLMDFA/benchmark/juliet-test-suite-XSS_simplified/CWE80_XSS/s02/CWE80_XSS__Servlet_PropertiesFile_51.java
Analyzing......
Preprocessing...
processing finished
start to summarize...
Generating intra-procedural summaries...
Processing callees...
Preprocessing...
processing finished
start to summarize...
Generating intra-procedural summaries...
Processing callees...
Preprocessing...
processing finished
start to summarize...
Generating intra-procedural summaries...
Processing callees...
Preprocessing...
processing finished
start to summarize...
Generating intra-procedural summaries...
Processing callees...
Preprocessing...
processing finished
start to summarize...
Generating intra-procedural summaries...
Processing callees...
Validating......
Applying path checker with solver...
Constructing solving program...
Solver-aided path checker succeeded...
finish validate
Reporting......
Report generated!

finish report
===================================================
638  /  666 

CWE80_XSS__Servlet_PropertiesFile_51 

{'input_token_cost': 5850, 'output_token_cost': 722, 'analysis_result': {'TPs': 1, 'FPs': 0}, 'ground_truth': {'TPs': 1, 'FPs': 1}, 'single time cost': 10.937888860702515} 

===================================================


Start to analyze the case  639 out of  666
/scratch/local/w.nimit/2292/LLMDFA/benchmark/juliet-test-suite-XSS_simplified/CWE80_XSS/s02/CWE80_XSS__Servlet_PropertiesFile_52.java
Analyzing......
Preprocessing...
processing finished
start to summarize...
Generating intra-procedural summaries...
Processing callees...
Preprocessing...
processing finished
start to summarize...
Generating intra-procedural summaries...
Processing callees...
Preprocessing...
processing finished
start to summarize...
Generating intra-procedural summaries...
Processing callees...
Preprocessing...
processing finished
start to summarize...
Generating intra-procedural summaries...
Processing callees...
Preprocessing...
processing finished
start to summarize...
Generating intra-procedural summaries...
Processing callees...
Preprocessing...
processing finished
start to summarize...
Generating intra-procedural summaries...
Processing callees...
Preprocessing...
processing finished
start to summarize...
Generating intra-procedural summaries...
Processing callees...
Validating......
Applying path checker with solver...
Constructing solving program...
Solver-aided path checker succeeded...
finish validate
Reporting......
Report generated!

finish report
===================================================
639  /  666 

CWE80_XSS__Servlet_PropertiesFile_52 

{'input_token_cost': 10250, 'output_token_cost': 1255, 'analysis_result': {'TPs': 1, 'FPs': 0}, 'ground_truth': {'TPs': 1, 'FPs': 1}, 'single time cost': 18.896971464157104} 

===================================================


Start to analyze the case  640 out of  666
/scratch/local/w.nimit/2292/LLMDFA/benchmark/juliet-test-suite-XSS_simplified/CWE80_XSS/s02/CWE80_XSS__Servlet_PropertiesFile_53.java
Analyzing......
Preprocessing...
processing finished
start to summarize...
Generating intra-procedural summaries...
Processing callees...
Preprocessing...
processing finished
start to summarize...
Generating intra-procedural summaries...
Processing callees...
Preprocessing...
processing finished
start to summarize...
Generating intra-procedural summaries...
Processing callees...
Preprocessing...
processing finished
start to summarize...
Generating intra-procedural summaries...
Processing callees...
Preprocessing...
processing finished
start to summarize...
Generating intra-procedural summaries...
Processing callees...
Preprocessing...
processing finished
start to summarize...
Generating intra-procedural summaries...
Processing callees...
Preprocessing...
processing finished
start to summarize...
Generating intra-procedural summaries...
Processing callees...
Preprocessing...
processing finished
start to summarize...
Generating intra-procedural summaries...
Processing callees...
Preprocessing...
processing finished
start to summarize...
Generating intra-procedural summaries...
Processing callees...
Validating......
Applying path checker with solver...
Constructing solving program...
Solver-aided path checker succeeded...
Applying path checker with solver...
Constructing solving program...
Solver-aided path checker succeeded...
finish validate
Reporting......
Report generated!

finish report
===================================================
640  /  666 

CWE80_XSS__Servlet_PropertiesFile_53 

{'input_token_cost': 18483, 'output_token_cost': 2204, 'analysis_result': {'TPs': 1, 'FPs': 0}, 'ground_truth': {'TPs': 1, 'FPs': 1}, 'single time cost': 33.209694385528564} 

===================================================


Start to analyze the case  641 out of  666
/scratch/local/w.nimit/2292/LLMDFA/benchmark/juliet-test-suite-XSS_simplified/CWE80_XSS/s02/CWE80_XSS__Servlet_PropertiesFile_54.java
Analyzing......
Preprocessing...
processing finished
start to summarize...
Generating intra-procedural summaries...
Processing callees...
Preprocessing...
processing finished
start to summarize...
Generating intra-procedural summaries...
Processing callees...
Preprocessing...
processing finished
start to summarize...
Generating intra-procedural summaries...
Processing callees...
Preprocessing...
processing finished
start to summarize...
Generating intra-procedural summaries...
Processing callees...
Preprocessing...
processing finished
start to summarize...
Generating intra-procedural summaries...
Processing callees...
Preprocessing...
processing finished
start to summarize...
Generating intra-procedural summaries...
Processing callees...
Preprocessing...
processing finished
start to summarize...
Generating intra-procedural summaries...
Processing callees...
Preprocessing...
processing finished
start to summarize...
Generating intra-procedural summaries...
Processing callees...
Preprocessing...
processing finished
start to summarize...
Generating intra-procedural summaries...
Processing callees...
Preprocessing...
processing finished
start to summarize...
Generating intra-procedural summaries...
Processing callees...
Preprocessing...
processing finished
start to summarize...
Generating intra-procedural summaries...
Processing callees...
Validating......
Applying path checker with solver...
Constructing solving program...
Solver-aided path checker succeeded...
Applying path checker with solver...
Constructing solving program...
Solver-aided path checker succeeded...
Applying path checker with solver...
Constructing solving program...
Solver-aided path checker succeeded...
Applying path checker with solver...
Constructing solving program...
Solver-aided path checker succeeded...
finish validate
Reporting......
Report generated!

finish report
===================================================
641  /  666 

CWE80_XSS__Servlet_PropertiesFile_54 

{'input_token_cost': 29423, 'output_token_cost': 3764, 'analysis_result': {'TPs': 1, 'FPs': 0}, 'ground_truth': {'TPs': 1, 'FPs': 1}, 'single time cost': 56.60109210014343} 

===================================================


Start to analyze the case  642 out of  666
/scratch/local/w.nimit/2292/LLMDFA/benchmark/juliet-test-suite-XSS_simplified/CWE80_XSS/s02/CWE80_XSS__Servlet_PropertiesFile_61.java
Analyzing......
Preprocessing...
processing finished
start to summarize...
Generating intra-procedural summaries...
Processing callees...
Preprocessing...
processing finished
start to summarize...
Generating intra-procedural summaries...
Processing callees...
Preprocessing...
processing finished
start to summarize...
Generating intra-procedural summaries...
Processing callees...
Preprocessing...
processing finished
start to summarize...
Generating intra-procedural summaries...
Processing callees...
Preprocessing...
processing finished
start to summarize...
Generating intra-procedural summaries...
Processing callees...
Validating......
Applying path checker with solver...
Constructing solving program...
Solver-aided path checker succeeded...
finish validate
Reporting......
Report generated!

finish report
===================================================
642  /  666 

CWE80_XSS__Servlet_PropertiesFile_61 

{'input_token_cost': 9094, 'output_token_cost': 1017, 'analysis_result': {'TPs': 1, 'FPs': 0}, 'ground_truth': {'TPs': 1, 'FPs': 1}, 'single time cost': 15.377485752105713} 

===================================================


Start to analyze the case  643 out of  666
/scratch/local/w.nimit/2292/LLMDFA/benchmark/juliet-test-suite-XSS_simplified/CWE80_XSS/s02/CWE80_XSS__Servlet_PropertiesFile_66.java
Analyzing......
Preprocessing...
processing finished
start to summarize...
Generating intra-procedural summaries...
Processing callees...
Preprocessing...
processing finished
start to summarize...
Generating intra-procedural summaries...
Processing callees...
Preprocessing...
processing finished
start to summarize...
Generating intra-procedural summaries...
Processing callees...
Preprocessing...
processing finished
start to summarize...
Generating intra-procedural summaries...
Processing callees...
Preprocessing...
processing finished
start to summarize...
Generating intra-procedural summaries...
Processing callees...
Validating......
Applying path checker with solver...
Constructing solving program...
Solver-aided path checker succeeded...
finish validate
Reporting......
Report generated!

finish report
===================================================
643  /  666 

CWE80_XSS__Servlet_PropertiesFile_66 

{'input_token_cost': 5954, 'output_token_cost': 788, 'analysis_result': {'TPs': 1, 'FPs': 0}, 'ground_truth': {'TPs': 1, 'FPs': 1}, 'single time cost': 11.888940572738647} 

===================================================


Start to analyze the case  644 out of  666
/scratch/local/w.nimit/2292/LLMDFA/benchmark/juliet-test-suite-XSS_simplified/CWE80_XSS/s02/CWE80_XSS__Servlet_PropertiesFile_67.java
Analyzing......
Preprocessing...
processing finished
start to summarize...
Generating intra-procedural summaries...
Processing callees...
Preprocessing...
processing finished
start to summarize...
Generating intra-procedural summaries...
Processing callees...
Preprocessing...
processing finished
start to summarize...
Generating intra-procedural summaries...
Processing callees...
Preprocessing...
processing finished
start to summarize...
Generating intra-procedural summaries...
Processing callees...
Preprocessing...
processing finished
start to summarize...
Generating intra-procedural summaries...
Processing callees...
Validating......
Applying path checker with solver...
Constructing solving program...
Solver-aided path checker succeeded...
finish validate
Reporting......
Report generated!

finish report
===================================================
644  /  666 

CWE80_XSS__Servlet_PropertiesFile_67 

{'input_token_cost': 5960, 'output_token_cost': 666, 'analysis_result': {'TPs': 1, 'FPs': 0}, 'ground_truth': {'TPs': 1, 'FPs': 1}, 'single time cost': 10.116284847259521} 

===================================================


Start to analyze the case  645 out of  666
/scratch/local/w.nimit/2292/LLMDFA/benchmark/juliet-test-suite-XSS_simplified/CWE80_XSS/s02/CWE80_XSS__Servlet_PropertiesFile_68.java
Analyzing......
Preprocessing...
processing finished
start to summarize...
Generating intra-procedural summaries...
Processing callees...
Preprocessing...
processing finished
start to summarize...
Generating intra-procedural summaries...
Processing callees...
Preprocessing...
processing finished
start to summarize...
Generating intra-procedural summaries...
Processing callees...
Preprocessing...
processing finished
start to summarize...
Generating intra-procedural summaries...
Processing callees...
Preprocessing...
processing finished
start to summarize...
Generating intra-procedural summaries...
Processing callees...
Validating......
finish validate
Reporting......
Report generated!

finish report
===================================================
645  /  666 

CWE80_XSS__Servlet_PropertiesFile_68 

{'input_token_cost': 7810, 'output_token_cost': 779, 'analysis_result': {'TPs': 0, 'FPs': 0}, 'ground_truth': {'TPs': 1, 'FPs': 1}, 'single time cost': 11.732646226882935} 

===================================================


Start to analyze the case  646 out of  666
/scratch/local/w.nimit/2292/LLMDFA/benchmark/juliet-test-suite-XSS_simplified/CWE80_XSS/s02/CWE80_XSS__Servlet_PropertiesFile_71.java
Analyzing......
Preprocessing...
processing finished
start to summarize...
Generating intra-procedural summaries...
Processing callees...
Preprocessing...
processing finished
start to summarize...
Generating intra-procedural summaries...
Processing callees...
Preprocessing...
processing finished
start to summarize...
Generating intra-procedural summaries...
Processing callees...
Preprocessing...
processing finished
start to summarize...
Generating intra-procedural summaries...
Processing callees...
Preprocessing...
processing finished
start to summarize...
Generating intra-procedural summaries...
Processing callees...
Validating......
finish validate
Reporting......
Report generated!

finish report
===================================================
646  /  666 

CWE80_XSS__Servlet_PropertiesFile_71 

{'input_token_cost': 2780, 'output_token_cost': 330, 'analysis_result': {'TPs': 0, 'FPs': 0}, 'ground_truth': {'TPs': 1, 'FPs': 1}, 'single time cost': 4.934334754943848} 

===================================================


Start to analyze the case  647 out of  666
/scratch/local/w.nimit/2292/LLMDFA/benchmark/juliet-test-suite-XSS_simplified/CWE80_XSS/s02/CWE80_XSS__Servlet_PropertiesFile_72.java
Analyzing......
Preprocessing...
processing finished
start to summarize...
Generating intra-procedural summaries...
Processing callees...
Preprocessing...
processing finished
start to summarize...
Generating intra-procedural summaries...
Processing callees...
Preprocessing...
processing finished
start to summarize...
Generating intra-procedural summaries...
Processing callees...
Preprocessing...
processing finished
start to summarize...
Generating intra-procedural summaries...
Processing callees...
Preprocessing...
processing finished
start to summarize...
Generating intra-procedural summaries...
Processing callees...
Validating......
Applying path checker with solver...
Constructing solving program...
Solver-aided path checker succeeded...
finish validate
Reporting......
Report generated!

finish report
===================================================
647  /  666 

CWE80_XSS__Servlet_PropertiesFile_72 

{'input_token_cost': 6057, 'output_token_cost': 699, 'analysis_result': {'TPs': 1, 'FPs': 0}, 'ground_truth': {'TPs': 1, 'FPs': 1}, 'single time cost': 10.638698816299438} 

===================================================


Start to analyze the case  648 out of  666
/scratch/local/w.nimit/2292/LLMDFA/benchmark/juliet-test-suite-XSS_simplified/CWE80_XSS/s02/CWE80_XSS__Servlet_PropertiesFile_73.java
Analyzing......
Preprocessing...
processing finished
start to summarize...
Generating intra-procedural summaries...
Processing callees...
Preprocessing...
processing finished
start to summarize...
Generating intra-procedural summaries...
Processing callees...
Preprocessing...
processing finished
start to summarize...
Generating intra-procedural summaries...
Processing callees...
Preprocessing...
processing finished
start to summarize...
Generating intra-procedural summaries...
Processing callees...
Preprocessing...
processing finished
start to summarize...
Generating intra-procedural summaries...
Processing callees...
Validating......
Applying path checker with solver...
Constructing solving program...
Solver-aided path checker succeeded...
finish validate
Reporting......
Report generated!

finish report
===================================================
648  /  666 

CWE80_XSS__Servlet_PropertiesFile_73 

{'input_token_cost': 7195, 'output_token_cost': 937, 'analysis_result': {'TPs': 1, 'FPs': 0}, 'ground_truth': {'TPs': 1, 'FPs': 1}, 'single time cost': 14.194976091384888} 

===================================================


Start to analyze the case  649 out of  666
/scratch/local/w.nimit/2292/LLMDFA/benchmark/juliet-test-suite-XSS_simplified/CWE80_XSS/s02/CWE80_XSS__Servlet_PropertiesFile_74.java
Analyzing......
Preprocessing...
processing finished
start to summarize...
Generating intra-procedural summaries...
Processing callees...
Preprocessing...
processing finished
start to summarize...
Generating intra-procedural summaries...
Processing callees...
Preprocessing...
processing finished
start to summarize...
Generating intra-procedural summaries...
Processing callees...
Preprocessing...
processing finished
start to summarize...
Generating intra-procedural summaries...
Processing callees...
Preprocessing...
processing finished
start to summarize...
Generating intra-procedural summaries...
Processing callees...
Validating......
Applying path checker with solver...
Constructing solving program...
Solver-aided path checker succeeded...
finish validate
Reporting......
Report generated!

finish report
===================================================
649  /  666 

CWE80_XSS__Servlet_PropertiesFile_74 

{'input_token_cost': 7211, 'output_token_cost': 975, 'analysis_result': {'TPs': 1, 'FPs': 0}, 'ground_truth': {'TPs': 1, 'FPs': 1}, 'single time cost': 14.734924554824829} 

===================================================


Start to analyze the case  650 out of  666
/scratch/local/w.nimit/2292/LLMDFA/benchmark/juliet-test-suite-XSS_simplified/CWE80_XSS/s02/CWE80_XSS__Servlet_PropertiesFile_75.java
Analyzing......
Preprocessing...
processing finished
start to summarize...
Generating intra-procedural summaries...
Processing callees...
Preprocessing...
processing finished
start to summarize...
Generating intra-procedural summaries...
Processing callees...
Preprocessing...
processing finished
start to summarize...
Generating intra-procedural summaries...
Processing callees...
Preprocessing...
processing finished
start to summarize...
Generating intra-procedural summaries...
Processing callees...
Preprocessing...
processing finished
start to summarize...
Generating intra-procedural summaries...
Processing callees...
Validating......
Applying path checker with solver...
Constructing solving program...
Solver-aided path checker succeeded...
finish validate
Reporting......
Report generated!

finish report
===================================================
650  /  666 

CWE80_XSS__Servlet_PropertiesFile_75 

{'input_token_cost': 7434, 'output_token_cost': 681, 'analysis_result': {'TPs': 1, 'FPs': 0}, 'ground_truth': {'TPs': 1, 'FPs': 1}, 'single time cost': 10.462966918945312} 

===================================================


Start to analyze the case  651 out of  666
/scratch/local/w.nimit/2292/LLMDFA/benchmark/juliet-test-suite-XSS_simplified/CWE80_XSS/s02/CWE80_XSS__Servlet_PropertiesFile_81.java
Analyzing......
Preprocessing...
processing finished
start to summarize...
Generating intra-procedural summaries...
Processing callees...
Preprocessing...
processing finished
start to summarize...
Generating intra-procedural summaries...
Processing callees...
Preprocessing...
processing finished
start to summarize...
Generating intra-procedural summaries...
Processing callees...
Preprocessing...
processing finished
start to summarize...
Generating intra-procedural summaries...
Processing callees...
Preprocessing...
processing finished
start to summarize...
Generating intra-procedural summaries...
Processing callees...
Validating......
Applying path checker with solver...
Constructing solving program...
Solver-aided path checker succeeded...
finish validate
Reporting......
Report generated!

finish report
===================================================
651  /  666 

CWE80_XSS__Servlet_PropertiesFile_81 

{'input_token_cost': 5840, 'output_token_cost': 809, 'analysis_result': {'TPs': 1, 'FPs': 0}, 'ground_truth': {'TPs': 1, 'FPs': 1}, 'single time cost': 12.21701192855835} 

===================================================


Start to analyze the case  652 out of  666
/scratch/local/w.nimit/2292/LLMDFA/benchmark/juliet-test-suite-XSS_simplified/CWE80_XSS/s02/CWE80_XSS__Servlet_URLConnection_22.java
Analyzing......
Preprocessing...
processing finished
start to summarize...
Generating intra-procedural summaries...
Processing callees...
Preprocessing...
processing finished
start to summarize...
Generating intra-procedural summaries...
Processing callees...
Preprocessing...
processing finished
start to summarize...
Generating intra-procedural summaries...
Processing callees...
Preprocessing...
processing finished
start to summarize...
Generating intra-procedural summaries...
Processing callees...
Preprocessing...
processing finished
start to summarize...
Generating intra-procedural summaries...
Processing callees...
Preprocessing...
processing finished
start to summarize...
Generating intra-procedural summaries...
Processing callees...
Preprocessing...
processing finished
start to summarize...
Generating intra-procedural summaries...
Processing callees...
Validating......
Applying path checker with solver...
Constructing solving program...
Constructing solving program...
Solver-aided path checker succeeded...
finish validate
Reporting......
Report generated!

finish report
===================================================
652  /  666 

CWE80_XSS__Servlet_URLConnection_22 

{'input_token_cost': 17661, 'output_token_cost': 1938, 'analysis_result': {'TPs': 0, 'FPs': 0}, 'ground_truth': {'TPs': 1, 'FPs': 2}, 'single time cost': 29.39234185218811} 

===================================================


Start to analyze the case  653 out of  666
/scratch/local/w.nimit/2292/LLMDFA/benchmark/juliet-test-suite-XSS_simplified/CWE80_XSS/s02/CWE80_XSS__Servlet_URLConnection_51.java
Analyzing......
Preprocessing...
processing finished
start to summarize...
Generating intra-procedural summaries...
Processing callees...
Preprocessing...
processing finished
start to summarize...
Generating intra-procedural summaries...
Processing callees...
Preprocessing...
processing finished
start to summarize...
Generating intra-procedural summaries...
Processing callees...
Preprocessing...
processing finished
start to summarize...
Generating intra-procedural summaries...
Processing callees...
Preprocessing...
processing finished
start to summarize...
Generating intra-procedural summaries...
Processing callees...
Validating......
Applying path checker with solver...
Constructing solving program...
Solver-aided path checker succeeded...
finish validate
Reporting......
Report generated!

finish report
===================================================
653  /  666 

CWE80_XSS__Servlet_URLConnection_51 

{'input_token_cost': 7387, 'output_token_cost': 828, 'analysis_result': {'TPs': 1, 'FPs': 0}, 'ground_truth': {'TPs': 1, 'FPs': 1}, 'single time cost': 12.562699794769287} 

===================================================


Start to analyze the case  654 out of  666
/scratch/local/w.nimit/2292/LLMDFA/benchmark/juliet-test-suite-XSS_simplified/CWE80_XSS/s02/CWE80_XSS__Servlet_URLConnection_52.java
Analyzing......
Preprocessing...
processing finished
start to summarize...
Generating intra-procedural summaries...
Processing callees...
Preprocessing...
processing finished
start to summarize...
Generating intra-procedural summaries...
Processing callees...
Preprocessing...
processing finished
start to summarize...
Generating intra-procedural summaries...
Processing callees...
Preprocessing...
processing finished
start to summarize...
Generating intra-procedural summaries...
Processing callees...
Preprocessing...
processing finished
start to summarize...
Generating intra-procedural summaries...
Processing callees...
Preprocessing...
processing finished
start to summarize...
Generating intra-procedural summaries...
Processing callees...
Preprocessing...
processing finished
start to summarize...
Generating intra-procedural summaries...
Processing callees...
Validating......
Applying path checker with solver...
Constructing solving program...
Solver-aided path checker succeeded...
finish validate
Reporting......
Report generated!

finish report
===================================================
654  /  666 

CWE80_XSS__Servlet_URLConnection_52 

{'input_token_cost': 9530, 'output_token_cost': 1160, 'analysis_result': {'TPs': 1, 'FPs': 0}, 'ground_truth': {'TPs': 1, 'FPs': 1}, 'single time cost': 17.52327871322632} 

===================================================


Start to analyze the case  655 out of  666
/scratch/local/w.nimit/2292/LLMDFA/benchmark/juliet-test-suite-XSS_simplified/CWE80_XSS/s02/CWE80_XSS__Servlet_URLConnection_53.java
Analyzing......
Preprocessing...
processing finished
start to summarize...
Generating intra-procedural summaries...
Processing callees...
Preprocessing...
processing finished
start to summarize...
Generating intra-procedural summaries...
Processing callees...
Preprocessing...
processing finished
start to summarize...
Generating intra-procedural summaries...
Processing callees...
Preprocessing...
processing finished
start to summarize...
Generating intra-procedural summaries...
Processing callees...
Preprocessing...
processing finished
start to summarize...
Generating intra-procedural summaries...
Processing callees...
Preprocessing...
processing finished
start to summarize...
Generating intra-procedural summaries...
Processing callees...
Preprocessing...
processing finished
start to summarize...
Generating intra-procedural summaries...
Processing callees...
Preprocessing...
processing finished
start to summarize...
Generating intra-procedural summaries...
Processing callees...
Preprocessing...
processing finished
start to summarize...
Generating intra-procedural summaries...
Processing callees...
Validating......
Applying path checker with solver...
Constructing solving program...
Solver-aided path checker succeeded...
Applying path checker with solver...
Constructing solving program...
Solver-aided path checker succeeded...
finish validate
Reporting......
Report generated!

finish report
===================================================
655  /  666 

CWE80_XSS__Servlet_URLConnection_53 

{'input_token_cost': 22142, 'output_token_cost': 2753, 'analysis_result': {'TPs': 1, 'FPs': 0}, 'ground_truth': {'TPs': 1, 'FPs': 1}, 'single time cost': 41.425517082214355} 

===================================================


Start to analyze the case  656 out of  666
/scratch/local/w.nimit/2292/LLMDFA/benchmark/juliet-test-suite-XSS_simplified/CWE80_XSS/s02/CWE80_XSS__Servlet_URLConnection_54.java
Analyzing......
Preprocessing...
processing finished
start to summarize...
Generating intra-procedural summaries...
Processing callees...
Preprocessing...
processing finished
start to summarize...
Generating intra-procedural summaries...
Processing callees...
Preprocessing...
processing finished
start to summarize...
Generating intra-procedural summaries...
Processing callees...
Preprocessing...
processing finished
start to summarize...
Generating intra-procedural summaries...
Processing callees...
Preprocessing...
processing finished
start to summarize...
Generating intra-procedural summaries...
Processing callees...
Preprocessing...
processing finished
start to summarize...
Generating intra-procedural summaries...
Processing callees...
Preprocessing...
processing finished
start to summarize...
Generating intra-procedural summaries...
Processing callees...
Preprocessing...
processing finished
start to summarize...
Generating intra-procedural summaries...
Processing callees...
Preprocessing...
processing finished
start to summarize...
Generating intra-procedural summaries...
Processing callees...
Preprocessing...
processing finished
start to summarize...
Generating intra-procedural summaries...
Processing callees...
Preprocessing...
processing finished
start to summarize...
Generating intra-procedural summaries...
Processing callees...
Validating......
finish validate
Reporting......
Report generated!

finish report
===================================================
656  /  666 

CWE80_XSS__Servlet_URLConnection_54 

{'input_token_cost': 4579, 'output_token_cost': 581, 'analysis_result': {'TPs': 0, 'FPs': 0}, 'ground_truth': {'TPs': 1, 'FPs': 1}, 'single time cost': 8.677884101867676} 

===================================================


Start to analyze the case  657 out of  666
/scratch/local/w.nimit/2292/LLMDFA/benchmark/juliet-test-suite-XSS_simplified/CWE80_XSS/s02/CWE80_XSS__Servlet_URLConnection_61.java
Analyzing......
Preprocessing...
processing finished
start to summarize...
Generating intra-procedural summaries...
Processing callees...
Preprocessing...
processing finished
start to summarize...
Generating intra-procedural summaries...
Processing callees...
Preprocessing...
processing finished
start to summarize...
Generating intra-procedural summaries...
Processing callees...
Preprocessing...
processing finished
start to summarize...
Generating intra-procedural summaries...
Processing callees...
Preprocessing...
processing finished
start to summarize...
Generating intra-procedural summaries...
Processing callees...
Validating......
Applying path checker with solver...
Constructing solving program...
Solver-aided path checker succeeded...
finish validate
Reporting......
Report generated!

finish report
===================================================
657  /  666 

CWE80_XSS__Servlet_URLConnection_61 

{'input_token_cost': 9489, 'output_token_cost': 849, 'analysis_result': {'TPs': 1, 'FPs': 0}, 'ground_truth': {'TPs': 1, 'FPs': 1}, 'single time cost': 12.937336444854736} 

===================================================


Start to analyze the case  658 out of  666
/scratch/local/w.nimit/2292/LLMDFA/benchmark/juliet-test-suite-XSS_simplified/CWE80_XSS/s02/CWE80_XSS__Servlet_URLConnection_66.java
Analyzing......
Preprocessing...
processing finished
start to summarize...
Generating intra-procedural summaries...
Processing callees...
Preprocessing...
processing finished
start to summarize...
Generating intra-procedural summaries...
Processing callees...
Preprocessing...
processing finished
start to summarize...
Generating intra-procedural summaries...
Processing callees...
Preprocessing...
processing finished
start to summarize...
Generating intra-procedural summaries...
Processing callees...
Preprocessing...
processing finished
start to summarize...
Generating intra-procedural summaries...
Processing callees...
Validating......
Applying path checker with solver...
Constructing solving program...
Solver-aided path checker succeeded...
finish validate
Reporting......
Report generated!

finish report
===================================================
658  /  666 

CWE80_XSS__Servlet_URLConnection_66 

{'input_token_cost': 6366, 'output_token_cost': 636, 'analysis_result': {'TPs': 1, 'FPs': 0}, 'ground_truth': {'TPs': 1, 'FPs': 1}, 'single time cost': 9.682960033416748} 

===================================================


Start to analyze the case  659 out of  666
/scratch/local/w.nimit/2292/LLMDFA/benchmark/juliet-test-suite-XSS_simplified/CWE80_XSS/s02/CWE80_XSS__Servlet_URLConnection_67.java
Analyzing......
Preprocessing...
processing finished
start to summarize...
Generating intra-procedural summaries...
Processing callees...
Preprocessing...
processing finished
start to summarize...
Generating intra-procedural summaries...
Processing callees...
Preprocessing...
processing finished
start to summarize...
Generating intra-procedural summaries...
Processing callees...
Preprocessing...
processing finished
start to summarize...
Generating intra-procedural summaries...
Processing callees...
Preprocessing...
processing finished
start to summarize...
Generating intra-procedural summaries...
Processing callees...
Validating......
Applying path checker with solver...
Constructing solving program...
Solver-aided path checker succeeded...
finish validate
Reporting......
Report generated!

finish report
===================================================
659  /  666 

CWE80_XSS__Servlet_URLConnection_67 

{'input_token_cost': 6371, 'output_token_cost': 627, 'analysis_result': {'TPs': 1, 'FPs': 0}, 'ground_truth': {'TPs': 1, 'FPs': 1}, 'single time cost': 9.542318344116211} 

===================================================


Start to analyze the case  660 out of  666
/scratch/local/w.nimit/2292/LLMDFA/benchmark/juliet-test-suite-XSS_simplified/CWE80_XSS/s02/CWE80_XSS__Servlet_URLConnection_68.java
Analyzing......
Preprocessing...
processing finished
start to summarize...
Generating intra-procedural summaries...
Processing callees...
Preprocessing...
processing finished
start to summarize...
Generating intra-procedural summaries...
Processing callees...
Preprocessing...
processing finished
start to summarize...
Generating intra-procedural summaries...
Processing callees...
Preprocessing...
processing finished
start to summarize...
Generating intra-procedural summaries...
Processing callees...
Preprocessing...
processing finished
start to summarize...
Generating intra-procedural summaries...
Processing callees...
Validating......
finish validate
Reporting......
Report generated!

finish report
===================================================
660  /  666 

CWE80_XSS__Servlet_URLConnection_68 

{'input_token_cost': 8358, 'output_token_cost': 675, 'analysis_result': {'TPs': 0, 'FPs': 0}, 'ground_truth': {'TPs': 1, 'FPs': 1}, 'single time cost': 10.222573280334473} 

===================================================


Start to analyze the case  661 out of  666
/scratch/local/w.nimit/2292/LLMDFA/benchmark/juliet-test-suite-XSS_simplified/CWE80_XSS/s02/CWE80_XSS__Servlet_URLConnection_71.java
Analyzing......
Preprocessing...
processing finished
start to summarize...
Generating intra-procedural summaries...
Processing callees...
Preprocessing...
processing finished
start to summarize...
Generating intra-procedural summaries...
Processing callees...
Preprocessing...
processing finished
start to summarize...
Generating intra-procedural summaries...
Processing callees...
Preprocessing...
processing finished
start to summarize...
Generating intra-procedural summaries...
Processing callees...
Preprocessing...
processing finished
start to summarize...
Generating intra-procedural summaries...
Processing callees...
Validating......
finish validate
Reporting......
Report generated!

finish report
===================================================
661  /  666 

CWE80_XSS__Servlet_URLConnection_71 

{'input_token_cost': 4194, 'output_token_cost': 429, 'analysis_result': {'TPs': 0, 'FPs': 0}, 'ground_truth': {'TPs': 1, 'FPs': 1}, 'single time cost': 6.440156698226929} 

===================================================


Start to analyze the case  662 out of  666
/scratch/local/w.nimit/2292/LLMDFA/benchmark/juliet-test-suite-XSS_simplified/CWE80_XSS/s02/CWE80_XSS__Servlet_URLConnection_72.java
Analyzing......
Preprocessing...
processing finished
start to summarize...
Generating intra-procedural summaries...
Processing callees...
Preprocessing...
processing finished
start to summarize...
Generating intra-procedural summaries...
Processing callees...
Preprocessing...
processing finished
start to summarize...
Generating intra-procedural summaries...
Processing callees...
Preprocessing...
processing finished
start to summarize...
Generating intra-procedural summaries...
Processing callees...
Preprocessing...
processing finished
start to summarize...
Generating intra-procedural summaries...
Processing callees...
Validating......
Applying path checker with solver...
Constructing solving program...
Solver-aided path checker succeeded...
Applying path checker with solver...
Constructing solving program...
Solver-aided path checker succeeded...
finish validate
Reporting......
Report generated!

finish report
===================================================
662  /  666 

CWE80_XSS__Servlet_URLConnection_72 

{'input_token_cost': 8170, 'output_token_cost': 980, 'analysis_result': {'TPs': 1, 'FPs': 0}, 'ground_truth': {'TPs': 1, 'FPs': 1}, 'single time cost': 14.906015872955322} 

===================================================


Start to analyze the case  663 out of  666
/scratch/local/w.nimit/2292/LLMDFA/benchmark/juliet-test-suite-XSS_simplified/CWE80_XSS/s02/CWE80_XSS__Servlet_URLConnection_73.java
Analyzing......
Preprocessing...
processing finished
start to summarize...
Generating intra-procedural summaries...
Processing callees...
Preprocessing...
processing finished
start to summarize...
Generating intra-procedural summaries...
Processing callees...
Preprocessing...
processing finished
start to summarize...
Generating intra-procedural summaries...
Processing callees...
Preprocessing...
processing finished
start to summarize...
Generating intra-procedural summaries...
Processing callees...
Preprocessing...
processing finished
start to summarize...
Generating intra-procedural summaries...
Processing callees...
Validating......
Applying path checker with solver...
Constructing solving program...
Solver-aided path checker succeeded...
finish validate
Reporting......
Report generated!

finish report
===================================================
663  /  666 

CWE80_XSS__Servlet_URLConnection_73 

{'input_token_cost': 6463, 'output_token_cost': 697, 'analysis_result': {'TPs': 1, 'FPs': 0}, 'ground_truth': {'TPs': 1, 'FPs': 1}, 'single time cost': 10.590261220932007} 

===================================================


Start to analyze the case  664 out of  666
/scratch/local/w.nimit/2292/LLMDFA/benchmark/juliet-test-suite-XSS_simplified/CWE80_XSS/s02/CWE80_XSS__Servlet_URLConnection_74.java
Analyzing......
Preprocessing...
processing finished
start to summarize...
Generating intra-procedural summaries...
Processing callees...
Preprocessing...
processing finished
start to summarize...
Generating intra-procedural summaries...
Processing callees...
Preprocessing...
processing finished
start to summarize...
Generating intra-procedural summaries...
Processing callees...
Preprocessing...
processing finished
start to summarize...
Generating intra-procedural summaries...
Processing callees...
Preprocessing...
processing finished
start to summarize...
Generating intra-procedural summaries...
Processing callees...
Validating......
Applying path checker with solver...
Constructing solving program...
Solver-aided path checker succeeded...
finish validate
Reporting......
Report generated!

finish report
===================================================
664  /  666 

CWE80_XSS__Servlet_URLConnection_74 

{'input_token_cost': 6477, 'output_token_cost': 901, 'analysis_result': {'TPs': 1, 'FPs': 0}, 'ground_truth': {'TPs': 1, 'FPs': 1}, 'single time cost': 13.594638347625732} 

===================================================


Start to analyze the case  665 out of  666
/scratch/local/w.nimit/2292/LLMDFA/benchmark/juliet-test-suite-XSS_simplified/CWE80_XSS/s02/CWE80_XSS__Servlet_URLConnection_75.java
Analyzing......
Preprocessing...
processing finished
start to summarize...
Generating intra-procedural summaries...
Processing callees...
Preprocessing...
processing finished
start to summarize...
Generating intra-procedural summaries...
Processing callees...
Preprocessing...
processing finished
start to summarize...
Generating intra-procedural summaries...
Processing callees...
Preprocessing...
processing finished
start to summarize...
Generating intra-procedural summaries...
Processing callees...
Preprocessing...
processing finished
start to summarize...
Generating intra-procedural summaries...
Processing callees...
Validating......
Applying path checker with solver...
Constructing solving program...
Solver-aided path checker succeeded...
finish validate
Reporting......
Report generated!

finish report
===================================================
665  /  666 

CWE80_XSS__Servlet_URLConnection_75 

{'input_token_cost': 9393, 'output_token_cost': 1030, 'analysis_result': {'TPs': 1, 'FPs': 0}, 'ground_truth': {'TPs': 1, 'FPs': 1}, 'single time cost': 15.654865980148315} 

===================================================


Start to analyze the case  666 out of  666
/scratch/local/w.nimit/2292/LLMDFA/benchmark/juliet-test-suite-XSS_simplified/CWE80_XSS/s02/CWE80_XSS__Servlet_URLConnection_81.java
Analyzing......
Preprocessing...
processing finished
start to summarize...
Generating intra-procedural summaries...
Processing callees...
Preprocessing...
processing finished
start to summarize...
Generating intra-procedural summaries...
Processing callees...
Preprocessing...
processing finished
start to summarize...
Generating intra-procedural summaries...
Processing callees...
Preprocessing...
processing finished
start to summarize...
Generating intra-procedural summaries...
Processing callees...
Preprocessing...
processing finished
start to summarize...
Generating intra-procedural summaries...
Processing callees...
Validating......
Applying path checker with solver...
Constructing solving program...
Solver-aided path checker succeeded...
finish validate
Reporting......
Report generated!

finish report
===================================================
666  /  666 

CWE80_XSS__Servlet_URLConnection_81 

{'input_token_cost': 6252, 'output_token_cost': 694, 'analysis_result': {'TPs': 1, 'FPs': 0}, 'ground_truth': {'TPs': 1, 'FPs': 1}, 'single time cost': 10.523869276046753} 

===================================================


empty_responses=0
failed_calls=0
Job completed at Thu Aug 27 01:15:03 PM IST 2026. Results -> ~/job_results/2292/
